datetime,open,high,low,close,volume
2025-07-15 00:00:00,0.90014,0.90024,0.90003,0.90014,0
2025-07-15 00:05:00,0.90014,0.90045,0.89936,0.89967,0
2025-07-15 00:10:00,0.89967,0.90027,0.89941,0.90001,0
2025-07-15 00:15:00,0.90001,0.90083,0.89961,0.90043,0
2025-07-15 00:20:00,0.90043,0.90043,0.89955,0.89955,0
2025-07-15 00:25:00,0.89955,0.89966,0.89886,0.89897,0
2025-07-15 00:30:00,0.89897,0.8992,0.89879,0.89902,0
2025-07-15 00:35:00,0.89902,0.89907,0.89883,0.89888,0
2025-07-15 00:40:00,0.89888,0.89902,0.89874,0.89887,0
2025-07-15 00:45:00,0.89887,0.89899,0.89837,0.89849,0
2025-07-15 00:50:00,0.89849,0.89917,0.89821,0.89889,0
2025-07-15 00:55:00,0.89889,0.89938,0.89874,0.89924,0
2025-07-15 01:00:00,0.89924,0.8993,0.8992,0.89927,0
2025-07-15 01:05:00,0.89927,0.9,0.89903,0.89977,0
2025-07-15 01:10:00,0.89977,0.90021,0.89954,0.89998,0
2025-07-15 01:15:00,0.89998,0.90041,0.89917,0.8996,0
2025-07-15 01:20:00,0.8996,0.9001,0.89925,0.89976,0
2025-07-15 01:25:00,0.89976,0.89979,0.8993,0.89933,0
2025-07-15 01:30:00,0.89933,0.90003,0.89903,0.89973,0
2025-07-15 01:35:00,0.89973,0.90001,0.89942,0.8997,0
2025-07-15 01:40:00,0.8997,0.8999,0.89942,0.89962,0
2025-07-15 01:45:00,0.89962,0.90011,0.89882,0.89931,0
2025-07-15 01:50:00,0.89931,0.90022,0.89896,0.89986,0
2025-07-15 01:55:00,0.89986,0.90005,0.89961,0.89979,0
2025-07-15 02:00:00,0.89979,0.89994,0.89946,0.8996,0
2025-07-15 02:05:00,0.8996,0.89962,0.89943,0.89944,0
2025-07-15 02:10:00,0.89944,0.90008,0.89904,0.89968,0
2025-07-15 02:15:00,0.89968,0.89985,0.89968,0.89985,0
2025-07-15 02:20:00,0.89985,0.90045,0.89943,0.90003,0
2025-07-15 02:25:00,0.90003,0.90042,0.89984,0.90023,0
2025-07-15 02:30:00,0.90023,0.90136,0.90006,0.90119,0
2025-07-15 02:35:00,0.90119,0.90185,0.90035,0.90101,0
2025-07-15 02:40:00,0.90101,0.90101,0.90078,0.90078,0
2025-07-15 02:45:00,0.90078,0.90156,0.89963,0.90041,0
2025-07-15 02:50:00,0.90041,0.90081,0.90029,0.90069,0
2025-07-15 02:55:00,0.90069,0.90188,0.90001,0.9012,0
2025-07-15 03:00:00,0.9012,0.90175,0.90059,0.90115,0
2025-07-15 03:05:00,0.90115,0.90179,0.90013,0.90077,0
2025-07-15 03:10:00,0.90077,0.90112,0.90004,0.9004,0
2025-07-15 03:15:00,0.9004,0.90101,0.90008,0.90069,0
2025-07-15 03:20:00,0.90069,0.90128,0.90044,0.90102,0
2025-07-15 03:25:00,0.90102,0.90135,0.90095,0.90127,0
2025-07-15 03:30:00,0.90127,0.90171,0.90052,0.90097,0
2025-07-15 03:35:00,0.90097,0.9013,0.90074,0.90107,0
2025-07-15 03:40:00,0.90107,0.90136,0.90084,0.90113,0
2025-07-15 03:45:00,0.90113,0.90154,0.90081,0.90122,0
2025-07-15 03:50:00,0.90122,0.9019,0.90094,0.90162,0
2025-07-15 03:55:00,0.90162,0.90181,0.90152,0.90172,0
2025-07-15 04:00:00,0.90172,0.9025,0.90125,0.90202,0
2025-07-15 04:05:00,0.90202,0.90216,0.90192,0.90205,0
2025-07-15 04:10:00,0.90205,0.90245,0.90179,0.90218,0
2025-07-15 04:15:00,0.90218,0.90277,0.90188,0.90247,0
2025-07-15 04:20:00,0.90247,0.90288,0.9014,0.90181,0
2025-07-15 04:25:00,0.90181,0.90218,0.9013,0.90167,0
2025-07-15 04:30:00,0.90167,0.90193,0.90119,0.90146,0
2025-07-15 04:35:00,0.90146,0.90242,0.90021,0.90117,0
2025-07-15 04:40:00,0.90117,0.90179,0.90043,0.90104,0
2025-07-15 04:45:00,0.90104,0.90222,0.90055,0.90172,0
2025-07-15 04:50:00,0.90172,0.90186,0.90119,0.90133,0
2025-07-15 04:55:00,0.90133,0.90203,0.90107,0.90176,0
2025-07-15 05:00:00,0.90176,0.90234,0.90043,0.90101,0
2025-07-15 05:05:00,0.90101,0.90145,0.90041,0.90086,0
2025-07-15 05:10:00,0.90086,0.90094,0.90085,0.90093,0
2025-07-15 05:15:00,0.90093,0.9013,0.90083,0.90119,0
2025-07-15 05:20:00,0.90119,0.90156,0.90115,0.90151,0
2025-07-15 05:25:00,0.90151,0.90195,0.90143,0.90187,0
2025-07-15 05:30:00,0.90187,0.90243,0.90115,0.90171,0
2025-07-15 05:35:00,0.90171,0.90186,0.90136,0.90151,0
2025-07-15 05:40:00,0.90151,0.90215,0.90125,0.90189,0
2025-07-15 05:45:00,0.90189,0.9023,0.9014,0.90181,0
2025-07-15 05:50:00,0.90181,0.90222,0.90082,0.90123,0
2025-07-15 05:55:00,0.90123,0.90149,0.90046,0.90072,0
2025-07-15 06:00:00,0.90072,0.90082,0.9002,0.90031,0
2025-07-15 06:05:00,0.90031,0.90141,0.89943,0.90053,0
2025-07-15 06:10:00,0.90053,0.90134,0.89979,0.90059,0
2025-07-15 06:15:00,0.90059,0.90126,0.90024,0.90091,0
2025-07-15 06:20:00,0.90091,0.90109,0.90053,0.90071,0
2025-07-15 06:25:00,0.90071,0.90082,0.90067,0.90078,0
2025-07-15 06:30:00,0.90078,0.90113,0.90072,0.90107,0
2025-07-15 06:35:00,0.90107,0.90175,0.90024,0.90093,0
2025-07-15 06:40:00,0.90093,0.90158,0.90048,0.90113,0
2025-07-15 06:45:00,0.90113,0.90114,0.90082,0.90083,0
2025-07-15 06:50:00,0.90083,0.90094,0.90056,0.90067,0
2025-07-15 06:55:00,0.90067,0.90093,0.90024,0.9005,0
2025-07-15 07:00:00,0.9005,0.90051,0.89995,0.89996,0
2025-07-15 07:05:00,0.89996,0.90074,0.8994,0.90018,0
2025-07-15 07:10:00,0.90018,0.90067,0.89947,0.89997,0
2025-07-15 07:15:00,0.89997,0.90021,0.89973,0.89997,0
2025-07-15 07:20:00,0.89997,0.9009,0.89926,0.90019,0
2025-07-15 07:25:00,0.90019,0.9004,0.90018,0.90039,0
2025-07-15 07:30:00,0.90039,0.90105,0.90003,0.90069,0
2025-07-15 07:35:00,0.90069,0.90071,0.90063,0.90065,0
2025-07-15 07:40:00,0.90065,0.90066,0.90045,0.90046,0
2025-07-15 07:45:00,0.90046,0.90066,0.90022,0.90042,0
2025-07-15 07:50:00,0.90042,0.90046,0.89962,0.89966,0
2025-07-15 07:55:00,0.89966,0.89977,0.8989,0.89901,0
2025-07-15 08:00:00,0.89901,0.89928,0.89814,0.89842,0
2025-07-15 08:05:00,0.89842,0.89846,0.89792,0.89797,0
2025-07-15 08:10:00,0.89797,0.89836,0.89775,0.89815,0
2025-07-15 08:15:00,0.89815,0.89895,0.89694,0.89774,0
2025-07-15 08:20:00,0.89774,0.89777,0.89754,0.89757,0
2025-07-15 08:25:00,0.89757,0.8987,0.89703,0.89815,0
2025-07-15 08:30:00,0.89815,0.89822,0.89793,0.89799,0
2025-07-15 08:35:00,0.89799,0.89842,0.8979,0.89833,0
2025-07-15 08:40:00,0.89833,0.89879,0.89744,0.89791,0
2025-07-15 08:45:00,0.89791,0.89806,0.89766,0.89781,0
2025-07-15 08:50:00,0.89781,0.89789,0.89731,0.89739,0
2025-07-15 08:55:00,0.89739,0.89794,0.89668,0.89724,0
2025-07-15 09:00:00,0.89724,0.89769,0.89716,0.89761,0
2025-07-15 09:05:00,0.89761,0.8981,0.89635,0.89684,0
2025-07-15 09:10:00,0.89684,0.89726,0.89661,0.89703,0
2025-07-15 09:15:00,0.89703,0.89771,0.89646,0.89714,0
2025-07-15 09:20:00,0.89714,0.89716,0.89685,0.89687,0
2025-07-15 09:25:00,0.89687,0.89771,0.89539,0.89622,0
2025-07-15 09:30:00,0.89622,0.89643,0.89605,0.89626,0
2025-07-15 09:35:00,0.89626,0.89653,0.89575,0.89602,0
2025-07-15 09:40:00,0.89602,0.89655,0.8956,0.89612,0
2025-07-15 09:45:00,0.89612,0.89695,0.89531,0.89613,0
2025-07-15 09:50:00,0.89613,0.89714,0.89585,0.89685,0
2025-07-15 09:55:00,0.89685,0.89697,0.89663,0.89674,0
2025-07-15 10:00:00,0.89674,0.89718,0.89585,0.89629,0
2025-07-15 10:05:00,0.89629,0.89661,0.89604,0.89637,0
2025-07-15 10:10:00,0.89637,0.89715,0.89568,0.89646,0
2025-07-15 10:15:00,0.89646,0.89762,0.89592,0.89707,0
2025-07-15 10:20:00,0.89707,0.89754,0.89698,0.89745,0
2025-07-15 10:25:00,0.89745,0.89777,0.89729,0.89761,0
2025-07-15 10:30:00,0.89761,0.89896,0.89692,0.89827,0
2025-07-15 10:35:00,0.89827,0.89864,0.89736,0.89773,0
2025-07-15 10:40:00,0.89773,0.89783,0.89735,0.89744,0
2025-07-15 10:45:00,0.89744,0.8977,0.89677,0.89703,0
2025-07-15 10:50:00,0.89703,0.89785,0.89603,0.89685,0
2025-07-15 10:55:00,0.89685,0.89698,0.89611,0.89624,0
2025-07-15 11:00:00,0.89624,0.89667,0.89609,0.89652,0
2025-07-15 11:05:00,0.89652,0.89656,0.89638,0.89642,0
2025-07-15 11:10:00,0.89642,0.89677,0.89542,0.89576,0
2025-07-15 11:15:00,0.89576,0.89596,0.89511,0.89531,0
2025-07-15 11:20:00,0.89531,0.89567,0.89509,0.89545,0
2025-07-15 11:25:00,0.89545,0.89619,0.89508,0.89582,0
2025-07-15 11:30:00,0.89582,0.89685,0.89569,0.89672,0
2025-07-15 11:35:00,0.89672,0.89874,0.896,0.89803,0
2025-07-15 11:40:00,0.89803,0.89864,0.8976,0.89821,0
2025-07-15 11:45:00,0.89821,0.89874,0.89724,0.89777,0
2025-07-15 11:50:00,0.89777,0.89791,0.89667,0.89681,0
2025-07-15 11:55:00,0.89681,0.8972,0.89654,0.89693,0
2025-07-15 12:00:00,0.89693,0.89699,0.89651,0.89657,0
2025-07-15 12:05:00,0.89657,0.89657,0.89638,0.89638,0
2025-07-15 12:10:00,0.89638,0.89664,0.89585,0.89611,0
2025-07-15 12:15:00,0.89611,0.89658,0.89557,0.89604,0
2025-07-15 12:20:00,0.89604,0.89682,0.89575,0.89652,0
2025-07-15 12:25:00,0.89652,0.89669,0.89643,0.89659,0
2025-07-15 12:30:00,0.89659,0.89663,0.89649,0.89652,0
2025-07-15 12:35:00,0.89652,0.89672,0.89586,0.89606,0
2025-07-15 12:40:00,0.89606,0.89649,0.89488,0.89531,0
2025-07-15 12:45:00,0.89531,0.89543,0.89496,0.89509,0
2025-07-15 12:50:00,0.89509,0.89547,0.89468,0.89506,0
2025-07-15 12:55:00,0.89506,0.89603,0.89489,0.89586,0
2025-07-15 13:00:00,0.89586,0.89596,0.89581,0.89591,0
2025-07-15 13:05:00,0.89591,0.89639,0.89588,0.89635,0
2025-07-15 13:10:00,0.89635,0.89665,0.89584,0.89613,0
2025-07-15 13:15:00,0.89613,0.89616,0.89558,0.8956,0
2025-07-15 13:20:00,0.8956,0.89604,0.89473,0.89517,0
2025-07-15 13:25:00,0.89517,0.89521,0.8948,0.89484,0
2025-07-15 13:30:00,0.89484,0.89611,0.89453,0.8958,0
2025-07-15 13:35:00,0.8958,0.89597,0.89526,0.89543,0
2025-07-15 13:40:00,0.89543,0.89587,0.89536,0.8958,0
2025-07-15 13:45:00,0.8958,0.89594,0.89527,0.8954,0
2025-07-15 13:50:00,0.8954,0.89599,0.89523,0.89582,0
2025-07-15 13:55:00,0.89582,0.89617,0.89563,0.89599,0
2025-07-15 14:00:00,0.89599,0.8963,0.89561,0.89592,0
2025-07-15 14:05:00,0.89592,0.89642,0.8954,0.8959,0
2025-07-15 14:10:00,0.8959,0.89625,0.89526,0.89561,0
2025-07-15 14:15:00,0.89561,0.89613,0.89528,0.89581,0
2025-07-15 14:20:00,0.89581,0.89612,0.89529,0.8956,0
2025-07-15 14:25:00,0.8956,0.89563,0.89503,0.89506,0
2025-07-15 14:30:00,0.89506,0.89521,0.89433,0.89448,0
2025-07-15 14:35:00,0.89448,0.89496,0.89409,0.89456,0
2025-07-15 14:40:00,0.89456,0.89542,0.89441,0.89527,0
2025-07-15 14:45:00,0.89527,0.8955,0.8951,0.89534,0
2025-07-15 14:50:00,0.89534,0.89557,0.89505,0.89529,0
2025-07-15 14:55:00,0.89529,0.89552,0.89518,0.89541,0
2025-07-15 15:00:00,0.89541,0.89641,0.895,0.896,0
2025-07-15 15:05:00,0.896,0.89617,0.89593,0.8961,0
2025-07-15 15:10:00,0.8961,0.89696,0.89505,0.89591,0
2025-07-15 15:15:00,0.89591,0.89647,0.89585,0.89641,0
2025-07-15 15:20:00,0.89641,0.8967,0.89631,0.8966,0
2025-07-15 15:25:00,0.8966,0.89729,0.8966,0.89729,0
2025-07-15 15:30:00,0.89729,0.89746,0.8972,0.89737,0
2025-07-15 15:35:00,0.89737,0.89752,0.89667,0.89682,0
2025-07-15 15:40:00,0.89682,0.89755,0.89548,0.89621,0
2025-07-15 15:45:00,0.89621,0.89725,0.89591,0.89695,0
2025-07-15 15:50:00,0.89695,0.89802,0.89665,0.89772,0
2025-07-15 15:55:00,0.89772,0.8978,0.89757,0.89764,0
2025-07-15 16:00:00,0.89764,0.89819,0.89692,0.89747,0
2025-07-15 16:05:00,0.89747,0.8984,0.8972,0.89813,0
2025-07-15 16:10:00,0.89813,0.89857,0.89719,0.89763,0
2025-07-15 16:15:00,0.89763,0.89793,0.89693,0.89723,0
2025-07-15 16:20:00,0.89723,0.89752,0.89722,0.89752,0
2025-07-15 16:25:00,0.89752,0.89812,0.89674,0.89734,0
2025-07-15 16:30:00,0.89734,0.89778,0.8969,0.89734,0
2025-07-15 16:35:00,0.89734,0.8977,0.8969,0.89726,0
2025-07-15 16:40:00,0.89726,0.89758,0.8971,0.89742,0
2025-07-15 16:45:00,0.89742,0.89843,0.89703,0.89805,0
2025-07-15 16:50:00,0.89805,0.89817,0.89797,0.89809,0
2025-07-15 16:55:00,0.89809,0.89856,0.8979,0.89838,0
2025-07-15 17:00:00,0.89838,0.89854,0.89729,0.89746,0
2025-07-15 17:05:00,0.89746,0.89772,0.89718,0.89743,0
2025-07-15 17:10:00,0.89743,0.89784,0.89665,0.89706,0
2025-07-15 17:15:00,0.89706,0.89737,0.89619,0.89651,0
2025-07-15 17:20:00,0.89651,0.89656,0.89606,0.89612,0
2025-07-15 17:25:00,0.89612,0.89646,0.89563,0.89597,0
2025-07-15 17:30:00,0.89597,0.89681,0.89553,0.89638,0
2025-07-15 17:35:00,0.89638,0.89661,0.89555,0.89578,0
2025-07-15 17:40:00,0.89578,0.89612,0.89545,0.8958,0
2025-07-15 17:45:00,0.8958,0.89607,0.8953,0.89558,0
2025-07-15 17:50:00,0.89558,0.89622,0.89479,0.89543,0
2025-07-15 17:55:00,0.89543,0.89628,0.89504,0.89588,0
2025-07-15 18:00:00,0.89588,0.89659,0.89542,0.89612,0
2025-07-15 18:05:00,0.89612,0.89695,0.89589,0.89672,0
2025-07-15 18:10:00,0.89672,0.89743,0.89595,0.89665,0
2025-07-15 18:15:00,0.89665,0.89686,0.89613,0.89634,0
2025-07-15 18:20:00,0.89634,0.8967,0.89589,0.89624,0
2025-07-15 18:25:00,0.89624,0.89653,0.89606,0.89635,0
2025-07-15 18:30:00,0.89635,0.8967,0.89608,0.89643,0
2025-07-15 18:35:00,0.89643,0.8968,0.89557,0.89594,0
2025-07-15 18:40:00,0.89594,0.89601,0.89592,0.89598,0
2025-07-15 18:45:00,0.89598,0.8961,0.89597,0.89609,0
2025-07-15 18:50:00,0.89609,0.89748,0.89582,0.89721,0
2025-07-15 18:55:00,0.89721,0.8981,0.89717,0.89806,0
2025-07-15 19:00:00,0.89806,0.89851,0.89722,0.89767,0
2025-07-15 19:05:00,0.89767,0.89796,0.89726,0.89754,0
2025-07-15 19:10:00,0.89754,0.89763,0.89681,0.89689,0
2025-07-15 19:15:00,0.89689,0.89731,0.8962,0.89662,0
2025-07-15 19:20:00,0.89662,0.89733,0.89606,0.89676,0
2025-07-15 19:25:00,0.89676,0.89758,0.89649,0.89731,0
2025-07-15 19:30:00,0.89731,0.89741,0.89688,0.89698,0
2025-07-15 19:35:00,0.89698,0.89724,0.89642,0.89668,0
2025-07-15 19:40:00,0.89668,0.89692,0.89549,0.89572,0
2025-07-15 19:45:00,0.89572,0.89578,0.8956,0.89565,0
2025-07-15 19:50:00,0.89565,0.89594,0.89489,0.89517,0
2025-07-15 19:55:00,0.89517,0.89561,0.8945,0.89494,0
2025-07-15 20:00:00,0.89494,0.89505,0.89443,0.89455,0
2025-07-15 20:05:00,0.89455,0.89461,0.89444,0.8945,0
2025-07-15 20:10:00,0.8945,0.89474,0.89348,0.89372,0
2025-07-15 20:15:00,0.89372,0.89391,0.89287,0.89306,0
2025-07-15 20:20:00,0.89306,0.8941,0.89298,0.89401,0
2025-07-15 20:25:00,0.89401,0.89421,0.89324,0.89344,0
2025-07-15 20:30:00,0.89344,0.89345,0.89293,0.89295,0
2025-07-15 20:35:00,0.89295,0.89391,0.8928,0.89377,0
2025-07-15 20:40:00,0.89377,0.89532,0.89351,0.89507,0
2025-07-15 20:45:00,0.89507,0.8952,0.89441,0.89454,0
2025-07-15 20:50:00,0.89454,0.89478,0.89414,0.89438,0
2025-07-15 20:55:00,0.89438,0.89477,0.89414,0.89453,0
2025-07-15 21:00:00,0.89453,0.89532,0.89451,0.89531,0
2025-07-15 21:05:00,0.89531,0.89552,0.89465,0.89486,0
2025-07-15 21:10:00,0.89486,0.89505,0.89457,0.89475,0
2025-07-15 21:15:00,0.89475,0.8955,0.89436,0.8951,0
2025-07-15 21:20:00,0.8951,0.89574,0.89466,0.8953,0
2025-07-15 21:25:00,0.8953,0.89567,0.89475,0.89513,0
2025-07-15 21:30:00,0.89513,0.89532,0.89488,0.89507,0
2025-07-15 21:35:00,0.89507,0.89576,0.89376,0.89445,0
2025-07-15 21:40:00,0.89445,0.89452,0.89428,0.89435,0
2025-07-15 21:45:00,0.89435,0.89541,0.89317,0.89423,0
2025-07-15 21:50:00,0.89423,0.89441,0.89415,0.89433,0
2025-07-15 21:55:00,0.89433,0.89442,0.89399,0.89408,0
2025-07-15 22:00:00,0.89408,0.89443,0.89394,0.89429,0
2025-07-15 22:05:00,0.89429,0.89488,0.89416,0.89475,0
2025-07-15 22:10:00,0.89475,0.89511,0.89445,0.89482,0
2025-07-15 22:15:00,0.89482,0.89501,0.89478,0.89497,0
2025-07-15 22:20:00,0.89497,0.89562,0.89435,0.895,0
2025-07-15 22:25:00,0.895,0.89508,0.89491,0.895,0
2025-07-15 22:30:00,0.895,0.89509,0.89458,0.89467,0
2025-07-15 22:35:00,0.89467,0.89513,0.89436,0.89482,0
2025-07-15 22:40:00,0.89482,0.89496,0.89463,0.89477,0
2025-07-15 22:45:00,0.89477,0.89576,0.89473,0.89571,0
2025-07-15 22:50:00,0.89571,0.89663,0.8955,0.89641,0
2025-07-15 22:55:00,0.89641,0.89686,0.89614,0.89659,0
2025-07-15 23:00:00,0.89659,0.89752,0.89531,0.89625,0
2025-07-15 23:05:00,0.89625,0.89634,0.89565,0.89575,0
2025-07-15 23:10:00,0.89575,0.89679,0.89524,0.89628,0
2025-07-15 23:15:00,0.89628,0.89664,0.89604,0.8964,0
2025-07-15 23:20:00,0.8964,0.89663,0.89638,0.89661,0
2025-07-15 23:25:00,0.89661,0.8968,0.89564,0.89583,0
2025-07-15 23:30:00,0.89583,0.89644,0.89564,0.89625,0
2025-07-15 23:35:00,0.89625,0.89669,0.89601,0.89645,0
2025-07-15 23:40:00,0.89645,0.89668,0.89573,0.89595,0
2025-07-15 23:45:00,0.89595,0.89607,0.89562,0.89574,0
2025-07-15 23:50:00,0.89574,0.89617,0.89544,0.89586,0
2025-07-15 23:55:00,0.89586,0.8961,0.89564,0.89588,0
2025-07-16 00:00:00,0.89588,0.8962,0.89543,0.89575,0
2025-07-16 00:05:00,0.89575,0.89617,0.89529,0.89571,0
2025-07-16 00:10:00,0.89571,0.89608,0.89522,0.89559,0
2025-07-16 00:15:00,0.89559,0.8959,0.89535,0.89566,0
2025-07-16 00:20:00,0.89566,0.89666,0.89532,0.89632,0
2025-07-16 00:25:00,0.89632,0.89633,0.89516,0.89517,0
2025-07-16 00:30:00,0.89517,0.89544,0.89479,0.89507,0
2025-07-16 00:35:00,0.89507,0.89576,0.89445,0.89514,0
2025-07-16 00:40:00,0.89514,0.89558,0.89484,0.89528,0
2025-07-16 00:45:00,0.89528,0.89534,0.89505,0.89511,0
2025-07-16 00:50:00,0.89511,0.89533,0.89411,0.89432,0
2025-07-16 00:55:00,0.89432,0.8946,0.89419,0.89447,0
2025-07-16 01:00:00,0.89447,0.89559,0.89413,0.89524,0
2025-07-16 01:05:00,0.89524,0.89577,0.89403,0.89456,0
2025-07-16 01:10:00,0.89456,0.89519,0.89431,0.89494,0
2025-07-16 01:15:00,0.89494,0.89514,0.8946,0.8948,0
2025-07-16 01:20:00,0.8948,0.89504,0.89453,0.89477,0
2025-07-16 01:25:00,0.89477,0.89525,0.89382,0.8943,0
2025-07-16 01:30:00,0.8943,0.89464,0.89381,0.89415,0
2025-07-16 01:35:00,0.89415,0.89498,0.8939,0.89473,0
2025-07-16 01:40:00,0.89473,0.89512,0.89461,0.89499,0
2025-07-16 01:45:00,0.89499,0.89624,0.89451,0.89577,0
2025-07-16 01:50:00,0.89577,0.89679,0.89527,0.89629,0
2025-07-16 01:55:00,0.89629,0.89678,0.89601,0.89649,0
2025-07-16 02:00:00,0.89649,0.8973,0.89646,0.89727,0
2025-07-16 02:05:00,0.89727,0.89788,0.89686,0.89747,0
2025-07-16 02:10:00,0.89747,0.89788,0.89743,0.89784,0
2025-07-16 02:15:00,0.89784,0.89821,0.89734,0.89771,0
2025-07-16 02:20:00,0.89771,0.89819,0.89725,0.89774,0
2025-07-16 02:25:00,0.89774,0.89781,0.89735,0.89743,0
2025-07-16 02:30:00,0.89743,0.89823,0.89707,0.89787,0
2025-07-16 02:35:00,0.89787,0.89802,0.89719,0.89734,0
2025-07-16 02:40:00,0.89734,0.89789,0.89714,0.89769,0
2025-07-16 02:45:00,0.89769,0.8981,0.8972,0.89761,0
2025-07-16 02:50:00,0.89761,0.89824,0.8975,0.89813,0
2025-07-16 02:55:00,0.89813,0.89886,0.89775,0.89847,0
2025-07-16 03:00:00,0.89847,0.89944,0.89832,0.89929,0
2025-07-16 03:05:00,0.89929,0.89974,0.89917,0.89962,0
2025-07-16 03:10:00,0.89962,0.89978,0.89874,0.89891,0
2025-07-16 03:15:00,0.89891,0.89902,0.89877,0.89888,0
2025-07-16 03:20:00,0.89888,0.89924,0.898,0.89835,0
2025-07-16 03:25:00,0.89835,0.89855,0.89793,0.89812,0
2025-07-16 03:30:00,0.89812,0.89881,0.89811,0.8988,0
2025-07-16 03:35:00,0.8988,0.89911,0.89878,0.89909,0
2025-07-16 03:40:00,0.89909,0.89933,0.89853,0.89877,0
2025-07-16 03:45:00,0.89877,0.89913,0.89796,0.89832,0
2025-07-16 03:50:00,0.89832,0.89869,0.89796,0.89833,0
2025-07-16 03:55:00,0.89833,0.89849,0.89762,0.89778,0
2025-07-16 04:00:00,0.89778,0.89825,0.89702,0.89748,0
2025-07-16 04:05:00,0.89748,0.89805,0.89706,0.89762,0
2025-07-16 04:10:00,0.89762,0.89892,0.89684,0.89814,0
2025-07-16 04:15:00,0.89814,0.89877,0.89779,0.89842,0
2025-07-16 04:20:00,0.89842,0.89892,0.89689,0.89739,0
2025-07-16 04:25:00,0.89739,0.89755,0.89736,0.89752,0
2025-07-16 04:30:00,0.89752,0.89814,0.89694,0.89756,0
2025-07-16 04:35:00,0.89756,0.89839,0.89691,0.89774,0
2025-07-16 04:40:00,0.89774,0.89856,0.89765,0.89847,0
2025-07-16 04:45:00,0.89847,0.89867,0.89733,0.89754,0
2025-07-16 04:50:00,0.89754,0.89786,0.89696,0.89728,0
2025-07-16 04:55:00,0.89728,0.89756,0.89725,0.89754,0
2025-07-16 05:00:00,0.89754,0.89776,0.89662,0.89683,0
2025-07-16 05:05:00,0.89683,0.898,0.89632,0.89749,0
2025-07-16 05:10:00,0.89749,0.89782,0.89734,0.89766,0
2025-07-16 05:15:00,0.89766,0.89857,0.89713,0.89804,0
2025-07-16 05:20:00,0.89804,0.89842,0.89741,0.89778,0
2025-07-16 05:25:00,0.89778,0.89845,0.89748,0.89815,0
2025-07-16 05:30:00,0.89815,0.8988,0.89798,0.89863,0
2025-07-16 05:35:00,0.89863,0.89892,0.89844,0.89873,0
2025-07-16 05:40:00,0.89873,0.89922,0.89835,0.89884,0
2025-07-16 05:45:00,0.89884,0.89922,0.89858,0.89896,0
2025-07-16 05:50:00,0.89896,0.89928,0.89825,0.89857,0
2025-07-16 05:55:00,0.89857,0.89897,0.8981,0.89851,0
2025-07-16 06:00:00,0.89851,0.89889,0.89805,0.89844,0
2025-07-16 06:05:00,0.89844,0.89891,0.89814,0.89861,0
2025-07-16 06:10:00,0.89861,0.89915,0.89852,0.89906,0
2025-07-16 06:15:00,0.89906,0.89915,0.89849,0.89858,0
2025-07-16 06:20:00,0.89858,0.89875,0.89836,0.89853,0
2025-07-16 06:25:00,0.89853,0.89931,0.89841,0.89919,0
2025-07-16 06:30:00,0.89919,0.89949,0.89856,0.89886,0
2025-07-16 06:35:00,0.89886,0.89933,0.89802,0.89849,0
2025-07-16 06:40:00,0.89849,0.89888,0.89818,0.89858,0
2025-07-16 06:45:00,0.89858,0.89902,0.89851,0.89896,0
2025-07-16 06:50:00,0.89896,0.89937,0.89856,0.89896,0
2025-07-16 06:55:00,0.89896,0.89958,0.89895,0.89956,0
2025-07-16 07:00:00,0.89956,0.90044,0.89907,0.89995,0
2025-07-16 07:05:00,0.89995,0.90066,0.89961,0.90033,0
2025-07-16 07:10:00,0.90033,0.9007,0.9002,0.90058,0
2025-07-16 07:15:00,0.90058,0.90174,0.90046,0.90162,0
2025-07-16 07:20:00,0.90162,0.90185,0.9013,0.90153,0
2025-07-16 07:25:00,0.90153,0.90211,0.90005,0.90063,0
2025-07-16 07:30:00,0.90063,0.90166,0.90032,0.90135,0
2025-07-16 07:35:00,0.90135,0.90147,0.90103,0.90115,0
2025-07-16 07:40:00,0.90115,0.90123,0.90111,0.90119,0
2025-07-16 07:45:00,0.90119,0.90217,0.90081,0.90178,0
2025-07-16 07:50:00,0.90178,0.9019,0.90095,0.90106,0
2025-07-16 07:55:00,0.90106,0.90163,0.89993,0.9005,0
2025-07-16 08:00:00,0.9005,0.90067,0.89961,0.89978,0
2025-07-16 08:05:00,0.89978,0.89992,0.89928,0.89942,0
2025-07-16 08:10:00,0.89942,0.90058,0.89846,0.89962,0
2025-07-16 08:15:00,0.89962,0.89987,0.8996,0.89985,0
2025-07-16 08:20:00,0.89985,0.90009,0.89974,0.89998,0
2025-07-16 08:25:00,0.89998,0.90026,0.89906,0.89934,0
2025-07-16 08:30:00,0.89934,0.89972,0.89793,0.8983,0
2025-07-16 08:35:00,0.8983,0.89844,0.89819,0.89833,0
2025-07-16 08:40:00,0.89833,0.89839,0.89805,0.89812,0
2025-07-16 08:45:00,0.89812,0.89846,0.89798,0.89832,0
2025-07-16 08:50:00,0.89832,0.89931,0.89765,0.89864,0
2025-07-16 08:55:00,0.89864,0.8991,0.89824,0.8987,0
2025-07-16 09:00:00,0.8987,0.89938,0.89836,0.89904,0
2025-07-16 09:05:00,0.89904,0.89988,0.8983,0.89915,0
2025-07-16 09:10:00,0.89915,0.89965,0.89888,0.89938,0
2025-07-16 09:15:00,0.89938,0.89952,0.89893,0.89907,0
2025-07-16 09:20:00,0.89907,0.89968,0.89838,0.89899,0
2025-07-16 09:25:00,0.89899,0.89934,0.89872,0.89907,0
2025-07-16 09:30:00,0.89907,0.89964,0.89888,0.89944,0
2025-07-16 09:35:00,0.89944,0.8999,0.89881,0.89927,0
2025-07-16 09:40:00,0.89927,0.89976,0.89901,0.8995,0
2025-07-16 09:45:00,0.8995,0.89985,0.89903,0.89938,0
2025-07-16 09:50:00,0.89938,0.89986,0.89885,0.89933,0
2025-07-16 09:55:00,0.89933,0.90008,0.89895,0.8997,0
2025-07-16 10:00:00,0.8997,0.89984,0.89866,0.89881,0
2025-07-16 10:05:00,0.89881,0.89917,0.89786,0.89822,0
2025-07-16 10:10:00,0.89822,0.8983,0.89748,0.89756,0
2025-07-16 10:15:00,0.89756,0.89765,0.89641,0.89651,0
2025-07-16 10:20:00,0.89651,0.89668,0.89603,0.89621,0
2025-07-16 10:25:00,0.89621,0.89674,0.89601,0.89654,0
2025-07-16 10:30:00,0.89654,0.89675,0.89621,0.89642,0
2025-07-16 10:35:00,0.89642,0.89672,0.8962,0.8965,0
2025-07-16 10:40:00,0.8965,0.89715,0.89635,0.89699,0
2025-07-16 10:45:00,0.89699,0.89761,0.89697,0.89759,0
2025-07-16 10:50:00,0.89759,0.89774,0.8974,0.89756,0
2025-07-16 10:55:00,0.89756,0.89822,0.8975,0.89816,0
2025-07-16 11:00:00,0.89816,0.8984,0.89797,0.89821,0
2025-07-16 11:05:00,0.89821,0.89893,0.89711,0.89783,0
2025-07-16 11:10:00,0.89783,0.89816,0.89723,0.89756,0
2025-07-16 11:15:00,0.89756,0.8979,0.89656,0.8969,0
2025-07-16 11:20:00,0.8969,0.89798,0.89542,0.8965,0
2025-07-16 11:25:00,0.8965,0.89668,0.89616,0.89634,0
2025-07-16 11:30:00,0.89634,0.89687,0.89617,0.8967,0
2025-07-16 11:35:00,0.8967,0.89772,0.89645,0.89747,0
2025-07-16 11:40:00,0.89747,0.89783,0.8965,0.89685,0
2025-07-16 11:45:00,0.89685,0.89718,0.8967,0.89703,0
2025-07-16 11:50:00,0.89703,0.89721,0.89638,0.89656,0
2025-07-16 11:55:00,0.89656,0.897,0.89634,0.89677,0
2025-07-16 12:00:00,0.89677,0.89684,0.89665,0.89672,0
2025-07-16 12:05:00,0.89672,0.89676,0.89585,0.8959,0
2025-07-16 12:10:00,0.8959,0.89669,0.89551,0.89631,0
2025-07-16 12:15:00,0.89631,0.89661,0.89574,0.89604,0
2025-07-16 12:20:00,0.89604,0.8961,0.89574,0.8958,0
2025-07-16 12:25:00,0.8958,0.89604,0.89509,0.89532,0
2025-07-16 12:30:00,0.89532,0.89572,0.89463,0.89503,0
2025-07-16 12:35:00,0.89503,0.89549,0.89476,0.89522,0
2025-07-16 12:40:00,0.89522,0.89578,0.89457,0.89514,0
2025-07-16 12:45:00,0.89514,0.89539,0.89503,0.89528,0
2025-07-16 12:50:00,0.89528,0.8955,0.89523,0.89545,0
2025-07-16 12:55:00,0.89545,0.89631,0.89517,0.89604,0
2025-07-16 13:00:00,0.89604,0.89636,0.89556,0.89588,0
2025-07-16 13:05:00,0.89588,0.89598,0.89512,0.89522,0
2025-07-16 13:10:00,0.89522,0.8959,0.89502,0.8957,0
2025-07-16 13:15:00,0.8957,0.89572,0.89553,0.89555,0
2025-07-16 13:20:00,0.89555,0.89629,0.89532,0.89605,0
2025-07-16 13:25:00,0.89605,0.89631,0.89596,0.89622,0
2025-07-16 13:30:00,0.89622,0.89623,0.89616,0.89616,0
2025-07-16 13:35:00,0.89616,0.89633,0.89615,0.89632,0
2025-07-16 13:40:00,0.89632,0.89785,0.89566,0.89719,0
2025-07-16 13:45:00,0.89719,0.89827,0.89706,0.89813,0
2025-07-16 13:50:00,0.89813,0.89818,0.89811,0.89816,0
2025-07-16 13:55:00,0.89816,0.89833,0.89806,0.89823,0
2025-07-16 14:00:00,0.89823,0.8988,0.89814,0.89871,0
2025-07-16 14:05:00,0.89871,0.89888,0.89816,0.89833,0
2025-07-16 14:10:00,0.89833,0.89886,0.89796,0.89848,0
2025-07-16 14:15:00,0.89848,0.89905,0.8979,0.89847,0
2025-07-16 14:20:00,0.89847,0.89873,0.89835,0.89861,0
2025-07-16 14:25:00,0.89861,0.89888,0.89797,0.89824,0
2025-07-16 14:30:00,0.89824,0.89883,0.89693,0.89752,0
2025-07-16 14:35:00,0.89752,0.8978,0.89632,0.89659,0
2025-07-16 14:40:00,0.89659,0.89711,0.89558,0.89609,0
2025-07-16 14:45:00,0.89609,0.89618,0.89581,0.89589,0
2025-07-16 14:50:00,0.89589,0.89598,0.89567,0.89576,0
2025-07-16 14:55:00,0.89576,0.89669,0.89569,0.89662,0
2025-07-16 15:00:00,0.89662,0.89731,0.89644,0.89712,0
2025-07-16 15:05:00,0.89712,0.89744,0.89637,0.89669,0
2025-07-16 15:10:00,0.89669,0.89687,0.89667,0.89685,0
2025-07-16 15:15:00,0.89685,0.89699,0.89652,0.89666,0
2025-07-16 15:20:00,0.89666,0.89695,0.89625,0.89654,0
2025-07-16 15:25:00,0.89654,0.8969,0.89625,0.89662,0
2025-07-16 15:30:00,0.89662,0.89702,0.8965,0.8969,0
2025-07-16 15:35:00,0.8969,0.89784,0.8958,0.89674,0
2025-07-16 15:40:00,0.89674,0.89744,0.89653,0.89722,0
2025-07-16 15:45:00,0.89722,0.8974,0.89653,0.89671,0
2025-07-16 15:50:00,0.89671,0.89707,0.89635,0.89671,0
2025-07-16 15:55:00,0.89671,0.89794,0.89665,0.89788,0
2025-07-16 16:00:00,0.89788,0.898,0.89786,0.89798,0
2025-07-16 16:05:00,0.89798,0.89941,0.89719,0.89862,0
2025-07-16 16:10:00,0.89862,0.89874,0.89855,0.89866,0
2025-07-16 16:15:00,0.89866,0.89925,0.89834,0.89892,0
2025-07-16 16:20:00,0.89892,0.89909,0.89873,0.8989,0
2025-07-16 16:25:00,0.8989,0.89935,0.89837,0.89882,0
2025-07-16 16:30:00,0.89882,0.89883,0.89846,0.89847,0
2025-07-16 16:35:00,0.89847,0.89876,0.89837,0.89866,0
2025-07-16 16:40:00,0.89866,0.89877,0.89818,0.89828,0
2025-07-16 16:45:00,0.89828,0.89862,0.89824,0.89858,0
2025-07-16 16:50:00,0.89858,0.89916,0.89849,0.89907,0
2025-07-16 16:55:00,0.89907,0.89977,0.89853,0.89923,0
2025-07-16 17:00:00,0.89923,0.89975,0.89859,0.8991,0
2025-07-16 17:05:00,0.8991,0.89951,0.8989,0.89931,0
2025-07-16 17:10:00,0.89931,0.89931,0.89917,0.89917,0
2025-07-16 17:15:00,0.89917,0.8998,0.89896,0.89959,0
2025-07-16 17:20:00,0.89959,0.89981,0.89855,0.89877,0
2025-07-16 17:25:00,0.89877,0.89886,0.89852,0.89862,0
2025-07-16 17:30:00,0.89862,0.89895,0.89738,0.89772,0
2025-07-16 17:35:00,0.89772,0.89782,0.89695,0.89705,0
2025-07-16 17:40:00,0.89705,0.89774,0.89697,0.89766,0
2025-07-16 17:45:00,0.89766,0.89818,0.89755,0.89807,0
2025-07-16 17:50:00,0.89807,0.89872,0.89708,0.89774,0
2025-07-16 17:55:00,0.89774,0.89798,0.89683,0.89707,0
2025-07-16 18:00:00,0.89707,0.89709,0.89571,0.89574,0
2025-07-16 18:05:00,0.89574,0.89589,0.89535,0.8955,0
2025-07-16 18:10:00,0.8955,0.89659,0.89549,0.89658,0
2025-07-16 18:15:00,0.89658,0.89695,0.89641,0.89678,0
2025-07-16 18:20:00,0.89678,0.89732,0.89598,0.89652,0
2025-07-16 18:25:00,0.89652,0.89691,0.89635,0.89673,0
2025-07-16 18:30:00,0.89673,0.89711,0.89566,0.89603,0
2025-07-16 18:35:00,0.89603,0.89664,0.8953,0.8959,0
2025-07-16 18:40:00,0.8959,0.89622,0.89562,0.89594,0
2025-07-16 18:45:00,0.89594,0.89631,0.89554,0.89591,0
2025-07-16 18:50:00,0.89591,0.89646,0.8957,0.89626,0
2025-07-16 18:55:00,0.89626,0.89663,0.89605,0.89641,0
2025-07-16 19:00:00,0.89641,0.89703,0.8961,0.89671,0
2025-07-16 19:05:00,0.89671,0.89681,0.89631,0.89641,0
2025-07-16 19:10:00,0.89641,0.89746,0.89576,0.89681,0
2025-07-16 19:15:00,0.89681,0.89771,0.89664,0.89754,0
2025-07-16 19:20:00,0.89754,0.89768,0.89696,0.8971,0
2025-07-16 19:25:00,0.8971,0.89739,0.89642,0.89671,0
2025-07-16 19:30:00,0.89671,0.89755,0.89646,0.8973,0
2025-07-16 19:35:00,0.8973,0.89767,0.89685,0.89722,0
2025-07-16 19:40:00,0.89722,0.89838,0.89669,0.89785,0
2025-07-16 19:45:00,0.89785,0.89829,0.89721,0.89765,0
2025-07-16 19:50:00,0.89765,0.89855,0.8974,0.8983,0
2025-07-16 19:55:00,0.8983,0.89895,0.89772,0.89836,0
2025-07-16 20:00:00,0.89836,0.89865,0.89819,0.89848,0
2025-07-16 20:05:00,0.89848,0.8992,0.89846,0.89918,0
2025-07-16 20:10:00,0.89918,0.89995,0.89825,0.89902,0
2025-07-16 20:15:00,0.89902,0.89973,0.89789,0.8986,0
2025-07-16 20:20:00,0.8986,0.89864,0.89835,0.89839,0
2025-07-16 20:25:00,0.89839,0.89872,0.89827,0.8986,0
2025-07-16 20:30:00,0.8986,0.89899,0.89751,0.89789,0
2025-07-16 20:35:00,0.89789,0.8982,0.89787,0.89818,0
2025-07-16 20:40:00,0.89818,0.89822,0.8979,0.89794,0
2025-07-16 20:45:00,0.89794,0.89879,0.89761,0.89845,0
2025-07-16 20:50:00,0.89845,0.8985,0.89733,0.89738,0
2025-07-16 20:55:00,0.89738,0.89781,0.8966,0.89703,0
2025-07-16 21:00:00,0.89703,0.89703,0.89627,0.89627,0
2025-07-16 21:05:00,0.89627,0.89631,0.89586,0.8959,0
2025-07-16 21:10:00,0.8959,0.89638,0.89553,0.89601,0
2025-07-16 21:15:00,0.89601,0.89635,0.89559,0.89593,0
2025-07-16 21:20:00,0.89593,0.89692,0.89483,0.89582,0
2025-07-16 21:25:00,0.89582,0.89595,0.89562,0.89575,0
2025-07-16 21:30:00,0.89575,0.89597,0.89561,0.89584,0
2025-07-16 21:35:00,0.89584,0.89602,0.8952,0.89539,0
2025-07-16 21:40:00,0.89539,0.89636,0.89473,0.8957,0
2025-07-16 21:45:00,0.8957,0.89628,0.89543,0.896,0
2025-07-16 21:50:00,0.896,0.89673,0.89544,0.89617,0
2025-07-16 21:55:00,0.89617,0.89691,0.89568,0.89642,0
2025-07-16 22:00:00,0.89642,0.89667,0.8963,0.89655,0
2025-07-16 22:05:00,0.89655,0.8975,0.89652,0.89747,0
2025-07-16 22:10:00,0.89747,0.89791,0.89698,0.89743,0
2025-07-16 22:15:00,0.89743,0.89761,0.89711,0.89729,0
2025-07-16 22:20:00,0.89729,0.89752,0.89672,0.89695,0
2025-07-16 22:25:00,0.89695,0.89699,0.89645,0.89649,0
2025-07-16 22:30:00,0.89649,0.89659,0.89583,0.89593,0
2025-07-16 22:35:00,0.89593,0.89661,0.89486,0.89553,0
2025-07-16 22:40:00,0.89553,0.89623,0.89481,0.8955,0
2025-07-16 22:45:00,0.8955,0.89567,0.89549,0.89565,0
2025-07-16 22:50:00,0.89565,0.8957,0.89563,0.89567,0
2025-07-16 22:55:00,0.89567,0.89581,0.8952,0.89533,0
2025-07-16 23:00:00,0.89533,0.89612,0.89494,0.89573,0
2025-07-16 23:05:00,0.89573,0.89618,0.89562,0.89607,0
2025-07-16 23:10:00,0.89607,0.89621,0.89585,0.89599,0
2025-07-16 23:15:00,0.89599,0.89634,0.89536,0.8957,0
2025-07-16 23:20:00,0.8957,0.89614,0.89551,0.89595,0
2025-07-16 23:25:00,0.89595,0.89604,0.89593,0.89603,0
2025-07-16 23:30:00,0.89603,0.89659,0.89483,0.89538,0
2025-07-16 23:35:00,0.89538,0.89563,0.89511,0.89535,0
2025-07-16 23:40:00,0.89535,0.89615,0.89467,0.89547,0
2025-07-16 23:45:00,0.89547,0.89572,0.89481,0.89507,0
2025-07-16 23:50:00,0.89507,0.89566,0.89456,0.89515,0
2025-07-16 23:55:00,0.89515,0.89545,0.89421,0.8945,0
2025-07-17 00:00:00,0.8945,0.89518,0.89442,0.8951,0
2025-07-17 00:05:00,0.8951,0.89599,0.89477,0.89566,0
2025-07-17 00:10:00,0.89566,0.89574,0.89547,0.89554,0
2025-07-17 00:15:00,0.89554,0.89598,0.89527,0.89571,0
2025-07-17 00:20:00,0.89571,0.89574,0.89459,0.89463,0
2025-07-17 00:25:00,0.89463,0.89512,0.89362,0.89411,0
2025-07-17 00:30:00,0.89411,0.89457,0.89352,0.89398,0
2025-07-17 00:35:00,0.89398,0.89446,0.89302,0.8935,0
2025-07-17 00:40:00,0.8935,0.89399,0.89333,0.89382,0
2025-07-17 00:45:00,0.89382,0.89544,0.8931,0.89471,0
2025-07-17 00:50:00,0.89471,0.89519,0.89371,0.89419,0
2025-07-17 00:55:00,0.89419,0.89485,0.89315,0.89381,0
2025-07-17 01:00:00,0.89381,0.89442,0.89332,0.89392,0
2025-07-17 01:05:00,0.89392,0.89497,0.89359,0.89464,0
2025-07-17 01:10:00,0.89464,0.89518,0.89355,0.89409,0
2025-07-17 01:15:00,0.89409,0.89431,0.89399,0.8942,0
2025-07-17 01:20:00,0.8942,0.8954,0.89382,0.89502,0
2025-07-17 01:25:00,0.89502,0.89521,0.89409,0.89428,0
2025-07-17 01:30:00,0.89428,0.89474,0.89325,0.89371,0
2025-07-17 01:35:00,0.89371,0.89392,0.8933,0.89352,0
2025-07-17 01:40:00,0.89352,0.89427,0.89254,0.89328,0
2025-07-17 01:45:00,0.89328,0.89373,0.89321,0.89365,0
2025-07-17 01:50:00,0.89365,0.89415,0.89325,0.89376,0
2025-07-17 01:55:00,0.89376,0.89376,0.89296,0.89296,0
2025-07-17 02:00:00,0.89296,0.89337,0.89279,0.89319,0
2025-07-17 02:05:00,0.89319,0.8935,0.89262,0.89294,0
2025-07-17 02:10:00,0.89294,0.89385,0.89259,0.8935,0
2025-07-17 02:15:00,0.8935,0.89396,0.89277,0.89322,0
2025-07-17 02:20:00,0.89322,0.89353,0.89263,0.89294,0
2025-07-17 02:25:00,0.89294,0.89356,0.89256,0.89318,0
2025-07-17 02:30:00,0.89318,0.89378,0.89292,0.89352,0
2025-07-17 02:35:00,0.89352,0.89382,0.89343,0.89372,0
2025-07-17 02:40:00,0.89372,0.89375,0.89294,0.89297,0
2025-07-17 02:45:00,0.89297,0.89329,0.89289,0.89321,0
2025-07-17 02:50:00,0.89321,0.89363,0.89232,0.89275,0
2025-07-17 02:55:00,0.89275,0.89319,0.89241,0.89285,0
2025-07-17 03:00:00,0.89285,0.89295,0.89212,0.89222,0
2025-07-17 03:05:00,0.89222,0.8925,0.89213,0.89242,0
2025-07-17 03:10:00,0.89242,0.89292,0.89155,0.89206,0
2025-07-17 03:15:00,0.89206,0.89207,0.89147,0.89149,0
2025-07-17 03:20:00,0.89149,0.89215,0.89113,0.8918,0
2025-07-17 03:25:00,0.8918,0.89229,0.89143,0.89191,0
2025-07-17 03:30:00,0.89191,0.89199,0.89156,0.89164,0
2025-07-17 03:35:00,0.89164,0.89249,0.89143,0.89228,0
2025-07-17 03:40:00,0.89228,0.89237,0.892,0.89209,0
2025-07-17 03:45:00,0.89209,0.89256,0.89163,0.8921,0
2025-07-17 03:50:00,0.8921,0.89244,0.89188,0.89222,0
2025-07-17 03:55:00,0.89222,0.89264,0.89153,0.89195,0
2025-07-17 04:00:00,0.89195,0.89221,0.89189,0.89216,0
2025-07-17 04:05:00,0.89216,0.89273,0.89134,0.89192,0
2025-07-17 04:10:00,0.89192,0.89198,0.89167,0.89173,0
2025-07-17 04:15:00,0.89173,0.8925,0.89158,0.89234,0
2025-07-17 04:20:00,0.89234,0.89253,0.89169,0.89188,0
2025-07-17 04:25:00,0.89188,0.89224,0.89044,0.8908,0
2025-07-17 04:30:00,0.8908,0.8917,0.89062,0.89152,0
2025-07-17 04:35:00,0.89152,0.89315,0.89103,0.89266,0
2025-07-17 04:40:00,0.89266,0.89288,0.89226,0.89248,0
2025-07-17 04:45:00,0.89248,0.89285,0.89124,0.89161,0
2025-07-17 04:50:00,0.89161,0.89174,0.89135,0.89147,0
2025-07-17 04:55:00,0.89147,0.89158,0.89124,0.89135,0
2025-07-17 05:00:00,0.89135,0.8915,0.89111,0.89126,0
2025-07-17 05:05:00,0.89126,0.89128,0.89075,0.89077,0
2025-07-17 05:10:00,0.89077,0.89103,0.89076,0.89102,0
2025-07-17 05:15:00,0.89102,0.89149,0.89079,0.89126,0
2025-07-17 05:20:00,0.89126,0.89151,0.89034,0.89059,0
2025-07-17 05:25:00,0.89059,0.89092,0.89058,0.8909,0
2025-07-17 05:30:00,0.8909,0.89193,0.89079,0.89182,0
2025-07-17 05:35:00,0.89182,0.89245,0.89126,0.8919,0
2025-07-17 05:40:00,0.8919,0.89222,0.89142,0.89174,0
2025-07-17 05:45:00,0.89174,0.89229,0.89113,0.89168,0
2025-07-17 05:50:00,0.89168,0.89209,0.89155,0.89196,0
2025-07-17 05:55:00,0.89196,0.89242,0.89072,0.89118,0
2025-07-17 06:00:00,0.89118,0.8918,0.89065,0.89126,0
2025-07-17 06:05:00,0.89126,0.8913,0.89104,0.89108,0
2025-07-17 06:10:00,0.89108,0.89245,0.89054,0.89191,0
2025-07-17 06:15:00,0.89191,0.89197,0.89176,0.89183,0
2025-07-17 06:20:00,0.89183,0.89303,0.89137,0.89257,0
2025-07-17 06:25:00,0.89257,0.8927,0.89196,0.89208,0
2025-07-17 06:30:00,0.89208,0.89251,0.89192,0.89234,0
2025-07-17 06:35:00,0.89234,0.89295,0.89188,0.89249,0
2025-07-17 06:40:00,0.89249,0.89281,0.89177,0.8921,0
2025-07-17 06:45:00,0.8921,0.89229,0.89198,0.89218,0
2025-07-17 06:50:00,0.89218,0.89302,0.89188,0.89272,0
2025-07-17 06:55:00,0.89272,0.893,0.89229,0.89257,0
2025-07-17 07:00:00,0.89257,0.89264,0.89176,0.89182,0
2025-07-17 07:05:00,0.89182,0.89194,0.89169,0.89181,0
2025-07-17 07:10:00,0.89181,0.89187,0.89135,0.89141,0
2025-07-17 07:15:00,0.89141,0.89155,0.89111,0.89126,0
2025-07-17 07:20:00,0.89126,0.89135,0.89113,0.89122,0
2025-07-17 07:25:00,0.89122,0.89145,0.89023,0.89046,0
2025-07-17 07:30:00,0.89046,0.89102,0.88918,0.88974,0
2025-07-17 07:35:00,0.88974,0.89032,0.88937,0.88996,0
2025-07-17 07:40:00,0.88996,0.89022,0.88946,0.88972,0
2025-07-17 07:45:00,0.88972,0.88992,0.88838,0.88858,0
2025-07-17 07:50:00,0.88858,0.88919,0.88832,0.88893,0
2025-07-17 07:55:00,0.88893,0.88947,0.88852,0.88905,0
2025-07-17 08:00:00,0.88905,0.88941,0.88837,0.88874,0
2025-07-17 08:05:00,0.88874,0.88933,0.88755,0.88815,0
2025-07-17 08:10:00,0.88815,0.88885,0.88783,0.88852,0
2025-07-17 08:15:00,0.88852,0.88877,0.88843,0.88868,0
2025-07-17 08:20:00,0.88868,0.88981,0.8886,0.88974,0
2025-07-17 08:25:00,0.88974,0.89007,0.88959,0.88992,0
2025-07-17 08:30:00,0.88992,0.8903,0.88972,0.8901,0
2025-07-17 08:35:00,0.8901,0.89038,0.88973,0.89002,0
2025-07-17 08:40:00,0.89002,0.89064,0.88977,0.89038,0
2025-07-17 08:45:00,0.89038,0.8907,0.89035,0.89066,0
2025-07-17 08:50:00,0.89066,0.89166,0.89022,0.89122,0
2025-07-17 08:55:00,0.89122,0.89128,0.89093,0.89099,0
2025-07-17 09:00:00,0.89099,0.89147,0.89031,0.89079,0
2025-07-17 09:05:00,0.89079,0.89138,0.88999,0.89058,0
2025-07-17 09:10:00,0.89058,0.89118,0.89033,0.89093,0
2025-07-17 09:15:00,0.89093,0.89202,0.89052,0.8916,0
2025-07-17 09:20:00,0.8916,0.89177,0.89122,0.8914,0
2025-07-17 09:25:00,0.8914,0.89169,0.89091,0.89121,0
2025-07-17 09:30:00,0.89121,0.8916,0.89095,0.89135,0
2025-07-17 09:35:00,0.89135,0.89162,0.89096,0.89124,0
2025-07-17 09:40:00,0.89124,0.89179,0.89111,0.89166,0
2025-07-17 09:45:00,0.89166,0.89169,0.89063,0.89066,0
2025-07-17 09:50:00,0.89066,0.89087,0.89008,0.89029,0
2025-07-17 09:55:00,0.89029,0.89096,0.88928,0.88994,0
2025-07-17 10:00:00,0.88994,0.89006,0.88879,0.88891,0
2025-07-17 10:05:00,0.88891,0.88898,0.88842,0.88848,0
2025-07-17 10:10:00,0.88848,0.88868,0.88788,0.88808,0
2025-07-17 10:15:00,0.88808,0.88854,0.88752,0.88799,0
2025-07-17 10:20:00,0.88799,0.88871,0.88776,0.88848,0
2025-07-17 10:25:00,0.88848,0.8892,0.88765,0.88837,0
2025-07-17 10:30:00,0.88837,0.8884,0.88789,0.88791,0
2025-07-17 10:35:00,0.88791,0.88794,0.88787,0.88789,0
2025-07-17 10:40:00,0.88789,0.88846,0.88778,0.88836,0
2025-07-17 10:45:00,0.88836,0.88907,0.88721,0.88792,0
2025-07-17 10:50:00,0.88792,0.88828,0.88716,0.88752,0
2025-07-17 10:55:00,0.88752,0.88784,0.88745,0.88777,0
2025-07-17 11:00:00,0.88777,0.88805,0.88739,0.88767,0
2025-07-17 11:05:00,0.88767,0.88815,0.88748,0.88795,0
2025-07-17 11:10:00,0.88795,0.88797,0.88793,0.88795,0
2025-07-17 11:15:00,0.88795,0.88873,0.88748,0.88826,0
2025-07-17 11:20:00,0.88826,0.88889,0.88717,0.8878,0
2025-07-17 11:25:00,0.8878,0.88796,0.88764,0.88779,0
2025-07-17 11:30:00,0.88779,0.88793,0.88757,0.8877,0
2025-07-17 11:35:00,0.8877,0.88857,0.88629,0.88716,0
2025-07-17 11:40:00,0.88716,0.88731,0.88632,0.88647,0
2025-07-17 11:45:00,0.88647,0.88697,0.88627,0.88677,0
2025-07-17 11:50:00,0.88677,0.88739,0.886,0.88662,0
2025-07-17 11:55:00,0.88662,0.88711,0.88568,0.88616,0
2025-07-17 12:00:00,0.88616,0.8865,0.88578,0.88612,0
2025-07-17 12:05:00,0.88612,0.88747,0.88528,0.88662,0
2025-07-17 12:10:00,0.88662,0.88711,0.88512,0.88561,0
2025-07-17 12:15:00,0.88561,0.88612,0.88444,0.88495,0
2025-07-17 12:20:00,0.88495,0.88497,0.88452,0.88454,0
2025-07-17 12:25:00,0.88454,0.88547,0.88426,0.88519,0
2025-07-17 12:30:00,0.88519,0.88589,0.88461,0.88531,0
2025-07-17 12:35:00,0.88531,0.88617,0.8848,0.88565,0
2025-07-17 12:40:00,0.88565,0.88593,0.88487,0.88515,0
2025-07-17 12:45:00,0.88515,0.88516,0.88464,0.88465,0
2025-07-17 12:50:00,0.88465,0.88508,0.88443,0.88485,0
2025-07-17 12:55:00,0.88485,0.88514,0.88458,0.88488,0
2025-07-17 13:00:00,0.88488,0.88532,0.88467,0.88512,0
2025-07-17 13:05:00,0.88512,0.88528,0.88487,0.88503,0
2025-07-17 13:10:00,0.88503,0.88581,0.88439,0.88516,0
2025-07-17 13:15:00,0.88516,0.88553,0.88486,0.88523,0
2025-07-17 13:20:00,0.88523,0.88599,0.88481,0.88557,0
2025-07-17 13:25:00,0.88557,0.88618,0.88533,0.88593,0
2025-07-17 13:30:00,0.88593,0.88605,0.88509,0.88521,0
2025-07-17 13:35:00,0.88521,0.88531,0.88413,0.88422,0
2025-07-17 13:40:00,0.88422,0.88478,0.8841,0.88466,0
2025-07-17 13:45:00,0.88466,0.88541,0.88444,0.88519,0
2025-07-17 13:50:00,0.88519,0.8855,0.88443,0.88474,0
2025-07-17 13:55:00,0.88474,0.8851,0.88354,0.88391,0
2025-07-17 14:00:00,0.88391,0.88398,0.88389,0.88396,0
2025-07-17 14:05:00,0.88396,0.88508,0.88325,0.88437,0
2025-07-17 14:10:00,0.88437,0.88518,0.88435,0.88516,0
2025-07-17 14:15:00,0.88516,0.88572,0.88484,0.88539,0
2025-07-17 14:20:00,0.88539,0.88582,0.8848,0.88523,0
2025-07-17 14:25:00,0.88523,0.88545,0.88461,0.88483,0
2025-07-17 14:30:00,0.88483,0.88509,0.88458,0.88484,0
2025-07-17 14:35:00,0.88484,0.88525,0.88429,0.8847,0
2025-07-17 14:40:00,0.8847,0.88493,0.88403,0.88426,0
2025-07-17 14:45:00,0.88426,0.88521,0.88421,0.88516,0
2025-07-17 14:50:00,0.88516,0.88601,0.8851,0.88595,0
2025-07-17 14:55:00,0.88595,0.88691,0.8855,0.88646,0
2025-07-17 15:00:00,0.88646,0.88655,0.88596,0.88605,0
2025-07-17 15:05:00,0.88605,0.88689,0.88558,0.88643,0
2025-07-17 15:10:00,0.88643,0.88679,0.88634,0.88671,0
2025-07-17 15:15:00,0.88671,0.88738,0.88624,0.88691,0
2025-07-17 15:20:00,0.88691,0.88801,0.88636,0.88746,0
2025-07-17 15:25:00,0.88746,0.88833,0.88688,0.88774,0
2025-07-17 15:30:00,0.88774,0.8881,0.88771,0.88807,0
2025-07-17 15:35:00,0.88807,0.88858,0.88784,0.88835,0
2025-07-17 15:40:00,0.88835,0.8886,0.88826,0.88851,0
2025-07-17 15:45:00,0.88851,0.88902,0.8872,0.88771,0
2025-07-17 15:50:00,0.88771,0.88825,0.88722,0.88775,0
2025-07-17 15:55:00,0.88775,0.88789,0.88737,0.8875,0
2025-07-17 16:00:00,0.8875,0.88798,0.88646,0.88694,0
2025-07-17 16:05:00,0.88694,0.8877,0.88692,0.88768,0
2025-07-17 16:10:00,0.88768,0.88895,0.88718,0.88845,0
2025-07-17 16:15:00,0.88845,0.88914,0.88836,0.88905,0
2025-07-17 16:20:00,0.88905,0.88947,0.88876,0.88917,0
2025-07-17 16:25:00,0.88917,0.89002,0.88892,0.88977,0
2025-07-17 16:30:00,0.88977,0.88999,0.88955,0.88977,0
2025-07-17 16:35:00,0.88977,0.88999,0.88965,0.88986,0
2025-07-17 16:40:00,0.88986,0.88995,0.8893,0.88938,0
2025-07-17 16:45:00,0.88938,0.89022,0.88871,0.88955,0
2025-07-17 16:50:00,0.88955,0.8899,0.88924,0.88958,0
2025-07-17 16:55:00,0.88958,0.88958,0.889,0.889,0
2025-07-17 17:00:00,0.889,0.88901,0.88897,0.88898,0
2025-07-17 17:05:00,0.88898,0.88912,0.8888,0.88894,0
2025-07-17 17:10:00,0.88894,0.88989,0.88879,0.88974,0
2025-07-17 17:15:00,0.88974,0.89025,0.88963,0.89014,0
2025-07-17 17:20:00,0.89014,0.8902,0.89008,0.89015,0
2025-07-17 17:25:00,0.89015,0.89081,0.88959,0.89026,0
2025-07-17 17:30:00,0.89026,0.89028,0.89025,0.89028,0
2025-07-17 17:35:00,0.89028,0.89066,0.8898,0.89019,0
2025-07-17 17:40:00,0.89019,0.89079,0.8891,0.8897,0
2025-07-17 17:45:00,0.8897,0.88975,0.88959,0.88964,0
2025-07-17 17:50:00,0.88964,0.88981,0.88913,0.88931,0
2025-07-17 17:55:00,0.88931,0.88949,0.88857,0.88875,0
2025-07-17 18:00:00,0.88875,0.88918,0.88855,0.88898,0
2025-07-17 18:05:00,0.88898,0.88983,0.8883,0.88915,0
2025-07-17 18:10:00,0.88915,0.88963,0.88788,0.88836,0
2025-07-17 18:15:00,0.88836,0.88905,0.88761,0.8883,0
2025-07-17 18:20:00,0.8883,0.88911,0.88794,0.88874,0
2025-07-17 18:25:00,0.88874,0.88943,0.88853,0.88922,0
2025-07-17 18:30:00,0.88922,0.88991,0.88897,0.88967,0
2025-07-17 18:35:00,0.88967,0.88972,0.88964,0.88969,0
2025-07-17 18:40:00,0.88969,0.88991,0.88909,0.88931,0
2025-07-17 18:45:00,0.88931,0.88951,0.88863,0.88883,0
2025-07-17 18:50:00,0.88883,0.88903,0.88878,0.88898,0
2025-07-17 18:55:00,0.88898,0.88931,0.88883,0.88915,0
2025-07-17 19:00:00,0.88915,0.89009,0.88879,0.88973,0
2025-07-17 19:05:00,0.88973,0.89031,0.88963,0.89021,0
2025-07-17 19:10:00,0.89021,0.89064,0.88973,0.89016,0
2025-07-17 19:15:00,0.89016,0.89031,0.88945,0.8896,0
2025-07-17 19:20:00,0.8896,0.89052,0.88854,0.88946,0
2025-07-17 19:25:00,0.88946,0.89003,0.88899,0.88956,0
2025-07-17 19:30:00,0.88956,0.88981,0.88922,0.88947,0
2025-07-17 19:35:00,0.88947,0.8895,0.88918,0.88921,0
2025-07-17 19:40:00,0.88921,0.89,0.88853,0.88932,0
2025-07-17 19:45:00,0.88932,0.88979,0.88864,0.8891,0
2025-07-17 19:50:00,0.8891,0.88955,0.88837,0.88882,0
2025-07-17 19:55:00,0.88882,0.88923,0.88854,0.88896,0
2025-07-17 20:00:00,0.88896,0.8892,0.88853,0.88878,0
2025-07-17 20:05:00,0.88878,0.88895,0.88872,0.88889,0
2025-07-17 20:10:00,0.88889,0.88938,0.88852,0.88901,0
2025-07-17 20:15:00,0.88901,0.88944,0.88807,0.8885,0
2025-07-17 20:20:00,0.8885,0.88852,0.88827,0.88829,0
2025-07-17 20:25:00,0.88829,0.88924,0.88798,0.88893,0
2025-07-17 20:30:00,0.88893,0.88919,0.88815,0.88841,0
2025-07-17 20:35:00,0.88841,0.88869,0.8872,0.88747,0
2025-07-17 20:40:00,0.88747,0.88765,0.88646,0.88665,0
2025-07-17 20:45:00,0.88665,0.88674,0.88656,0.88666,0
2025-07-17 20:50:00,0.88666,0.88674,0.8866,0.88667,0
2025-07-17 20:55:00,0.88667,0.88688,0.88641,0.88662,0
2025-07-17 21:00:00,0.88662,0.88721,0.88657,0.88716,0
2025-07-17 21:05:00,0.88716,0.88726,0.88588,0.88597,0
2025-07-17 21:10:00,0.88597,0.88631,0.88581,0.88615,0
2025-07-17 21:15:00,0.88615,0.88708,0.88592,0.88684,0
2025-07-17 21:20:00,0.88684,0.88689,0.88629,0.88634,0
2025-07-17 21:25:00,0.88634,0.88637,0.88615,0.88617,0
2025-07-17 21:30:00,0.88617,0.88645,0.88557,0.88584,0
2025-07-17 21:35:00,0.88584,0.88614,0.88514,0.88544,0
2025-07-17 21:40:00,0.88544,0.88571,0.88503,0.8853,0
2025-07-17 21:45:00,0.8853,0.88609,0.88514,0.88593,0
2025-07-17 21:50:00,0.88593,0.88691,0.88577,0.88675,0
2025-07-17 21:55:00,0.88675,0.88684,0.8865,0.8866,0
2025-07-17 22:00:00,0.8866,0.88746,0.88658,0.88744,0
2025-07-17 22:05:00,0.88744,0.8877,0.8872,0.88746,0
2025-07-17 22:10:00,0.88746,0.88856,0.88713,0.88824,0
2025-07-17 22:15:00,0.88824,0.88856,0.88788,0.88819,0
2025-07-17 22:20:00,0.88819,0.88829,0.88816,0.88825,0
2025-07-17 22:25:00,0.88825,0.8889,0.88777,0.88842,0
2025-07-17 22:30:00,0.88842,0.88991,0.88834,0.88983,0
2025-07-17 22:35:00,0.88983,0.89043,0.88961,0.89021,0
2025-07-17 22:40:00,0.89021,0.89031,0.88979,0.88989,0
2025-07-17 22:45:00,0.88989,0.89041,0.88981,0.89032,0
2025-07-17 22:50:00,0.89032,0.89058,0.88991,0.89016,0
2025-07-17 22:55:00,0.89016,0.89041,0.8897,0.88994,0
2025-07-17 23:00:00,0.88994,0.89134,0.88895,0.89035,0
2025-07-17 23:05:00,0.89035,0.89049,0.89022,0.89036,0
2025-07-17 23:10:00,0.89036,0.89051,0.89034,0.89049,0
2025-07-17 23:15:00,0.89049,0.89065,0.89033,0.89049,0
2025-07-17 23:20:00,0.89049,0.89081,0.89032,0.89064,0
2025-07-17 23:25:00,0.89064,0.89137,0.8901,0.89083,0
2025-07-17 23:30:00,0.89083,0.89107,0.88973,0.88997,0
2025-07-17 23:35:00,0.88997,0.89043,0.8898,0.89027,0
2025-07-17 23:40:00,0.89027,0.89082,0.88927,0.88983,0
2025-07-17 23:45:00,0.88983,0.89009,0.88892,0.88919,0
2025-07-17 23:50:00,0.88919,0.88979,0.88856,0.88916,0
2025-07-17 23:55:00,0.88916,0.88942,0.88894,0.8892,0
2025-07-18 00:00:00,0.8892,0.89018,0.88791,0.88889,0
2025-07-18 00:05:00,0.88889,0.88939,0.88876,0.88926,0
2025-07-18 00:10:00,0.88926,0.88984,0.88808,0.88866,0
2025-07-18 00:15:00,0.88866,0.88898,0.88817,0.88848,0
2025-07-18 00:20:00,0.88848,0.88874,0.88797,0.88822,0
2025-07-18 00:25:00,0.88822,0.88868,0.88775,0.8882,0
2025-07-18 00:30:00,0.8882,0.88843,0.8881,0.88833,0
2025-07-18 00:35:00,0.88833,0.88855,0.88766,0.88788,0
2025-07-18 00:40:00,0.88788,0.88826,0.88782,0.8882,0
2025-07-18 00:45:00,0.8882,0.88849,0.88794,0.88823,0
2025-07-18 00:50:00,0.88823,0.88831,0.88731,0.88739,0
2025-07-18 00:55:00,0.88739,0.88756,0.88635,0.88652,0
2025-07-18 01:00:00,0.88652,0.88659,0.88645,0.88651,0
2025-07-18 01:05:00,0.88651,0.88696,0.88597,0.88642,0
2025-07-18 01:10:00,0.88642,0.88656,0.88623,0.88637,0
2025-07-18 01:15:00,0.88637,0.887,0.88573,0.88636,0
2025-07-18 01:20:00,0.88636,0.88661,0.8862,0.88646,0
2025-07-18 01:25:00,0.88646,0.88714,0.88619,0.88688,0
2025-07-18 01:30:00,0.88688,0.88698,0.88628,0.88639,0
2025-07-18 01:35:00,0.88639,0.88659,0.88566,0.88587,0
2025-07-18 01:40:00,0.88587,0.88589,0.88536,0.88538,0
2025-07-18 01:45:00,0.88538,0.88592,0.88497,0.88551,0
2025-07-18 01:50:00,0.88551,0.88639,0.88519,0.88606,0
2025-07-18 01:55:00,0.88606,0.88622,0.88571,0.88587,0
2025-07-18 02:00:00,0.88587,0.8862,0.88444,0.88476,0
2025-07-18 02:05:00,0.88476,0.88503,0.88375,0.88401,0
2025-07-18 02:10:00,0.88401,0.88416,0.88349,0.88364,0
2025-07-18 02:15:00,0.88364,0.88411,0.88293,0.8834,0
2025-07-18 02:20:00,0.8834,0.88354,0.88307,0.88322,0
2025-07-18 02:25:00,0.88322,0.88342,0.88302,0.88323,0
2025-07-18 02:30:00,0.88323,0.88361,0.88271,0.88309,0
2025-07-18 02:35:00,0.88309,0.88389,0.88277,0.88356,0
2025-07-18 02:40:00,0.88356,0.88388,0.88294,0.88326,0
2025-07-18 02:45:00,0.88326,0.88342,0.88272,0.88288,0
2025-07-18 02:50:00,0.88288,0.88312,0.88285,0.88309,0
2025-07-18 02:55:00,0.88309,0.88375,0.88175,0.88241,0
2025-07-18 03:00:00,0.88241,0.88272,0.88228,0.88258,0
2025-07-18 03:05:00,0.88258,0.88328,0.88194,0.88263,0
2025-07-18 03:10:00,0.88263,0.88296,0.88223,0.88256,0
2025-07-18 03:15:00,0.88256,0.88374,0.88209,0.88327,0
2025-07-18 03:20:00,0.88327,0.8839,0.88235,0.88299,0
2025-07-18 03:25:00,0.88299,0.88433,0.88257,0.8839,0
2025-07-18 03:30:00,0.8839,0.88402,0.88369,0.8838,0
2025-07-18 03:35:00,0.8838,0.88382,0.88322,0.88324,0
2025-07-18 03:40:00,0.88324,0.88389,0.88261,0.88327,0
2025-07-18 03:45:00,0.88327,0.88344,0.88262,0.88279,0
2025-07-18 03:50:00,0.88279,0.88296,0.88229,0.88246,0
2025-07-18 03:55:00,0.88246,0.88318,0.88192,0.88264,0
2025-07-18 04:00:00,0.88264,0.88301,0.88251,0.88288,0
2025-07-18 04:05:00,0.88288,0.88313,0.88235,0.88261,0
2025-07-18 04:10:00,0.88261,0.88356,0.88209,0.88304,0
2025-07-18 04:15:00,0.88304,0.88361,0.88298,0.88355,0
2025-07-18 04:20:00,0.88355,0.88477,0.88297,0.88419,0
2025-07-18 04:25:00,0.88419,0.88479,0.88382,0.88442,0
2025-07-18 04:30:00,0.88442,0.88532,0.88413,0.88503,0
2025-07-18 04:35:00,0.88503,0.88504,0.88418,0.88419,0
2025-07-18 04:40:00,0.88419,0.88431,0.88394,0.88405,0
2025-07-18 04:45:00,0.88405,0.88432,0.88341,0.88367,0
2025-07-18 04:50:00,0.88367,0.8838,0.88359,0.88372,0
2025-07-18 04:55:00,0.88372,0.88383,0.88337,0.88347,0
2025-07-18 05:00:00,0.88347,0.88381,0.88305,0.8834,0
2025-07-18 05:05:00,0.8834,0.88515,0.88248,0.88423,0
2025-07-18 05:10:00,0.88423,0.88452,0.88386,0.88415,0
2025-07-18 05:15:00,0.88415,0.88439,0.8841,0.88434,0
2025-07-18 05:20:00,0.88434,0.88437,0.8842,0.88423,0
2025-07-18 05:25:00,0.88423,0.88441,0.88409,0.88427,0
2025-07-18 05:30:00,0.88427,0.88436,0.88417,0.88427,0
2025-07-18 05:35:00,0.88427,0.88458,0.88416,0.88447,0
2025-07-18 05:40:00,0.88447,0.88517,0.88428,0.88498,0
2025-07-18 05:45:00,0.88498,0.8858,0.8849,0.88571,0
2025-07-18 05:50:00,0.88571,0.88625,0.88531,0.88585,0
2025-07-18 05:55:00,0.88585,0.88637,0.88559,0.88611,0
2025-07-18 06:00:00,0.88611,0.88613,0.88558,0.8856,0
2025-07-18 06:05:00,0.8856,0.88567,0.8855,0.88556,0
2025-07-18 06:10:00,0.88556,0.88653,0.88502,0.88598,0
2025-07-18 06:15:00,0.88598,0.88647,0.88587,0.88636,0
2025-07-18 06:20:00,0.88636,0.88679,0.88603,0.88646,0
2025-07-18 06:25:00,0.88646,0.88728,0.88603,0.88685,0
2025-07-18 06:30:00,0.88685,0.88709,0.88683,0.88707,0
2025-07-18 06:35:00,0.88707,0.88767,0.88699,0.8876,0
2025-07-18 06:40:00,0.8876,0.88784,0.88748,0.88773,0
2025-07-18 06:45:00,0.88773,0.88782,0.88748,0.88757,0
2025-07-18 06:50:00,0.88757,0.88802,0.88727,0.88772,0
2025-07-18 06:55:00,0.88772,0.8878,0.88634,0.88642,0
2025-07-18 07:00:00,0.88642,0.88667,0.88634,0.88659,0
2025-07-18 07:05:00,0.88659,0.88698,0.88458,0.88497,0
2025-07-18 07:10:00,0.88497,0.88531,0.88387,0.88421,0
2025-07-18 07:15:00,0.88421,0.88516,0.88346,0.88441,0
2025-07-18 07:20:00,0.88441,0.88468,0.88435,0.88462,0
2025-07-18 07:25:00,0.88462,0.88489,0.88384,0.88411,0
2025-07-18 07:30:00,0.88411,0.88461,0.88329,0.88379,0
2025-07-18 07:35:00,0.88379,0.8845,0.88369,0.8844,0
2025-07-18 07:40:00,0.8844,0.8846,0.88398,0.88419,0
2025-07-18 07:45:00,0.88419,0.88523,0.88414,0.88518,0
2025-07-18 07:50:00,0.88518,0.88529,0.88507,0.88518,0
2025-07-18 07:55:00,0.88518,0.88542,0.88512,0.88536,0
2025-07-18 08:00:00,0.88536,0.88656,0.88487,0.88607,0
2025-07-18 08:05:00,0.88607,0.88616,0.88604,0.88613,0
2025-07-18 08:10:00,0.88613,0.88624,0.88558,0.88569,0
2025-07-18 08:15:00,0.88569,0.88634,0.88499,0.88564,0
2025-07-18 08:20:00,0.88564,0.88567,0.88559,0.88562,0
2025-07-18 08:25:00,0.88562,0.88644,0.8842,0.88502,0
2025-07-18 08:30:00,0.88502,0.88505,0.88487,0.88491,0
2025-07-18 08:35:00,0.88491,0.88586,0.88362,0.88458,0
2025-07-18 08:40:00,0.88458,0.88529,0.88427,0.88499,0
2025-07-18 08:45:00,0.88499,0.88529,0.8847,0.885,0
2025-07-18 08:50:00,0.885,0.88521,0.88467,0.88488,0
2025-07-18 08:55:00,0.88488,0.88514,0.88457,0.88483,0
2025-07-18 09:00:00,0.88483,0.8854,0.88436,0.88493,0
2025-07-18 09:05:00,0.88493,0.88532,0.88481,0.8852,0
2025-07-18 09:10:00,0.8852,0.88523,0.88473,0.88476,0
2025-07-18 09:15:00,0.88476,0.88541,0.88364,0.8843,0
2025-07-18 09:20:00,0.8843,0.88519,0.8839,0.88479,0
2025-07-18 09:25:00,0.88479,0.88479,0.8846,0.8846,0
2025-07-18 09:30:00,0.8846,0.88475,0.88384,0.88398,0
2025-07-18 09:35:00,0.88398,0.88431,0.88384,0.88417,0
2025-07-18 09:40:00,0.88417,0.8848,0.88375,0.88438,0
2025-07-18 09:45:00,0.88438,0.88463,0.88345,0.8837,0
2025-07-18 09:50:00,0.8837,0.88422,0.88329,0.8838,0
2025-07-18 09:55:00,0.8838,0.8847,0.88323,0.88413,0
2025-07-18 10:00:00,0.88413,0.88489,0.88353,0.88429,0
2025-07-18 10:05:00,0.88429,0.88496,0.88391,0.88457,0
2025-07-18 10:10:00,0.88457,0.88472,0.88381,0.88395,0
2025-07-18 10:15:00,0.88395,0.88468,0.88337,0.8841,0
2025-07-18 10:20:00,0.8841,0.88421,0.88386,0.88397,0
2025-07-18 10:25:00,0.88397,0.88416,0.88356,0.88375,0
2025-07-18 10:30:00,0.88375,0.88414,0.88375,0.88414,0
2025-07-18 10:35:00,0.88414,0.88515,0.88378,0.88479,0
2025-07-18 10:40:00,0.88479,0.88576,0.88462,0.88559,0
2025-07-18 10:45:00,0.88559,0.88659,0.88516,0.88617,0
2025-07-18 10:50:00,0.88617,0.88662,0.88567,0.88612,0
2025-07-18 10:55:00,0.88612,0.88642,0.88598,0.88628,0
2025-07-18 11:00:00,0.88628,0.88701,0.88588,0.88662,0
2025-07-18 11:05:00,0.88662,0.88678,0.8865,0.88667,0
2025-07-18 11:10:00,0.88667,0.88718,0.88621,0.88673,0
2025-07-18 11:15:00,0.88673,0.8872,0.88662,0.88709,0
2025-07-18 11:20:00,0.88709,0.88726,0.88689,0.88707,0
2025-07-18 11:25:00,0.88707,0.88756,0.88625,0.88674,0
2025-07-18 11:30:00,0.88674,0.88686,0.88645,0.88656,0
2025-07-18 11:35:00,0.88656,0.88727,0.88613,0.88684,0
2025-07-18 11:40:00,0.88684,0.88711,0.88658,0.88684,0
2025-07-18 11:45:00,0.88684,0.88701,0.88682,0.88699,0
2025-07-18 11:50:00,0.88699,0.88763,0.88665,0.88729,0
2025-07-18 11:55:00,0.88729,0.88743,0.88698,0.88712,0
2025-07-18 12:00:00,0.88712,0.88755,0.88703,0.88746,0
2025-07-18 12:05:00,0.88746,0.88788,0.8872,0.88763,0
2025-07-18 12:10:00,0.88763,0.88805,0.88665,0.88708,0
2025-07-18 12:15:00,0.88708,0.88821,0.88658,0.88772,0
2025-07-18 12:20:00,0.88772,0.88854,0.88668,0.8875,0
2025-07-18 12:25:00,0.8875,0.88787,0.88639,0.88676,0
2025-07-18 12:30:00,0.88676,0.88698,0.88608,0.8863,0
2025-07-18 12:35:00,0.8863,0.88686,0.88529,0.88585,0
2025-07-18 12:40:00,0.88585,0.88635,0.88537,0.88587,0
2025-07-18 12:45:00,0.88587,0.8865,0.88512,0.88575,0
2025-07-18 12:50:00,0.88575,0.88597,0.88538,0.8856,0
2025-07-18 12:55:00,0.8856,0.88599,0.88549,0.88587,0
2025-07-18 13:00:00,0.88587,0.88625,0.88565,0.88602,0
2025-07-18 13:05:00,0.88602,0.8864,0.88579,0.88616,0
2025-07-18 13:10:00,0.88616,0.88688,0.88563,0.88635,0
2025-07-18 13:15:00,0.88635,0.8867,0.88627,0.88662,0
2025-07-18 13:20:00,0.88662,0.88719,0.88512,0.88569,0
2025-07-18 13:25:00,0.88569,0.88654,0.88467,0.88552,0
2025-07-18 13:30:00,0.88552,0.88608,0.884,0.88456,0
2025-07-18 13:35:00,0.88456,0.88494,0.88419,0.88457,0
2025-07-18 13:40:00,0.88457,0.88494,0.88421,0.88457,0
2025-07-18 13:45:00,0.88457,0.88556,0.88405,0.88504,0
2025-07-18 13:50:00,0.88504,0.88603,0.88456,0.88556,0
2025-07-18 13:55:00,0.88556,0.8865,0.88471,0.88565,0
2025-07-18 14:00:00,0.88565,0.88582,0.88526,0.88543,0
2025-07-18 14:05:00,0.88543,0.88611,0.88497,0.88564,0
2025-07-18 14:10:00,0.88564,0.88643,0.88463,0.88541,0
2025-07-18 14:15:00,0.88541,0.8855,0.88532,0.88541,0
2025-07-18 14:20:00,0.88541,0.88596,0.8853,0.88585,0
2025-07-18 14:25:00,0.88585,0.88607,0.88537,0.8856,0
2025-07-18 14:30:00,0.8856,0.88603,0.88552,0.88596,0
2025-07-18 14:35:00,0.88596,0.88639,0.88582,0.88626,0
2025-07-18 14:40:00,0.88626,0.88637,0.88572,0.88583,0
2025-07-18 14:45:00,0.88583,0.88638,0.88572,0.88626,0
2025-07-18 14:50:00,0.88626,0.88696,0.88588,0.88657,0
2025-07-18 14:55:00,0.88657,0.88685,0.88634,0.88662,0
2025-07-18 15:00:00,0.88662,0.88662,0.88628,0.88628,0
2025-07-18 15:05:00,0.88628,0.88659,0.88559,0.8859,0
2025-07-18 15:10:00,0.8859,0.88618,0.88539,0.88566,0
2025-07-18 15:15:00,0.88566,0.8864,0.88517,0.8859,0
2025-07-18 15:20:00,0.8859,0.88641,0.88498,0.88548,0
2025-07-18 15:25:00,0.88548,0.88594,0.88522,0.88567,0
2025-07-18 15:30:00,0.88567,0.88604,0.88475,0.88512,0
2025-07-18 15:35:00,0.88512,0.88539,0.88477,0.88503,0
2025-07-18 15:40:00,0.88503,0.88521,0.88491,0.88508,0
2025-07-18 15:45:00,0.88508,0.88655,0.8847,0.88617,0
2025-07-18 15:50:00,0.88617,0.8863,0.88542,0.88556,0
2025-07-18 15:55:00,0.88556,0.88628,0.88548,0.88621,0
2025-07-18 16:00:00,0.88621,0.88669,0.88579,0.88627,0
2025-07-18 16:05:00,0.88627,0.88662,0.88611,0.88646,0
2025-07-18 16:10:00,0.88646,0.88653,0.88643,0.88651,0
2025-07-18 16:15:00,0.88651,0.88722,0.88599,0.88671,0
2025-07-18 16:20:00,0.88671,0.88675,0.8866,0.88664,0
2025-07-18 16:25:00,0.88664,0.88739,0.88653,0.88728,0
2025-07-18 16:30:00,0.88728,0.88758,0.88679,0.88708,0
2025-07-18 16:35:00,0.88708,0.88783,0.88683,0.88758,0
2025-07-18 16:40:00,0.88758,0.88801,0.88686,0.8873,0
2025-07-18 16:45:00,0.8873,0.88731,0.88725,0.88727,0
2025-07-18 16:50:00,0.88727,0.88773,0.88634,0.88679,0
2025-07-18 16:55:00,0.88679,0.88769,0.8861,0.887,0
2025-07-18 17:00:00,0.887,0.88766,0.88698,0.88764,0
2025-07-18 17:05:00,0.88764,0.88765,0.88759,0.8876,0
2025-07-18 17:10:00,0.8876,0.88786,0.88726,0.88751,0
2025-07-18 17:15:00,0.88751,0.88835,0.88619,0.88702,0
2025-07-18 17:20:00,0.88702,0.88704,0.8869,0.88692,0
2025-07-18 17:25:00,0.88692,0.88706,0.88607,0.88621,0
2025-07-18 17:30:00,0.88621,0.88622,0.8858,0.88581,0
2025-07-18 17:35:00,0.88581,0.88661,0.88511,0.88591,0
2025-07-18 17:40:00,0.88591,0.88676,0.88564,0.88649,0
2025-07-18 17:45:00,0.88649,0.88808,0.88615,0.88774,0
2025-07-18 17:50:00,0.88774,0.88796,0.88726,0.88748,0
2025-07-18 17:55:00,0.88748,0.88841,0.88719,0.88812,0
2025-07-18 18:00:00,0.88812,0.88868,0.88766,0.88822,0
2025-07-18 18:05:00,0.88822,0.88869,0.88769,0.88816,0
2025-07-18 18:10:00,0.88816,0.88853,0.88798,0.88835,0
2025-07-18 18:15:00,0.88835,0.88854,0.88819,0.88838,0
2025-07-18 18:20:00,0.88838,0.88851,0.88829,0.88843,0
2025-07-18 18:25:00,0.88843,0.88871,0.88796,0.88824,0
2025-07-18 18:30:00,0.88824,0.88859,0.88728,0.88762,0
2025-07-18 18:35:00,0.88762,0.88799,0.88657,0.88694,0
2025-07-18 18:40:00,0.88694,0.88745,0.88672,0.88723,0
2025-07-18 18:45:00,0.88723,0.88759,0.88674,0.88711,0
2025-07-18 18:50:00,0.88711,0.88765,0.88629,0.88684,0
2025-07-18 18:55:00,0.88684,0.88692,0.88676,0.88685,0
2025-07-18 19:00:00,0.88685,0.88728,0.88676,0.8872,0
2025-07-18 19:05:00,0.8872,0.88787,0.8866,0.88728,0
2025-07-18 19:10:00,0.88728,0.88751,0.88675,0.88699,0
2025-07-18 19:15:00,0.88699,0.88763,0.88688,0.88753,0
2025-07-18 19:20:00,0.88753,0.88834,0.88742,0.88823,0
2025-07-18 19:25:00,0.88823,0.88854,0.88814,0.88845,0
2025-07-18 19:30:00,0.88845,0.88914,0.88819,0.88888,0
2025-07-18 19:35:00,0.88888,0.88971,0.88861,0.88944,0
2025-07-18 19:40:00,0.88944,0.89005,0.88932,0.88994,0
2025-07-18 19:45:00,0.88994,0.8903,0.88985,0.89021,0
2025-07-18 19:50:00,0.89021,0.8906,0.89009,0.89048,0
2025-07-18 19:55:00,0.89048,0.89119,0.89,0.89071,0
2025-07-18 20:00:00,0.89071,0.89099,0.88994,0.89022,0
2025-07-18 20:05:00,0.89022,0.89075,0.89,0.89053,0
2025-07-18 20:10:00,0.89053,0.89093,0.88954,0.88993,0
2025-07-18 20:15:00,0.88993,0.89008,0.88942,0.88958,0
2025-07-18 20:20:00,0.88958,0.89058,0.88916,0.89016,0
2025-07-18 20:25:00,0.89016,0.89085,0.88984,0.89053,0
2025-07-18 20:30:00,0.89053,0.89129,0.89043,0.89119,0
2025-07-18 20:35:00,0.89119,0.89156,0.89071,0.89107,0
2025-07-18 20:40:00,0.89107,0.89118,0.89045,0.89056,0
2025-07-18 20:45:00,0.89056,0.8908,0.89021,0.89045,0
2025-07-18 20:50:00,0.89045,0.89071,0.89024,0.8905,0
2025-07-18 20:55:00,0.8905,0.89077,0.89026,0.89053,0
2025-07-18 21:00:00,0.89053,0.89139,0.89018,0.89104,0
2025-07-18 21:05:00,0.89104,0.89112,0.89079,0.89088,0
2025-07-18 21:10:00,0.89088,0.89126,0.89065,0.89103,0
2025-07-18 21:15:00,0.89103,0.89147,0.89015,0.89059,0
2025-07-18 21:20:00,0.89059,0.89088,0.8905,0.89079,0
2025-07-18 21:25:00,0.89079,0.89111,0.89048,0.89079,0
2025-07-18 21:30:00,0.89079,0.89089,0.89037,0.89046,0
2025-07-18 21:35:00,0.89046,0.89124,0.88957,0.89036,0
2025-07-18 21:40:00,0.89036,0.89086,0.88977,0.89027,0
2025-07-18 21:45:00,0.89027,0.89038,0.89005,0.89015,0
2025-07-18 21:50:00,0.89015,0.89105,0.89004,0.89094,0
2025-07-18 21:55:00,0.89094,0.89111,0.89073,0.8909,0
2025-07-18 22:00:00,0.8909,0.89119,0.8905,0.89079,0
2025-07-18 22:05:00,0.89079,0.8912,0.88945,0.88986,0
2025-07-18 22:10:00,0.88986,0.88998,0.88933,0.88946,0
2025-07-18 22:15:00,0.88946,0.88955,0.88925,0.88934,0
2025-07-18 22:20:00,0.88934,0.88958,0.8888,0.88904,0
2025-07-18 22:25:00,0.88904,0.89025,0.88843,0.88965,0
2025-07-18 22:30:00,0.88965,0.88971,0.88952,0.88958,0
2025-07-18 22:35:00,0.88958,0.89019,0.88954,0.89015,0
2025-07-18 22:40:00,0.89015,0.89071,0.88962,0.89018,0
2025-07-18 22:45:00,0.89018,0.89053,0.88984,0.89019,0
2025-07-18 22:50:00,0.89019,0.89031,0.89004,0.89016,0
2025-07-18 22:55:00,0.89016,0.89016,0.89015,0.89016,0
2025-07-18 23:00:00,0.89016,0.89099,0.89009,0.89092,0
2025-07-18 23:05:00,0.89092,0.89105,0.88976,0.88989,0
2025-07-18 23:10:00,0.88989,0.89036,0.88852,0.889,0
2025-07-18 23:15:00,0.889,0.88954,0.88822,0.88876,0
2025-07-18 23:20:00,0.88876,0.88908,0.88845,0.88876,0
2025-07-18 23:25:00,0.88876,0.88941,0.88843,0.88907,0
2025-07-18 23:30:00,0.88907,0.88951,0.88885,0.88928,0
2025-07-18 23:35:00,0.88928,0.8895,0.88889,0.88911,0
2025-07-18 23:40:00,0.88911,0.88962,0.88905,0.88956,0
2025-07-18 23:45:00,0.88956,0.89009,0.8895,0.89002,0
2025-07-18 23:50:00,0.89002,0.89053,0.88959,0.8901,0
2025-07-18 23:55:00,0.8901,0.89069,0.88994,0.89053,0
2025-07-19 00:00:00,0.89053,0.89086,0.89033,0.89065,0
2025-07-19 00:05:00,0.89065,0.89086,0.8902,0.8904,0
2025-07-19 00:10:00,0.8904,0.89097,0.89015,0.89071,0
2025-07-19 00:15:00,0.89071,0.89082,0.89066,0.89076,0
2025-07-19 00:20:00,0.89076,0.89153,0.88999,0.89076,0
2025-07-19 00:25:00,0.89076,0.89143,0.89076,0.89142,0
2025-07-19 00:30:00,0.89142,0.89166,0.89009,0.89033,0
2025-07-19 00:35:00,0.89033,0.89039,0.88964,0.8897,0
2025-07-19 00:40:00,0.8897,0.88973,0.88914,0.88917,0
2025-07-19 00:45:00,0.88917,0.88922,0.88896,0.88901,0
2025-07-19 00:50:00,0.88901,0.88902,0.88888,0.8889,0
2025-07-19 00:55:00,0.8889,0.8894,0.88772,0.88823,0
2025-07-19 01:00:00,0.88823,0.88856,0.88745,0.88779,0
2025-07-19 01:05:00,0.88779,0.88784,0.88735,0.88741,0
2025-07-19 01:10:00,0.88741,0.88856,0.88735,0.8885,0
2025-07-19 01:15:00,0.8885,0.8895,0.8883,0.8893,0
2025-07-19 01:20:00,0.8893,0.88936,0.88905,0.88912,0
2025-07-19 01:25:00,0.88912,0.88914,0.88893,0.88895,0
2025-07-19 01:30:00,0.88895,0.88927,0.88813,0.88844,0
2025-07-19 01:35:00,0.88844,0.88848,0.88756,0.8876,0
2025-07-19 01:40:00,0.8876,0.88774,0.8874,0.88754,0
2025-07-19 01:45:00,0.88754,0.88773,0.88691,0.8871,0
2025-07-19 01:50:00,0.8871,0.8873,0.88686,0.88706,0
2025-07-19 01:55:00,0.88706,0.8872,0.88622,0.88635,0
2025-07-19 02:00:00,0.88635,0.88666,0.88571,0.88602,0
2025-07-19 02:05:00,0.88602,0.88633,0.88577,0.88608,0
2025-07-19 02:10:00,0.88608,0.88645,0.88588,0.88624,0
2025-07-19 02:15:00,0.88624,0.88646,0.88621,0.88643,0
2025-07-19 02:20:00,0.88643,0.88652,0.88576,0.88584,0
2025-07-19 02:25:00,0.88584,0.8866,0.88547,0.88622,0
2025-07-19 02:30:00,0.88622,0.88645,0.88564,0.88587,0
2025-07-19 02:35:00,0.88587,0.88637,0.88565,0.88615,0
2025-07-19 02:40:00,0.88615,0.88621,0.88608,0.88614,0
2025-07-19 02:45:00,0.88614,0.88629,0.88539,0.88553,0
2025-07-19 02:50:00,0.88553,0.88582,0.88511,0.88539,0
2025-07-19 02:55:00,0.88539,0.88558,0.88537,0.88556,0
2025-07-19 03:00:00,0.88556,0.88586,0.88552,0.88583,0
2025-07-19 03:05:00,0.88583,0.8866,0.88499,0.88577,0
2025-07-19 03:10:00,0.88577,0.88652,0.88569,0.88644,0
2025-07-19 03:15:00,0.88644,0.88695,0.88639,0.88689,0
2025-07-19 03:20:00,0.88689,0.88695,0.88672,0.88678,0
2025-07-19 03:25:00,0.88678,0.88761,0.88628,0.88711,0
2025-07-19 03:30:00,0.88711,0.88839,0.88668,0.88797,0
2025-07-19 03:35:00,0.88797,0.88913,0.88768,0.88884,0
2025-07-19 03:40:00,0.88884,0.88975,0.88738,0.88829,0
2025-07-19 03:45:00,0.88829,0.88846,0.88771,0.88788,0
2025-07-19 03:50:00,0.88788,0.88868,0.88774,0.88854,0
2025-07-19 03:55:00,0.88854,0.88872,0.88789,0.88807,0
2025-07-19 04:00:00,0.88807,0.88846,0.8871,0.88748,0
2025-07-19 04:05:00,0.88748,0.88779,0.88697,0.88727,0
2025-07-19 04:10:00,0.88727,0.88748,0.88724,0.88745,0
2025-07-19 04:15:00,0.88745,0.88758,0.88728,0.88741,0
2025-07-19 04:20:00,0.88741,0.88777,0.88676,0.88712,0
2025-07-19 04:25:00,0.88712,0.88713,0.88682,0.88682,0
2025-07-19 04:30:00,0.88682,0.88711,0.88622,0.88651,0
2025-07-19 04:35:00,0.88651,0.88711,0.88552,0.88612,0
2025-07-19 04:40:00,0.88612,0.88728,0.88596,0.88713,0
2025-07-19 04:45:00,0.88713,0.88752,0.88686,0.88726,0
2025-07-19 04:50:00,0.88726,0.88845,0.88646,0.88765,0
2025-07-19 04:55:00,0.88765,0.88767,0.88741,0.88744,0
2025-07-19 05:00:00,0.88744,0.8877,0.88709,0.88735,0
2025-07-19 05:05:00,0.88735,0.88777,0.88662,0.88704,0
2025-07-19 05:10:00,0.88704,0.88723,0.88567,0.88586,0
2025-07-19 05:15:00,0.88586,0.88648,0.88463,0.88525,0
2025-07-19 05:20:00,0.88525,0.88544,0.88426,0.88445,0
2025-07-19 05:25:00,0.88445,0.88474,0.88317,0.88346,0
2025-07-19 05:30:00,0.88346,0.88361,0.88278,0.88293,0
2025-07-19 05:35:00,0.88293,0.88359,0.88285,0.88351,0
2025-07-19 05:40:00,0.88351,0.88371,0.8833,0.88349,0
2025-07-19 05:45:00,0.88349,0.88412,0.88343,0.88406,0
2025-07-19 05:50:00,0.88406,0.88452,0.88379,0.88425,0
2025-07-19 05:55:00,0.88425,0.88524,0.8836,0.88459,0
2025-07-19 06:00:00,0.88459,0.88472,0.88407,0.88419,0
2025-07-19 06:05:00,0.88419,0.8847,0.88392,0.88443,0
2025-07-19 06:10:00,0.88443,0.88559,0.88358,0.88475,0
2025-07-19 06:15:00,0.88475,0.88519,0.88405,0.88449,0
2025-07-19 06:20:00,0.88449,0.88525,0.88398,0.88474,0
2025-07-19 06:25:00,0.88474,0.885,0.88473,0.88499,0
2025-07-19 06:30:00,0.88499,0.88519,0.88455,0.88475,0
2025-07-19 06:35:00,0.88475,0.88494,0.88406,0.88425,0
2025-07-19 06:40:00,0.88425,0.88448,0.8835,0.88373,0
2025-07-19 06:45:00,0.88373,0.88396,0.88354,0.88377,0
2025-07-19 06:50:00,0.88377,0.88419,0.88348,0.88391,0
2025-07-19 06:55:00,0.88391,0.88412,0.88335,0.88356,0
2025-07-19 07:00:00,0.88356,0.88397,0.88317,0.88357,0
2025-07-19 07:05:00,0.88357,0.88416,0.88323,0.88382,0
2025-07-19 07:10:00,0.88382,0.88434,0.88358,0.8841,0
2025-07-19 07:15:00,0.8841,0.88504,0.88384,0.88478,0
2025-07-19 07:20:00,0.88478,0.88557,0.88456,0.88535,0
2025-07-19 07:25:00,0.88535,0.8856,0.88465,0.88491,0
2025-07-19 07:30:00,0.88491,0.886,0.88456,0.88565,0
2025-07-19 07:35:00,0.88565,0.88578,0.88529,0.88542,0
2025-07-19 07:40:00,0.88542,0.88614,0.88515,0.88588,0
2025-07-19 07:45:00,0.88588,0.88594,0.88585,0.88591,0
2025-07-19 07:50:00,0.88591,0.88626,0.88537,0.88573,0
2025-07-19 07:55:00,0.88573,0.88583,0.88482,0.88493,0
2025-07-19 08:00:00,0.88493,0.885,0.88477,0.88485,0
2025-07-19 08:05:00,0.88485,0.88519,0.88382,0.88416,0
2025-07-19 08:10:00,0.88416,0.88494,0.8838,0.88459,0
2025-07-19 08:15:00,0.88459,0.88553,0.88432,0.88526,0
2025-07-19 08:20:00,0.88526,0.88538,0.88478,0.88491,0
2025-07-19 08:25:00,0.88491,0.88506,0.88488,0.88504,0
2025-07-19 08:30:00,0.88504,0.88541,0.88435,0.88472,0
2025-07-19 08:35:00,0.88472,0.88493,0.88423,0.88444,0
2025-07-19 08:40:00,0.88444,0.88527,0.88396,0.88478,0
2025-07-19 08:45:00,0.88478,0.88485,0.8847,0.88477,0
2025-07-19 08:50:00,0.88477,0.88589,0.88441,0.88554,0
2025-07-19 08:55:00,0.88554,0.88564,0.88522,0.88532,0
2025-07-19 09:00:00,0.88532,0.88582,0.88527,0.88577,0
2025-07-19 09:05:00,0.88577,0.88702,0.88456,0.88581,0
2025-07-19 09:10:00,0.88581,0.88626,0.88571,0.88616,0
2025-07-19 09:15:00,0.88616,0.88629,0.88583,0.88596,0
2025-07-19 09:20:00,0.88596,0.88646,0.88544,0.88594,0
2025-07-19 09:25:00,0.88594,0.88659,0.88525,0.88589,0
2025-07-19 09:30:00,0.88589,0.88592,0.88549,0.88552,0
2025-07-19 09:35:00,0.88552,0.88651,0.88482,0.88581,0
2025-07-19 09:40:00,0.88581,0.88614,0.88577,0.8861,0
2025-07-19 09:45:00,0.8861,0.88697,0.88549,0.88636,0
2025-07-19 09:50:00,0.88636,0.88718,0.88623,0.88705,0
2025-07-19 09:55:00,0.88705,0.8882,0.88654,0.88769,0
2025-07-19 10:00:00,0.88769,0.88782,0.88739,0.88752,0
2025-07-19 10:05:00,0.88752,0.88798,0.88723,0.88769,0
2025-07-19 10:10:00,0.88769,0.88793,0.88717,0.88741,0
2025-07-19 10:15:00,0.88741,0.88762,0.88721,0.88742,0
2025-07-19 10:20:00,0.88742,0.88755,0.88703,0.88715,0
2025-07-19 10:25:00,0.88715,0.88834,0.88669,0.88787,0
2025-07-19 10:30:00,0.88787,0.8884,0.88751,0.88804,0
2025-07-19 10:35:00,0.88804,0.88819,0.88778,0.88794,0
2025-07-19 10:40:00,0.88794,0.88893,0.88747,0.88847,0
2025-07-19 10:45:00,0.88847,0.88893,0.88704,0.8875,0
2025-07-19 10:50:00,0.8875,0.88769,0.88642,0.88661,0
2025-07-19 10:55:00,0.88661,0.88744,0.88614,0.88696,0
2025-07-19 11:00:00,0.88696,0.88707,0.88689,0.88699,0
2025-07-19 11:05:00,0.88699,0.88721,0.88688,0.8871,0
2025-07-19 11:10:00,0.8871,0.8875,0.88612,0.88651,0
2025-07-19 11:15:00,0.88651,0.88687,0.88615,0.8865,0
2025-07-19 11:20:00,0.8865,0.88743,0.88647,0.88739,0
2025-07-19 11:25:00,0.88739,0.88793,0.88722,0.88776,0
2025-07-19 11:30:00,0.88776,0.8882,0.88739,0.88783,0
2025-07-19 11:35:00,0.88783,0.88805,0.88743,0.88764,0
2025-07-19 11:40:00,0.88764,0.88766,0.88744,0.88746,0
2025-07-19 11:45:00,0.88746,0.88772,0.88626,0.88652,0
2025-07-19 11:50:00,0.88652,0.88701,0.88614,0.88663,0
2025-07-19 11:55:00,0.88663,0.88719,0.88645,0.88701,0
2025-07-19 12:00:00,0.88701,0.88715,0.88617,0.88631,0
2025-07-19 12:05:00,0.88631,0.88643,0.8859,0.88602,0
2025-07-19 12:10:00,0.88602,0.88675,0.88477,0.8855,0
2025-07-19 12:15:00,0.8855,0.88578,0.8848,0.88508,0
2025-07-19 12:20:00,0.88508,0.88552,0.88466,0.8851,0
2025-07-19 12:25:00,0.8851,0.88513,0.88415,0.88418,0
2025-07-19 12:30:00,0.88418,0.88495,0.88368,0.88445,0
2025-07-19 12:35:00,0.88445,0.88561,0.88363,0.88478,0
2025-07-19 12:40:00,0.88478,0.88479,0.88466,0.88467,0
2025-07-19 12:45:00,0.88467,0.88481,0.88344,0.88358,0
2025-07-19 12:50:00,0.88358,0.88372,0.883,0.88314,0
2025-07-19 12:55:00,0.88314,0.88381,0.88301,0.88368,0
2025-07-19 13:00:00,0.88368,0.88393,0.8822,0.88245,0
2025-07-19 13:05:00,0.88245,0.8832,0.88156,0.8823,0
2025-07-19 13:10:00,0.8823,0.88265,0.88143,0.88178,0
2025-07-19 13:15:00,0.88178,0.88242,0.88149,0.88213,0
2025-07-19 13:20:00,0.88213,0.88234,0.88164,0.88184,0
2025-07-19 13:25:00,0.88184,0.88237,0.88149,0.88202,0
2025-07-19 13:30:00,0.88202,0.88271,0.88157,0.88226,0
2025-07-19 13:35:00,0.88226,0.88337,0.88197,0.88308,0
2025-07-19 13:40:00,0.88308,0.88317,0.88289,0.88299,0
2025-07-19 13:45:00,0.88299,0.88373,0.88241,0.88315,0
2025-07-19 13:50:00,0.88315,0.88387,0.88178,0.8825,0
2025-07-19 13:55:00,0.8825,0.88313,0.88238,0.88302,0
2025-07-19 14:00:00,0.88302,0.8833,0.8824,0.88269,0
2025-07-19 14:05:00,0.88269,0.88338,0.88174,0.88244,0
2025-07-19 14:10:00,0.88244,0.88263,0.88224,0.88243,0
2025-07-19 14:15:00,0.88243,0.88317,0.881,0.88174,0
2025-07-19 14:20:00,0.88174,0.88233,0.88125,0.88184,0
2025-07-19 14:25:00,0.88184,0.88236,0.88175,0.88227,0
2025-07-19 14:30:00,0.88227,0.8824,0.88226,0.8824,0
2025-07-19 14:35:00,0.8824,0.88271,0.88138,0.8817,0
2025-07-19 14:40:00,0.8817,0.88209,0.88125,0.88164,0
2025-07-19 14:45:00,0.88164,0.88209,0.88152,0.88197,0
2025-07-19 14:50:00,0.88197,0.88198,0.88113,0.88114,0
2025-07-19 14:55:00,0.88114,0.88125,0.88056,0.88067,0
2025-07-19 15:00:00,0.88067,0.88125,0.88047,0.88105,0
2025-07-19 15:05:00,0.88105,0.88122,0.88101,0.88117,0
2025-07-19 15:10:00,0.88117,0.8814,0.88113,0.88135,0
2025-07-19 15:15:00,0.88135,0.88266,0.88087,0.88217,0
2025-07-19 15:20:00,0.88217,0.8828,0.88175,0.88238,0
2025-07-19 15:25:00,0.88238,0.88284,0.88221,0.88267,0
2025-07-19 15:30:00,0.88267,0.88447,0.88207,0.88387,0
2025-07-19 15:35:00,0.88387,0.884,0.88364,0.88377,0
2025-07-19 15:40:00,0.88377,0.88434,0.88285,0.88342,0
2025-07-19 15:45:00,0.88342,0.8838,0.88323,0.88361,0
2025-07-19 15:50:00,0.88361,0.88495,0.88246,0.8838,0
2025-07-19 15:55:00,0.8838,0.88422,0.88315,0.88357,0
2025-07-19 16:00:00,0.88357,0.88381,0.88287,0.88311,0
2025-07-19 16:05:00,0.88311,0.88428,0.88297,0.88413,0
2025-07-19 16:10:00,0.88413,0.88442,0.884,0.88428,0
2025-07-19 16:15:00,0.88428,0.88496,0.88327,0.88396,0
2025-07-19 16:20:00,0.88396,0.88459,0.88372,0.88436,0
2025-07-19 16:25:00,0.88436,0.88468,0.884,0.88431,0
2025-07-19 16:30:00,0.88431,0.88472,0.88379,0.8842,0
2025-07-19 16:35:00,0.8842,0.8847,0.88395,0.88445,0
2025-07-19 16:40:00,0.88445,0.88479,0.88354,0.88388,0
2025-07-19 16:45:00,0.88388,0.88453,0.88339,0.88403,0
2025-07-19 16:50:00,0.88403,0.88531,0.8836,0.88488,0
2025-07-19 16:55:00,0.88488,0.8853,0.88467,0.88509,0
2025-07-19 17:00:00,0.88509,0.88516,0.88485,0.88492,0
2025-07-19 17:05:00,0.88492,0.885,0.88462,0.8847,0
2025-07-19 17:10:00,0.8847,0.88472,0.88449,0.88451,0
2025-07-19 17:15:00,0.88451,0.88474,0.88418,0.8844,0
2025-07-19 17:20:00,0.8844,0.88441,0.88422,0.88423,0
2025-07-19 17:25:00,0.88423,0.88494,0.88394,0.88464,0
2025-07-19 17:30:00,0.88464,0.88501,0.88351,0.88387,0
2025-07-19 17:35:00,0.88387,0.88452,0.88361,0.88425,0
2025-07-19 17:40:00,0.88425,0.88433,0.88401,0.88409,0
2025-07-19 17:45:00,0.88409,0.88426,0.88408,0.88425,0
2025-07-19 17:50:00,0.88425,0.88433,0.88368,0.88376,0
2025-07-19 17:55:00,0.88376,0.88452,0.88358,0.88434,0
2025-07-19 18:00:00,0.88434,0.88511,0.88412,0.88489,0
2025-07-19 18:05:00,0.88489,0.88583,0.88438,0.88532,0
2025-07-19 18:10:00,0.88532,0.88541,0.88455,0.88465,0
2025-07-19 18:15:00,0.88465,0.88517,0.8845,0.88501,0
2025-07-19 18:20:00,0.88501,0.88536,0.88485,0.88519,0
2025-07-19 18:25:00,0.88519,0.88584,0.88384,0.88448,0
2025-07-19 18:30:00,0.88448,0.88476,0.8842,0.88447,0
2025-07-19 18:35:00,0.88447,0.88498,0.88413,0.88463,0
2025-07-19 18:40:00,0.88463,0.88549,0.88403,0.88488,0
2025-07-19 18:45:00,0.88488,0.88535,0.88449,0.88496,0
2025-07-19 18:50:00,0.88496,0.88562,0.88443,0.88509,0
2025-07-19 18:55:00,0.88509,0.88587,0.88496,0.88574,0
2025-07-19 19:00:00,0.88574,0.88638,0.88564,0.88628,0
2025-07-19 19:05:00,0.88628,0.88667,0.88462,0.88501,0
2025-07-19 19:10:00,0.88501,0.88518,0.88471,0.88487,0
2025-07-19 19:15:00,0.88487,0.88518,0.8845,0.8848,0
2025-07-19 19:20:00,0.8848,0.88503,0.88379,0.88403,0
2025-07-19 19:25:00,0.88403,0.88423,0.88386,0.88407,0
2025-07-19 19:30:00,0.88407,0.8849,0.88379,0.88462,0
2025-07-19 19:35:00,0.88462,0.88474,0.88402,0.88414,0
2025-07-19 19:40:00,0.88414,0.88469,0.88373,0.88429,0
2025-07-19 19:45:00,0.88429,0.88435,0.88382,0.88388,0
2025-07-19 19:50:00,0.88388,0.88433,0.88314,0.88359,0
2025-07-19 19:55:00,0.88359,0.88462,0.88321,0.88424,0
2025-07-19 20:00:00,0.88424,0.88438,0.88386,0.884,0
2025-07-19 20:05:00,0.884,0.88485,0.88335,0.8842,0
2025-07-19 20:10:00,0.8842,0.88434,0.88324,0.88338,0
2025-07-19 20:15:00,0.88338,0.88433,0.88324,0.8842,0
2025-07-19 20:20:00,0.8842,0.88473,0.88393,0.88447,0
2025-07-19 20:25:00,0.88447,0.88455,0.8843,0.88438,0
2025-07-19 20:30:00,0.88438,0.88477,0.88425,0.88464,0
2025-07-19 20:35:00,0.88464,0.88497,0.88368,0.88402,0
2025-07-19 20:40:00,0.88402,0.88503,0.88352,0.88454,0
2025-07-19 20:45:00,0.88454,0.88543,0.88351,0.8844,0
2025-07-19 20:50:00,0.8844,0.88467,0.88403,0.88431,0
2025-07-19 20:55:00,0.88431,0.88447,0.88393,0.88409,0
2025-07-19 21:00:00,0.88409,0.88423,0.88369,0.88383,0
2025-07-19 21:05:00,0.88383,0.88473,0.88324,0.88414,0
2025-07-19 21:10:00,0.88414,0.8845,0.88389,0.88425,0
2025-07-19 21:15:00,0.88425,0.88478,0.88401,0.88454,0
2025-07-19 21:20:00,0.88454,0.88459,0.88449,0.88454,0
2025-07-19 21:25:00,0.88454,0.88491,0.88439,0.88476,0
2025-07-19 21:30:00,0.88476,0.88492,0.88442,0.88458,0
2025-07-19 21:35:00,0.88458,0.88611,0.88403,0.88556,0
2025-07-19 21:40:00,0.88556,0.88587,0.88457,0.88487,0
2025-07-19 21:45:00,0.88487,0.88588,0.88442,0.88543,0
2025-07-19 21:50:00,0.88543,0.88606,0.8854,0.88603,0
2025-07-19 21:55:00,0.88603,0.88619,0.8855,0.88566,0
2025-07-19 22:00:00,0.88566,0.88674,0.88557,0.88664,0
2025-07-19 22:05:00,0.88664,0.88732,0.88641,0.88709,0
2025-07-19 22:10:00,0.88709,0.8881,0.8865,0.88752,0
2025-07-19 22:15:00,0.88752,0.88759,0.88745,0.88753,0
2025-07-19 22:20:00,0.88753,0.88768,0.88728,0.88743,0
2025-07-19 22:25:00,0.88743,0.88782,0.88696,0.88734,0
2025-07-19 22:30:00,0.88734,0.88777,0.88709,0.88751,0
2025-07-19 22:35:00,0.88751,0.88834,0.8873,0.88813,0
2025-07-19 22:40:00,0.88813,0.88822,0.88813,0.88822,0
2025-07-19 22:45:00,0.88822,0.88822,0.88781,0.88781,0
2025-07-19 22:50:00,0.88781,0.88827,0.88772,0.88818,0
2025-07-19 22:55:00,0.88818,0.88932,0.88744,0.88859,0
2025-07-19 23:00:00,0.88859,0.88899,0.88847,0.88888,0
2025-07-19 23:05:00,0.88888,0.89004,0.88804,0.88921,0
2025-07-19 23:10:00,0.88921,0.88932,0.88897,0.88909,0
2025-07-19 23:15:00,0.88909,0.8891,0.88866,0.88867,0
2025-07-19 23:20:00,0.88867,0.88869,0.88827,0.88829,0
2025-07-19 23:25:00,0.88829,0.88838,0.88748,0.88756,0
2025-07-19 23:30:00,0.88756,0.88768,0.88755,0.88767,0
2025-07-19 23:35:00,0.88767,0.88769,0.88761,0.88763,0
2025-07-19 23:40:00,0.88763,0.88785,0.88722,0.88744,0
2025-07-19 23:45:00,0.88744,0.88763,0.88594,0.88613,0
2025-07-19 23:50:00,0.88613,0.88646,0.88524,0.88557,0
2025-07-19 23:55:00,0.88557,0.88713,0.88451,0.88607,0
2025-07-20 00:00:00,0.88607,0.88632,0.88552,0.88578,0
2025-07-20 00:05:00,0.88578,0.88597,0.88574,0.88593,0
2025-07-20 00:10:00,0.88593,0.88646,0.8848,0.88532,0
2025-07-20 00:15:00,0.88532,0.886,0.88528,0.88596,0
2025-07-20 00:20:00,0.88596,0.88628,0.88557,0.88589,0
2025-07-20 00:25:00,0.88589,0.88618,0.88574,0.88602,0
2025-07-20 00:30:00,0.88602,0.88742,0.88566,0.88705,0
2025-07-20 00:35:00,0.88705,0.88789,0.88689,0.88772,0
2025-07-20 00:40:00,0.88772,0.88792,0.88739,0.88759,0
2025-07-20 00:45:00,0.88759,0.88821,0.88671,0.88733,0
2025-07-20 00:50:00,0.88733,0.88797,0.88654,0.88718,0
2025-07-20 00:55:00,0.88718,0.88782,0.88676,0.88741,0
2025-07-20 01:00:00,0.88741,0.88794,0.88683,0.88736,0
2025-07-20 01:05:00,0.88736,0.88772,0.88683,0.88719,0
2025-07-20 01:10:00,0.88719,0.88804,0.88698,0.88784,0
2025-07-20 01:15:00,0.88784,0.88814,0.88749,0.88779,0
2025-07-20 01:20:00,0.88779,0.88886,0.88773,0.88881,0
2025-07-20 01:25:00,0.88881,0.88901,0.88864,0.88885,0
2025-07-20 01:30:00,0.88885,0.88965,0.88884,0.88964,0
2025-07-20 01:35:00,0.88964,0.88989,0.88955,0.8898,0
2025-07-20 01:40:00,0.8898,0.89094,0.88909,0.89023,0
2025-07-20 01:45:00,0.89023,0.89062,0.88951,0.88991,0
2025-07-20 01:50:00,0.88991,0.88993,0.8895,0.88953,0
2025-07-20 01:55:00,0.88953,0.8899,0.88936,0.88973,0
2025-07-20 02:00:00,0.88973,0.89037,0.88953,0.89017,0
2025-07-20 02:05:00,0.89017,0.89031,0.89005,0.89019,0
2025-07-20 02:10:00,0.89019,0.8905,0.8893,0.88962,0
2025-07-20 02:15:00,0.88962,0.89041,0.88822,0.88901,0
2025-07-20 02:20:00,0.88901,0.88915,0.88823,0.88838,0
2025-07-20 02:25:00,0.88838,0.88856,0.88741,0.88759,0
2025-07-20 02:30:00,0.88759,0.88771,0.88752,0.88764,0
2025-07-20 02:35:00,0.88764,0.88854,0.88724,0.88814,0
2025-07-20 02:40:00,0.88814,0.88817,0.8881,0.88813,0
2025-07-20 02:45:00,0.88813,0.88865,0.88662,0.88713,0
2025-07-20 02:50:00,0.88713,0.88749,0.88669,0.88705,0
2025-07-20 02:55:00,0.88705,0.88731,0.88671,0.88697,0
2025-07-20 03:00:00,0.88697,0.8882,0.88668,0.8879,0
2025-07-20 03:05:00,0.8879,0.88803,0.88713,0.88726,0
2025-07-20 03:10:00,0.88726,0.88741,0.88693,0.88708,0
2025-07-20 03:15:00,0.88708,0.88853,0.8864,0.88784,0
2025-07-20 03:20:00,0.88784,0.88816,0.88772,0.88804,0
2025-07-20 03:25:00,0.88804,0.88841,0.88792,0.88829,0
2025-07-20 03:30:00,0.88829,0.88847,0.88816,0.88834,0
2025-07-20 03:35:00,0.88834,0.8887,0.88813,0.88849,0
2025-07-20 03:40:00,0.88849,0.8896,0.88772,0.88883,0
2025-07-20 03:45:00,0.88883,0.88917,0.88814,0.88847,0
2025-07-20 03:50:00,0.88847,0.88902,0.88832,0.88886,0
2025-07-20 03:55:00,0.88886,0.88893,0.88819,0.88825,0
2025-07-20 04:00:00,0.88825,0.88845,0.88821,0.8884,0
2025-07-20 04:05:00,0.8884,0.88874,0.88814,0.88848,0
2025-07-20 04:10:00,0.88848,0.88902,0.88766,0.88821,0
2025-07-20 04:15:00,0.88821,0.88841,0.88799,0.8882,0
2025-07-20 04:20:00,0.8882,0.88859,0.88752,0.88792,0
2025-07-20 04:25:00,0.88792,0.88854,0.88682,0.88744,0
2025-07-20 04:30:00,0.88744,0.88775,0.88698,0.88729,0
2025-07-20 04:35:00,0.88729,0.88806,0.88603,0.8868,0
2025-07-20 04:40:00,0.8868,0.88747,0.88627,0.88694,0
2025-07-20 04:45:00,0.88694,0.88699,0.88638,0.88643,0
2025-07-20 04:50:00,0.88643,0.88691,0.88627,0.88675,0
2025-07-20 04:55:00,0.88675,0.88721,0.88576,0.88622,0
2025-07-20 05:00:00,0.88622,0.8869,0.88529,0.88597,0
2025-07-20 05:05:00,0.88597,0.88608,0.88559,0.8857,0
2025-07-20 05:10:00,0.8857,0.88645,0.88553,0.88628,0
2025-07-20 05:15:00,0.88628,0.88667,0.88604,0.88643,0
2025-07-20 05:20:00,0.88643,0.88668,0.88608,0.88633,0
2025-07-20 05:25:00,0.88633,0.88669,0.8862,0.88656,0
2025-07-20 05:30:00,0.88656,0.88665,0.88552,0.88562,0
2025-07-20 05:35:00,0.88562,0.88584,0.88539,0.8856,0
2025-07-20 05:40:00,0.8856,0.88706,0.88503,0.88649,0
2025-07-20 05:45:00,0.88649,0.88711,0.88593,0.88655,0
2025-07-20 05:50:00,0.88655,0.88664,0.88648,0.88658,0
2025-07-20 05:55:00,0.88658,0.88727,0.88613,0.88682,0
2025-07-20 06:00:00,0.88682,0.88759,0.88644,0.88722,0
2025-07-20 06:05:00,0.88722,0.88754,0.88601,0.88633,0
2025-07-20 06:10:00,0.88633,0.88674,0.88518,0.88559,0
2025-07-20 06:15:00,0.88559,0.88577,0.8855,0.88568,0
2025-07-20 06:20:00,0.88568,0.8857,0.88534,0.88536,0
2025-07-20 06:25:00,0.88536,0.88611,0.8852,0.88594,0
2025-07-20 06:30:00,0.88594,0.8863,0.88545,0.8858,0
2025-07-20 06:35:00,0.8858,0.88625,0.8845,0.88495,0
2025-07-20 06:40:00,0.88495,0.88496,0.88437,0.88439,0
2025-07-20 06:45:00,0.88439,0.88455,0.88301,0.88317,0
2025-07-20 06:50:00,0.88317,0.88341,0.88283,0.88307,0
2025-07-20 06:55:00,0.88307,0.88361,0.88244,0.88299,0
2025-07-20 07:00:00,0.88299,0.88301,0.88277,0.8828,0
2025-07-20 07:05:00,0.8828,0.88372,0.88235,0.88327,0
2025-07-20 07:10:00,0.88327,0.88399,0.88309,0.8838,0
2025-07-20 07:15:00,0.8838,0.88389,0.88364,0.88373,0
2025-07-20 07:20:00,0.88373,0.88375,0.88277,0.88279,0
2025-07-20 07:25:00,0.88279,0.88365,0.88219,0.88306,0
2025-07-20 07:30:00,0.88306,0.8838,0.88256,0.8833,0
2025-07-20 07:35:00,0.8833,0.88349,0.88326,0.88344,0
2025-07-20 07:40:00,0.88344,0.88413,0.88318,0.88387,0
2025-07-20 07:45:00,0.88387,0.88414,0.8831,0.88336,0
2025-07-20 07:50:00,0.88336,0.8843,0.8833,0.88425,0
2025-07-20 07:55:00,0.88425,0.88455,0.88352,0.88382,0
2025-07-20 08:00:00,0.88382,0.88459,0.88339,0.88415,0
2025-07-20 08:05:00,0.88415,0.88426,0.8833,0.88341,0
2025-07-20 08:10:00,0.88341,0.88354,0.88287,0.883,0
2025-07-20 08:15:00,0.883,0.88414,0.88252,0.88367,0
2025-07-20 08:20:00,0.88367,0.88407,0.88315,0.88355,0
2025-07-20 08:25:00,0.88355,0.88419,0.88328,0.88392,0
2025-07-20 08:30:00,0.88392,0.88453,0.88343,0.88403,0
2025-07-20 08:35:00,0.88403,0.88427,0.88374,0.88398,0
2025-07-20 08:40:00,0.88398,0.88494,0.88363,0.88458,0
2025-07-20 08:45:00,0.88458,0.88484,0.88422,0.88448,0
2025-07-20 08:50:00,0.88448,0.88454,0.88363,0.88369,0
2025-07-20 08:55:00,0.88369,0.88418,0.88285,0.88334,0
2025-07-20 09:00:00,0.88334,0.88365,0.88327,0.88358,0
2025-07-20 09:05:00,0.88358,0.88428,0.88306,0.88376,0
2025-07-20 09:10:00,0.88376,0.88377,0.88305,0.88306,0
2025-07-20 09:15:00,0.88306,0.88364,0.88216,0.88274,0
2025-07-20 09:20:00,0.88274,0.88293,0.8823,0.88249,0
2025-07-20 09:25:00,0.88249,0.88262,0.88219,0.88233,0
2025-07-20 09:30:00,0.88233,0.88299,0.88105,0.88172,0
2025-07-20 09:35:00,0.88172,0.88202,0.88115,0.88144,0
2025-07-20 09:40:00,0.88144,0.88159,0.88097,0.88112,0
2025-07-20 09:45:00,0.88112,0.88175,0.88083,0.88146,0
2025-07-20 09:50:00,0.88146,0.88231,0.88097,0.88182,0
2025-07-20 09:55:00,0.88182,0.88215,0.88142,0.88175,0
2025-07-20 10:00:00,0.88175,0.88187,0.88146,0.88158,0
2025-07-20 10:05:00,0.88158,0.8824,0.88083,0.88164,0
2025-07-20 10:10:00,0.88164,0.88166,0.88127,0.88128,0
2025-07-20 10:15:00,0.88128,0.88164,0.88042,0.88078,0
2025-07-20 10:20:00,0.88078,0.88081,0.88033,0.88036,0
2025-07-20 10:25:00,0.88036,0.88074,0.87971,0.88008,0
2025-07-20 10:30:00,0.88008,0.88023,0.87942,0.87957,0
2025-07-20 10:35:00,0.87957,0.87965,0.87957,0.87964,0
2025-07-20 10:40:00,0.87964,0.88045,0.87915,0.87996,0
2025-07-20 10:45:00,0.87996,0.87997,0.87926,0.87927,0
2025-07-20 10:50:00,0.87927,0.87955,0.879,0.87928,0
2025-07-20 10:55:00,0.87928,0.87936,0.87909,0.87918,0
2025-07-20 11:00:00,0.87918,0.8798,0.87871,0.87933,0
2025-07-20 11:05:00,0.87933,0.87947,0.87918,0.87933,0
2025-07-20 11:10:00,0.87933,0.87953,0.87848,0.87869,0
2025-07-20 11:15:00,0.87869,0.87955,0.87727,0.87813,0
2025-07-20 11:20:00,0.87813,0.87836,0.87791,0.87814,0
2025-07-20 11:25:00,0.87814,0.87869,0.87805,0.8786,0
2025-07-20 11:30:00,0.8786,0.8788,0.87742,0.87762,0
2025-07-20 11:35:00,0.87762,0.87785,0.87755,0.87778,0
2025-07-20 11:40:00,0.87778,0.87843,0.87764,0.8783,0
2025-07-20 11:45:00,0.8783,0.87832,0.87821,0.87823,0
2025-07-20 11:50:00,0.87823,0.87885,0.87785,0.87847,0
2025-07-20 11:55:00,0.87847,0.87869,0.87795,0.87816,0
2025-07-20 12:00:00,0.87816,0.87851,0.87777,0.87811,0
2025-07-20 12:05:00,0.87811,0.8783,0.87721,0.8774,0
2025-07-20 12:10:00,0.8774,0.8774,0.87637,0.87637,0
2025-07-20 12:15:00,0.87637,0.8769,0.87626,0.87679,0
2025-07-20 12:20:00,0.87679,0.87763,0.8755,0.87635,0
2025-07-20 12:25:00,0.87635,0.87664,0.87587,0.87615,0
2025-07-20 12:30:00,0.87615,0.87626,0.87544,0.87555,0
2025-07-20 12:35:00,0.87555,0.87581,0.87467,0.87493,0
2025-07-20 12:40:00,0.87493,0.87556,0.87423,0.87485,0
2025-07-20 12:45:00,0.87485,0.87516,0.87422,0.87454,0
2025-07-20 12:50:00,0.87454,0.87494,0.8743,0.8747,0
2025-07-20 12:55:00,0.8747,0.87508,0.87452,0.8749,0
2025-07-20 13:00:00,0.8749,0.87513,0.87481,0.87504,0
2025-07-20 13:05:00,0.87504,0.87532,0.87486,0.87514,0
2025-07-20 13:10:00,0.87514,0.8761,0.87488,0.87583,0
2025-07-20 13:15:00,0.87583,0.87597,0.87523,0.87537,0
2025-07-20 13:20:00,0.87537,0.87544,0.87527,0.87534,0
2025-07-20 13:25:00,0.87534,0.87585,0.87533,0.87584,0
2025-07-20 13:30:00,0.87584,0.87654,0.87569,0.87639,0
2025-07-20 13:35:00,0.87639,0.87647,0.87569,0.87577,0
2025-07-20 13:40:00,0.87577,0.87579,0.87561,0.87563,0
2025-07-20 13:45:00,0.87563,0.87645,0.87541,0.87623,0
2025-07-20 13:50:00,0.87623,0.87704,0.87563,0.87645,0
2025-07-20 13:55:00,0.87645,0.8769,0.87608,0.87654,0
2025-07-20 14:00:00,0.87654,0.87669,0.87629,0.87644,0
2025-07-20 14:05:00,0.87644,0.87655,0.87616,0.87627,0
2025-07-20 14:10:00,0.87627,0.87701,0.87566,0.8764,0
2025-07-20 14:15:00,0.8764,0.87671,0.87597,0.87629,0
2025-07-20 14:20:00,0.87629,0.87655,0.87601,0.87627,0
2025-07-20 14:25:00,0.87627,0.87664,0.87593,0.8763,0
2025-07-20 14:30:00,0.8763,0.87642,0.87589,0.87601,0
2025-07-20 14:35:00,0.87601,0.87672,0.87553,0.87624,0
2025-07-20 14:40:00,0.87624,0.87768,0.87607,0.87752,0
2025-07-20 14:45:00,0.87752,0.87827,0.87598,0.87674,0
2025-07-20 14:50:00,0.87674,0.87696,0.87665,0.87688,0
2025-07-20 14:55:00,0.87688,0.87706,0.87637,0.87655,0
2025-07-20 15:00:00,0.87655,0.87732,0.87603,0.8768,0
2025-07-20 15:05:00,0.8768,0.8772,0.87642,0.87682,0
2025-07-20 15:10:00,0.87682,0.87761,0.87636,0.87715,0
2025-07-20 15:15:00,0.87715,0.87795,0.87688,0.87767,0
2025-07-20 15:20:00,0.87767,0.878,0.87742,0.87775,0
2025-07-20 15:25:00,0.87775,0.87881,0.87719,0.87825,0
2025-07-20 15:30:00,0.87825,0.87851,0.87696,0.87722,0
2025-07-20 15:35:00,0.87722,0.87827,0.87687,0.87792,0
2025-07-20 15:40:00,0.87792,0.87841,0.8776,0.87809,0
2025-07-20 15:45:00,0.87809,0.87877,0.87787,0.87856,0
2025-07-20 15:50:00,0.87856,0.87865,0.87793,0.87802,0
2025-07-20 15:55:00,0.87802,0.87808,0.8776,0.87766,0
2025-07-20 16:00:00,0.87766,0.87817,0.87721,0.87772,0
2025-07-20 16:05:00,0.87772,0.87798,0.87745,0.87771,0
2025-07-20 16:10:00,0.87771,0.87787,0.87768,0.87784,0
2025-07-20 16:15:00,0.87784,0.87865,0.8775,0.87832,0
2025-07-20 16:20:00,0.87832,0.8786,0.87726,0.87754,0
2025-07-20 16:25:00,0.87754,0.87802,0.87748,0.87797,0
2025-07-20 16:30:00,0.87797,0.87807,0.87787,0.87797,0
2025-07-20 16:35:00,0.87797,0.87858,0.87727,0.87788,0
2025-07-20 16:40:00,0.87788,0.87825,0.87687,0.87724,0
2025-07-20 16:45:00,0.87724,0.87757,0.87712,0.87746,0
2025-07-20 16:50:00,0.87746,0.87751,0.87635,0.8764,0
2025-07-20 16:55:00,0.8764,0.87671,0.87637,0.87668,0
2025-07-20 17:00:00,0.87668,0.87705,0.87567,0.87603,0
2025-07-20 17:05:00,0.87603,0.87647,0.87561,0.87605,0
2025-07-20 17:10:00,0.87605,0.87613,0.87592,0.876,0
2025-07-20 17:15:00,0.876,0.87658,0.87593,0.87651,0
2025-07-20 17:20:00,0.87651,0.87676,0.87619,0.87643,0
2025-07-20 17:25:00,0.87643,0.87694,0.87563,0.87613,0
2025-07-20 17:30:00,0.87613,0.87645,0.87559,0.87591,0
2025-07-20 17:35:00,0.87591,0.87657,0.87581,0.87647,0
2025-07-20 17:40:00,0.87647,0.87733,0.87584,0.8767,0
2025-07-20 17:45:00,0.8767,0.87723,0.87601,0.87653,0
2025-07-20 17:50:00,0.87653,0.87653,0.87643,0.87643,0
2025-07-20 17:55:00,0.87643,0.87656,0.87561,0.87574,0
2025-07-20 18:00:00,0.87574,0.87623,0.87542,0.87591,0
2025-07-20 18:05:00,0.87591,0.87602,0.87504,0.87514,0
2025-07-20 18:10:00,0.87514,0.87586,0.87475,0.87547,0
2025-07-20 18:15:00,0.87547,0.87577,0.87523,0.87553,0
2025-07-20 18:20:00,0.87553,0.87694,0.87516,0.87657,0
2025-07-20 18:25:00,0.87657,0.87667,0.87599,0.87609,0
2025-07-20 18:30:00,0.87609,0.87674,0.8754,0.87605,0
2025-07-20 18:35:00,0.87605,0.87717,0.87571,0.87683,0
2025-07-20 18:40:00,0.87683,0.87755,0.87664,0.87736,0
2025-07-20 18:45:00,0.87736,0.87736,0.87704,0.87705,0
2025-07-20 18:50:00,0.87705,0.87809,0.87611,0.87715,0
2025-07-20 18:55:00,0.87715,0.87758,0.87671,0.87715,0
2025-07-20 19:00:00,0.87715,0.87732,0.8771,0.87727,0
2025-07-20 19:05:00,0.87727,0.87756,0.87668,0.87697,0
2025-07-20 19:10:00,0.87697,0.87732,0.87658,0.87693,0
2025-07-20 19:15:00,0.87693,0.87716,0.87599,0.87623,0
2025-07-20 19:20:00,0.87623,0.87653,0.87599,0.87629,0
2025-07-20 19:25:00,0.87629,0.87661,0.87616,0.87648,0
2025-07-20 19:30:00,0.87648,0.87711,0.87576,0.87638,0
2025-07-20 19:35:00,0.87638,0.87695,0.87511,0.87568,0
2025-07-20 19:40:00,0.87568,0.87624,0.87555,0.87611,0
2025-07-20 19:45:00,0.87611,0.87643,0.87595,0.87627,0
2025-07-20 19:50:00,0.87627,0.87655,0.87567,0.87595,0
2025-07-20 19:55:00,0.87595,0.87639,0.87539,0.87583,0
2025-07-20 20:00:00,0.87583,0.87605,0.87495,0.87517,0
2025-07-20 20:05:00,0.87517,0.87543,0.87447,0.87472,0
2025-07-20 20:10:00,0.87472,0.87483,0.87438,0.87449,0
2025-07-20 20:15:00,0.87449,0.8751,0.87441,0.87502,0
2025-07-20 20:20:00,0.87502,0.8752,0.87457,0.87475,0
2025-07-20 20:25:00,0.87475,0.87507,0.8747,0.87503,0
2025-07-20 20:30:00,0.87503,0.8761,0.87371,0.87479,0
2025-07-20 20:35:00,0.87479,0.87496,0.87473,0.8749,0
2025-07-20 20:40:00,0.8749,0.87512,0.87461,0.87484,0
2025-07-20 20:45:00,0.87484,0.87537,0.87468,0.87522,0
2025-07-20 20:50:00,0.87522,0.87525,0.87495,0.87498,0
2025-07-20 20:55:00,0.87498,0.87556,0.87372,0.8743,0
2025-07-20 21:00:00,0.8743,0.87441,0.87358,0.87369,0
2025-07-20 21:05:00,0.87369,0.87385,0.87331,0.87346,0
2025-07-20 21:10:00,0.87346,0.87383,0.87255,0.87291,0
2025-07-20 21:15:00,0.87291,0.87322,0.87279,0.87309,0
2025-07-20 21:20:00,0.87309,0.87341,0.87258,0.87289,0
2025-07-20 21:25:00,0.87289,0.87478,0.87204,0.87393,0
2025-07-20 21:30:00,0.87393,0.87409,0.873,0.87317,0
2025-07-20 21:35:00,0.87317,0.87352,0.8729,0.87326,0
2025-07-20 21:40:00,0.87326,0.87338,0.87264,0.87277,0
2025-07-20 21:45:00,0.87277,0.87305,0.87227,0.87255,0
2025-07-20 21:50:00,0.87255,0.87266,0.8725,0.87261,0
2025-07-20 21:55:00,0.87261,0.87306,0.87115,0.8716,0
2025-07-20 22:00:00,0.8716,0.8718,0.87149,0.8717,0
2025-07-20 22:05:00,0.8717,0.87269,0.87154,0.87253,0
2025-07-20 22:10:00,0.87253,0.87271,0.87216,0.87233,0
2025-07-20 22:15:00,0.87233,0.87297,0.87181,0.87245,0
2025-07-20 22:20:00,0.87245,0.87349,0.87185,0.87289,0
2025-07-20 22:25:00,0.87289,0.87305,0.87266,0.87282,0
2025-07-20 22:30:00,0.87282,0.87312,0.87227,0.87257,0
2025-07-20 22:35:00,0.87257,0.87311,0.87104,0.87158,0
2025-07-20 22:40:00,0.87158,0.87194,0.87149,0.87186,0
2025-07-20 22:45:00,0.87186,0.87196,0.8717,0.87181,0
2025-07-20 22:50:00,0.87181,0.87207,0.8711,0.87136,0
2025-07-20 22:55:00,0.87136,0.87172,0.87106,0.87142,0
2025-07-20 23:00:00,0.87142,0.87155,0.87104,0.87117,0
2025-07-20 23:05:00,0.87117,0.87128,0.87082,0.87094,0
2025-07-20 23:10:00,0.87094,0.87161,0.87052,0.8712,0
2025-07-20 23:15:00,0.8712,0.87186,0.86996,0.87062,0
2025-07-20 23:20:00,0.87062,0.87133,0.87036,0.87107,0
2025-07-20 23:25:00,0.87107,0.87109,0.87045,0.87046,0
2025-07-20 23:30:00,0.87046,0.87048,0.87016,0.87018,0
2025-07-20 23:35:00,0.87018,0.87121,0.86998,0.87101,0
2025-07-20 23:40:00,0.87101,0.87154,0.87097,0.8715,0
2025-07-20 23:45:00,0.8715,0.87161,0.87144,0.87155,0
2025-07-20 23:50:00,0.87155,0.87192,0.87077,0.87114,0
2025-07-20 23:55:00,0.87114,0.87159,0.87045,0.87091,0
2025-07-21 00:00:00,0.87091,0.87134,0.87051,0.87094,0
2025-07-21 00:05:00,0.87094,0.87111,0.87079,0.87095,0
2025-07-21 00:10:00,0.87095,0.87099,0.87088,0.87092,0
2025-07-21 00:15:00,0.87092,0.87161,0.8702,0.8709,0
2025-07-21 00:20:00,0.8709,0.87105,0.87066,0.87081,0
2025-07-21 00:25:00,0.87081,0.87104,0.86995,0.87018,0
2025-07-21 00:30:00,0.87018,0.87037,0.86976,0.86996,0
2025-07-21 00:35:00,0.86996,0.87093,0.86938,0.87035,0
2025-07-21 00:40:00,0.87035,0.87134,0.86877,0.86976,0
2025-07-21 00:45:00,0.86976,0.87011,0.86933,0.86968,0
2025-07-21 00:50:00,0.86968,0.87063,0.86836,0.86932,0
2025-07-21 00:55:00,0.86932,0.86957,0.86911,0.86937,0
2025-07-21 01:00:00,0.86937,0.86976,0.86881,0.8692,0
2025-07-21 01:05:00,0.8692,0.86986,0.86918,0.86984,0
2025-07-21 01:10:00,0.86984,0.87009,0.86982,0.87006,0
2025-07-21 01:15:00,0.87006,0.87036,0.8692,0.86949,0
2025-07-21 01:20:00,0.86949,0.87043,0.86885,0.86978,0
2025-07-21 01:25:00,0.86978,0.86992,0.86931,0.86945,0
2025-07-21 01:30:00,0.86945,0.86964,0.86901,0.8692,0
2025-07-21 01:35:00,0.8692,0.86961,0.86892,0.86933,0
2025-07-21 01:40:00,0.86933,0.86958,0.86887,0.86912,0
2025-07-21 01:45:00,0.86912,0.86987,0.86876,0.86951,0
2025-07-21 01:50:00,0.86951,0.87012,0.86855,0.86917,0
2025-07-21 01:55:00,0.86917,0.86972,0.86835,0.8689,0
2025-07-21 02:00:00,0.8689,0.86921,0.8683,0.86862,0
2025-07-21 02:05:00,0.86862,0.86903,0.86796,0.86837,0
2025-07-21 02:10:00,0.86837,0.86896,0.86826,0.86885,0
2025-07-21 02:15:00,0.86885,0.86954,0.86843,0.86912,0
2025-07-21 02:20:00,0.86912,0.87096,0.86802,0.86986,0
2025-07-21 02:25:00,0.86986,0.87122,0.8695,0.87085,0
2025-07-21 02:30:00,0.87085,0.87102,0.87024,0.8704,0
2025-07-21 02:35:00,0.8704,0.87064,0.87019,0.87043,0
2025-07-21 02:40:00,0.87043,0.87096,0.86939,0.86992,0
2025-07-21 02:45:00,0.86992,0.87014,0.86937,0.86958,0
2025-07-21 02:50:00,0.86958,0.86989,0.869,0.86931,0
2025-07-21 02:55:00,0.86931,0.86932,0.86884,0.86885,0
2025-07-21 03:00:00,0.86885,0.86886,0.86838,0.86839,0
2025-07-21 03:05:00,0.86839,0.86869,0.86804,0.86833,0
2025-07-21 03:10:00,0.86833,0.86835,0.86778,0.8678,0
2025-07-21 03:15:00,0.8678,0.86844,0.86753,0.86817,0
2025-07-21 03:20:00,0.86817,0.86823,0.86771,0.86777,0
2025-07-21 03:25:00,0.86777,0.86907,0.86769,0.86899,0
2025-07-21 03:30:00,0.86899,0.86932,0.86846,0.86879,0
2025-07-21 03:35:00,0.86879,0.86917,0.86845,0.86882,0
2025-07-21 03:40:00,0.86882,0.86897,0.86811,0.86826,0
2025-07-21 03:45:00,0.86826,0.86916,0.8681,0.869,0
2025-07-21 03:50:00,0.869,0.86954,0.86895,0.86949,0
2025-07-21 03:55:00,0.86949,0.86965,0.86946,0.86962,0
2025-07-21 04:00:00,0.86962,0.86992,0.86873,0.86903,0
2025-07-21 04:05:00,0.86903,0.86915,0.86901,0.86912,0
2025-07-21 04:10:00,0.86912,0.86934,0.86842,0.86864,0
2025-07-21 04:15:00,0.86864,0.8696,0.86831,0.86927,0
2025-07-21 04:20:00,0.86927,0.87019,0.8687,0.86962,0
2025-07-21 04:25:00,0.86962,0.86979,0.8695,0.86967,0
2025-07-21 04:30:00,0.86967,0.86986,0.86841,0.86861,0
2025-07-21 04:35:00,0.86861,0.86885,0.86794,0.86818,0
2025-07-21 04:40:00,0.86818,0.86936,0.8673,0.86848,0
2025-07-21 04:45:00,0.86848,0.86932,0.86817,0.86901,0
2025-07-21 04:50:00,0.86901,0.86994,0.86855,0.86949,0
2025-07-21 04:55:00,0.86949,0.86977,0.86852,0.8688,0
2025-07-21 05:00:00,0.8688,0.86958,0.86815,0.86893,0
2025-07-21 05:05:00,0.86893,0.86964,0.86865,0.86937,0
2025-07-21 05:10:00,0.86937,0.87026,0.86775,0.86865,0
2025-07-21 05:15:00,0.86865,0.8688,0.86849,0.86864,0
2025-07-21 05:20:00,0.86864,0.86896,0.86845,0.86876,0
2025-07-21 05:25:00,0.86876,0.86882,0.86858,0.86863,0
2025-07-21 05:30:00,0.86863,0.86873,0.86773,0.86783,0
2025-07-21 05:35:00,0.86783,0.86829,0.86722,0.86769,0
2025-07-21 05:40:00,0.86769,0.86782,0.86741,0.86755,0
2025-07-21 05:45:00,0.86755,0.86782,0.8672,0.86748,0
2025-07-21 05:50:00,0.86748,0.86781,0.86691,0.86724,0
2025-07-21 05:55:00,0.86724,0.86762,0.86666,0.86704,0
2025-07-21 06:00:00,0.86704,0.86761,0.86646,0.86703,0
2025-07-21 06:05:00,0.86703,0.86725,0.86699,0.86722,0
2025-07-21 06:10:00,0.86722,0.86744,0.86687,0.86709,0
2025-07-21 06:15:00,0.86709,0.8673,0.86669,0.86691,0
2025-07-21 06:20:00,0.86691,0.86718,0.86668,0.86695,0
2025-07-21 06:25:00,0.86695,0.8672,0.86587,0.86612,0
2025-07-21 06:30:00,0.86612,0.86677,0.86567,0.86632,0
2025-07-21 06:35:00,0.86632,0.86685,0.8658,0.86632,0
2025-07-21 06:40:00,0.86632,0.86641,0.86626,0.86634,0
2025-07-21 06:45:00,0.86634,0.86696,0.86613,0.86676,0
2025-07-21 06:50:00,0.86676,0.86714,0.86552,0.86591,0
2025-07-21 06:55:00,0.86591,0.86601,0.86495,0.86506,0
2025-07-21 07:00:00,0.86506,0.86527,0.86496,0.86518,0
2025-07-21 07:05:00,0.86518,0.86544,0.86491,0.86517,0
2025-07-21 07:10:00,0.86517,0.86529,0.86513,0.86525,0
2025-07-21 07:15:00,0.86525,0.86537,0.86492,0.86505,0
2025-07-21 07:20:00,0.86505,0.86558,0.8648,0.86533,0
2025-07-21 07:25:00,0.86533,0.86577,0.8653,0.86574,0
2025-07-21 07:30:00,0.86574,0.86632,0.86536,0.86595,0
2025-07-21 07:35:00,0.86595,0.86595,0.86583,0.86583,0
2025-07-21 07:40:00,0.86583,0.86611,0.86464,0.86492,0
2025-07-21 07:45:00,0.86492,0.86543,0.86475,0.86525,0
2025-07-21 07:50:00,0.86525,0.86642,0.86462,0.86578,0
2025-07-21 07:55:00,0.86578,0.86616,0.86569,0.86606,0
2025-07-21 08:00:00,0.86606,0.86632,0.86543,0.86568,0
2025-07-21 08:05:00,0.86568,0.86617,0.86548,0.86597,0
2025-07-21 08:10:00,0.86597,0.86649,0.86583,0.86635,0
2025-07-21 08:15:00,0.86635,0.86714,0.86622,0.86702,0
2025-07-21 08:20:00,0.86702,0.8673,0.86636,0.86664,0
2025-07-21 08:25:00,0.86664,0.86683,0.86635,0.86654,0
2025-07-21 08:30:00,0.86654,0.86702,0.86639,0.86687,0
2025-07-21 08:35:00,0.86687,0.86709,0.86667,0.86689,0
2025-07-21 08:40:00,0.86689,0.86728,0.86602,0.86641,0
2025-07-21 08:45:00,0.86641,0.8669,0.8661,0.86659,0
2025-07-21 08:50:00,0.86659,0.86704,0.86638,0.86684,0
2025-07-21 08:55:00,0.86684,0.86745,0.86627,0.86688,0
2025-07-21 09:00:00,0.86688,0.86728,0.86657,0.86697,0
2025-07-21 09:05:00,0.86697,0.8671,0.86673,0.86686,0
2025-07-21 09:10:00,0.86686,0.8676,0.86676,0.8675,0
2025-07-21 09:15:00,0.8675,0.86755,0.86706,0.86711,0
2025-07-21 09:20:00,0.86711,0.86807,0.86589,0.86686,0
2025-07-21 09:25:00,0.86686,0.86718,0.86654,0.86686,0
2025-07-21 09:30:00,0.86686,0.86726,0.86684,0.86724,0
2025-07-21 09:35:00,0.86724,0.86737,0.86647,0.86659,0
2025-07-21 09:40:00,0.86659,0.86668,0.86594,0.86602,0
2025-07-21 09:45:00,0.86602,0.86642,0.86475,0.86514,0
2025-07-21 09:50:00,0.86514,0.86527,0.86503,0.86516,0
2025-07-21 09:55:00,0.86516,0.86553,0.8643,0.86467,0
2025-07-21 10:00:00,0.86467,0.86479,0.86439,0.86451,0
2025-07-21 10:05:00,0.86451,0.86491,0.86439,0.86479,0
2025-07-21 10:10:00,0.86479,0.86485,0.86446,0.86452,0
2025-07-21 10:15:00,0.86452,0.86472,0.86441,0.86462,0
2025-07-21 10:20:00,0.86462,0.8654,0.8637,0.86449,0
2025-07-21 10:25:00,0.86449,0.86556,0.8637,0.86478,0
2025-07-21 10:30:00,0.86478,0.86512,0.86464,0.86498,0
2025-07-21 10:35:00,0.86498,0.86498,0.86468,0.86468,0
2025-07-21 10:40:00,0.86468,0.86496,0.86434,0.86461,0
2025-07-21 10:45:00,0.86461,0.86538,0.8643,0.86506,0
2025-07-21 10:50:00,0.86506,0.86552,0.86478,0.86523,0
2025-07-21 10:55:00,0.86523,0.86525,0.86461,0.86463,0
2025-07-21 11:00:00,0.86463,0.86501,0.86453,0.86491,0
2025-07-21 11:05:00,0.86491,0.86495,0.8644,0.86444,0
2025-07-21 11:10:00,0.86444,0.86509,0.86441,0.86505,0
2025-07-21 11:15:00,0.86505,0.86552,0.86503,0.8655,0
2025-07-21 11:20:00,0.8655,0.86569,0.86543,0.86562,0
2025-07-21 11:25:00,0.86562,0.86578,0.86553,0.86569,0
2025-07-21 11:30:00,0.86569,0.86595,0.86534,0.8656,0
2025-07-21 11:35:00,0.8656,0.86632,0.86517,0.86589,0
2025-07-21 11:40:00,0.86589,0.86626,0.86536,0.86573,0
2025-07-21 11:45:00,0.86573,0.86645,0.86512,0.86583,0
2025-07-21 11:50:00,0.86583,0.86651,0.86553,0.86621,0
2025-07-21 11:55:00,0.86621,0.8663,0.86588,0.86597,0
2025-07-21 12:00:00,0.86597,0.86615,0.86552,0.8657,0
2025-07-21 12:05:00,0.8657,0.8662,0.86468,0.86518,0
2025-07-21 12:10:00,0.86518,0.86581,0.8641,0.86472,0
2025-07-21 12:15:00,0.86472,0.86494,0.86372,0.86393,0
2025-07-21 12:20:00,0.86393,0.86431,0.86388,0.86425,0
2025-07-21 12:25:00,0.86425,0.86533,0.86395,0.86503,0
2025-07-21 12:30:00,0.86503,0.86599,0.86469,0.86565,0
2025-07-21 12:35:00,0.86565,0.86584,0.86475,0.86494,0
2025-07-21 12:40:00,0.86494,0.86532,0.86488,0.86526,0
2025-07-21 12:45:00,0.86526,0.86687,0.86426,0.86587,0
2025-07-21 12:50:00,0.86587,0.86598,0.86557,0.86568,0
2025-07-21 12:55:00,0.86568,0.86628,0.86511,0.86572,0
2025-07-21 13:00:00,0.86572,0.86614,0.86443,0.86485,0
2025-07-21 13:05:00,0.86485,0.8651,0.86472,0.86497,0
2025-07-21 13:10:00,0.86497,0.86531,0.86416,0.86451,0
2025-07-21 13:15:00,0.86451,0.86496,0.86414,0.86459,0
2025-07-21 13:20:00,0.86459,0.86512,0.86339,0.86392,0
2025-07-21 13:25:00,0.86392,0.86471,0.86336,0.86415,0
2025-07-21 13:30:00,0.86415,0.86467,0.86408,0.8646,0
2025-07-21 13:35:00,0.8646,0.86552,0.86333,0.86426,0
2025-07-21 13:40:00,0.86426,0.86438,0.86365,0.86377,0
2025-07-21 13:45:00,0.86377,0.86399,0.86261,0.86284,0
2025-07-21 13:50:00,0.86284,0.86292,0.86264,0.86272,0
2025-07-21 13:55:00,0.86272,0.86297,0.86222,0.86247,0
2025-07-21 14:00:00,0.86247,0.86277,0.8615,0.8618,0
2025-07-21 14:05:00,0.8618,0.86245,0.86134,0.862,0
2025-07-21 14:10:00,0.862,0.86202,0.86178,0.8618,0
2025-07-21 14:15:00,0.8618,0.86181,0.86133,0.86134,0
2025-07-21 14:20:00,0.86134,0.86146,0.86098,0.8611,0
2025-07-21 14:25:00,0.8611,0.86199,0.86067,0.86156,0
2025-07-21 14:30:00,0.86156,0.86212,0.86126,0.86182,0
2025-07-21 14:35:00,0.86182,0.86193,0.86166,0.86177,0
2025-07-21 14:40:00,0.86177,0.86206,0.86174,0.86203,0
2025-07-21 14:45:00,0.86203,0.86258,0.86099,0.86153,0
2025-07-21 14:50:00,0.86153,0.86201,0.86107,0.86155,0
2025-07-21 14:55:00,0.86155,0.86161,0.86154,0.86161,0
2025-07-21 15:00:00,0.86161,0.8623,0.86071,0.86141,0
2025-07-21 15:05:00,0.86141,0.8618,0.8612,0.86159,0
2025-07-21 15:10:00,0.86159,0.8622,0.86065,0.86126,0
2025-07-21 15:15:00,0.86126,0.86257,0.86017,0.86148,0
2025-07-21 15:20:00,0.86148,0.86197,0.86122,0.86172,0
2025-07-21 15:25:00,0.86172,0.86175,0.86043,0.86046,0
2025-07-21 15:30:00,0.86046,0.86137,0.86006,0.86097,0
2025-07-21 15:35:00,0.86097,0.86128,0.85935,0.85966,0
2025-07-21 15:40:00,0.85966,0.85978,0.85927,0.8594,0
2025-07-21 15:45:00,0.8594,0.86013,0.8591,0.85984,0
2025-07-21 15:50:00,0.85984,0.85999,0.85954,0.8597,0
2025-07-21 15:55:00,0.8597,0.85985,0.85892,0.85907,0
2025-07-21 16:00:00,0.85907,0.85908,0.85859,0.8586,0
2025-07-21 16:05:00,0.8586,0.85923,0.85841,0.85904,0
2025-07-21 16:10:00,0.85904,0.85905,0.85821,0.85822,0
2025-07-21 16:15:00,0.85822,0.85904,0.85788,0.8587,0
2025-07-21 16:20:00,0.8587,0.85886,0.85852,0.85868,0
2025-07-21 16:25:00,0.85868,0.85914,0.8577,0.85817,0
2025-07-21 16:30:00,0.85817,0.85886,0.85722,0.85792,0
2025-07-21 16:35:00,0.85792,0.85813,0.85727,0.85748,0
2025-07-21 16:40:00,0.85748,0.85805,0.85728,0.85785,0
2025-07-21 16:45:00,0.85785,0.85819,0.85783,0.85817,0
2025-07-21 16:50:00,0.85817,0.85819,0.8574,0.85743,0
2025-07-21 16:55:00,0.85743,0.85756,0.85712,0.85725,0
2025-07-21 17:00:00,0.85725,0.85726,0.85688,0.85688,0
2025-07-21 17:05:00,0.85688,0.85745,0.85687,0.85744,0
2025-07-21 17:10:00,0.85744,0.8575,0.8568,0.85686,0
2025-07-21 17:15:00,0.85686,0.85837,0.85604,0.85755,0
2025-07-21 17:20:00,0.85755,0.85821,0.85688,0.85753,0
2025-07-21 17:25:00,0.85753,0.85759,0.85698,0.85704,0
2025-07-21 17:30:00,0.85704,0.85724,0.85654,0.85675,0
2025-07-21 17:35:00,0.85675,0.85723,0.85592,0.8564,0
2025-07-21 17:40:00,0.8564,0.85657,0.85569,0.85586,0
2025-07-21 17:45:00,0.85586,0.85613,0.85562,0.8559,0
2025-07-21 17:50:00,0.8559,0.85641,0.85486,0.85537,0
2025-07-21 17:55:00,0.85537,0.85558,0.85424,0.85444,0
2025-07-21 18:00:00,0.85444,0.85471,0.85401,0.85428,0
2025-07-21 18:05:00,0.85428,0.85451,0.85328,0.85351,0
2025-07-21 18:10:00,0.85351,0.85367,0.85303,0.85319,0
2025-07-21 18:15:00,0.85319,0.85327,0.85271,0.8528,0
2025-07-21 18:20:00,0.8528,0.85325,0.85198,0.85243,0
2025-07-21 18:25:00,0.85243,0.85394,0.85177,0.85328,0
2025-07-21 18:30:00,0.85328,0.85377,0.85282,0.85331,0
2025-07-21 18:35:00,0.85331,0.85409,0.85262,0.85341,0
2025-07-21 18:40:00,0.85341,0.85379,0.85227,0.85265,0
2025-07-21 18:45:00,0.85265,0.85294,0.85209,0.85237,0
2025-07-21 18:50:00,0.85237,0.85303,0.85181,0.85247,0
2025-07-21 18:55:00,0.85247,0.85272,0.85177,0.85203,0
2025-07-21 19:00:00,0.85203,0.85312,0.85132,0.85242,0
2025-07-21 19:05:00,0.85242,0.85277,0.85155,0.8519,0
2025-07-21 19:10:00,0.8519,0.85232,0.85136,0.85178,0
2025-07-21 19:15:00,0.85178,0.85192,0.85139,0.85153,0
2025-07-21 19:20:00,0.85153,0.85167,0.85147,0.8516,0
2025-07-21 19:25:00,0.8516,0.85195,0.85098,0.85133,0
2025-07-21 19:30:00,0.85133,0.85187,0.85068,0.85121,0
2025-07-21 19:35:00,0.85121,0.85161,0.85071,0.85111,0
2025-07-21 19:40:00,0.85111,0.85113,0.85079,0.8508,0
2025-07-21 19:45:00,0.8508,0.85131,0.8505,0.85101,0
2025-07-21 19:50:00,0.85101,0.85142,0.85069,0.85111,0
2025-07-21 19:55:00,0.85111,0.85133,0.85085,0.85107,0
2025-07-21 20:00:00,0.85107,0.85133,0.85063,0.85089,0
2025-07-21 20:05:00,0.85089,0.85124,0.85088,0.85123,0
2025-07-21 20:10:00,0.85123,0.85134,0.85101,0.85113,0
2025-07-21 20:15:00,0.85113,0.8512,0.85093,0.851,0
2025-07-21 20:20:00,0.851,0.85175,0.85028,0.85104,0
2025-07-21 20:25:00,0.85104,0.85238,0.85042,0.85176,0
2025-07-21 20:30:00,0.85176,0.85184,0.85111,0.85119,0
2025-07-21 20:35:00,0.85119,0.85194,0.85077,0.85152,0
2025-07-21 20:40:00,0.85152,0.85203,0.8502,0.85071,0
2025-07-21 20:45:00,0.85071,0.85103,0.85049,0.85081,0
2025-07-21 20:50:00,0.85081,0.85166,0.85062,0.85148,0
2025-07-21 20:55:00,0.85148,0.85176,0.8514,0.85168,0
2025-07-21 21:00:00,0.85168,0.85232,0.85113,0.85176,0
2025-07-21 21:05:00,0.85176,0.85197,0.85131,0.85152,0
2025-07-21 21:10:00,0.85152,0.85177,0.85129,0.85153,0
2025-07-21 21:15:00,0.85153,0.85171,0.85125,0.85142,0
2025-07-21 21:20:00,0.85142,0.85173,0.85079,0.85109,0
2025-07-21 21:25:00,0.85109,0.85112,0.85094,0.85097,0
2025-07-21 21:30:00,0.85097,0.85137,0.85065,0.85105,0
2025-07-21 21:35:00,0.85105,0.85117,0.85061,0.85072,0
2025-07-21 21:40:00,0.85072,0.85148,0.84963,0.85038,0
2025-07-21 21:45:00,0.85038,0.85042,0.84977,0.8498,0
2025-07-21 21:50:00,0.8498,0.85039,0.84939,0.84997,0
2025-07-21 21:55:00,0.84997,0.85026,0.84991,0.8502,0
2025-07-21 22:00:00,0.8502,0.85077,0.84973,0.8503,0
2025-07-21 22:05:00,0.8503,0.85113,0.84988,0.85071,0
2025-07-21 22:10:00,0.85071,0.85111,0.85035,0.85075,0
2025-07-21 22:15:00,0.85075,0.85107,0.85059,0.85091,0
2025-07-21 22:20:00,0.85091,0.85137,0.85059,0.85104,0
2025-07-21 22:25:00,0.85104,0.85125,0.8508,0.85101,0
2025-07-21 22:30:00,0.85101,0.85119,0.8506,0.85078,0
2025-07-21 22:35:00,0.85078,0.85211,0.85039,0.85172,0
2025-07-21 22:40:00,0.85172,0.85191,0.85134,0.85153,0
2025-07-21 22:45:00,0.85153,0.85162,0.85115,0.85125,0
2025-07-21 22:50:00,0.85125,0.85165,0.85103,0.85143,0
2025-07-21 22:55:00,0.85143,0.85164,0.85133,0.85154,0
2025-07-21 23:00:00,0.85154,0.85169,0.85079,0.85094,0
2025-07-21 23:05:00,0.85094,0.85154,0.85082,0.85142,0
2025-07-21 23:10:00,0.85142,0.8515,0.8513,0.85138,0
2025-07-21 23:15:00,0.85138,0.85193,0.85035,0.8509,0
2025-07-21 23:20:00,0.8509,0.85147,0.85084,0.85141,0
2025-07-21 23:25:00,0.85141,0.85209,0.851,0.85168,0
2025-07-21 23:30:00,0.85168,0.85187,0.85094,0.85114,0
2025-07-21 23:35:00,0.85114,0.85241,0.85063,0.8519,0
2025-07-21 23:40:00,0.8519,0.85256,0.85151,0.85218,0
2025-07-21 23:45:00,0.85218,0.85247,0.85188,0.85217,0
2025-07-21 23:50:00,0.85217,0.85315,0.85187,0.85285,0
2025-07-21 23:55:00,0.85285,0.85295,0.85282,0.85292,0
2025-07-22 00:00:00,0.85292,0.85313,0.85269,0.85291,0
2025-07-22 00:05:00,0.85291,0.85334,0.85218,0.85262,0
2025-07-22 00:10:00,0.85262,0.85298,0.85252,0.85287,0
2025-07-22 00:15:00,0.85287,0.85323,0.85272,0.85308,0
2025-07-22 00:20:00,0.85308,0.85381,0.85235,0.85308,0
2025-07-22 00:25:00,0.85308,0.85311,0.85272,0.85274,0
2025-07-22 00:30:00,0.85274,0.85281,0.85274,0.8528,0
2025-07-22 00:35:00,0.8528,0.85286,0.85271,0.85277,0
2025-07-22 00:40:00,0.85277,0.85351,0.85146,0.8522,0
2025-07-22 00:45:00,0.8522,0.85264,0.85114,0.85158,0
2025-07-22 00:50:00,0.85158,0.85209,0.8513,0.85182,0
2025-07-22 00:55:00,0.85182,0.85215,0.85037,0.85071,0
2025-07-22 01:00:00,0.85071,0.85098,0.85053,0.8508,0
2025-07-22 01:05:00,0.8508,0.85083,0.85056,0.85059,0
2025-07-22 01:10:00,0.85059,0.85142,0.85032,0.85115,0
2025-07-22 01:15:00,0.85115,0.85132,0.85076,0.85094,0
2025-07-22 01:20:00,0.85094,0.85134,0.85081,0.85122,0
2025-07-22 01:25:00,0.85122,0.8516,0.85067,0.85105,0
2025-07-22 01:30:00,0.85105,0.85152,0.85063,0.8511,0
2025-07-22 01:35:00,0.8511,0.85145,0.85106,0.85141,0
2025-07-22 01:40:00,0.85141,0.85202,0.85061,0.85122,0
2025-07-22 01:45:00,0.85122,0.85166,0.8512,0.85164,0
2025-07-22 01:50:00,0.85164,0.85174,0.85112,0.85122,0
2025-07-22 01:55:00,0.85122,0.85168,0.85088,0.85134,0
2025-07-22 02:00:00,0.85134,0.85185,0.85122,0.85174,0
2025-07-22 02:05:00,0.85174,0.85231,0.85145,0.85202,0
2025-07-22 02:10:00,0.85202,0.8529,0.85195,0.85283,0
2025-07-22 02:15:00,0.85283,0.85329,0.85205,0.85251,0
2025-07-22 02:20:00,0.85251,0.853,0.85142,0.85192,0
2025-07-22 02:25:00,0.85192,0.85231,0.8511,0.8515,0
2025-07-22 02:30:00,0.8515,0.8522,0.85108,0.85178,0
2025-07-22 02:35:00,0.85178,0.8521,0.85166,0.85199,0
2025-07-22 02:40:00,0.85199,0.85256,0.85147,0.85203,0
2025-07-22 02:45:00,0.85203,0.8524,0.85119,0.85156,0
2025-07-22 02:50:00,0.85156,0.85212,0.85132,0.85188,0
2025-07-22 02:55:00,0.85188,0.8522,0.85104,0.85136,0
2025-07-22 03:00:00,0.85136,0.85246,0.85075,0.85185,0
2025-07-22 03:05:00,0.85185,0.85326,0.85167,0.85307,0
2025-07-22 03:10:00,0.85307,0.85336,0.85294,0.85323,0
2025-07-22 03:15:00,0.85323,0.85371,0.85299,0.85348,0
2025-07-22 03:20:00,0.85348,0.85357,0.85318,0.85327,0
2025-07-22 03:25:00,0.85327,0.85385,0.85191,0.85249,0
2025-07-22 03:30:00,0.85249,0.85274,0.85199,0.85224,0
2025-07-22 03:35:00,0.85224,0.85257,0.85144,0.85177,0
2025-07-22 03:40:00,0.85177,0.8519,0.85103,0.85116,0
2025-07-22 03:45:00,0.85116,0.85207,0.85097,0.85189,0
2025-07-22 03:50:00,0.85189,0.8521,0.8518,0.85201,0
2025-07-22 03:55:00,0.85201,0.85243,0.85174,0.85217,0
2025-07-22 04:00:00,0.85217,0.85222,0.85198,0.85204,0
2025-07-22 04:05:00,0.85204,0.8527,0.8513,0.85196,0
2025-07-22 04:10:00,0.85196,0.85286,0.85148,0.85237,0
2025-07-22 04:15:00,0.85237,0.8525,0.85224,0.85236,0
2025-07-22 04:20:00,0.85236,0.85259,0.85235,0.85259,0
2025-07-22 04:25:00,0.85259,0.85288,0.85221,0.8525,0
2025-07-22 04:30:00,0.8525,0.8529,0.85196,0.85236,0
2025-07-22 04:35:00,0.85236,0.85265,0.85147,0.85176,0
2025-07-22 04:40:00,0.85176,0.85178,0.85089,0.85091,0
2025-07-22 04:45:00,0.85091,0.85155,0.85017,0.8508,0
2025-07-22 04:50:00,0.8508,0.85122,0.85041,0.85083,0
2025-07-22 04:55:00,0.85083,0.85155,0.84956,0.85028,0
2025-07-22 05:00:00,0.85028,0.85031,0.85024,0.85027,0
2025-07-22 05:05:00,0.85027,0.85103,0.84952,0.85029,0
2025-07-22 05:10:00,0.85029,0.8505,0.84916,0.84937,0
2025-07-22 05:15:00,0.84937,0.84969,0.84867,0.84898,0
2025-07-22 05:20:00,0.84898,0.84939,0.84875,0.84916,0
2025-07-22 05:25:00,0.84916,0.84954,0.84894,0.84932,0
2025-07-22 05:30:00,0.84932,0.84941,0.84874,0.84883,0
2025-07-22 05:35:00,0.84883,0.84907,0.84866,0.8489,0
2025-07-22 05:40:00,0.8489,0.84956,0.84867,0.84933,0
2025-07-22 05:45:00,0.84933,0.84971,0.84929,0.84966,0
2025-07-22 05:50:00,0.84966,0.84981,0.84948,0.84962,0
2025-07-22 05:55:00,0.84962,0.85001,0.84904,0.84942,0
2025-07-22 06:00:00,0.84942,0.84954,0.84904,0.84916,0
2025-07-22 06:05:00,0.84916,0.84947,0.84904,0.84936,0
2025-07-22 06:10:00,0.84936,0.8495,0.84929,0.84944,0
2025-07-22 06:15:00,0.84944,0.8502,0.84894,0.84971,0
2025-07-22 06:20:00,0.84971,0.85011,0.84936,0.84976,0
2025-07-22 06:25:00,0.84976,0.85107,0.8488,0.85011,0
2025-07-22 06:30:00,0.85011,0.85031,0.84995,0.85015,0
2025-07-22 06:35:00,0.85015,0.8507,0.84993,0.85048,0
2025-07-22 06:40:00,0.85048,0.85091,0.85043,0.85085,0
2025-07-22 06:45:00,0.85085,0.85105,0.85031,0.85051,0
2025-07-22 06:50:00,0.85051,0.85091,0.84935,0.84974,0
2025-07-22 06:55:00,0.84974,0.85065,0.84949,0.8504,0
2025-07-22 07:00:00,0.8504,0.85071,0.85019,0.85051,0
2025-07-22 07:05:00,0.85051,0.85058,0.84971,0.84978,0
2025-07-22 07:10:00,0.84978,0.85038,0.84888,0.84948,0
2025-07-22 07:15:00,0.84948,0.85047,0.84881,0.8498,0
2025-07-22 07:20:00,0.8498,0.85031,0.84918,0.84969,0
2025-07-22 07:25:00,0.84969,0.84983,0.84932,0.84947,0
2025-07-22 07:30:00,0.84947,0.8502,0.84933,0.85006,0
2025-07-22 07:35:00,0.85006,0.85016,0.84952,0.84962,0
2025-07-22 07:40:00,0.84962,0.84979,0.84911,0.84928,0
2025-07-22 07:45:00,0.84928,0.84966,0.84899,0.84937,0
2025-07-22 07:50:00,0.84937,0.85008,0.84882,0.84953,0
2025-07-22 07:55:00,0.84953,0.84977,0.84951,0.84975,0
2025-07-22 08:00:00,0.84975,0.85033,0.84955,0.85013,0
2025-07-22 08:05:00,0.85013,0.85045,0.8499,0.85022,0
2025-07-22 08:10:00,0.85022,0.85057,0.85007,0.85042,0
2025-07-22 08:15:00,0.85042,0.8508,0.84994,0.85031,0
2025-07-22 08:20:00,0.85031,0.85046,0.85019,0.85034,0
2025-07-22 08:25:00,0.85034,0.85066,0.85007,0.85039,0
2025-07-22 08:30:00,0.85039,0.8505,0.85037,0.85048,0
2025-07-22 08:35:00,0.85048,0.85112,0.85017,0.85081,0
2025-07-22 08:40:00,0.85081,0.85113,0.85072,0.85104,0
2025-07-22 08:45:00,0.85104,0.85117,0.85094,0.85106,0
2025-07-22 08:50:00,0.85106,0.85131,0.85047,0.85072,0
2025-07-22 08:55:00,0.85072,0.8509,0.85057,0.85075,0
2025-07-22 09:00:00,0.85075,0.85083,0.85065,0.85073,0
2025-07-22 09:05:00,0.85073,0.85137,0.85018,0.85082,0
2025-07-22 09:10:00,0.85082,0.85233,0.85024,0.85176,0
2025-07-22 09:15:00,0.85176,0.8519,0.85138,0.85153,0
2025-07-22 09:20:00,0.85153,0.852,0.85125,0.85171,0
2025-07-22 09:25:00,0.85171,0.85227,0.85161,0.85217,0
2025-07-22 09:30:00,0.85217,0.85248,0.85189,0.85221,0
2025-07-22 09:35:00,0.85221,0.85365,0.85176,0.85321,0
2025-07-22 09:40:00,0.85321,0.8537,0.85255,0.85305,0
2025-07-22 09:45:00,0.85305,0.85377,0.85246,0.85318,0
2025-07-22 09:50:00,0.85318,0.85331,0.85272,0.85284,0
2025-07-22 09:55:00,0.85284,0.85299,0.85255,0.85269,0
2025-07-22 10:00:00,0.85269,0.85313,0.85237,0.8528,0
2025-07-22 10:05:00,0.8528,0.85334,0.85262,0.85316,0
2025-07-22 10:10:00,0.85316,0.85371,0.85274,0.8533,0
2025-07-22 10:15:00,0.8533,0.85414,0.85299,0.85383,0
2025-07-22 10:20:00,0.85383,0.85411,0.85352,0.85379,0
2025-07-22 10:25:00,0.85379,0.85418,0.85327,0.85365,0
2025-07-22 10:30:00,0.85365,0.85495,0.85351,0.85481,0
2025-07-22 10:35:00,0.85481,0.85534,0.85444,0.85497,0
2025-07-22 10:40:00,0.85497,0.85512,0.85452,0.85467,0
2025-07-22 10:45:00,0.85467,0.85559,0.85345,0.85437,0
2025-07-22 10:50:00,0.85437,0.85441,0.85393,0.85397,0
2025-07-22 10:55:00,0.85397,0.85443,0.85391,0.85437,0
2025-07-22 11:00:00,0.85437,0.85466,0.85392,0.85421,0
2025-07-22 11:05:00,0.85421,0.85493,0.85355,0.85427,0
2025-07-22 11:10:00,0.85427,0.85467,0.85383,0.85424,0
2025-07-22 11:15:00,0.85424,0.85484,0.85395,0.85455,0
2025-07-22 11:20:00,0.85455,0.85499,0.85375,0.85419,0
2025-07-22 11:25:00,0.85419,0.85421,0.85371,0.85373,0
2025-07-22 11:30:00,0.85373,0.85418,0.85338,0.85383,0
2025-07-22 11:35:00,0.85383,0.8546,0.85331,0.85408,0
2025-07-22 11:40:00,0.85408,0.85447,0.85383,0.85423,0
2025-07-22 11:45:00,0.85423,0.8545,0.85361,0.85388,0
2025-07-22 11:50:00,0.85388,0.85475,0.8533,0.85417,0
2025-07-22 11:55:00,0.85417,0.85456,0.85346,0.85385,0
2025-07-22 12:00:00,0.85385,0.85385,0.85363,0.85363,0
2025-07-22 12:05:00,0.85363,0.85392,0.85294,0.85323,0
2025-07-22 12:10:00,0.85323,0.85391,0.85309,0.85378,0
2025-07-22 12:15:00,0.85378,0.85468,0.85315,0.85405,0
2025-07-22 12:20:00,0.85405,0.85505,0.85331,0.85431,0
2025-07-22 12:25:00,0.85431,0.85532,0.85383,0.85484,0
2025-07-22 12:30:00,0.85484,0.85636,0.85453,0.85605,0
2025-07-22 12:35:00,0.85605,0.85641,0.85495,0.85531,0
2025-07-22 12:40:00,0.85531,0.85532,0.855,0.855,0
2025-07-22 12:45:00,0.855,0.85536,0.85438,0.85474,0
2025-07-22 12:50:00,0.85474,0.85488,0.85423,0.85437,0
2025-07-22 12:55:00,0.85437,0.85442,0.85386,0.85391,0
2025-07-22 13:00:00,0.85391,0.8543,0.8534,0.85378,0
2025-07-22 13:05:00,0.85378,0.85404,0.85301,0.85326,0
2025-07-22 13:10:00,0.85326,0.85342,0.85325,0.85341,0
2025-07-22 13:15:00,0.85341,0.85344,0.8534,0.85343,0
2025-07-22 13:20:00,0.85343,0.85373,0.85333,0.85364,0
2025-07-22 13:25:00,0.85364,0.85399,0.8535,0.85385,0
2025-07-22 13:30:00,0.85385,0.85413,0.85383,0.85411,0
2025-07-22 13:35:00,0.85411,0.85412,0.85394,0.85395,0
2025-07-22 13:40:00,0.85395,0.85522,0.85358,0.85486,0
2025-07-22 13:45:00,0.85486,0.85524,0.85458,0.85496,0
2025-07-22 13:50:00,0.85496,0.8553,0.85382,0.85416,0
2025-07-22 13:55:00,0.85416,0.85424,0.85366,0.85373,0
2025-07-22 14:00:00,0.85373,0.85384,0.85289,0.85299,0
2025-07-22 14:05:00,0.85299,0.85312,0.85286,0.853,0
2025-07-22 14:10:00,0.853,0.85374,0.8522,0.85295,0
2025-07-22 14:15:00,0.85295,0.85326,0.85243,0.85275,0
2025-07-22 14:20:00,0.85275,0.85384,0.85251,0.8536,0
2025-07-22 14:25:00,0.8536,0.85426,0.85318,0.85384,0
2025-07-22 14:30:00,0.85384,0.85432,0.85367,0.85415,0
2025-07-22 14:35:00,0.85415,0.85416,0.85373,0.85375,0
2025-07-22 14:40:00,0.85375,0.85442,0.85265,0.85332,0
2025-07-22 14:45:00,0.85332,0.85344,0.85323,0.85334,0
2025-07-22 14:50:00,0.85334,0.85385,0.85291,0.85341,0
2025-07-22 14:55:00,0.85341,0.85343,0.85261,0.85262,0
2025-07-22 15:00:00,0.85262,0.85277,0.8524,0.85254,0
2025-07-22 15:05:00,0.85254,0.85258,0.85252,0.85255,0
2025-07-22 15:10:00,0.85255,0.85285,0.85216,0.85246,0
2025-07-22 15:15:00,0.85246,0.8527,0.85187,0.85211,0
2025-07-22 15:20:00,0.85211,0.85246,0.85154,0.85188,0
2025-07-22 15:25:00,0.85188,0.85211,0.85158,0.85181,0
2025-07-22 15:30:00,0.85181,0.85188,0.85177,0.85185,0
2025-07-22 15:35:00,0.85185,0.85218,0.85177,0.8521,0
2025-07-22 15:40:00,0.8521,0.85281,0.85185,0.85256,0
2025-07-22 15:45:00,0.85256,0.85302,0.85198,0.85244,0
2025-07-22 15:50:00,0.85244,0.85278,0.8519,0.85224,0
2025-07-22 15:55:00,0.85224,0.85269,0.85199,0.85243,0
2025-07-22 16:00:00,0.85243,0.85319,0.85193,0.85269,0
2025-07-22 16:05:00,0.85269,0.8534,0.8518,0.85251,0
2025-07-22 16:10:00,0.85251,0.85295,0.8524,0.85284,0
2025-07-22 16:15:00,0.85284,0.85343,0.85268,0.85326,0
2025-07-22 16:20:00,0.85326,0.85428,0.85279,0.85381,0
2025-07-22 16:25:00,0.85381,0.85457,0.85381,0.85457,0
2025-07-22 16:30:00,0.85457,0.85475,0.85402,0.8542,0
2025-07-22 16:35:00,0.8542,0.8543,0.85411,0.85421,0
2025-07-22 16:40:00,0.85421,0.85459,0.85383,0.85421,0
2025-07-22 16:45:00,0.85421,0.85502,0.85336,0.85417,0
2025-07-22 16:50:00,0.85417,0.8545,0.85356,0.85389,0
2025-07-22 16:55:00,0.85389,0.85425,0.8529,0.85326,0
2025-07-22 17:00:00,0.85326,0.85361,0.85295,0.8533,0
2025-07-22 17:05:00,0.8533,0.85386,0.85241,0.85297,0
2025-07-22 17:10:00,0.85297,0.85337,0.85261,0.85301,0
2025-07-22 17:15:00,0.85301,0.85305,0.85262,0.85267,0
2025-07-22 17:20:00,0.85267,0.85268,0.85219,0.8522,0
2025-07-22 17:25:00,0.8522,0.85259,0.85191,0.8523,0
2025-07-22 17:30:00,0.8523,0.85268,0.85199,0.85236,0
2025-07-22 17:35:00,0.85236,0.85274,0.85223,0.85261,0
2025-07-22 17:40:00,0.85261,0.85363,0.85252,0.85354,0
2025-07-22 17:45:00,0.85354,0.85388,0.85333,0.85366,0
2025-07-22 17:50:00,0.85366,0.85393,0.8536,0.85387,0
2025-07-22 17:55:00,0.85387,0.85395,0.85333,0.85341,0
2025-07-22 18:00:00,0.85341,0.85341,0.85286,0.85286,0
2025-07-22 18:05:00,0.85286,0.85381,0.85258,0.85354,0
2025-07-22 18:10:00,0.85354,0.85411,0.85257,0.85314,0
2025-07-22 18:15:00,0.85314,0.85335,0.85249,0.8527,0
2025-07-22 18:20:00,0.8527,0.85298,0.8524,0.85268,0
2025-07-22 18:25:00,0.85268,0.85275,0.85257,0.85264,0
2025-07-22 18:30:00,0.85264,0.85289,0.85201,0.85226,0
2025-07-22 18:35:00,0.85226,0.85249,0.8519,0.85213,0
2025-07-22 18:40:00,0.85213,0.85271,0.85207,0.85265,0
2025-07-22 18:45:00,0.85265,0.85315,0.85181,0.85231,0
2025-07-22 18:50:00,0.85231,0.85242,0.8516,0.85171,0
2025-07-22 18:55:00,0.85171,0.85214,0.85168,0.85211,0
2025-07-22 19:00:00,0.85211,0.8525,0.85194,0.85232,0
2025-07-22 19:05:00,0.85232,0.85284,0.85154,0.85206,0
2025-07-22 19:10:00,0.85206,0.85223,0.85122,0.85139,0
2025-07-22 19:15:00,0.85139,0.85187,0.85059,0.85107,0
2025-07-22 19:20:00,0.85107,0.85116,0.85095,0.85105,0
2025-07-22 19:25:00,0.85105,0.85157,0.85102,0.85154,0
2025-07-22 19:30:00,0.85154,0.85187,0.85077,0.8511,0
2025-07-22 19:35:00,0.8511,0.85111,0.85106,0.85107,0
2025-07-22 19:40:00,0.85107,0.85136,0.85106,0.85135,0
2025-07-22 19:45:00,0.85135,0.85183,0.84986,0.85034,0
2025-07-22 19:50:00,0.85034,0.85097,0.85015,0.85078,0
2025-07-22 19:55:00,0.85078,0.85089,0.85016,0.85028,0
2025-07-22 20:00:00,0.85028,0.85056,0.85013,0.85042,0
2025-07-22 20:05:00,0.85042,0.85068,0.85026,0.85052,0
2025-07-22 20:10:00,0.85052,0.85119,0.85032,0.85098,0
2025-07-22 20:15:00,0.85098,0.85138,0.85082,0.85122,0
2025-07-22 20:20:00,0.85122,0.85128,0.85014,0.85021,0
2025-07-22 20:25:00,0.85021,0.85121,0.84887,0.84987,0
2025-07-22 20:30:00,0.84987,0.8501,0.8497,0.84993,0
2025-07-22 20:35:00,0.84993,0.85031,0.84947,0.84985,0
2025-07-22 20:40:00,0.84985,0.85064,0.84926,0.85005,0
2025-07-22 20:45:00,0.85005,0.85043,0.85001,0.85039,0
2025-07-22 20:50:00,0.85039,0.8512,0.84983,0.85065,0
2025-07-22 20:55:00,0.85065,0.85091,0.85029,0.85056,0
2025-07-22 21:00:00,0.85056,0.85056,0.84977,0.84977,0
2025-07-22 21:05:00,0.84977,0.85023,0.84912,0.84958,0
2025-07-22 21:10:00,0.84958,0.85032,0.84901,0.84975,0
2025-07-22 21:15:00,0.84975,0.84978,0.84926,0.84929,0
2025-07-22 21:20:00,0.84929,0.84958,0.84927,0.84956,0
2025-07-22 21:25:00,0.84956,0.85042,0.84908,0.84994,0
2025-07-22 21:30:00,0.84994,0.85023,0.84971,0.85,0
2025-07-22 21:35:00,0.85,0.85031,0.84839,0.8487,0
2025-07-22 21:40:00,0.8487,0.84892,0.84793,0.84816,0
2025-07-22 21:45:00,0.84816,0.84913,0.84798,0.84896,0
2025-07-22 21:50:00,0.84896,0.84917,0.84851,0.84872,0
2025-07-22 21:55:00,0.84872,0.84946,0.84714,0.84788,0
2025-07-22 22:00:00,0.84788,0.84842,0.84786,0.84841,0
2025-07-22 22:05:00,0.84841,0.84893,0.84789,0.84841,0
2025-07-22 22:10:00,0.84841,0.84945,0.84785,0.84888,0
2025-07-22 22:15:00,0.84888,0.84906,0.84882,0.849,0
2025-07-22 22:20:00,0.849,0.84951,0.84868,0.84919,0
2025-07-22 22:25:00,0.84919,0.84959,0.84895,0.84935,0
2025-07-22 22:30:00,0.84935,0.8503,0.84869,0.84964,0
2025-07-22 22:35:00,0.84964,0.851,0.84926,0.85061,0
2025-07-22 22:40:00,0.85061,0.85138,0.85026,0.85102,0
2025-07-22 22:45:00,0.85102,0.85181,0.84957,0.85035,0
2025-07-22 22:50:00,0.85035,0.8508,0.8501,0.85054,0
2025-07-22 22:55:00,0.85054,0.85106,0.85051,0.85103,0
2025-07-22 23:00:00,0.85103,0.85169,0.85088,0.85154,0
2025-07-22 23:05:00,0.85154,0.85187,0.85102,0.85136,0
2025-07-22 23:10:00,0.85136,0.85257,0.85064,0.85185,0
2025-07-22 23:15:00,0.85185,0.85232,0.85179,0.85225,0
2025-07-22 23:20:00,0.85225,0.85409,0.85151,0.85335,0
2025-07-22 23:25:00,0.85335,0.85383,0.85254,0.85303,0
2025-07-22 23:30:00,0.85303,0.85364,0.8522,0.85281,0
2025-07-22 23:35:00,0.85281,0.85304,0.85245,0.85268,0
2025-07-22 23:40:00,0.85268,0.85291,0.85224,0.85247,0
2025-07-22 23:45:00,0.85247,0.8525,0.85206,0.85209,0
2025-07-22 23:50:00,0.85209,0.85211,0.85089,0.85091,0
2025-07-22 23:55:00,0.85091,0.85196,0.84968,0.85073,0
2025-07-23 00:00:00,0.85073,0.85126,0.85035,0.85089,0
2025-07-23 00:05:00,0.85089,0.85097,0.8506,0.85068,0
2025-07-23 00:10:00,0.85068,0.85172,0.85046,0.8515,0
2025-07-23 00:15:00,0.8515,0.85151,0.8515,0.85151,0
2025-07-23 00:20:00,0.85151,0.85209,0.85147,0.85206,0
2025-07-23 00:25:00,0.85206,0.85253,0.85169,0.85217,0
2025-07-23 00:30:00,0.85217,0.85256,0.85213,0.85252,0
2025-07-23 00:35:00,0.85252,0.85282,0.85234,0.85264,0
2025-07-23 00:40:00,0.85264,0.85334,0.85252,0.85322,0
2025-07-23 00:45:00,0.85322,0.85345,0.85302,0.85325,0
2025-07-23 00:50:00,0.85325,0.85395,0.85275,0.85346,0
2025-07-23 00:55:00,0.85346,0.85394,0.85313,0.85361,0
2025-07-23 01:00:00,0.85361,0.85364,0.85347,0.85349,0
2025-07-23 01:05:00,0.85349,0.85407,0.85308,0.85366,0
2025-07-23 01:10:00,0.85366,0.85483,0.85345,0.85462,0
2025-07-23 01:15:00,0.85462,0.8547,0.85443,0.8545,0
2025-07-23 01:20:00,0.8545,0.85477,0.85441,0.85468,0
2025-07-23 01:25:00,0.85468,0.85539,0.85451,0.85522,0
2025-07-23 01:30:00,0.85522,0.85604,0.85489,0.85571,0
2025-07-23 01:35:00,0.85571,0.85613,0.85529,0.85571,0
2025-07-23 01:40:00,0.85571,0.85629,0.85412,0.85469,0
2025-07-23 01:45:00,0.85469,0.855,0.85461,0.85491,0
2025-07-23 01:50:00,0.85491,0.85543,0.85345,0.85397,0
2025-07-23 01:55:00,0.85397,0.85494,0.85362,0.85459,0
2025-07-23 02:00:00,0.85459,0.8548,0.85446,0.85467,0
2025-07-23 02:05:00,0.85467,0.85556,0.8542,0.85509,0
2025-07-23 02:10:00,0.85509,0.85523,0.85458,0.85471,0
2025-07-23 02:15:00,0.85471,0.85497,0.85379,0.85404,0
2025-07-23 02:20:00,0.85404,0.85435,0.85385,0.85416,0
2025-07-23 02:25:00,0.85416,0.85431,0.85399,0.85414,0
2025-07-23 02:30:00,0.85414,0.85433,0.85374,0.85393,0
2025-07-23 02:35:00,0.85393,0.85422,0.85368,0.85397,0
2025-07-23 02:40:00,0.85397,0.85542,0.85369,0.85515,0
2025-07-23 02:45:00,0.85515,0.85593,0.85473,0.85551,0
2025-07-23 02:50:00,0.85551,0.85627,0.8552,0.85596,0
2025-07-23 02:55:00,0.85596,0.85653,0.85575,0.85632,0
2025-07-23 03:00:00,0.85632,0.85728,0.85599,0.85695,0
2025-07-23 03:05:00,0.85695,0.85764,0.85618,0.85687,0
2025-07-23 03:10:00,0.85687,0.85734,0.85552,0.85599,0
2025-07-23 03:15:00,0.85599,0.85613,0.85577,0.85591,0
2025-07-23 03:20:00,0.85591,0.85661,0.85556,0.85626,0
2025-07-23 03:25:00,0.85626,0.85639,0.85571,0.85584,0
2025-07-23 03:30:00,0.85584,0.85586,0.85575,0.85577,0
2025-07-23 03:35:00,0.85577,0.85586,0.85537,0.85547,0
2025-07-23 03:40:00,0.85547,0.85624,0.85534,0.85611,0
2025-07-23 03:45:00,0.85611,0.85654,0.856,0.85643,0
2025-07-23 03:50:00,0.85643,0.85702,0.85613,0.85671,0
2025-07-23 03:55:00,0.85671,0.85753,0.85616,0.85698,0
2025-07-23 04:00:00,0.85698,0.85717,0.85677,0.85696,0
2025-07-23 04:05:00,0.85696,0.85776,0.85625,0.85705,0
2025-07-23 04:10:00,0.85705,0.85727,0.85632,0.85654,0
2025-07-23 04:15:00,0.85654,0.85662,0.85552,0.8556,0
2025-07-23 04:20:00,0.8556,0.85598,0.8553,0.85567,0
2025-07-23 04:25:00,0.85567,0.85592,0.85555,0.85581,0
2025-07-23 04:30:00,0.85581,0.85658,0.85555,0.85632,0
2025-07-23 04:35:00,0.85632,0.85706,0.85626,0.857,0
2025-07-23 04:40:00,0.857,0.85797,0.8567,0.85767,0
2025-07-23 04:45:00,0.85767,0.85792,0.857,0.85724,0
2025-07-23 04:50:00,0.85724,0.85752,0.85682,0.85709,0
2025-07-23 04:55:00,0.85709,0.85759,0.8568,0.8573,0
2025-07-23 05:00:00,0.8573,0.85875,0.85693,0.85838,0
2025-07-23 05:05:00,0.85838,0.85907,0.85833,0.85902,0
2025-07-23 05:10:00,0.85902,0.86063,0.85788,0.8595,0
2025-07-23 05:15:00,0.8595,0.85987,0.85896,0.85933,0
2025-07-23 05:20:00,0.85933,0.85945,0.85884,0.85895,0
2025-07-23 05:25:00,0.85895,0.8596,0.85865,0.85929,0
2025-07-23 05:30:00,0.85929,0.85933,0.85879,0.85882,0
2025-07-23 05:35:00,0.85882,0.85932,0.85822,0.85872,0
2025-07-23 05:40:00,0.85872,0.85932,0.85807,0.85867,0
2025-07-23 05:45:00,0.85867,0.85987,0.85815,0.85935,0
2025-07-23 05:50:00,0.85935,0.85963,0.85893,0.8592,0
2025-07-23 05:55:00,0.8592,0.85964,0.85771,0.85815,0
2025-07-23 06:00:00,0.85815,0.85854,0.85798,0.85837,0
2025-07-23 06:05:00,0.85837,0.8588,0.85764,0.85807,0
2025-07-23 06:10:00,0.85807,0.85861,0.85755,0.85809,0
2025-07-23 06:15:00,0.85809,0.85817,0.85797,0.85805,0
2025-07-23 06:20:00,0.85805,0.85823,0.85775,0.85793,0
2025-07-23 06:25:00,0.85793,0.85859,0.85762,0.85827,0
2025-07-23 06:30:00,0.85827,0.85845,0.85744,0.85761,0
2025-07-23 06:35:00,0.85761,0.8578,0.85721,0.85739,0
2025-07-23 06:40:00,0.85739,0.85803,0.85705,0.85769,0
2025-07-23 06:45:00,0.85769,0.85772,0.85739,0.85742,0
2025-07-23 06:50:00,0.85742,0.85795,0.85621,0.85673,0
2025-07-23 06:55:00,0.85673,0.85772,0.85603,0.85702,0
2025-07-23 07:00:00,0.85702,0.85776,0.85676,0.8575,0
2025-07-23 07:05:00,0.8575,0.85777,0.85722,0.85748,0
2025-07-23 07:10:00,0.85748,0.85779,0.85634,0.85664,0
2025-07-23 07:15:00,0.85664,0.85733,0.85625,0.85694,0
2025-07-23 07:20:00,0.85694,0.85716,0.85602,0.85623,0
2025-07-23 07:25:00,0.85623,0.85657,0.85603,0.85637,0
2025-07-23 07:30:00,0.85637,0.8566,0.85575,0.85599,0
2025-07-23 07:35:00,0.85599,0.85663,0.85484,0.85549,0
2025-07-23 07:40:00,0.85549,0.85553,0.85526,0.8553,0
2025-07-23 07:45:00,0.8553,0.85547,0.85506,0.85522,0
2025-07-23 07:50:00,0.85522,0.85538,0.85479,0.85495,0
2025-07-23 07:55:00,0.85495,0.85589,0.85426,0.8552,0
2025-07-23 08:00:00,0.8552,0.85573,0.85447,0.85501,0
2025-07-23 08:05:00,0.85501,0.85556,0.85487,0.85543,0
2025-07-23 08:10:00,0.85543,0.8559,0.85508,0.85555,0
2025-07-23 08:15:00,0.85555,0.85587,0.85493,0.85525,0
2025-07-23 08:20:00,0.85525,0.85535,0.85477,0.85488,0
2025-07-23 08:25:00,0.85488,0.85501,0.85404,0.85417,0
2025-07-23 08:30:00,0.85417,0.85463,0.85384,0.8543,0
2025-07-23 08:35:00,0.8543,0.85457,0.85388,0.85415,0
2025-07-23 08:40:00,0.85415,0.85447,0.85281,0.85313,0
2025-07-23 08:45:00,0.85313,0.85375,0.85229,0.85291,0
2025-07-23 08:50:00,0.85291,0.85307,0.85235,0.85252,0
2025-07-23 08:55:00,0.85252,0.85351,0.85221,0.85319,0
2025-07-23 09:00:00,0.85319,0.85331,0.85235,0.85247,0
2025-07-23 09:05:00,0.85247,0.85332,0.851,0.85185,0
2025-07-23 09:10:00,0.85185,0.85236,0.85182,0.85233,0
2025-07-23 09:15:00,0.85233,0.85342,0.85182,0.85291,0
2025-07-23 09:20:00,0.85291,0.85316,0.85233,0.85259,0
2025-07-23 09:25:00,0.85259,0.8526,0.8523,0.85232,0
2025-07-23 09:30:00,0.85232,0.8528,0.8521,0.85258,0
2025-07-23 09:35:00,0.85258,0.85272,0.85145,0.85159,0
2025-07-23 09:40:00,0.85159,0.85186,0.85053,0.8508,0
2025-07-23 09:45:00,0.8508,0.85108,0.85039,0.85068,0
2025-07-23 09:50:00,0.85068,0.85168,0.85033,0.85134,0
2025-07-23 09:55:00,0.85134,0.85175,0.85073,0.85115,0
2025-07-23 10:00:00,0.85115,0.85172,0.85062,0.85119,0
2025-07-23 10:05:00,0.85119,0.85231,0.85056,0.85168,0
2025-07-23 10:10:00,0.85168,0.85262,0.85163,0.85258,0
2025-07-23 10:15:00,0.85258,0.85268,0.85222,0.85233,0
2025-07-23 10:20:00,0.85233,0.8528,0.85185,0.85232,0
2025-07-23 10:25:00,0.85232,0.85335,0.85207,0.8531,0
2025-07-23 10:30:00,0.8531,0.85344,0.85211,0.85245,0
2025-07-23 10:35:00,0.85245,0.85325,0.85209,0.85289,0
2025-07-23 10:40:00,0.85289,0.85306,0.85228,0.85245,0
2025-07-23 10:45:00,0.85245,0.85256,0.85239,0.8525,0
2025-07-23 10:50:00,0.8525,0.85251,0.85238,0.85239,0
2025-07-23 10:55:00,0.85239,0.85277,0.85161,0.85199,0
2025-07-23 11:00:00,0.85199,0.85225,0.8513,0.85157,0
2025-07-23 11:05:00,0.85157,0.85215,0.8511,0.85169,0
2025-07-23 11:10:00,0.85169,0.85279,0.85101,0.85211,0
2025-07-23 11:15:00,0.85211,0.8522,0.85197,0.85205,0
2025-07-23 11:20:00,0.85205,0.85233,0.85181,0.85208,0
2025-07-23 11:25:00,0.85208,0.85286,0.85155,0.85233,0
2025-07-23 11:30:00,0.85233,0.85256,0.85168,0.85191,0
2025-07-23 11:35:00,0.85191,0.85252,0.85162,0.85223,0
2025-07-23 11:40:00,0.85223,0.85259,0.85222,0.85258,0
2025-07-23 11:45:00,0.85258,0.85426,0.85201,0.85369,0
2025-07-23 11:50:00,0.85369,0.8544,0.85282,0.85353,0
2025-07-23 11:55:00,0.85353,0.85381,0.85305,0.85333,0
2025-07-23 12:00:00,0.85333,0.85384,0.85315,0.85366,0
2025-07-23 12:05:00,0.85366,0.85421,0.85346,0.85401,0
2025-07-23 12:10:00,0.85401,0.85415,0.85365,0.85378,0
2025-07-23 12:15:00,0.85378,0.85392,0.85347,0.85361,0
2025-07-23 12:20:00,0.85361,0.85395,0.8535,0.85384,0
2025-07-23 12:25:00,0.85384,0.85443,0.8529,0.85349,0
2025-07-23 12:30:00,0.85349,0.85387,0.85293,0.85331,0
2025-07-23 12:35:00,0.85331,0.85372,0.85294,0.85335,0
2025-07-23 12:40:00,0.85335,0.85405,0.85307,0.85378,0
2025-07-23 12:45:00,0.85378,0.85409,0.8532,0.85352,0
2025-07-23 12:50:00,0.85352,0.85363,0.85262,0.85273,0
2025-07-23 12:55:00,0.85273,0.85313,0.85152,0.85191,0
2025-07-23 13:00:00,0.85191,0.85198,0.85131,0.85138,0
2025-07-23 13:05:00,0.85138,0.85145,0.85075,0.85082,0
2025-07-23 13:10:00,0.85082,0.85086,0.85071,0.85075,0
2025-07-23 13:15:00,0.85075,0.85146,0.84954,0.85025,0
2025-07-23 13:20:00,0.85025,0.85028,0.84992,0.84995,0
2025-07-23 13:25:00,0.84995,0.85018,0.84939,0.84962,0
2025-07-23 13:30:00,0.84962,0.85004,0.84902,0.84943,0
2025-07-23 13:35:00,0.84943,0.8505,0.84893,0.85,0
2025-07-23 13:40:00,0.85,0.85045,0.84982,0.85028,0
2025-07-23 13:45:00,0.85028,0.85029,0.85027,0.85028,0
2025-07-23 13:50:00,0.85028,0.85048,0.84989,0.85009,0
2025-07-23 13:55:00,0.85009,0.85019,0.8498,0.8499,0
2025-07-23 14:00:00,0.8499,0.85039,0.84956,0.85004,0
2025-07-23 14:05:00,0.85004,0.85058,0.84975,0.85029,0
2025-07-23 14:10:00,0.85029,0.85029,0.8499,0.84991,0
2025-07-23 14:15:00,0.84991,0.85022,0.8496,0.84992,0
2025-07-23 14:20:00,0.84992,0.8506,0.84838,0.84906,0
2025-07-23 14:25:00,0.84906,0.84917,0.84904,0.84915,0
2025-07-23 14:30:00,0.84915,0.84962,0.849,0.84947,0
2025-07-23 14:35:00,0.84947,0.84952,0.84931,0.84935,0
2025-07-23 14:40:00,0.84935,0.8503,0.84918,0.85012,0
2025-07-23 14:45:00,0.85012,0.85017,0.8497,0.84975,0
2025-07-23 14:50:00,0.84975,0.85052,0.84908,0.84984,0
2025-07-23 14:55:00,0.84984,0.84996,0.84971,0.84983,0
2025-07-23 15:00:00,0.84983,0.84993,0.84968,0.84978,0
2025-07-23 15:05:00,0.84978,0.85048,0.84904,0.84974,0
2025-07-23 15:10:00,0.84974,0.84997,0.84954,0.84978,0
2025-07-23 15:15:00,0.84978,0.85078,0.84915,0.85014,0
2025-07-23 15:20:00,0.85014,0.85073,0.85014,0.85073,0
2025-07-23 15:25:00,0.85073,0.85135,0.8501,0.85073,0
2025-07-23 15:30:00,0.85073,0.85134,0.85046,0.85107,0
2025-07-23 15:35:00,0.85107,0.85118,0.85067,0.85077,0
2025-07-23 15:40:00,0.85077,0.85112,0.85075,0.8511,0
2025-07-23 15:45:00,0.8511,0.85132,0.85056,0.85078,0
2025-07-23 15:50:00,0.85078,0.85127,0.85075,0.85124,0
2025-07-23 15:55:00,0.85124,0.8525,0.85093,0.85218,0
2025-07-23 16:00:00,0.85218,0.85219,0.85213,0.85213,0
2025-07-23 16:05:00,0.85213,0.85224,0.85109,0.8512,0
2025-07-23 16:10:00,0.8512,0.85128,0.85088,0.85096,0
2025-07-23 16:15:00,0.85096,0.85183,0.85062,0.85149,0
2025-07-23 16:20:00,0.85149,0.85215,0.85106,0.85172,0
2025-07-23 16:25:00,0.85172,0.85206,0.85149,0.85183,0
2025-07-23 16:30:00,0.85183,0.85249,0.85159,0.85226,0
2025-07-23 16:35:00,0.85226,0.8526,0.85213,0.85246,0
2025-07-23 16:40:00,0.85246,0.85352,0.85193,0.85298,0
2025-07-23 16:45:00,0.85298,0.85378,0.85258,0.85338,0
2025-07-23 16:50:00,0.85338,0.85446,0.85294,0.85403,0
2025-07-23 16:55:00,0.85403,0.85427,0.85393,0.85418,0
2025-07-23 17:00:00,0.85418,0.85489,0.85385,0.85457,0
2025-07-23 17:05:00,0.85457,0.85466,0.85434,0.85443,0
2025-07-23 17:10:00,0.85443,0.855,0.85362,0.85418,0
2025-07-23 17:15:00,0.85418,0.8554,0.85368,0.85491,0
2025-07-23 17:20:00,0.85491,0.85557,0.85434,0.855,0
2025-07-23 17:25:00,0.855,0.85563,0.85471,0.85534,0
2025-07-23 17:30:00,0.85534,0.8555,0.85524,0.8554,0
2025-07-23 17:35:00,0.8554,0.85561,0.85493,0.85515,0
2025-07-23 17:40:00,0.85515,0.8553,0.85499,0.85515,0
2025-07-23 17:45:00,0.85515,0.85618,0.85474,0.85576,0
2025-07-23 17:50:00,0.85576,0.85662,0.85515,0.856,0
2025-07-23 17:55:00,0.856,0.85642,0.85485,0.85527,0
2025-07-23 18:00:00,0.85527,0.85538,0.85507,0.85518,0
2025-07-23 18:05:00,0.85518,0.8562,0.85492,0.85594,0
2025-07-23 18:10:00,0.85594,0.8564,0.85539,0.85585,0
2025-07-23 18:15:00,0.85585,0.85585,0.85508,0.85508,0
2025-07-23 18:20:00,0.85508,0.85597,0.855,0.85589,0
2025-07-23 18:25:00,0.85589,0.85659,0.85548,0.85618,0
2025-07-23 18:30:00,0.85618,0.85674,0.8556,0.85615,0
2025-07-23 18:35:00,0.85615,0.85616,0.85598,0.85599,0
2025-07-23 18:40:00,0.85599,0.85683,0.85561,0.85645,0
2025-07-23 18:45:00,0.85645,0.85663,0.85605,0.85622,0
2025-07-23 18:50:00,0.85622,0.85699,0.85595,0.85671,0
2025-07-23 18:55:00,0.85671,0.8574,0.85626,0.85695,0
2025-07-23 19:00:00,0.85695,0.85724,0.85676,0.85705,0
2025-07-23 19:05:00,0.85705,0.85744,0.85673,0.85711,0
2025-07-23 19:10:00,0.85711,0.85759,0.85656,0.85704,0
2025-07-23 19:15:00,0.85704,0.85806,0.85646,0.85749,0
2025-07-23 19:20:00,0.85749,0.8577,0.8569,0.85712,0
2025-07-23 19:25:00,0.85712,0.85745,0.85609,0.85642,0
2025-07-23 19:30:00,0.85642,0.85678,0.85633,0.85668,0
2025-07-23 19:35:00,0.85668,0.85738,0.85626,0.85696,0
2025-07-23 19:40:00,0.85696,0.85749,0.85663,0.85716,0
2025-07-23 19:45:00,0.85716,0.85776,0.85674,0.85734,0
2025-07-23 19:50:00,0.85734,0.8574,0.85714,0.8572,0
2025-07-23 19:55:00,0.8572,0.85755,0.85718,0.85754,0
2025-07-23 20:00:00,0.85754,0.85779,0.85727,0.85752,0
2025-07-23 20:05:00,0.85752,0.85774,0.85709,0.85731,0
2025-07-23 20:10:00,0.85731,0.85755,0.85693,0.85717,0
2025-07-23 20:15:00,0.85717,0.85807,0.85714,0.85804,0
2025-07-23 20:20:00,0.85804,0.85839,0.85694,0.8573,0
2025-07-23 20:25:00,0.8573,0.85831,0.8565,0.85751,0
2025-07-23 20:30:00,0.85751,0.85804,0.85626,0.85679,0
2025-07-23 20:35:00,0.85679,0.8569,0.85663,0.85674,0
2025-07-23 20:40:00,0.85674,0.85712,0.85618,0.85656,0
2025-07-23 20:45:00,0.85656,0.85692,0.85531,0.85567,0
2025-07-23 20:50:00,0.85567,0.85616,0.85534,0.85583,0
2025-07-23 20:55:00,0.85583,0.85607,0.85543,0.85567,0
2025-07-23 21:00:00,0.85567,0.85588,0.85457,0.85477,0
2025-07-23 21:05:00,0.85477,0.85516,0.85475,0.85513,0
2025-07-23 21:10:00,0.85513,0.85586,0.85502,0.85575,0
2025-07-23 21:15:00,0.85575,0.85655,0.85558,0.85638,0
2025-07-23 21:20:00,0.85638,0.85654,0.85638,0.85654,0
2025-07-23 21:25:00,0.85654,0.85702,0.85607,0.85656,0
2025-07-23 21:30:00,0.85656,0.85738,0.8563,0.85713,0
2025-07-23 21:35:00,0.85713,0.85787,0.85711,0.85785,0
2025-07-23 21:40:00,0.85785,0.85874,0.85744,0.85833,0
2025-07-23 21:45:00,0.85833,0.85858,0.85768,0.85793,0
2025-07-23 21:50:00,0.85793,0.85858,0.85737,0.85802,0
2025-07-23 21:55:00,0.85802,0.85822,0.858,0.8582,0
2025-07-23 22:00:00,0.8582,0.85866,0.85697,0.85743,0
2025-07-23 22:05:00,0.85743,0.85769,0.85737,0.85763,0
2025-07-23 22:10:00,0.85763,0.85867,0.85756,0.8586,0
2025-07-23 22:15:00,0.8586,0.85918,0.8583,0.85888,0
2025-07-23 22:20:00,0.85888,0.86013,0.85826,0.85951,0
2025-07-23 22:25:00,0.85951,0.85995,0.85915,0.85959,0
2025-07-23 22:30:00,0.85959,0.85984,0.85931,0.85956,0
2025-07-23 22:35:00,0.85956,0.85992,0.85936,0.85972,0
2025-07-23 22:40:00,0.85972,0.86037,0.85872,0.85937,0
2025-07-23 22:45:00,0.85937,0.85982,0.85851,0.85896,0
2025-07-23 22:50:00,0.85896,0.85972,0.85874,0.8595,0
2025-07-23 22:55:00,0.8595,0.86041,0.85919,0.86009,0
2025-07-23 23:00:00,0.86009,0.86029,0.85947,0.85967,0
2025-07-23 23:05:00,0.85967,0.86014,0.85961,0.86008,0
2025-07-23 23:10:00,0.86008,0.86045,0.85967,0.86005,0
2025-07-23 23:15:00,0.86005,0.86024,0.86,0.86019,0
2025-07-23 23:20:00,0.86019,0.86073,0.85985,0.86039,0
2025-07-23 23:25:00,0.86039,0.86099,0.86022,0.86082,0
2025-07-23 23:30:00,0.86082,0.86114,0.86053,0.86085,0
2025-07-23 23:35:00,0.86085,0.86198,0.86034,0.86146,0
2025-07-23 23:40:00,0.86146,0.86172,0.86133,0.86159,0
2025-07-23 23:45:00,0.86159,0.86219,0.86127,0.86186,0
2025-07-23 23:50:00,0.86186,0.86197,0.8614,0.8615,0
2025-07-23 23:55:00,0.8615,0.8626,0.86134,0.86243,0
2025-07-24 00:00:00,0.86243,0.8628,0.86227,0.86264,0
2025-07-24 00:05:00,0.86264,0.86308,0.8625,0.86294,0
2025-07-24 00:10:00,0.86294,0.86304,0.86216,0.86225,0
2025-07-24 00:15:00,0.86225,0.86262,0.86152,0.8619,0
2025-07-24 00:20:00,0.8619,0.86274,0.86159,0.86243,0
2025-07-24 00:25:00,0.86243,0.86278,0.86221,0.86255,0
2025-07-24 00:30:00,0.86255,0.86286,0.86142,0.86173,0
2025-07-24 00:35:00,0.86173,0.86252,0.86138,0.86218,0
2025-07-24 00:40:00,0.86218,0.86241,0.86171,0.86194,0
2025-07-24 00:45:00,0.86194,0.86274,0.86175,0.86255,0
2025-07-24 00:50:00,0.86255,0.86256,0.86251,0.86251,0
2025-07-24 00:55:00,0.86251,0.8631,0.86202,0.8626,0
2025-07-24 01:00:00,0.8626,0.86339,0.86232,0.86311,0
2025-07-24 01:05:00,0.86311,0.86339,0.86244,0.86272,0
2025-07-24 01:10:00,0.86272,0.86339,0.86162,0.86229,0
2025-07-24 01:15:00,0.86229,0.86254,0.86196,0.86221,0
2025-07-24 01:20:00,0.86221,0.86291,0.86186,0.86257,0
2025-07-24 01:25:00,0.86257,0.86282,0.86174,0.86199,0
2025-07-24 01:30:00,0.86199,0.86208,0.86118,0.86127,0
2025-07-24 01:35:00,0.86127,0.86245,0.86045,0.86163,0
2025-07-24 01:40:00,0.86163,0.8617,0.8613,0.86137,0
2025-07-24 01:45:00,0.86137,0.86156,0.86101,0.8612,0
2025-07-24 01:50:00,0.8612,0.86147,0.86013,0.8604,0
2025-07-24 01:55:00,0.8604,0.86052,0.85998,0.86011,0
2025-07-24 02:00:00,0.86011,0.86032,0.85989,0.8601,0
2025-07-24 02:05:00,0.8601,0.86071,0.8599,0.8605,0
2025-07-24 02:10:00,0.8605,0.86076,0.85992,0.86017,0
2025-07-24 02:15:00,0.86017,0.86115,0.8599,0.86089,0
2025-07-24 02:20:00,0.86089,0.86106,0.86042,0.86059,0
2025-07-24 02:25:00,0.86059,0.86137,0.85952,0.8603,0
2025-07-24 02:30:00,0.8603,0.86134,0.85992,0.86096,0
2025-07-24 02:35:00,0.86096,0.86131,0.8607,0.86105,0
2025-07-24 02:40:00,0.86105,0.86108,0.86079,0.86081,0
2025-07-24 02:45:00,0.86081,0.86114,0.86041,0.86075,0
2025-07-24 02:50:00,0.86075,0.86151,0.86057,0.86133,0
2025-07-24 02:55:00,0.86133,0.86239,0.8609,0.86196,0
2025-07-24 03:00:00,0.86196,0.86202,0.86155,0.86161,0
2025-07-24 03:05:00,0.86161,0.86176,0.86144,0.86159,0
2025-07-24 03:10:00,0.86159,0.86177,0.86145,0.86163,0
2025-07-24 03:15:00,0.86163,0.86163,0.8612,0.8612,0
2025-07-24 03:20:00,0.8612,0.86174,0.86064,0.86118,0
2025-07-24 03:25:00,0.86118,0.8614,0.86096,0.86118,0
2025-07-24 03:30:00,0.86118,0.86182,0.86104,0.86167,0
2025-07-24 03:35:00,0.86167,0.86233,0.86153,0.86219,0
2025-07-24 03:40:00,0.86219,0.86222,0.86203,0.86205,0
2025-07-24 03:45:00,0.86205,0.86255,0.86146,0.86196,0
2025-07-24 03:50:00,0.86196,0.86253,0.86167,0.86225,0
2025-07-24 03:55:00,0.86225,0.86259,0.86165,0.86199,0
2025-07-24 04:00:00,0.86199,0.86248,0.86176,0.86225,0
2025-07-24 04:05:00,0.86225,0.86247,0.86199,0.86221,0
2025-07-24 04:10:00,0.86221,0.86249,0.86151,0.86179,0
2025-07-24 04:15:00,0.86179,0.86209,0.86108,0.86138,0
2025-07-24 04:20:00,0.86138,0.86206,0.86132,0.862,0
2025-07-24 04:25:00,0.862,0.8625,0.86144,0.86194,0
2025-07-24 04:30:00,0.86194,0.8628,0.86178,0.86264,0
2025-07-24 04:35:00,0.86264,0.86272,0.86234,0.86242,0
2025-07-24 04:40:00,0.86242,0.86263,0.86234,0.86255,0
2025-07-24 04:45:00,0.86255,0.86359,0.86253,0.86358,0
2025-07-24 04:50:00,0.86358,0.86383,0.86287,0.86312,0
2025-07-24 04:55:00,0.86312,0.86334,0.86209,0.8623,0
2025-07-24 05:00:00,0.8623,0.86287,0.86229,0.86286,0
2025-07-24 05:05:00,0.86286,0.86292,0.86244,0.8625,0
2025-07-24 05:10:00,0.8625,0.86263,0.86237,0.86249,0
2025-07-24 05:15:00,0.86249,0.8629,0.86184,0.86224,0
2025-07-24 05:20:00,0.86224,0.86267,0.86193,0.86236,0
2025-07-24 05:25:00,0.86236,0.86313,0.86117,0.86195,0
2025-07-24 05:30:00,0.86195,0.86214,0.86167,0.86187,0
2025-07-24 05:35:00,0.86187,0.86249,0.86144,0.86206,0
2025-07-24 05:40:00,0.86206,0.86211,0.86158,0.86163,0
2025-07-24 05:45:00,0.86163,0.86176,0.8612,0.86133,0
2025-07-24 05:50:00,0.86133,0.86154,0.86097,0.86118,0
2025-07-24 05:55:00,0.86118,0.8616,0.86014,0.86056,0
2025-07-24 06:00:00,0.86056,0.86058,0.86036,0.86038,0
2025-07-24 06:05:00,0.86038,0.86102,0.8598,0.86043,0
2025-07-24 06:10:00,0.86043,0.86103,0.85966,0.86026,0
2025-07-24 06:15:00,0.86026,0.86061,0.8598,0.86014,0
2025-07-24 06:20:00,0.86014,0.86026,0.86002,0.86013,0
2025-07-24 06:25:00,0.86013,0.86049,0.8595,0.85985,0
2025-07-24 06:30:00,0.85985,0.8604,0.8596,0.86015,0
2025-07-24 06:35:00,0.86015,0.86082,0.86009,0.86077,0
2025-07-24 06:40:00,0.86077,0.86096,0.86037,0.86057,0
2025-07-24 06:45:00,0.86057,0.861,0.86035,0.86078,0
2025-07-24 06:50:00,0.86078,0.86084,0.86061,0.86067,0
2025-07-24 06:55:00,0.86067,0.86089,0.86062,0.86083,0
2025-07-24 07:00:00,0.86083,0.86159,0.86074,0.8615,0
2025-07-24 07:05:00,0.8615,0.8619,0.86133,0.86172,0
2025-07-24 07:10:00,0.86172,0.86193,0.86076,0.86096,0
2025-07-24 07:15:00,0.86096,0.86163,0.86049,0.86116,0
2025-07-24 07:20:00,0.86116,0.86226,0.86059,0.86169,0
2025-07-24 07:25:00,0.86169,0.86256,0.86072,0.86159,0
2025-07-24 07:30:00,0.86159,0.86218,0.86143,0.86202,0
2025-07-24 07:35:00,0.86202,0.86248,0.86126,0.86172,0
2025-07-24 07:40:00,0.86172,0.86199,0.86081,0.86108,0
2025-07-24 07:45:00,0.86108,0.86132,0.8609,0.86114,0
2025-07-24 07:50:00,0.86114,0.86161,0.85992,0.86039,0
2025-07-24 07:55:00,0.86039,0.86081,0.85986,0.86028,0
2025-07-24 08:00:00,0.86028,0.86088,0.86024,0.86084,0
2025-07-24 08:05:00,0.86084,0.86091,0.85995,0.86002,0
2025-07-24 08:10:00,0.86002,0.86032,0.85916,0.85947,0
2025-07-24 08:15:00,0.85947,0.85959,0.8589,0.85902,0
2025-07-24 08:20:00,0.85902,0.85957,0.85845,0.859,0
2025-07-24 08:25:00,0.859,0.85921,0.85862,0.85884,0
2025-07-24 08:30:00,0.85884,0.85983,0.85845,0.85944,0
2025-07-24 08:35:00,0.85944,0.85988,0.85941,0.85985,0
2025-07-24 08:40:00,0.85985,0.8602,0.85971,0.86006,0
2025-07-24 08:45:00,0.86006,0.86029,0.8599,0.86013,0
2025-07-24 08:50:00,0.86013,0.86059,0.85983,0.86029,0
2025-07-24 08:55:00,0.86029,0.86065,0.85956,0.85992,0
2025-07-24 09:00:00,0.85992,0.86043,0.85979,0.86029,0
2025-07-24 09:05:00,0.86029,0.86046,0.85964,0.85981,0
2025-07-24 09:10:00,0.85981,0.8607,0.85929,0.86017,0
2025-07-24 09:15:00,0.86017,0.86105,0.8598,0.86068,0
2025-07-24 09:20:00,0.86068,0.86097,0.86049,0.86077,0
2025-07-24 09:25:00,0.86077,0.86083,0.86064,0.8607,0
2025-07-24 09:30:00,0.8607,0.86107,0.8605,0.86087,0
2025-07-24 09:35:00,0.86087,0.86115,0.85937,0.85964,0
2025-07-24 09:40:00,0.85964,0.85984,0.85957,0.85977,0
2025-07-24 09:45:00,0.85977,0.86012,0.85937,0.85972,0
2025-07-24 09:50:00,0.85972,0.85974,0.85968,0.8597,0
2025-07-24 09:55:00,0.8597,0.86006,0.85964,0.86,0
2025-07-24 10:00:00,0.86,0.86033,0.85964,0.85997,0
2025-07-24 10:05:00,0.85997,0.86011,0.85934,0.85948,0
2025-07-24 10:10:00,0.85948,0.85964,0.85926,0.85942,0
2025-07-24 10:15:00,0.85942,0.85956,0.85931,0.85945,0
2025-07-24 10:20:00,0.85945,0.85956,0.85938,0.8595,0
2025-07-24 10:25:00,0.8595,0.85982,0.85925,0.85957,0
2025-07-24 10:30:00,0.85957,0.86012,0.85947,0.86002,0
2025-07-24 10:35:00,0.86002,0.86013,0.85943,0.85955,0
2025-07-24 10:40:00,0.85955,0.86022,0.85896,0.85962,0
2025-07-24 10:45:00,0.85962,0.86065,0.85915,0.86018,0
2025-07-24 10:50:00,0.86018,0.8604,0.85921,0.85943,0
2025-07-24 10:55:00,0.85943,0.85964,0.8593,0.85951,0
2025-07-24 11:00:00,0.85951,0.85954,0.85923,0.85926,0
2025-07-24 11:05:00,0.85926,0.8597,0.85866,0.8591,0
2025-07-24 11:10:00,0.8591,0.85918,0.85864,0.85871,0
2025-07-24 11:15:00,0.85871,0.85875,0.8586,0.85864,0
2025-07-24 11:20:00,0.85864,0.85951,0.85856,0.85943,0
2025-07-24 11:25:00,0.85943,0.85959,0.85872,0.85889,0
2025-07-24 11:30:00,0.85889,0.85921,0.85806,0.85838,0
2025-07-24 11:35:00,0.85838,0.85863,0.85758,0.85782,0
2025-07-24 11:40:00,0.85782,0.85881,0.85759,0.85857,0
2025-07-24 11:45:00,0.85857,0.85907,0.85786,0.85837,0
2025-07-24 11:50:00,0.85837,0.85864,0.85809,0.85836,0
2025-07-24 11:55:00,0.85836,0.85849,0.85805,0.85818,0
2025-07-24 12:00:00,0.85818,0.85822,0.85774,0.85778,0
2025-07-24 12:05:00,0.85778,0.85781,0.85764,0.85768,0
2025-07-24 12:10:00,0.85768,0.85874,0.85767,0.85873,0
2025-07-24 12:15:00,0.85873,0.8595,0.85857,0.85933,0
2025-07-24 12:20:00,0.85933,0.86022,0.85808,0.85896,0
2025-07-24 12:25:00,0.85896,0.85931,0.8589,0.85924,0
2025-07-24 12:30:00,0.85924,0.85947,0.85865,0.85889,0
2025-07-24 12:35:00,0.85889,0.85948,0.85753,0.85812,0
2025-07-24 12:40:00,0.85812,0.85873,0.85795,0.85856,0
2025-07-24 12:45:00,0.85856,0.85949,0.85813,0.85906,0
2025-07-24 12:50:00,0.85906,0.85965,0.85892,0.85951,0
2025-07-24 12:55:00,0.85951,0.86104,0.85777,0.85931,0
2025-07-24 13:00:00,0.85931,0.85954,0.859,0.85923,0
2025-07-24 13:05:00,0.85923,0.86023,0.85856,0.85956,0
2025-07-24 13:10:00,0.85956,0.86042,0.85886,0.85972,0
2025-07-24 13:15:00,0.85972,0.86026,0.85902,0.85956,0
2025-07-24 13:20:00,0.85956,0.86053,0.85789,0.85886,0
2025-07-24 13:25:00,0.85886,0.85924,0.85853,0.85891,0
2025-07-24 13:30:00,0.85891,0.85938,0.85891,0.85937,0
2025-07-24 13:35:00,0.85937,0.86019,0.85804,0.85886,0
2025-07-24 13:40:00,0.85886,0.85929,0.8587,0.85913,0
2025-07-24 13:45:00,0.85913,0.85968,0.85873,0.85927,0
2025-07-24 13:50:00,0.85927,0.85972,0.85915,0.8596,0
2025-07-24 13:55:00,0.8596,0.86018,0.85939,0.85997,0
2025-07-24 14:00:00,0.85997,0.86012,0.85953,0.85967,0
2025-07-24 14:05:00,0.85967,0.86032,0.85833,0.85898,0
2025-07-24 14:10:00,0.85898,0.85922,0.85851,0.85875,0
2025-07-24 14:15:00,0.85875,0.85974,0.85814,0.85913,0
2025-07-24 14:20:00,0.85913,0.85953,0.8585,0.8589,0
2025-07-24 14:25:00,0.8589,0.85959,0.8579,0.8586,0
2025-07-24 14:30:00,0.8586,0.85913,0.85729,0.85782,0
2025-07-24 14:35:00,0.85782,0.85887,0.85752,0.85857,0
2025-07-24 14:40:00,0.85857,0.85948,0.85801,0.85893,0
2025-07-24 14:45:00,0.85893,0.85927,0.85891,0.85926,0
2025-07-24 14:50:00,0.85926,0.85981,0.85912,0.85967,0
2025-07-24 14:55:00,0.85967,0.86042,0.85917,0.85992,0
2025-07-24 15:00:00,0.85992,0.86019,0.85954,0.85982,0
2025-07-24 15:05:00,0.85982,0.86003,0.85953,0.85974,0
2025-07-24 15:10:00,0.85974,0.85994,0.85937,0.85956,0
2025-07-24 15:15:00,0.85956,0.86075,0.8595,0.86069,0
2025-07-24 15:20:00,0.86069,0.86162,0.86001,0.86093,0
2025-07-24 15:25:00,0.86093,0.86105,0.86062,0.86073,0
2025-07-24 15:30:00,0.86073,0.86094,0.86073,0.86093,0
2025-07-24 15:35:00,0.86093,0.86099,0.86044,0.8605,0
2025-07-24 15:40:00,0.8605,0.86128,0.86037,0.86115,0
2025-07-24 15:45:00,0.86115,0.86123,0.86078,0.86086,0
2025-07-24 15:50:00,0.86086,0.86117,0.86077,0.86108,0
2025-07-24 15:55:00,0.86108,0.86164,0.86098,0.86154,0
2025-07-24 16:00:00,0.86154,0.86205,0.86119,0.8617,0
2025-07-24 16:05:00,0.8617,0.86178,0.86167,0.86174,0
2025-07-24 16:10:00,0.86174,0.86186,0.86163,0.86175,0
2025-07-24 16:15:00,0.86175,0.86181,0.86166,0.86172,0
2025-07-24 16:20:00,0.86172,0.86195,0.86125,0.86148,0
2025-07-24 16:25:00,0.86148,0.86166,0.8611,0.86128,0
2025-07-24 16:30:00,0.86128,0.86211,0.86109,0.86192,0
2025-07-24 16:35:00,0.86192,0.86205,0.86174,0.86187,0
2025-07-24 16:40:00,0.86187,0.86188,0.86152,0.86153,0
2025-07-24 16:45:00,0.86153,0.86164,0.8612,0.86131,0
2025-07-24 16:50:00,0.86131,0.8619,0.8612,0.86179,0
2025-07-24 16:55:00,0.86179,0.86225,0.86161,0.86208,0
2025-07-24 17:00:00,0.86208,0.86289,0.8615,0.86232,0
2025-07-24 17:05:00,0.86232,0.86245,0.86207,0.86221,0
2025-07-24 17:10:00,0.86221,0.86254,0.86213,0.86245,0
2025-07-24 17:15:00,0.86245,0.86275,0.86188,0.86218,0
2025-07-24 17:20:00,0.86218,0.86236,0.86188,0.86206,0
2025-07-24 17:25:00,0.86206,0.86315,0.8614,0.86248,0
2025-07-24 17:30:00,0.86248,0.86299,0.86235,0.86286,0
2025-07-24 17:35:00,0.86286,0.86317,0.86213,0.86244,0
2025-07-24 17:40:00,0.86244,0.86278,0.86172,0.86207,0
2025-07-24 17:45:00,0.86207,0.86272,0.86146,0.86211,0
2025-07-24 17:50:00,0.86211,0.8634,0.86158,0.86286,0
2025-07-24 17:55:00,0.86286,0.86334,0.86155,0.86203,0
2025-07-24 18:00:00,0.86203,0.86236,0.86182,0.86215,0
2025-07-24 18:05:00,0.86215,0.86247,0.86125,0.86156,0
2025-07-24 18:10:00,0.86156,0.86219,0.86065,0.86129,0
2025-07-24 18:15:00,0.86129,0.86141,0.86101,0.86113,0
2025-07-24 18:20:00,0.86113,0.86122,0.86085,0.86095,0
2025-07-24 18:25:00,0.86095,0.86145,0.86022,0.86072,0
2025-07-24 18:30:00,0.86072,0.86095,0.86049,0.86072,0
2025-07-24 18:35:00,0.86072,0.86149,0.85972,0.86049,0
2025-07-24 18:40:00,0.86049,0.86058,0.85978,0.85986,0
2025-07-24 18:45:00,0.85986,0.86034,0.85972,0.8602,0
2025-07-24 18:50:00,0.8602,0.86074,0.85998,0.86052,0
2025-07-24 18:55:00,0.86052,0.86153,0.85988,0.86088,0
2025-07-24 19:00:00,0.86088,0.86098,0.86012,0.86022,0
2025-07-24 19:05:00,0.86022,0.86075,0.85982,0.86035,0
2025-07-24 19:10:00,0.86035,0.86085,0.86014,0.86064,0
2025-07-24 19:15:00,0.86064,0.86065,0.86019,0.8602,0
2025-07-24 19:20:00,0.8602,0.86055,0.85985,0.8602,0
2025-07-24 19:25:00,0.8602,0.86028,0.86007,0.86015,0
2025-07-24 19:30:00,0.86015,0.8613,0.8598,0.86094,0
2025-07-24 19:35:00,0.86094,0.86192,0.86079,0.86177,0
2025-07-24 19:40:00,0.86177,0.86183,0.861,0.86106,0
2025-07-24 19:45:00,0.86106,0.86241,0.86078,0.86213,0
2025-07-24 19:50:00,0.86213,0.86243,0.86143,0.86174,0
2025-07-24 19:55:00,0.86174,0.86325,0.86064,0.86216,0
2025-07-24 20:00:00,0.86216,0.86271,0.86202,0.86258,0
2025-07-24 20:05:00,0.86258,0.86348,0.86125,0.86215,0
2025-07-24 20:10:00,0.86215,0.86289,0.86162,0.86236,0
2025-07-24 20:15:00,0.86236,0.86245,0.86223,0.86231,0
2025-07-24 20:20:00,0.86231,0.86256,0.86231,0.86255,0
2025-07-24 20:25:00,0.86255,0.86281,0.86239,0.86265,0
2025-07-24 20:30:00,0.86265,0.86353,0.86229,0.86317,0
2025-07-24 20:35:00,0.86317,0.86337,0.863,0.8632,0
2025-07-24 20:40:00,0.8632,0.86325,0.86308,0.86313,0
2025-07-24 20:45:00,0.86313,0.86388,0.86285,0.8636,0
2025-07-24 20:50:00,0.8636,0.86386,0.8636,0.86385,0
2025-07-24 20:55:00,0.86385,0.86528,0.86274,0.86417,0
2025-07-24 21:00:00,0.86417,0.86422,0.86383,0.86388,0
2025-07-24 21:05:00,0.86388,0.86395,0.86336,0.86343,0
2025-07-24 21:10:00,0.86343,0.86403,0.86259,0.86319,0
2025-07-24 21:15:00,0.86319,0.86338,0.86273,0.86292,0
2025-07-24 21:20:00,0.86292,0.86366,0.86252,0.86326,0
2025-07-24 21:25:00,0.86326,0.86415,0.86279,0.86368,0
2025-07-24 21:30:00,0.86368,0.86443,0.86286,0.86361,0
2025-07-24 21:35:00,0.86361,0.86424,0.8636,0.86423,0
2025-07-24 21:40:00,0.86423,0.8653,0.86375,0.86482,0
2025-07-24 21:45:00,0.86482,0.86494,0.86481,0.86493,0
2025-07-24 21:50:00,0.86493,0.86504,0.86445,0.86457,0
2025-07-24 21:55:00,0.86457,0.8659,0.86392,0.86525,0
2025-07-24 22:00:00,0.86525,0.86541,0.86507,0.86523,0
2025-07-24 22:05:00,0.86523,0.86551,0.86499,0.86528,0
2025-07-24 22:10:00,0.86528,0.8659,0.86451,0.86513,0
2025-07-24 22:15:00,0.86513,0.86553,0.86435,0.86475,0
2025-07-24 22:20:00,0.86475,0.86502,0.86385,0.86411,0
2025-07-24 22:25:00,0.86411,0.86478,0.86372,0.86439,0
2025-07-24 22:30:00,0.86439,0.86459,0.86384,0.86405,0
2025-07-24 22:35:00,0.86405,0.8656,0.86382,0.86537,0
2025-07-24 22:40:00,0.86537,0.86555,0.86472,0.8649,0
2025-07-24 22:45:00,0.8649,0.86521,0.86405,0.86436,0
2025-07-24 22:50:00,0.86436,0.86522,0.86372,0.86458,0
2025-07-24 22:55:00,0.86458,0.86577,0.86405,0.86524,0
2025-07-24 23:00:00,0.86524,0.86553,0.86498,0.86527,0
2025-07-24 23:05:00,0.86527,0.86556,0.86522,0.86552,0
2025-07-24 23:10:00,0.86552,0.86565,0.86458,0.86472,0
2025-07-24 23:15:00,0.86472,0.86483,0.86431,0.86443,0
2025-07-24 23:20:00,0.86443,0.86482,0.86357,0.86396,0
2025-07-24 23:25:00,0.86396,0.86436,0.86274,0.86314,0
2025-07-24 23:30:00,0.86314,0.8635,0.86284,0.86319,0
2025-07-24 23:35:00,0.86319,0.86328,0.86214,0.86223,0
2025-07-24 23:40:00,0.86223,0.86252,0.86136,0.86166,0
2025-07-24 23:45:00,0.86166,0.86172,0.86136,0.86142,0
2025-07-24 23:50:00,0.86142,0.86154,0.86095,0.86107,0
2025-07-24 23:55:00,0.86107,0.86243,0.85987,0.86124,0
