Price,Close,High,Low,Open,Volume,EMA_F,EMA_S,RSI,LongCond,Pos,Ret,StratRet
Ticker,Audcad=X,Audcad=X,Audcad=X,Audcad=X,Audcad=X,,,,,,,
Datetime,,,,,,,,,,,,
2025-05-01 23:00:00+00:00,0.8842200040817261,0.8845999836921692,0.8830400109291077,0.883870005607605,0,0.8842200040817261,0.8842200040817261,50.0,False,0,0.0,0.0
2025-05-02 00:00:00+00:00,0.8865299820899963,0.8871899843215942,0.8829900026321411,0.8841800093650818,0,0.8844917662003461,0.8842957410656037,50.0,True,0,0.0026124471258361925,0.0
2025-05-02 01:00:00+00:00,0.886489987373352,0.8867499828338623,0.8847600221633911,0.8865699768066406,0,0.8847268510442291,0.8843676835674971,99.86699333579128,False,1,-4.511377782168147e-05,-4.511377782168147e-05
2025-05-02 02:00:00+00:00,0.8862900137901306,0.8869600296020508,0.8852199912071228,0.8864799737930298,0,0.8849107525437468,0.8844307107879112,99.15684221490417,False,0,-0.00022557906583242637,-0.0
2025-05-02 03:00:00+00:00,0.8866999745368958,0.8870499730110168,0.8842099905014038,0.8862699866294861,0,0.8851212492488232,0.8845051128780418,99.16987468657426,False,0,0.0004625582375819004,0.0
2025-05-02 04:00:00+00:00,0.8862500190734863,0.886709988117218,0.884440004825592,0.8866999745368958,0,0.8852540456987835,0.8845623229172367,97.39058425333974,False,0,-0.0005074495052787009,-0.0
2025-05-02 05:00:00+00:00,0.8857799768447876,0.88646000623703,0.8849999904632568,0.8862900137901306,0,0.8853159199512546,0.8846022459968285,95.46369241036203,False,0,-0.0005303720378929677,-0.0
2025-05-02 06:00:00+00:00,0.885450005531311,0.886650025844574,0.8843700289726257,0.8857200145721436,0,0.8853316947253789,0.8846300413914017,94.05682019902714,False,0,-0.0003725206282625404,-0.0
2025-05-02 07:00:00+00:00,0.8862500190734863,0.8868499994277954,0.8845599889755249,0.8854299783706665,0,0.8854397328839797,0.8846831554137651,94.27703345915155,False,0,0.0009035106862924636,0.0
2025-05-02 08:00:00+00:00,0.8877900242805481,0.8880900144577026,0.8851400017738342,0.8862400054931641,0,0.8857162377541642,0.8847850199667744,94.68527302226924,False,0,0.001737664512178716,0.0
2025-05-02 09:00:00+00:00,0.8894199728965759,0.8899700045585632,0.8865699768066406,0.8877599835395813,0,0.8861519713003302,0.884936985636604,95.08490668109735,False,0,0.0018359618507188813,0.0
2025-05-02 10:00:00+00:00,0.8889399766921997,0.8898299932479858,0.8878600001335144,0.889519989490509,0,0.8864799719346678,0.8850682312449841,92.87025061455337,False,0,-0.000539673291586884,-0.0
2025-05-02 11:00:00+00:00,0.8890100121498108,0.8898699879646301,0.8880299925804138,0.8890100121498108,0,0.8867776237246846,0.8851974699631752,92.89624905419545,False,0,7.878536172012396e-05,0.0
2025-05-02 12:00:00+00:00,0.89096999168396,0.8911299705505371,0.8871399760246277,0.8890299797058105,0,0.8872708434845993,0.885386732970414,93.59963839047195,False,0,0.0022046765586019035,0.0
2025-05-02 13:00:00+00:00,0.8904299736022949,0.8914499878883362,0.8892800211906433,0.8909599781036377,0,0.8876425058513869,0.8855520851222789,90.92818247475839,False,0,-0.0006061013128448867,-0.0
2025-05-02 14:00:00+00:00,0.8901100158691406,0.8911399841308594,0.8888000249862671,0.8904100060462952,0,0.8879328011475932,0.885701525474635,89.30187222976387,False,0,-0.000359329472995884,-0.0
2025-05-02 15:00:00+00:00,0.8887799978256226,0.8905400037765503,0.8876399993896484,0.8901500105857849,0,0.8880324713450084,0.8858024589943394,82.6817761855332,False,0,-0.0014942175908664312,-0.0
2025-05-02 16:00:00+00:00,0.8893300294876099,0.8902300000190735,0.8878999948501587,0.8887500166893005,0,0.888185125244138,0.885918117043299,83.23527290945577,False,0,0.0006188614317750307,0.0
2025-05-02 17:00:00+00:00,0.8898599743843079,0.8899400234222412,0.8880900144577026,0.8892800211906433,0,0.888382166319452,0.8860473582675944,83.77337851960026,False,0,0.0005958922774746966,0.0
2025-05-02 18:00:00+00:00,0.8898599743843079,0.8901799917221069,0.8886799812316895,0.8898599743843079,0,0.888556026091788,0.8861723620746997,83.77337851960026,False,0,0.0,0.0
2025-05-02 19:00:00+00:00,0.8902199864387512,0.8907700181007385,0.8889200091362,0.8898699879646301,0,0.8887517861326071,0.8863050710702424,84.17360761384955,False,0,0.00040457157845819047,0.0
2025-05-02 20:00:00+00:00,0.8907899856567383,0.8909199833869934,0.8892099857330322,0.8901699781417847,0,0.8889915743119166,0.8864521174501274,84.81233206841341,False,0,0.0006402902952866718,0.0
2025-05-02 21:00:00+00:00,0.8894400000572205,0.8894400000572205,0.8892300128936768,0.8892300128936768,0,0.8890443302819523,0.8865500808142944,76.8968110869657,False,0,-0.0015154925641901462,-0.0
2025-05-04 23:00:00+00:00,0.8907600045204163,0.8921800255775452,0.8899400234222412,0.8920400142669678,0,0.8892461743100069,0.8866881110997411,78.96414927399782,False,0,0.0014840848883690416,0.0
2025-05-05 00:00:00+00:00,0.8906400203704834,0.8908600211143494,0.8886500000953674,0.8907099962234497,0,0.8894101561994746,0.8868176818955031,78.27847928669794,False,0,-0.00013469862737880423,-0.0
2025-05-05 01:00:00+00:00,0.8926299810409546,0.8940500020980835,0.8899400234222412,0.8906700015068054,0,0.8897889591220016,0.8870082490805998,81.19499272991007,False,0,0.0022343041239527572,0.0
2025-05-05 02:00:00+00:00,0.8926200270652771,0.8933200240135193,0.891219973564148,0.892549991607666,0,0.8901220259388576,0.8871922418014089,81.13630791182356,False,0,-1.1151289883715165e-05,-0.0
2025-05-05 03:00:00+00:00,0.8922100067138672,0.8927500247955322,0.8911600112915039,0.8925899863243103,0,0.8903676707359175,0.8873567586837845,78.61573358540441,False,0,-0.0004593447816289009,-0.0
2025-05-05 04:00:00+00:00,0.8924400210380554,0.8926500082015991,0.8909500241279602,0.8921800255775452,0,0.890611476653816,0.8875234230232688,79.00968029100142,False,0,0.00025780289669175005,0.0
2025-05-05 05:00:00+00:00,0.8939800262451172,0.8945900201797485,0.8915200233459473,0.8923900127410889,0,0.8910077766057337,0.8877351149321818,81.4708952354907,False,0,0.0017256119971742478,0.0
2025-05-05 06:00:00+00:00,0.8935199975967407,0.8942099809646606,0.892009973526001,0.8940399885177612,0,0.8913033320164404,0.8879247832162658,78.50947568362835,False,0,-0.000514584929048878,-0.0
2025-05-05 07:00:00+00:00,0.8932200074195862,0.8942199945449829,0.8924700021743774,0.893530011177063,0,0.8915288232403399,0.8880983971245713,76.55523002387618,False,0,-0.00033573974612921553,-0.0
2025-05-05 08:00:00+00:00,0.8944699764251709,0.8954899907112122,0.8922299742698669,0.8931699991226196,0,0.8918748412620847,0.8883073013639351,78.91079057195037,False,0,0.0013993965598639857,0.0
2025-05-05 09:00:00+00:00,0.895039975643158,0.8955699801445007,0.8938599824905396,0.8945199847221375,0,0.8922472100127992,0.888528044782926,79.90242512270476,False,0,0.0006372480161549454,0.0
2025-05-05 10:00:00+00:00,0.8944699764251709,0.8952500224113464,0.8934999704360962,0.8949400186538696,0,0.8925087119436664,0.8887228622138192,76.05134180376513,False,0,-0.0006368421897329224,-0.0
2025-05-05 11:00:00+00:00,0.8946200013160706,0.8957599997520447,0.8936700224876404,0.8944600224494934,0,0.8927570989286552,0.8889162110368438,76.3741057031861,False,0,0.00016772490396976814,0.0
2025-05-05 12:00:00+00:00,0.8959400057792664,0.8963500261306763,0.8936899900436401,0.8946099877357483,0,0.8931315585581389,0.8891464993890543,79.04953893158464,False,0,0.0014754917856227845,0.0
2025-05-05 13:00:00+00:00,0.8947399854660034,0.8962200284004211,0.8941500186920166,0.8959500193595886,0,0.8933207852531817,0.8893298923751838,71.16019530120244,False,0,-0.0013393980685337814,-0.0
2025-05-05 14:00:00+00:00,0.8949000239372253,0.8956400156021118,0.8936200141906738,0.8947399854660034,0,0.8935065780395397,0.8895125196395129,71.56773828381407,False,0,0.0001788658982737612,0.0
2025-05-05 15:00:00+00:00,0.8936200141906738,0.8949900269508362,0.8923199772834778,0.8949699997901917,0,0.8935199234690848,0.88964719159201,63.8019009589521,True,0,-0.0014303382638430895,-0.0
2025-05-05 16:00:00+00:00,0.8927800059318542,0.8937900066375732,0.891979992389679,0.8935800194740295,0,0.8934328743470576,0.8897499068162672,59.257571514300686,True,1,-0.0009400060937314603,-0.0009400060937314603
2025-05-05 17:00:00+00:00,0.8929100036621094,0.8931400179862976,0.8917700052261353,0.8927599787712097,0,0.8933713601488285,0.8898535165489176,59.73553532631372,True,1,0.00014561003762558755,0.00014561003762558755
2025-05-05 18:00:00+00:00,0.8933699727058411,0.8935400247573853,0.8918300271034241,0.8928899765014648,0,0.8933711969202416,0.8899688101934069,61.458415933532514,True,1,0.0005151348308847226,0.0005151348308847226
2025-05-05 19:00:00+00:00,0.8934000134468079,0.8939800262451172,0.8923199772834778,0.8932999968528748,0,0.8933745870998376,0.8900813086607315,61.574060296915206,True,1,3.362631595482668e-05,3.362631595482668e-05
2025-05-05 20:00:00+00:00,0.8939099907875061,0.8941699862480164,0.892490029335022,0.8933899998664856,0,0.8934375757689751,0.8902068392222651,63.5723174466104,True,1,0.0005708275498348403,0.0005708275498348403
2025-05-05 21:00:00+00:00,0.8932099938392639,0.8938999772071838,0.8922399878501892,0.8935099840164185,0,0.8934108014243032,0.8903053033080683,59.03434768766445,True,1,-0.0007830731902050969,-0.0007830731902050969
2025-05-05 22:00:00+00:00,0.8935700058937073,0.8938599824905396,0.8925300240516663,0.8932099938392639,0,0.8934295313618802,0.8904123427371057,60.592389938482555,True,1,0.00040305421673125785,0.00040305421673125785
2025-05-05 23:00:00+00:00,0.8929799795150757,0.8937000036239624,0.8920699954032898,0.8935400247573853,0,0.893376642909315,0.8904965275494982,56.78085131827538,True,1,-0.0006603023543090281,-0.0006603023543090281
2025-05-06 00:00:00+00:00,0.892300009727478,0.8931999802589417,0.8911100029945374,0.8928899765014648,0,0.8932499801820399,0.8905556581127105,52.66897555202926,True,1,-0.0007614614024906707,-0.0007614614024906707
2025-05-06 01:00:00+00:00,0.8921300172805786,0.8931499719619751,0.8912100195884705,0.8922899961471558,0,0.8931182198406915,0.8906072764460833,51.66173827115567,True,1,-0.00019051041695195003,-0.00019051041695195003
2025-05-06 02:00:00+00:00,0.892549991607666,0.8932700157165527,0.8913800120353699,0.8921399712562561,0,0.8930513694603355,0.8906709720251516,54.002149941733414,True,1,0.00047075461978907107,0.00047075461978907107
2025-05-06 03:00:00+00:00,0.8929399847984314,0.89301997423172,0.8912400007247925,0.8925600051879883,0,0.8930382653824644,0.8907453658865705,56.12648315545726,True,1,0.00043694268604821396,0.00043694268604821396
2025-05-06 04:00:00+00:00,0.8936399817466736,0.8938599824905396,0.8919399976730347,0.8929299712181091,0,0.8931090555429597,0.8908402713246066,59.72211766974568,True,1,0.0007839238472451271,0.0007839238472451271
2025-05-06 05:00:00+00:00,0.89205002784729,0.8936799764633179,0.8908299803733826,0.8936499953269958,0,0.8929844640493515,0.8908799354728913,49.74900815987539,True,1,-0.001779188411283772,-0.001779188411283772
2025-05-06 06:00:00+00:00,0.8927199840545654,0.8928099870681763,0.890030026435852,0.892009973526001,0,0.8929533487558472,0.8909402649345856,53.288688293887475,True,1,0.0007510298597177556,0.0007510298597177556
2025-05-06 07:00:00+00:00,0.8920599818229675,0.8929200172424316,0.8912299871444702,0.8927099704742432,0,0.8928482467637437,0.8909769769637128,49.58326225210009,True,1,-0.0007393160715416514,-0.0007393160715416514
2025-05-06 08:00:00+00:00,0.8915899991989136,0.8922399878501892,0.89069002866745,0.89205002784729,0,0.8927002176384696,0.8909970760533914,47.07312630725238,True,1,-0.0005268509221695306,-0.0005268509221695306
2025-05-06 09:00:00+00:00,0.8912699818611145,0.8916199803352356,0.8895800113677979,0.8915799856185913,0,0.8925319546058396,0.8910060237847921,45.388197814800186,True,1,-0.00035892881042476343,-0.00035892881042476343
2025-05-06 10:00:00+00:00,0.8921700119972229,0.8922100067138672,0.8902300000190735,0.8912000060081482,0,0.8924893731224728,0.8910441873327406,50.729682854757215,True,1,0.0010098288447109027,0.0010098288447109027
2025-05-06 11:00:00+00:00,0.8920400142669678,0.892490029335022,0.89055997133255,0.8921300172805786,0,0.8924365073747662,0.891076837396158,49.96945544098928,True,1,-0.0001457095940313735,-0.0001457095940313735
2025-05-06 12:00:00+00:00,0.8927500247955322,0.8928499817848206,0.8907399773597717,0.8920400142669678,0,0.8924733917772093,0.8911316959994161,54.02214886125397,True,1,0.0007959402237667224,0.0007959402237667224
2025-05-06 13:00:00+00:00,0.8923699855804443,0.8928099870681763,0.8909199833869934,0.89274001121521,0,0.8924612263422957,0.8911722956578104,51.612192721848665,True,1,-0.0004256949924755782,-0.0004256949924755782
2025-05-06 14:00:00+00:00,0.8934199810028076,0.8940100073814392,0.8913800120353699,0.8923400044441223,0,0.8925740210082383,0.8912459902592857,57.2822717098559,True,1,0.0011766368651231485,0.0011766368651231485
2025-05-06 15:00:00+00:00,0.8935400247573853,0.8940399885177612,0.8922100067138672,0.8933699727058411,0,0.892687668508138,0.8913212045051251,57.88981491074064,True,1,0.00013436430472801852,0.00013436430472801852
2025-05-06 16:00:00+00:00,0.8933299779891968,0.8946099877357483,0.8924300074577332,0.893589973449707,0,0.8927632343294389,0.8913870659308324,56.378877218038106,True,1,-0.0002350725903358386,-0.0002350725903358386
2025-05-06 17:00:00+00:00,0.8938900232315063,0.8949099779129028,0.8924499750137329,0.8932700157165527,0,0.8928957977296821,0.8914691301046249,59.42009298745859,True,1,0.0006269186707135166,0.0006269186707135166
2025-05-06 18:00:00+00:00,0.8947200179100037,0.8949699997901917,0.8930100202560425,0.8938900232315063,0,0.8931104118685435,0.8915757165900471,63.483382905533276,True,1,0.000928519903932612,0.000928519903932612
2025-05-06 19:00:00+00:00,0.8946599960327148,0.894819974899292,0.8935999870300293,0.8946700096130371,0,0.8932927158878577,0.8916768405062001,62.9921671782482,True,1,-6.708453604176157e-05,-6.708453604176157e-05
2025-05-06 20:00:00+00:00,0.894320011138916,0.8950099945068359,0.893339991569519,0.8946700096130371,0,0.8934135741526881,0.8917635018384203,60.15291723606117,True,1,-0.0003800157549308514,-0.0003800157549308514
2025-05-06 21:00:00+00:00,0.8934299945831299,0.8945199847221375,0.8926600217819214,0.8944600224494934,0,0.8934155059680341,0.8918181409448042,53.37109590606185,True,1,-0.0009951880140227631,-0.0009951880140227631
2025-05-06 22:00:00+00:00,0.8964099884033203,0.8971999883651733,0.8927599787712097,0.892989993095398,0,0.8937677980192442,0.8919686933204932,66.84824726313997,True,1,0.003335453072158101,0.003335453072158101
2025-05-06 23:00:00+00:00,0.8955000042915344,0.8964400291442871,0.8944500088691711,0.8961399793624878,0,0.8939715869924548,0.8920844740080683,61.04591451141967,True,1,-0.00101514276230541,-0.00101514276230541
2025-05-07 00:00:00+00:00,0.8950899839401245,0.8959599733352661,0.8934400081634521,0.8955000042915344,0,0.8941031631039453,0.892183015317316,58.57869066585953,True,1,-0.00045786750356779926,-0.00045786750356779926
2025-05-07 01:00:00+00:00,0.8951900005340576,0.8968300223350525,0.8933200240135193,0.8950200080871582,0,0.8942310263310174,0.8922816049965534,59.01384216914939,True,1,0.00011173914994877521,0.00011173914994877521
2025-05-07 02:00:00+00:00,0.8944699764251709,0.8952199816703796,0.8928999900817871,0.8952199816703796,0,0.8942591381068001,0.8923533548794589,54.569321971618635,True,1,-0.0008043254599103822,-0.0008043254599103822
2025-05-07 03:00:00+00:00,0.8942599892616272,0.895039975643158,0.8928400278091431,0.8944399952888489,0,0.8942592382426621,0.8924158674821528,53.30837498092458,True,1,-0.00023476155609258864,-0.00023476155609258864
2025-05-07 04:00:00+00:00,0.8938199877738953,0.8947700262069702,0.8926500082015991,0.8942700028419495,0,0.8942075617169248,0.8924619042130296,50.666482680994314,True,1,-0.0004920285968460503,-0.0004920285968460503
2025-05-07 05:00:00+00:00,0.8938300013542175,0.8946300148963928,0.8926500082015991,0.8938199877738953,0,0.894163142850724,0.8925067598570029,50.726331348844745,True,1,1.1203128660319805e-05,1.1203128660319805e-05
2025-05-07 06:00:00+00:00,0.8941799998283386,0.8948299884796143,0.8928200006484985,0.8938400149345398,0,0.894165126024561,0.8925616201839319,52.87810508658892,True,1,0.00039157163396930095,0.00039157163396930095
2025-05-07 07:00:00+00:00,0.893559992313385,0.8942000269889832,0.8922299742698669,0.8942000269889832,0,0.8940939338232461,0.8925943536963731,48.81160938953841,True,1,-0.0006933811034385284,-0.0006933811034385284
2025-05-07 08:00:00+00:00,0.8926299810409546,0.8936700224876404,0.8915200233459473,0.8935400247573853,0,0.893921704084153,0.8925955218060314,43.41788180767961,True,1,-0.0010407933215794696,-0.0010407933215794696
2025-05-07 09:00:00+00:00,0.8926200270652771,0.8930100202560425,0.8911299705505371,0.8925999999046326,0,0.893768565611344,0.8925963252571542,43.36265184364287,True,1,-1.1151289883715165e-05,-1.1151289883715165e-05
2025-05-07 10:00:00+00:00,0.8931800127029419,0.8933500051498413,0.891510009765625,0.8926399946212769,0,0.8936993240927084,0.8926154625504586,47.41522743986171,True,1,0.0006273505194656082,0.0006273505194656082
2025-05-07 11:00:00+00:00,0.8927599787712097,0.8933299779891968,0.8914899826049805,0.8931199908256531,0,0.8935888128784143,0.8926202007872046,44.82442040775152,True,1,-0.00047026794795945737,-0.00047026794795945737
2025-05-07 12:00:00+00:00,0.8927500247955322,0.8932300209999084,0.891730010509491,0.892769992351532,0,0.893490131927487,0.8926244573120677,44.762000431490456,True,1,-1.1149666107601597e-05,-1.1149666107601597e-05
2025-05-07 13:00:00+00:00,0.8920000195503235,0.8928599953651428,0.8904299736022949,0.892769992351532,0,0.8933148245889971,0.8926039839428302,40.217591696408434,True,1,-0.0008401066641028354,-0.0008401066641028354
2025-05-07 14:00:00+00:00,0.891260027885437,0.8922100067138672,0.889959990978241,0.8920000195503235,0,0.8930730838003429,0.8925599198098009,36.30160720815735,True,1,-0.0008295870500759639,-0.0008295870500759639
2025-05-07 15:00:00+00:00,0.8898000121116638,0.8912699818611145,0.8888099789619446,0.891260027885437,0,0.8926880165428512,0.8924694310328127,30.078628260813005,True,1,-0.0016381479344890204,-0.0016381479344890204
2025-05-07 16:00:00+00:00,0.8907300233840942,0.8912400007247925,0.8887799978256226,0.889769971370697,0,0.8924576644065269,0.8924124012738384,37.43584287073521,True,1,0.001045191346113139,0.001045191346113139
2025-05-07 17:00:00+00:00,0.8903800249099731,0.8909900188446045,0.8894500136375427,0.890779972076416,0,0.8922132362304617,0.8923457659832198,35.90469427749814,False,1,-0.00039293440765741927,-0.00039293440765741927
2025-05-07 18:00:00+00:00,0.8906400203704834,0.8915899991989136,0.8891100287437439,0.8902599811553955,0,0.8920281520116407,0.8922898398975563,37.93544975914001,False,0,0.0002920050464256807,0.0
2025-05-07 19:00:00+00:00,0.8893200159072876,0.8906700015068054,0.8872100114822388,0.8905900120735168,0,0.8917095477640697,0.8921924686191868,32.33416800405159,False,0,-0.0014820852791307404,-0.0
2025-05-07 20:00:00+00:00,0.888759970664978,0.889490008354187,0.8876799941062927,0.8893200159072876,0,0.8913625386935884,0.8920799277026553,30.290629273139245,False,0,-0.0006297454597805618,-0.0
2025-05-07 21:00:00+00:00,0.888979971408844,0.8892199993133545,0.8876799941062927,0.888759970664978,0,0.891082236660089,0.8919782897913827,32.105889963643534,False,0,0.00024753673784538854,0.0
2025-05-07 22:00:00+00:00,0.8889200091362,0.8894000053405762,0.8881099820137024,0.8891100287437439,0,0.8908278569513962,0.8918780182944914,31.86235332421157,False,0,-6.745064520297106e-05,-0.0
2025-05-07 23:00:00+00:00,0.889549970626831,0.8897200226783752,0.888159990310669,0.8891000151634216,0,0.8906775173838003,0.8918016888627648,37.24788476963609,False,0,0.0007086818658106342,0.0
2025-05-08 00:00:00+00:00,0.8903599977493286,0.8910700082778931,0.8885999917984009,0.8895900249481201,0,0.890640162132686,0.8917544203016685,43.438484387072464,False,0,0.0009106032817096654,0.0
2025-05-08 01:00:00+00:00,0.8919900059700012,0.89274001121521,0.8895099759101868,0.8903700113296509,0,0.8907989672900172,0.8917621444219417,53.40075140960635,False,0,0.0018307293957422477,0.0
2025-05-08 02:00:00+00:00,0.8920300006866455,0.8928499817848206,0.8911100029945374,0.8919900059700012,0,0.890943794748444,0.8917709265945548,53.616623755243545,False,0,4.483762864682106e-05,0.0
2025-05-08 03:00:00+00:00,0.8926100134849548,0.8930299878120422,0.8912799954414368,0.892009973526001,0,0.8911398204821511,0.8917984376401417,56.74604184214549,False,0,0.0006502166943520571,0.0
2025-05-08 04:00:00+00:00,0.89205002784729,0.892799973487854,0.8913300037384033,0.8925700187683105,0,0.8912469037015792,0.8918066864993924,53.02626998348462,False,0,-0.0006273575572813828,-0.0
2025-05-08 05:00:00+00:00,0.8916199803352356,0.8922200202941895,0.8903599977493286,0.8920900225639343,0,0.8912907950702447,0.8918005649858135,50.29938011819184,False,0,-0.00048208900692736645,-0.0
2025-05-08 06:00:00+00:00,0.8891900181770325,0.891700029373169,0.888159990310669,0.8915299773216248,0,0.8910436448475137,0.8917149732871649,38.310847424896956,False,0,-0.0027253338998634025,-0.0
2025-05-08 07:00:00+00:00,0.8899199962615967,0.8904600143432617,0.8881000280380249,0.8891900181770325,0,0.8909114508962294,0.8916561215814085,42.72704018643964,False,0,0.0008209472324720579,0.0
2025-05-08 08:00:00+00:00,0.8891400098800659,0.8902900218963623,0.8885200023651123,0.8898599743843079,0,0.8907030460707983,0.8915736261157906,39.475225983619666,False,0,-0.0008764679800513653,-0.0
2025-05-08 09:00:00+00:00,0.8899999856948853,0.8902300000190735,0.888260006904602,0.8891000151634216,0,0.8906203330853968,0.8915220313478921,44.491341689063304,False,0,0.0009671995470492689,0.0
2025-05-08 10:00:00+00:00,0.890209972858429,0.8914200067520142,0.8891000151634216,0.889989972114563,0,0.8905720554116359,0.8914790130367621,45.675263950941336,False,0,0.0002359406369873973,0.0
2025-05-08 11:00:00+00:00,0.8910199999809265,0.8911799788475037,0.8893899917602539,0.8901799917221069,0,0.8906247547727288,0.8914639634283741,50.09688584283091,False,0,0.0009099281598661246,0.0
2025-05-08 12:00:00+00:00,0.8912100195884705,0.891569972038269,0.8901100158691406,0.890999972820282,0,0.8906936094569338,0.8914556374008362,51.102324843492795,False,0,0.00021326076580541198,0.0
2025-05-08 13:00:00+00:00,0.8911799788475037,0.8919900059700012,0.8902000188827515,0.8911899924278259,0,0.890750829385236,0.891446599415481,50.927630654911226,False,0,-3.370781331735184e-05,-0.0
2025-05-08 14:00:00+00:00,0.8909000158309937,0.8924000263214111,0.8903700113296509,0.8911600112915039,0,0.8907683807317958,0.8914286786422191,49.23829663852541,False,0,-0.0003141486828194262,-0.0
2025-05-08 15:00:00+00:00,0.8924400210380554,0.8931000232696533,0.8899099826812744,0.8908900022506714,0,0.890965044297238,0.8914618374092957,57.57493207646926,False,0,0.0017285948812395535,0.0
2025-05-08 16:00:00+00:00,0.892300009727478,0.8925700187683105,0.89069002866745,0.8924300074577332,0,0.8911220990537367,0.8914893184689082,56.66379050645815,False,0,-0.00015688596127116927,-0.0
2025-05-08 17:00:00+00:00,0.8916400074958801,0.8923500180244446,0.890500009059906,0.8922500014305115,0,0.8911830294586947,0.8914942590927434,52.45007233490505,False,0,-0.0007396640416932332,-0.0
2025-05-08 18:00:00+00:00,0.8906999826431274,0.8919000029563904,0.889989972114563,0.8916299939155579,0,0.891126200421569,0.8914682172419363,47.08005776352237,False,0,-0.0010542650002803855,-0.0
2025-05-08 19:00:00+00:00,0.8907600045204163,0.8914499878883362,0.8898599743843079,0.8907099962234497,0,0.8910831185508451,0.8914449971527061,47.450019537943625,False,0,6.738731161837208e-05,0.0
2025-05-08 20:00:00+00:00,0.8906099796295166,0.8911399841308594,0.8897200226783752,0.8908200263977051,0,0.8910274551483359,0.8914176195289949,46.57359271304576,False,0,-0.00016842347000123326,-0.0
2025-05-08 21:00:00+00:00,0.8906700015068054,0.8914999961853027,0.8897600173950195,0.8901200294494629,0,0.8909854017787441,0.8913931074626935,46.99540933495347,False,0,6.739412162648506e-05,0.0
2025-05-08 22:00:00+00:00,0.8908699750900269,0.891040027141571,0.8898100256919861,0.8907300233840942,0,0.8909718221683067,0.8913759555816224,48.455558728538946,False,0,0.00022452039799603085,0.0
2025-05-08 23:00:00+00:00,0.8901000022888184,0.8908500075340271,0.8891400098800659,0.8908200263977051,0,0.890869255123661,0.891334121047432,43.488023904807086,False,0,-0.0008642931322617731,-0.0
2025-05-09 00:00:00+00:00,0.8898599743843079,0.8906599879264832,0.8888099789619446,0.8901000022888184,0,0.8907505162131488,0.8912857883699525,42.04111054348809,False,0,-0.00026966397471439585,-0.0
2025-05-09 01:00:00+00:00,0.8898599743843079,0.8906999826431274,0.8882399797439575,0.8898699879646301,0,0.8906457465862263,0.8912390403704231,42.04111054348809,False,0,0.0,0.0
2025-05-09 02:00:00+00:00,0.8905500173568726,0.8906499743461609,0.8876799941062927,0.8898900151252747,0,0.8906344843239493,0.891216449451946,47.82858682784153,False,0,0.000775451186061149,0.0
2025-05-09 03:00:00+00:00,0.8917800188064575,0.8918300271034241,0.8897299766540527,0.8904899954795837,0,0.8907692530865974,0.8912349271357004,56.22038898954285,False,0,0.0013811705413644404,0.0
2025-05-09 04:00:00+00:00,0.8919000029563904,0.892009973526001,0.8902900218963623,0.891759991645813,0,0.8909022824830436,0.8912567329003132,56.94786762265367,False,0,0.00013454455964767575,0.0
2025-05-09 05:00:00+00:00,0.8912299871444702,0.8919299840927124,0.8901500105857849,0.8919100165367126,0,0.8909408359726232,0.8912558559902855,51.774101738790904,False,0,-0.0007512230179383961,-0.0
2025-05-09 06:00:00+00:00,0.8910899758338928,0.8917199969291687,0.8901200294494629,0.8912000060081482,0,0.890958381838655,0.8912504172966332,50.73677653528072,False,0,-0.0001570989672665668,-0.0
2025-05-09 07:00:00+00:00,0.8918499946594238,0.8924300074577332,0.8900899887084961,0.8910300135612488,0,0.8910632774646278,0.891270075570823,55.90176628863924,False,0,0.0008529091855395965,0.0
2025-05-09 08:00:00+00:00,0.8913699984550476,0.8919199705123901,0.8896999955177307,0.8918600082397461,0,0.89109936228703,0.8912733517309616,52.180801816459635,False,0,-0.0005382028449296694,-0.0
2025-05-09 09:00:00+00:00,0.89055997133255,0.891539990901947,0.8895699977874756,0.8913800120353699,0,0.8910359045276794,0.8912499622097022,46.549700686005956,False,0,-0.0009087439827473176,-0.0
2025-05-09 10:00:00+00:00,0.8904100060462952,0.8906000256538391,0.8888999819755554,0.8905199766159058,0,0.8909622694122225,0.8912224226633609,45.56923990392805,False,0,-0.00016839437104998467,-0.0
2025-05-09 11:00:00+00:00,0.8909000158309937,0.8913800120353699,0.8893700242042542,0.8903999924659729,0,0.8909549454614897,0.8912118519475456,49.325063949726044,False,0,0.0005503192701914461,0.0
2025-05-09 12:00:00+00:00,0.8917199969291687,0.8918099999427795,0.889959990978241,0.8909199833869934,0,0.8910449515165108,0.8912285124387463,54.92955818584692,False,0,0.0009203963223753941,0.0
2025-05-09 13:00:00+00:00,0.8943799734115601,0.8946200013160706,0.8908799886703491,0.891700029373169,0,0.8914373070335753,0.8913318390280189,67.49029018575362,True,0,0.0029829727846764076,0.0
2025-05-09 14:00:00+00:00,0.89410001039505,0.8954200148582458,0.8928999900817871,0.8943600058555603,0,0.8917505662525722,0.8914225987449708,65.42364730307804,True,1,-0.00031302469289662405,-0.00031302469289662405
2025-05-09 15:00:00+00:00,0.8944600224494934,0.8947499990463257,0.8931400179862976,0.8941100239753723,0,0.8920693258051511,0.8915221864074141,66.83023743372277,True,1,0.0004026530033081066,0.0004026530033081066
2025-05-09 16:00:00+00:00,0.8937100172042847,0.89478999376297,0.8928800225257874,0.8944799900054932,0,0.8922623483226961,0.8915939185646885,61.24088156757813,True,1,-0.0008385005773146048,-0.0008385005773146048
2025-05-09 17:00:00+00:00,0.8935099840164185,0.8939800262451172,0.8925300240516663,0.8936899900436401,0,0.8924091289925459,0.891656740382778,59.80425697938572,True,1,-0.00022382337001436436,-0.00022382337001436436
2025-05-09 18:00:00+00:00,0.8931800127029419,0.8937399983406067,0.892300009727478,0.8934900164604187,0,0.8924998211937689,0.8917066837375374,57.41170639127806,True,1,-0.0003692978471189212,-0.0003692978471189212
2025-05-09 19:00:00+00:00,0.8930699825286865,0.8933699727058411,0.891979992389679,0.8931199908256531,0,0.8925668989978769,0.8917513820585585,56.59858589311772,True,1,-0.00012318924818122134,-0.00012318924818122134
2025-05-09 20:00:00+00:00,0.8929600119590759,0.893589973449707,0.8920300006866455,0.893060028553009,0,0.8926131475815474,0.8917910092684116,55.7487425296052,True,1,-0.00012313768434946137,-0.00012313768434946137
2025-05-09 21:00:00+00:00,0.8926699757575989,0.892769992351532,0.8926699757575989,0.892769992351532,0,0.8926198332493182,0.8918198278418275,53.46844620163358,True,1,-0.0003248031239839744,-0.0003248031239839744
2025-05-11 23:00:00+00:00,0.8939099907875061,0.8948900103569031,0.8930100202560425,0.8939300179481506,0,0.892771616489105,0.8918883577744726,60.842847087543085,True,1,0.0013891080282550927,0.0013891080282550927
2025-05-12 00:00:00+00:00,0.8948400020599365,0.8949300050735474,0.8925600051879883,0.8939800262451172,0,0.8930149559680263,0.8919851329969468,65.28634951061694,True,1,0.0010403858129062193,0.0010403858129062193
2025-05-12 01:00:00+00:00,0.8950700163841248,0.8959900140762329,0.8939399719238281,0.8948400020599365,0,0.8932567277816849,0.8920862767145592,66.30478585314694,True,1,0.00025704519652536284,0.00025704519652536284
2025-05-12 02:00:00+00:00,0.8950099945068359,0.8954200148582458,0.8932399749755859,0.8950700163841248,0,0.893462994455232,0.892182136314306,65.76259533071745,True,1,-6.705830403219704e-05,-6.705830403219704e-05
2025-05-12 03:00:00+00:00,0.8951900005340576,0.8953800201416016,0.8934800028800964,0.8949400186538696,0,0.8936661716409763,0.8922807548133141,66.64354103397437,True,1,0.0002011218068249665,0.0002011218068249665
2025-05-12 04:00:00+00:00,0.8953700065612793,0.8957800269126892,0.8939999938011169,0.8951299786567688,0,0.8938666228080707,0.8923820417558703,67.54291941276344,True,1,0.00020108136497754003,0.00020108136497754003
2025-05-12 05:00:00+00:00,0.8962900042533875,0.89656001329422,0.8944600224494934,0.8953199982643127,0,0.8941517265075197,0.8925101716738217,71.73723852599352,False,1,0.0010275055958612889,0.0010275055958612889
2025-05-12 06:00:00+00:00,0.8955199718475342,0.8964999914169312,0.8946599960327148,0.8962799906730652,0,0.8943126965475214,0.8926088536467303,64.25292663432667,True,0,-0.0008591330955372012,-0.0
2025-05-12 07:00:00+00:00,0.8946999907493591,0.8990600109100342,0.8927800059318542,0.8954600095748901,0,0.894358260571267,0.8926774155189475,57.38698434850976,True,1,-0.0009156480301419911,-0.0009156480301419911
2025-05-12 08:00:00+00:00,0.8945099711418152,0.8962299823760986,0.8929100036621094,0.8946099877357483,0,0.8943761088736844,0.8927374993098611,55.89635394979956,True,1,-0.00021238360289332903,-0.00021238360289332903
2025-05-12 09:00:00+00:00,0.8949900269508362,0.8955199718475342,0.8934400081634521,0.8945299983024597,0,0.8944483345298199,0.8928113526751389,58.80742939413812,True,1,0.0005366690417192288,0.0005366690417192288
2025-05-12 10:00:00+00:00,0.8929299712181091,0.895039975643158,0.8918099999427795,0.8949900269508362,0,0.8942697035519714,0.8928152418076952,45.06192620844576,True,1,-0.0023017638975771915,-0.0023017638975771915
2025-05-12 11:00:00+00:00,0.8936600089073181,0.8939999938011169,0.8919699788093567,0.8929100036621094,0,0.8941979747702474,0.8928429390896501,49.56121679736922,True,1,0.0008175755241064397,0.0008175755241064397
2025-05-12 12:00:00+00:00,0.8939200043678284,0.8946300148963928,0.8925300240516663,0.8935400247573853,0,0.8941652723699628,0.8928782527053281,51.0972790117384,True,1,0.00029093330564067266,0.00029093330564067266
2025-05-12 13:00:00+00:00,0.8933799862861633,0.8949199914932251,0.8926299810409546,0.8939599990844727,0,0.8940728857718687,0.8928947029866668,47.838541672565,True,1,-0.0006041011265285334,-0.0006041011265285334
2025-05-12 14:00:00+00:00,0.8921200037002563,0.8938500285148621,0.8910599946975708,0.8934500217437744,0,0.8938431349399143,0.8928693030100633,41.231308614086515,True,1,-0.001410354614216125,-0.001410354614216125
2025-05-12 15:00:00+00:00,0.8916100263595581,0.8927599787712097,0.8906000256538391,0.8921099901199341,0,0.8935804162834018,0.8928280152510303,38.89004070583853,True,1,-0.0005716465706216978,-0.0005716465706216978
2025-05-12 16:00:00+00:00,0.8911700248718262,0.8919600248336792,0.8900399804115295,0.8915899991989136,0,0.8932968408232164,0.8927736549107285,36.94100136400544,True,1,-0.0004934909598632853,-0.0004934909598632853
2025-05-12 17:00:00+00:00,0.89096999168396,0.8916000127792358,0.8901100158691406,0.8911799788475037,0,0.8930230938656567,0.8927145184114902,36.05630146302321,True,1,-0.0002244613062417633,-0.0002244613062417633
2025-05-12 18:00:00+00:00,0.8910199999809265,0.8912400007247925,0.889739990234375,0.89096999168396,0,0.8927874357615707,0.8926589604301601,36.465956691050984,True,1,5.6127925107896104e-05,5.6127925107896104e-05
2025-05-12 19:00:00+00:00,0.8908900022506714,0.8911700248718262,0.8896300196647644,0.8910599946975708,0,0.8925642082897002,0.8926009618013244,35.82346614500642,False,1,-0.00014589765690775636,-0.00014589765690775636
2025-05-12 20:00:00+00:00,0.8898699879646301,0.891040027141571,0.8892499804496765,0.8908699750900269,0,0.8922472411926331,0.8925114216755311,31.181227098065833,False,0,-0.0011449385260406952,-0.0
2025-05-12 21:00:00+00:00,0.8901000022888184,0.8908500075340271,0.888260006904602,0.8898599743843079,0,0.8919946248510078,0.8924323587448192,33.28086130079126,False,0,0.000258480820006346,0.0
2025-05-12 22:00:00+00:00,0.8903200030326843,0.8908600211143494,0.8892199993133545,0.8901200294494629,0,0.8917976105194403,0.8923631011804869,35.313700249688864,False,0,0.00024716407516045535,0.0
2025-05-12 23:00:00+00:00,0.8903899788856506,0.8909400105476379,0.8892899751663208,0.8901799917221069,0,0.891632006797818,0.8922984086462299,35.98183566703278,False,0,7.859629428508264e-05,0.0
2025-05-13 00:00:00+00:00,0.8898500204086304,0.8911499977111816,0.8890600204467773,0.8903700113296509,0,0.8914223613402665,0.8922181336220463,33.137572832656886,False,0,-0.0006064291937517563,-0.0
2025-05-13 01:00:00+00:00,0.8907099962234497,0.8910499811172485,0.8886600136756897,0.8898000121116638,0,0.8913385536794646,0.8921686864942233,41.120482428263465,False,0,0.0009664278194030373,0.0
2025-05-13 02:00:00+00:00,0.8917099833488464,0.8920900225639343,0.8896499872207642,0.8906400203704834,0,0.891382251287627,0.8921536470468339,48.77862059284294,False,0,0.0011226854190888869,0.0
2025-05-13 03:00:00+00:00,0.8933899998664856,0.8937100172042847,0.8908200263977051,0.8916199803352356,0,0.8916184570027869,0.8921941832048552,58.536014263381325,False,0,0.001884039148389638,0.0
2025-05-13 04:00:00+00:00,0.8950600028038025,0.8951500058174133,0.8923799991607666,0.8934100270271301,0,0.8920233447440828,0.8922881445031813,65.5593343364497,False,0,0.0018692876991754925,0.0
2025-05-13 05:00:00+00:00,0.8949199914932251,0.8957099914550781,0.8937199711799622,0.8950600028038025,0,0.8923641267145701,0.8923744345684286,64.57181641253575,False,0,-0.00015642673132398865,-0.0
2025-05-13 06:00:00+00:00,0.8955100178718567,0.8960999846458435,0.893530011177063,0.8949400186538696,0,0.8927342315566038,0.892477240578377,66.83872820062241,True,0,0.0006593062890987156,0.0
2025-05-13 07:00:00+00:00,0.8962399959564209,0.8970199823379517,0.8945500254631042,0.8955000042915344,0,0.8931466744271706,0.8926006096071653,69.44373620430943,True,1,0.0008151534544516004,0.0008151534544516004
2025-05-13 08:00:00+00:00,0.8960099816322327,0.8962600231170654,0.8946099877357483,0.8962299823760986,0,0.8934835340983543,0.8927123922965117,67.64065440935559,True,1,-0.00025664367270594735,-0.00025664367270594735
2025-05-13 09:00:00+00:00,0.8964899778366089,0.8969699740409851,0.8949999809265137,0.8959800004959106,0,0.8938372333616784,0.8928362475601214,69.4247571832142,True,1,0.0005357040816686975,0.0005357040816686975
2025-05-13 10:00:00+00:00,0.8968200087547302,0.8973199725151062,0.8949900269508362,0.8964300155639648,0,0.8941881481138021,0.892966862681256,70.62401904835298,False,1,0.00036813676257452244,0.00036813676257452244
2025-05-13 11:00:00+00:00,0.8965700268745422,0.8972399830818176,0.8956999778747559,0.896809995174408,0,0.8944683691444774,0.8930849992121834,68.43445571020962,True,0,-0.00027874253222237577,-0.0
2025-05-13 12:00:00+00:00,0.8987500071525574,0.8989400267601013,0.8954600095748901,0.8964599967002869,0,0.894972091263075,0.8932707371774415,75.5525961029365,False,1,0.0024314668265394968,0.0024314668265394968
2025-05-13 13:00:00+00:00,0.8997499942779541,0.9005100131034851,0.8978300094604492,0.8987500071525574,0,0.8955341975001195,0.8934831718364747,78.00302830174863,False,0,0.0011126421334504144,0.0
2025-05-13 14:00:00+00:00,0.9028699994087219,0.9032300114631653,0.8984500169754028,0.8997799754142761,0,0.8963972330187786,0.893790936674909,83.54489603590288,False,0,0.003467635621683618,0.0
2025-05-13 15:00:00+00:00,0.9032099843025208,0.9036399722099304,0.9016299843788147,0.9028000235557556,0,0.897198733169807,0.8940997579086012,84.01742560596104,False,0,0.00037656018476805997,0.0
2025-05-13 16:00:00+00:00,0.9033200144767761,0.9039199948310852,0.902400016784668,0.9032099843025208,0,0.8979188839118034,0.8944020614026397,84.17580072962835,False,0,0.00012182125548609868,0.0
2025-05-13 17:00:00+00:00,0.902970016002655,0.9035900235176086,0.9019200205802917,0.9032599925994873,0,0.8985131347460211,0.8946829779469024,81.41224026163547,False,0,-0.0003874578981002408,-0.0
2025-05-13 18:00:00+00:00,0.9028400182723999,0.9035400152206421,0.901639997959137,0.9029099941253662,0,0.8990221798667716,0.8949504218920007,80.35697990444953,False,0,-0.00014396682940875927,-0.0
2025-05-13 19:00:00+00:00,0.9019100069999695,0.9029899835586548,0.9010699987411499,0.9028499722480774,0,0.8993619242353831,0.8951786050102947,73.06086211610364,False,0,-0.0010300953143503877,-0.0
2025-05-13 20:00:00+00:00,0.9014300107955933,0.9023699760437012,0.9006199836730957,0.9019100069999695,0,0.8996052285365843,0.8953835691344028,69.55087822928171,True,0,-0.0005321996658766981,-0.0
2025-05-13 21:00:00+00:00,0.9009900093078613,0.9018999934196472,0.899940013885498,0.9014300107955933,0,0.8997681439214404,0.8955673868450079,66.40167706352945,True,1,-0.0004881149756081893,-0.0004881149756081893
2025-05-13 22:00:00+00:00,0.9017900228500366,0.9020699858665466,0.9004899859428406,0.9010599851608276,0,0.900006012030687,0.8957714076976317,69.13789801691789,True,1,0.0008879272066399935,0.0008879272066399935
2025-05-13 23:00:00+00:00,0.9017400145530701,0.9023500084877014,0.9005799889564514,0.9017500281333923,0,0.9002100123274379,0.8959670997256789,68.76092981789577,True,1,-5.545448019983468e-05,-5.545448019983468e-05
2025-05-14 00:00:00+00:00,0.9016600251197815,0.9021599888801575,0.9007200002670288,0.9017400145530701,0,0.9003806020677136,0.8961537530172888,68.12112779209892,True,1,-8.870564907581535e-05,-8.870564907581535e-05
2025-05-14 01:00:00+00:00,0.9035999774932861,0.9037799835205078,0.900600016117096,0.901669979095459,0,0.900759352117781,0.8963978915246985,74.353750810104,False,1,0.0021515341918889597,0.0021515341918889597
2025-05-14 02:00:00+00:00,0.9023399949073792,0.9036399722099304,0.9010699987411499,0.9035800099372864,0,0.9009453100930278,0.8965927145864258,65.4090845753656,True,0,-0.0013944030735838497,-0.0
2025-05-14 03:00:00+00:00,0.901449978351593,0.9025599956512451,0.9004799723625183,0.9023299813270569,0,0.9010046828293296,0.8967519691361034,59.92519223773267,True,1,-0.0009863427985118411,-0.0009863427985118411
2025-05-14 04:00:00+00:00,0.9010900259017944,0.9018700122833252,0.9001100063323975,0.901449978351593,0,0.901014723190796,0.8968942005054704,57.814057130784754,True,1,-0.00039930385317310524,-0.00039930385317310524
2025-05-14 05:00:00+00:00,0.901229977607727,0.9021400213241577,0.9002100229263306,0.9010800123214722,0,0.9010400472398467,0.8970363571317739,58.42730008722417,True,1,0.00015531378875555113,0.00015531378875555113
2025-05-14 06:00:00+00:00,0.9019200205802917,0.9022600054740906,0.900189995765686,0.9012100100517273,0,0.901143573515193,0.89719647724484,61.406257709635334,True,1,0.0007656680200500698,0.0007656680200500698
2025-05-14 07:00:00+00:00,0.9033100008964539,0.903439998626709,0.9007300138473511,0.9019100069999695,0,0.901398447324753,0.8973969206432535,66.59833766996493,True,1,0.001541134784066367,0.001541134784066367
2025-05-14 08:00:00+00:00,0.9028800129890442,0.9042500257492065,0.9019399881362915,0.9032999873161316,0,0.9015727491676109,0.8975766941627875,63.741541109341746,True,1,-0.0004760136685998395,-0.0004760136685998395
2025-05-14 09:00:00+00:00,0.9014999866485596,0.9036800265312195,0.9006199836730957,0.9029899835586548,0,0.9015641888712518,0.8977053267033046,55.51129039214156,True,1,-0.0015284714697758606,-0.0015284714697758606
2025-05-14 10:00:00+00:00,0.9018800258636475,0.9023399949073792,0.9002900123596191,0.9015200138092041,0,0.9016013461644747,0.8978422020856108,57.15205479704608,True,1,0.0004215631954702648,0.0004215631954702648
2025-05-14 11:00:00+00:00,0.9020900130271912,0.9022300243377686,0.9001100063323975,0.9018700122833252,0,0.9016588363836178,0.8979814745754986,58.07218163863747,True,1,0.00023283270226848174,0.00023283270226848174
2025-05-14 12:00:00+00:00,0.9017199873924255,0.902400016784668,0.9000300168991089,0.9020799994468689,0,0.9016660306199481,0.8981040487662174,55.79832736122284,True,1,-0.0004101870427807297,-0.0004101870427807297
2025-05-14 13:00:00+00:00,0.901390016078949,0.9020100235939026,0.8996000289916992,0.9017000198364258,0,0.901633558321007,0.8982117853994217,53.776176896771545,True,1,-0.0003659354545647586,-0.0003659354545647586
2025-05-14 14:00:00+00:00,0.901170015335083,0.9016900062561035,0.8999099731445312,0.9014099836349487,0,0.9015790238520748,0.8983087765448532,52.41235209514956,True,1,-0.0002440683166460289,-0.0002440683166460289
2025-05-14 15:00:00+00:00,0.9000499844551086,0.901229977607727,0.8989700078964233,0.9011099934577942,0,0.9013991368641965,0.898365865328796,46.01424517825924,True,1,-0.0012428630124338147,-0.0012428630124338147
2025-05-14 16:00:00+00:00,0.8989899754524231,0.9003000259399414,0.8975800275802612,0.9000200033187866,0,0.9011157061098701,0.8983863279558002,40.922733760588216,True,1,-0.0011777223720828012,-0.0011777223720828012
2025-05-14 17:00:00+00:00,0.8993499875068665,0.8994899988174438,0.897849977016449,0.898930013179779,0,0.9009079745095168,0.8984179233509171,43.22066431154921,True,1,0.0004004628130165333,0.0004004628130165333
2025-05-14 18:00:00+00:00,0.8982099890708923,0.8994899988174438,0.8970199823379517,0.8993399739265442,0,0.9005905644579139,0.8984111058335392,38.159081800423635,True,1,-0.0012675804212043396,-0.0012675804212043396
2025-05-14 19:00:00+00:00,0.8981500267982483,0.8983700275421143,0.8967300057411194,0.8981999754905701,0,0.9003034423803061,0.898402545865169,37.90761545966743,True,1,-6.675752148566083e-05,-6.675752148566083e-05
2025-05-14 20:00:00+00:00,0.8983299732208252,0.8990600109100342,0.8973399996757507,0.898169994354248,0,0.9000712695380142,0.898400166434207,39.20246040587559,True,1,0.00020035229884518557,0.00020035229884518557
2025-05-14 21:00:00+00:00,0.8976699709892273,0.8992699980735779,0.8963299989700317,0.8985000252723694,0,0.8997887638263922,0.8983762255999452,36.219111229031896,True,1,-0.0007346991097620936,-0.0007346991097620936
2025-05-14 22:00:00+00:00,0.8981099724769592,0.8985700011253357,0.8971400260925293,0.8977199792861938,0,0.899591258961753,0.8983674959893555,39.5233535337071,True,1,0.0004901595262756242,0.0004901595262756242
2025-05-14 23:00:00+00:00,0.8981999754905701,0.8981999754905701,0.8967800140380859,0.8980799913406372,0,0.8994275785533785,0.8983620035139854,40.205736894368535,True,1,0.0001002138005021802,0.0001002138005021802
2025-05-15 00:00:00+00:00,0.898419976234436,0.8990200161933899,0.8974000215530396,0.8981199860572815,0,0.8993090371040912,0.8983639042589182,41.930542973108295,True,1,0.0002449351479283379,0.0002449351479283379
2025-05-15 01:00:00+00:00,0.9002699851989746,0.9012399911880493,0.8978400230407715,0.8984100222587585,0,0.8994220898211363,0.8984263987159692,53.95790096048106,True,1,0.002059180576429842,0.002059180576429842
2025-05-15 02:00:00+00:00,0.8996599912643433,0.9004300236701965,0.8981800079345703,0.9002400040626526,0,0.8994500782262194,0.8984668443732929,50.26137940408746,True,1,-0.0006775677792885126,-0.0006775677792885126
2025-05-15 03:00:00+00:00,0.8992999792098999,0.9001700282096863,0.8984100222587585,0.8996899724006653,0,0.899432419518417,0.8984941602695751,48.1641853170297,True,1,-0.00040016457099245617,-0.00040016457099245617
2025-05-15 04:00:00+00:00,0.8982700109481812,0.8996000289916992,0.8974800109863281,0.8993099927902222,0,0.8992956655689774,0.8984868111114965,42.67767213829036,True,1,-0.0011452999950291032,-0.0011452999950291032
2025-05-15 05:00:00+00:00,0.8978599905967712,0.8988000154495239,0.8964599967002869,0.8981999754905701,0,0.8991267626310708,0.8984662596192105,40.690517451410436,True,1,-0.00045645557172402373,-0.00045645557172402373
2025-05-15 06:00:00+00:00,0.899590015411377,0.8997399806976318,0.8973699808120728,0.8978000283241272,0,0.8991812629581656,0.8985031040714125,51.04758240701651,True,1,0.001926831391001027,0.001926831391001027
2025-05-15 07:00:00+00:00,0.8974699974060059,0.8998100161552429,0.8963900208473206,0.8995199799537659,0,0.8989799375990879,0.898469231721727,41.486782667553115,True,1,-0.002356649105761388,-0.002356649105761388
2025-05-15 08:00:00+00:00,0.8975300192832947,0.8980399966239929,0.8966699838638306,0.8974599838256836,0,0.8988093589737004,0.8984384378712866,41.819024831992266,True,1,6.687897919954722e-05,6.687897919954722e-05
2025-05-15 09:00:00+00:00,0.8970100283622742,0.8978899717330933,0.8960800170898438,0.8975499868392944,0,0.898597673019415,0.8983916047726305,39.71511343549867,True,1,-0.000579357692610416,-0.000579357692610416
2025-05-15 10:00:00+00:00,0.8957899808883667,0.8970800042152405,0.8949300050735474,0.8969900012016296,0,0.8982673562981152,0.898306305628884,35.235874297797466,False,1,-0.001360126905308956,-0.001360126905308956
2025-05-15 11:00:00+00:00,0.8960000276565552,0.8963500261306763,0.8946700096130371,0.8957300186157227,0,0.8980006117520493,0.8982306899576601,36.56241039397715,False,0,0.00023448215839638742,0.0
2025-05-15 12:00:00+00:00,0.8968600034713745,0.8971999883651733,0.89478999376297,0.8959800004959106,0,0.8978664225425581,0.8981857494171261,41.81696438062622,False,0,0.000959794406556691,0.0
2025-05-15 13:00:00+00:00,0.8960999846458435,0.8978300094604492,0.8951299786567688,0.8968700170516968,0,0.8976586063194152,0.8981173636869201,38.76126958600055,False,0,-0.0008474219193511656,-0.0
2025-05-15 14:00:00+00:00,0.8957300186157227,0.8966500163078308,0.8940799832344055,0.8960400223731995,0,0.8974317136483925,0.8980390900780284,37.33121765007382,False,0,-0.00041286244443705655,-0.0
2025-05-15 15:00:00+00:00,0.8953999876976013,0.8960199952125549,0.8938699960708618,0.8957899808883667,0,0.8971926870659465,0.8979525621311291,36.05337549806355,False,0,-0.00036844909879363286,-0.0
2025-05-15 16:00:00+00:00,0.8954100012779236,0.8959400057792664,0.8945199847221375,0.8953700065612793,0,0.896982959326179,0.8978691994802043,36.12481799855515,False,0,1.1183359905908574e-05,0.0
2025-05-15 17:00:00+00:00,0.8942300081253052,0.8958600163459778,0.8934100270271301,0.8954100012779236,0,0.8966590827143114,0.8977498817308632,31.639046083044676,False,0,-0.0013178244055062072,-0.0
2025-05-15 18:00:00+00:00,0.8943700194358826,0.8945800065994263,0.8930400013923645,0.8942300081253052,0,0.8963897811521433,0.8976390665736508,32.70679962361065,False,0,0.0001565719214353667,0.0
2025-05-15 19:00:00+00:00,0.8940200209617615,0.8944000005722046,0.8931400179862976,0.8943799734115601,0,0.8961109858356278,0.8975204093404741,31.387022086247583,False,0,-0.00039133520412704126,-0.0
2025-05-15 20:00:00+00:00,0.8937000036239624,0.8944900035858154,0.8933200240135193,0.8940100073814392,0,0.8958273408695494,0.8973951501366539,30.187570070311494,False,0,-0.00035795321166831595,-0.0
2025-05-15 21:00:00+00:00,0.8936399817466736,0.8941799998283386,0.8921899795532227,0.8936499953269958,0,0.8955700045021522,0.8972720298615726,29.956341080180096,False,0,-6.716110221038907e-05,-0.0
2025-05-15 22:00:00+00:00,0.8937600255012512,0.8943799734115601,0.8926900029182434,0.8936399817466736,0,0.8953570657961638,0.8971568821776277,31.093159604792206,False,0,0.00013433122625405858,0.0
2025-05-15 23:00:00+00:00,0.8937000036239624,0.8938900232315063,0.8922799825668335,0.893779993057251,0,0.8951621173053166,0.8970435418971796,30.82378111301921,False,0,-6.715659189970857e-05,-0.0
2025-05-16 00:00:00+00:00,0.8927000164985657,0.8943899869918823,0.8914399743080139,0.8936899900436401,0,0.8948724583868752,0.8969011312283726,26.67705408458592,False,0,-0.0011189293066373729,-0.0
2025-05-16 01:00:00+00:00,0.8939800262451172,0.8941299915313721,0.8920800089836121,0.8927099704742432,0,0.8947674663701978,0.8968053572944953,38.147500964643974,False,0,0.0014338632495740633,0.0
2025-05-16 02:00:00+00:00,0.8950200080871582,0.8952199816703796,0.8924599885940552,0.8939599990844727,0,0.8947971771604284,0.8967468212549105,45.59448649175666,False,0,0.0011633166418818508,0.0
2025-05-16 03:00:00+00:00,0.8954799771308899,0.8959500193595886,0.8938000202178955,0.8950899839401245,0,0.894877506568718,0.8967052853819917,48.545261940557594,False,0,0.0005139204035391476,0.0
2025-05-16 04:00:00+00:00,0.8958600163459778,0.896369993686676,0.8944600224494934,0.8954899907112122,0,0.894993095954278,0.8966775716431059,50.914095448493235,False,0,0.0004243972224879933,0.0
2025-05-16 05:00:00+00:00,0.8967900276184082,0.8970000147819519,0.8951200246810913,0.8958200216293335,0,0.8952044996794697,0.8966812587242633,56.225123322295524,False,0,0.0010381211969072712,0.0
2025-05-16 06:00:00+00:00,0.8960300087928772,0.8968200087547302,0.8946599960327148,0.8967800140380859,0,0.8953016183986942,0.8966599062674965,51.33668208123062,False,0,-0.0008474880430476839,-0.0
2025-05-16 07:00:00+00:00,0.8964400291442871,0.8969900012016296,0.8948699831962585,0.8960700035095215,0,0.8954355490746463,0.8966526971814895,53.676628384724616,False,0,0.0004575966735336223,0.0
2025-05-16 08:00:00+00:00,0.8968200087547302,0.897059977054596,0.895330011844635,0.8964099884033203,0,0.8955984266840679,0.8966581828068416,55.79785507204609,False,0,0.0004238762193671253,0.0
2025-05-16 09:00:00+00:00,0.8962299823760986,0.8970699906349182,0.8952900171279907,0.8967999815940857,0,0.8956727273537185,0.8966441434484566,51.829082097791826,False,0,-0.0006579094722148904,-0.0
2025-05-16 10:00:00+00:00,0.8960899710655212,0.8964999914169312,0.8949199914932251,0.8962200284004211,0,0.8957218148492246,0.8966259738621308,50.903818471725835,False,0,-0.00015622252472091702,-0.0
2025-05-16 11:00:00+00:00,0.8961899876594543,0.8963000178337097,0.8949800133705139,0.8960999846458435,0,0.8957768940033692,0.8966116792325348,51.56895293901977,False,0,0.00011161445520269098,0.0
2025-05-16 12:00:00+00:00,0.8952699899673462,0.8962299823760986,0.8940799832344055,0.8961899876594543,0,0.8957172582344254,0.8965676894205613,45.4671419132755,False,0,-0.0010265654657790613,-0.0
2025-05-16 13:00:00+00:00,0.8953499794006348,0.895389974117279,0.8936399817466736,0.8952699899673462,0,0.8956740489598617,0.8965277645018751,46.064691802063464,False,0,8.934671572258246e-05,0.0
2025-05-16 14:00:00+00:00,0.8943399786949158,0.8956500291824341,0.8930500149726868,0.895330011844635,0,0.8955170995169268,0.8964560338196796,40.09107508985989,False,0,-0.001128051297209054,-0.0
2025-05-16 15:00:00+00:00,0.8944299817085266,0.8946300148963928,0.8928300142288208,0.8943300247192383,0,0.8953892033041738,0.896389605881609,40.82746765773075,False,0,0.00010063624097655932,0.0
2025-05-16 16:00:00+00:00,0.8949400186538696,0.8949999809265137,0.8931800127029419,0.8944399952888489,0,0.8953363580511968,0.8963420784315191,44.956543293457706,False,0,0.0005702368612114928,0.0
2025-05-16 17:00:00+00:00,0.8951600193977356,0.8953800201416016,0.8940100073814392,0.8949199914932251,0,0.8953156123272602,0.8963033223976247,46.684733206486435,False,0,0.00024582736192413357,0.0
2025-05-16 18:00:00+00:00,0.8956500291824341,0.8957899808883667,0.8943399786949158,0.8951399922370911,0,0.8953549554866924,0.8962819029479463,50.4186880938135,False,0,0.0005473990952233887,0.0
2025-05-16 19:00:00+00:00,0.8955299854278564,0.8959699869155884,0.8944699764251709,0.8956900238990784,0,0.8953755472444764,0.8962572499145007,49.503991217080305,False,0,-0.00013402975567056163,-0.0
2025-05-16 20:00:00+00:00,0.8942300081253052,0.895579993724823,0.8934400081634521,0.8955000042915344,0,0.8952407779363386,0.8961907829705926,40.85916898070882,False,0,-0.001451629005956967,-0.0
2025-05-16 21:00:00+00:00,0.8932099938392639,0.8932099938392639,0.8932099938392639,0.8932099938392639,0,0.8950018621602122,0.8960930521794015,35.60523219875206,False,0,-0.001140662107928625,-0.0
2025-05-18 23:00:00+00:00,0.8941400051116943,0.8946899771690369,0.8932399749755859,0.8940600156784058,0,0.8949004672133277,0.8960290178493127,42.824186718781775,False,0,0.0010412011496121476,0.0
2025-05-19 00:00:00+00:00,0.8952000141143799,0.8952299952507019,0.8929799795150757,0.8941299915313721,0,0.8949357080252162,0.8960018373989869,49.74012561578296,False,0,0.0011855067401365105,0.0
2025-05-19 01:00:00+00:00,0.894599974155426,0.895359992980957,0.8935400247573853,0.8951699733734131,0,0.8948962099228879,0.8959558746696898,46.324246720628395,False,0,-0.000670285913196178,-0.0
2025-05-19 02:00:00+00:00,0.8960899710655212,0.8966000080108643,0.8937699794769287,0.8945599794387817,0,0.8950366524102565,0.8959602712728318,54.652255216704795,False,0,0.0016655454428129435,0.0
2025-05-19 03:00:00+00:00,0.8956599831581116,0.8962699770927429,0.8947799801826477,0.8960800170898438,0,0.8951099854394159,0.8959504257608738,52.13820115466391,False,0,-0.0004798490344650741,-0.0
2025-05-19 04:00:00+00:00,0.8949000239372253,0.8957099914550781,0.8939599990844727,0.8956199884414673,0,0.8950852840862169,0.8959159863568197,47.94071064962517,False,0,-0.0008484907612000825,-0.0
2025-05-19 05:00:00+00:00,0.8940399885177612,0.8952400088310242,0.8930000066757202,0.8949400186538696,0,0.8949623081369867,0.8958544782309489,43.657196061442704,False,0,-0.0009610407827237433,-0.0
2025-05-19 06:00:00+00:00,0.8952100276947021,0.8954100012779236,0.8931400179862976,0.8939700126647949,0,0.894991451614365,0.8958333487051703,50.17912261729553,False,0,0.0013087101158424375,0.0
2025-05-19 07:00:00+00:00,0.8964899778366089,0.8968999981880188,0.8942199945449829,0.8952400088310242,0,0.8951677488169819,0.8958548775291518,56.15782423131377,False,0,0.0014297763679018693,0.0
2025-05-19 08:00:00+00:00,0.8975899815559387,0.8976899981498718,0.8949499726295471,0.8964999914169312,0,0.8954527173745062,0.8959117661857677,60.540441208142155,False,0,0.0012270117307773276,0.0
2025-05-19 09:00:00+00:00,0.8988100290298462,0.8989099860191345,0.8966299891471863,0.8975800275802612,0,0.8958476952163108,0.896006791197049,64.74940447966816,False,0,0.0013592480965447518,0.0
2025-05-19 10:00:00+00:00,0.8989800214767456,0.8993600010871887,0.8977299928665161,0.8988199830055237,0,0.8962162041881266,0.896104274157039,65.30470876744775,True,0,0.00018913056308789145,0.0
2025-05-19 11:00:00+00:00,0.898859977722168,0.8997600078582764,0.8978000283241272,0.8989400267601013,0,0.8965272363686021,0.8961946250936006,64.5316157757147,True,1,-0.00013353328406617848,-0.00013353328406617848
2025-05-19 12:00:00+00:00,0.8977000117301941,0.8990499973297119,0.8970100283622742,0.8989400267601013,0,0.8966652099405541,0.8962439820325053,57.45384189119,True,1,-0.0012904857494193678,-0.0012904857494193678
2025-05-19 13:00:00+00:00,0.8987500071525574,0.8991900086402893,0.896809995174408,0.8976899981498718,0,0.8969104802007897,0.8963261467905398,61.563406971069725,True,1,0.0011696506724330202,0.0011696506724330202
2025-05-19 14:00:00+00:00,0.8993499875068665,0.8994799852371216,0.8978099822998047,0.8988000154495239,0,0.8971974810603282,0.8964252891091078,63.719854243977615,True,1,0.0006675720161715137,0.0006675720161715137
2025-05-19 15:00:00+00:00,0.9004700183868408,0.9006999731063843,0.8983700275421143,0.8993600010871887,0,0.8975824854516825,0.8965579031837875,67.3971394502868,True,1,0.0012453782126347068,0.0012453782126347068
2025-05-19 16:00:00+00:00,0.9005100131034851,0.9008100032806396,0.8991600275039673,0.900409996509552,0,0.8979269004695416,0.8966874805582038,67.5237243266157,True,1,4.441537844424026e-05,4.441537844424026e-05
2025-05-19 17:00:00+00:00,0.9006100296974182,0.9008899927139282,0.899590015411377,0.9004799723625183,0,0.8982425627316447,0.8968160887267026,67.85979366843166,True,1,0.00011106660945214841,0.00011106660945214841
2025-05-19 18:00:00+00:00,0.9005299806594849,0.9007200002670288,0.8994600176811218,0.9006800055503845,0,0.8985116707231553,0.8969378556753185,67.25988171571228,True,1,-8.888312953858613e-05,-8.888312953858613e-05
2025-05-19 19:00:00+00:00,0.9008499979972839,0.9010999798774719,0.8994899988174438,0.9004700183868408,0,0.8987867680495233,0.8970661226366944,68.46030535498569,True,1,0.0003553655565855518,0.0003553655565855518
2025-05-19 20:00:00+00:00,0.9004799723625183,0.9011300206184387,0.8997799754142761,0.9009299874305725,0,0.8989859685569345,0.8971780521359016,65.47115812964044,True,1,-0.0004107516629718866,-0.0004107516629718866
2025-05-19 21:00:00+00:00,0.9000499844551086,0.9005200266838074,0.8985599875450134,0.9002199769020081,0,0.8991111468978961,0.8972722138512855,62.079102124643086,True,1,-0.00047750968439808084,-0.00047750968439808084
2025-05-19 22:00:00+00:00,0.9009799957275391,0.9010400176048279,0.8992300033569336,0.9000300168991089,0,0.8993310114660893,0.897393780470179,66.16255214366672,True,1,0.0010332884711881096,0.0010332884711881096
2025-05-19 23:00:00+00:00,0.9007400274276733,0.9011200070381165,0.8996700048446655,0.9009100198745728,0,0.8994967780498051,0.8975034934851789,64.24031639786064,True,1,-0.00026634142933656957,-0.00026634142933656957
2025-05-20 00:00:00+00:00,0.9000099897384644,0.9009400010108948,0.8991400003433228,0.9007499814033508,0,0.8995571558955296,0.8975856736902047,58.65702232325303,True,1,-0.0008104865632471148,-0.0008104865632471148
2025-05-20 01:00:00+00:00,0.8995599746704102,0.9003900289535522,0.8986700177192688,0.9000200033187866,0,0.8995574875161039,0.8976504048698835,55.45732981735905,True,1,-0.0005000111923034734,-0.0005000111923034734
2025-05-20 02:00:00+00:00,0.9000899791717529,0.900160014629364,0.8986200094223022,0.8995699882507324,0,0.8996201335932391,0.8977303909125677,58.339687919446426,True,1,0.0005891819514725061,0.0005891819514725061
2025-05-20 03:00:00+00:00,0.8998299837112427,0.9002299904823303,0.8988800048828125,0.9000899791717529,0,0.899644821842416,0.8977992300207209,56.41123866671147,True,1,-0.00028885496619956985,-0.00028885496619956985
2025-05-20 04:00:00+00:00,0.897059977054596,0.8998900055885315,0.8959400057792664,0.8998299837112427,0,0.8993407224556137,0.8977749922185528,40.89946469266775,True,1,-0.0030783666990314984,-0.0030783666990314984
2025-05-20 05:00:00+00:00,0.8952599763870239,0.8981900215148926,0.8936700224876404,0.8971099853515625,0,0.8988606346828384,0.8976925326830928,34.2992636386757,True,1,-0.0020065555410042624,-0.0020065555410042624
2025-05-20 06:00:00+00:00,0.8945800065994263,0.8964400291442871,0.8938699960708618,0.8951900005340576,0,0.8983570313789075,0.8975904826475627,32.186207744151275,True,1,-0.0007595221561693677,-0.0007595221561693677
2025-05-20 07:00:00+00:00,0.8951699733734131,0.895550012588501,0.8936300277709961,0.894599974155426,0,0.8979820833782611,0.8975111216877545,35.87734588629256,True,1,0.0006594902296435112,0.0006594902296435112
2025-05-20 08:00:00+00:00,0.8947499990463257,0.8951500058174133,0.8934800028800964,0.8951500058174133,0,0.8976018381627393,0.8974205930765601,34.44024145690976,True,1,-0.00046915595873342486,-0.00046915595873342486
2025-05-20 09:00:00+00:00,0.8943399786949158,0.8949199914932251,0.8931999802589417,0.8947799801826477,0,0.8972180899900541,0.8973195893263421,33.04841216367301,False,1,-0.00045825130130983105,-0.00045825130130983105
2025-05-20 10:00:00+00:00,0.8943799734115601,0.8947700262069702,0.893090009689331,0.8943300247192383,0,0.8968841939219959,0.8972232084766771,33.33143584848976,False,0,4.4719813043103684e-05,0.0
2025-05-20 11:00:00+00:00,0.8941400051116943,0.8946200013160706,0.8928899765014648,0.8943700194358826,0,0.8965613481796075,0.8971221198417596,32.44520203476755,False,0,-0.00026830687962564603,-0.0
2025-05-20 12:00:00+00:00,0.8908299803733826,0.8943899869918823,0.8898599743843079,0.8941199779510498,0,0.8958870696141693,0.8969158201870586,23.25882732010676,False,0,-0.003701908783175778,-0.0
2025-05-20 13:00:00+00:00,0.8910099864006042,0.891979992389679,0.8900799751281738,0.8907999992370605,0,0.8953132951184558,0.8967221862924207,24.51058488556663,False,0,0.0002020655244969749,0.0
2025-05-20 14:00:00+00:00,0.89274001121521,0.8929100036621094,0.8900200128555298,0.8909599781036377,0,0.895010555835721,0.8965916231751351,35.41437813120196,False,0,0.0019416446964803935,0.0
2025-05-20 15:00:00+00:00,0.8927900195121765,0.8929600119590759,0.8913699984550476,0.8927599787712097,0,0.8947493162682452,0.8964669804320872,35.70348167790446,False,0,5.6016641282186086e-05,0.0
2025-05-20 16:00:00+00:00,0.893809974193573,0.8940399885177612,0.8919399976730347,0.892799973487854,0,0.8946388054359308,0.8963798654734474,41.45920228369496,False,0,0.0011424351293194412,0.0
2025-05-20 17:00:00+00:00,0.8936600089073181,0.8941199779510498,0.8926900029182434,0.8938400149345398,0,0.8945236529031527,0.8962906898483284,40.87975348780665,False,0,-0.0001677820684314879,-0.0
2025-05-20 18:00:00+00:00,0.8934100270271301,0.8938500285148621,0.8924599885940552,0.8936399817466736,0,0.8943926380942089,0.8961962418869777,39.87919387967566,False,0,-0.0002797281714481681,-0.0
2025-05-20 19:00:00+00:00,0.8931000232696533,0.8936399817466736,0.8922799825668335,0.8934500217437744,0,0.8942405657619082,0.8960947265224752,38.616914802911474,False,0,-0.0003469893420698922,-0.0
2025-05-20 20:00:00+00:00,0.893589973449707,0.8939700126647949,0.8921700119972229,0.8930799961090088,0,0.8941640254898846,0.896012603470909,41.75481199943014,False,0,0.0005485949695309689,0.0
2025-05-20 21:00:00+00:00,0.8929399847984314,0.8940100073814392,0.8921499848365784,0.8936300277709961,0,0.8940200207026548,0.8959118618750901,38.91282982973934,False,0,-0.0007273902691257161,-0.0
2025-05-20 22:00:00+00:00,0.8930100202560425,0.893750011920929,0.8919900059700012,0.8930400013923645,0,0.8939011971207004,0.8958167195269245,39.391509697767695,False,0,7.843243532978939e-05,0.0
2025-05-20 23:00:00+00:00,0.8935999870300293,0.8937299847602844,0.8918799757957458,0.8929200172424316,0,0.8938657606394449,0.895744039772928,43.41402949830894,False,0,0.0006606496686538676,0.0
2025-05-21 00:00:00+00:00,0.8951200246810913,0.8952100276947021,0.8924000263214111,0.8935999870300293,0,0.8940133211149327,0.8957235802617203,52.21392576992178,False,0,0.0017010269394854838,0.0
2025-05-21 01:00:00+00:00,0.8947399854660034,0.8954899907112122,0.893589973449707,0.895039975643158,0,0.894098811038588,0.8956913312520246,50.11547221537114,False,0,-0.00042456788431621817,-0.0
2025-05-21 02:00:00+00:00,0.8949199914932251,0.8959500193595886,0.8937199711799622,0.8947100043296814,0,0.8941954205038394,0.8956660414238673,51.117567777082655,False,0,0.0002011825001069223,0.0
2025-05-21 03:00:00+00:00,0.8956000208854675,0.8959599733352661,0.8941699862480164,0.8949800133705139,0,0.8943606676075603,0.8956638768160509,54.81077351155757,False,0,0.0007598773060235597,0.0
2025-05-21 04:00:00+00:00,0.8959299921989441,0.896120011806488,0.8938900232315063,0.8955900073051453,0,0.894545294030076,0.895672601910572,56.52710983247243,False,0,0.00036843602700042943,0.0
2025-05-21 05:00:00+00:00,0.8958600163459778,0.8967300057411194,0.8949000239372253,0.8959299921989441,0,0.8946999672437115,0.895678746646159,56.04100482144364,False,0,-7.810415275255611e-05,-0.0
2025-05-21 06:00:00+00:00,0.8956900238990784,0.896340012550354,0.8942400217056274,0.895799994468689,0,0.894816444497284,0.8956791163921564,54.807948341576555,False,0,-0.00018975335855797582,-0.0
2025-05-21 07:00:00+00:00,0.8953199982643127,0.8958200216293335,0.8937399983406067,0.8957300186157227,0,0.8948756861169345,0.8956673420273089,52.11972091208869,False,0,-0.00041311795921861183,-0.0
2025-05-21 08:00:00+00:00,0.8946499824523926,0.8953700065612793,0.8934699892997742,0.8953400254249573,0,0.8948491327446354,0.8956339859756723,47.569916046106144,False,0,-0.0007483534526415703,-0.0
2025-05-21 09:00:00+00:00,0.894029974937439,0.8950799703598022,0.8929799795150757,0.8946300148963928,0,0.8947527612379064,0.8955813954498285,43.76283015872838,False,0,-0.0006930168525282054,-0.0
2025-05-21 10:00:00+00:00,0.8944399952888489,0.895039975643158,0.8927800059318542,0.8940600156784058,0,0.8947159652438995,0.8955439724937309,46.79534585469137,False,0,0.0004586203627441332,0.0
2025-05-21 11:00:00+00:00,0.8950700163841248,0.8953199982643127,0.8934000134468079,0.8944200277328491,0,0.8947576183192201,0.8955284329491535,51.15391299939257,False,0,0.0007043749145769773,0.0
2025-05-21 12:00:00+00:00,0.8938599824905396,0.8956699967384338,0.8929299712181091,0.8950499892234802,0,0.8946520141040811,0.8954737296554285,43.74215225612393,False,0,-0.0013518874182306684,-0.0
2025-05-21 13:00:00+00:00,0.8939899802207947,0.8941699862480164,0.892009973526001,0.8939099907875061,0,0.894574127764871,0.8954250821329814,44.669683616610776,False,0,0.00014543410914646948,0.0
2025-05-21 14:00:00+00:00,0.8941400051116943,0.8952000141143799,0.8930400013923645,0.8939700126647949,0,0.8945230545115561,0.8953829484601523,45.78067785330288,False,0,0.00016781495790652023,0.0
2025-05-21 15:00:00+00:00,0.8937399983406067,0.8946400284767151,0.8927199840545654,0.8941500186920166,0,0.8944309302561503,0.895329081243118,43.28507467415521,False,0,-0.0004473648073017866,-0.0
2025-05-21 16:00:00+00:00,0.8931199908256531,0.8938400149345398,0.8923100233078003,0.8937299847602844,0,0.8942767020878565,0.8952566520491029,39.6749363371365,False,0,-0.0006937224652636687,-0.0
2025-05-21 17:00:00+00:00,0.891789972782135,0.8935700058937073,0.890720009803772,0.893090009689331,0,0.8939841456989481,0.8951429904337924,33.265436237234596,False,0,-0.0014891818089174391,-0.0
2025-05-21 18:00:00+00:00,0.8913999795913696,0.8921700119972229,0.8905400037765503,0.8917700052261353,0,0.8936801261568801,0.8950202687668277,31.650792601400383,False,0,-0.00043731506595512393,-0.0
2025-05-21 19:00:00+00:00,0.8915600180625916,0.8919299840927124,0.8903399705886841,0.8913699984550476,0,0.893430701675199,0.8949068179240659,33.08612243722769,False,0,0.0001795360947789426,0.0
2025-05-21 20:00:00+00:00,0.8918600082397461,0.8921599984169006,0.8905100226402283,0.8915600180625916,0,0.8932459142122046,0.8948069225245799,35.807386048095196,False,0,0.00033647782659262937,0.0
2025-05-21 21:00:00+00:00,0.8913300037384033,0.8927599787712097,0.8903499841690063,0.8923799991607666,0,0.8930205129799926,0.8946929251873282,33.235708214944665,False,0,-0.000594268715320978,-0.0
2025-05-21 22:00:00+00:00,0.8917099833488464,0.8919699788093567,0.8908100128173828,0.8913699984550476,0,0.8928663330233871,0.8945951238155747,36.743352409047,False,0,0.000426306316234637,0.0
2025-05-21 23:00:00+00:00,0.8913400173187256,0.8918600082397461,0.8906000256538391,0.8915299773216248,0,0.8926867664698975,0.8944883990123993,34.82491517988528,False,0,-0.00041489501859270916,-0.0
2025-05-22 00:00:00+00:00,0.8922299742698669,0.8926200270652771,0.8905699849128723,0.8913599848747253,0,0.8926330262110704,0.8944143522995293,42.59003137150686,False,0,0.0009984483293126178,0.0
2025-05-22 01:00:00+00:00,0.8906099796295166,0.89274001121521,0.889769971370697,0.8921800255775452,0,0.8923950207308876,0.8942896187693649,34.526155450347616,False,0,-0.001815669375685336,-0.0
2025-05-22 02:00:00+00:00,0.8919000029563904,0.8924700021743774,0.889739990234375,0.8905100226402283,0,0.8923367833456526,0.894211270709923,43.672091705173486,False,0,0.0014484716726510527,0.0
2025-05-22 03:00:00+00:00,0.892300009727478,0.8924599885940552,0.8909599781036377,0.8918600082397461,0,0.892332457037632,0.8941486064154166,46.18246657711915,False,0,0.00044848836165689576,0.0
2025-05-22 04:00:00+00:00,0.8931699991226196,0.8933600187301636,0.8913800120353699,0.892270028591156,0,0.8924309914005717,0.8941165209304068,51.26931471959986,False,0,0.0009749965097582969,0.0
2025-05-22 05:00:00+00:00,0.8926200270652771,0.8932200074195862,0.8917199969291687,0.8930799961090088,0,0.8924532308905371,0.8940674555577796,48.1696828345205,False,0,-0.000615752944996828,-0.0
2025-05-22 06:00:00+00:00,0.8921099901199341,0.8930299878120422,0.891040027141571,0.8925399780273438,0,0.8924128496234073,0.8940032763630961,45.426780998953525,False,0,-0.000571393123477093,-0.0
2025-05-22 07:00:00+00:00,0.8934199810028076,0.8934299945831299,0.8915500044822693,0.8921099901199341,0,0.8925313356680425,0.8939841519250538,52.85261754032362,False,0,0.001468418577733166,0.0
2025-05-22 08:00:00+00:00,0.8929700255393982,0.8943399786949158,0.8921200037002563,0.8933600187301636,0,0.8925829462411432,0.8939509018796225,50.31987354394626,False,0,-0.0005036326397181989,-0.0
2025-05-22 09:00:00+00:00,0.8913400173187256,0.892989993095398,0.8906499743461609,0.8929299712181091,0,0.8924367193090941,0.893865299107134,42.394199894004274,False,0,-0.0018253784271067275,-0.0
2025-05-22 10:00:00+00:00,0.89028000831604,0.8913999795913696,0.8895000219345093,0.8912799954414368,0,0.8921829886040289,0.8937477485893932,38.182429865115004,False,0,-0.0011892308009172625,-0.0
2025-05-22 11:00:00+00:00,0.8901699781417847,0.8911100029945374,0.8893899917602539,0.890250027179718,0,0.8919461638437649,0.8936304446402913,37.76304558298268,False,0,-0.00012359052570831697,-0.0
2025-05-22 12:00:00+00:00,0.8909900188446045,0.8910899758338928,0.8893100023269653,0.8901500105857849,0,0.8918336761968048,0.8935438733027277,42.80517100735188,False,0,0.0009212181077278281,0.0
2025-05-22 13:00:00+00:00,0.8902300000190735,0.8913699984550476,0.8890100121498108,0.890999972820282,0,0.8916450084111893,0.893435221719657,39.60284650034514,False,0,-0.0008530048703762061,-0.0
2025-05-22 14:00:00+00:00,0.889710009098053,0.8909599781036377,0.8886799812316895,0.8903200030326843,0,0.8914173614331732,0.8933130836009158,37.533901674902374,False,0,-0.0005841085124174139,-0.0
2025-05-22 15:00:00+00:00,0.8888999819755554,0.8899700045585632,0.8880900144577026,0.8896499872207642,0,0.8911211991440416,0.8931683917443465,34.50943477499183,False,0,-0.0009104394850167896,-0.0
2025-05-22 16:00:00+00:00,0.8886100053787231,0.8892599940299988,0.8878999948501587,0.8889099955558777,0,0.8908257645834159,0.8930189364536703,33.469694322384626,False,0,-0.0003262196003062101,-0.0
2025-05-22 17:00:00+00:00,0.8887699842453003,0.8890399932861328,0.8877000212669373,0.8886200189590454,0,0.8905839080730493,0.892879626545199,34.639693417791236,False,0,0.00018003270907240854,0.0
2025-05-22 18:00:00+00:00,0.8891000151634216,0.889490008354187,0.888159990310669,0.8887799978256226,0,0.8904093324366225,0.8927557048605506,37.0972979753898,False,0,0.00037133445545145527,0.0
2025-05-22 19:00:00+00:00,0.8883600234985352,0.8893200159072876,0.887470006942749,0.8891199827194214,0,0.8901682372674358,0.8926115841601566,34.00945974506594,False,0,-0.0008322929392262646,-0.0
2025-05-22 20:00:00+00:00,0.8881400227546692,0.8884900212287903,0.8871399760246277,0.8883699774742126,0,0.8899296237953456,0.8924649755894849,33.12664075987493,False,0,-0.000247648180970117,-0.0
2025-05-22 21:00:00+00:00,0.8882399797439575,0.8892300128936768,0.8870599865913391,0.8878700137138367,0,0.8897308421422411,0.8923264511355332,33.965361603167736,False,0,0.00011254643043590029,0.0
2025-05-22 22:00:00+00:00,0.8885200023651123,0.8886500000953674,0.8873800039291382,0.88823002576828,0,0.8895883904037553,0.892201649536503,36.37288844478509,False,0,0.000315255592565844,0.0
2025-05-22 23:00:00+00:00,0.8881300091743469,0.8885999917984009,0.8872500061988831,0.8885400295257568,0,0.8894168161414719,0.8920681531311864,34.4870521134867,False,0,-0.00043892449210736206,-0.0
2025-05-23 00:00:00+00:00,0.8888800144195557,0.8888900279998779,0.8872399926185608,0.8880500197410583,0,0.8893536629977171,0.8919636239931001,40.83961745655291,False,0,0.0008444768642668077,0.0
2025-05-23 01:00:00+00:00,0.8893300294876099,0.8896600008010864,0.8879200220108032,0.8888499736785889,0,0.8893508825847632,0.8918772766322643,44.3278651290128,False,0,0.0005062720060682313,0.0
2025-05-23 02:00:00+00:00,0.8897200226783752,0.8900700211524963,0.8884699940681458,0.8893100023269653,0,0.8893943108310706,0.891806546994432,47.23165043054258,False,0,0.00043852470717764547,0.0
2025-05-23 03:00:00+00:00,0.8898100256919861,0.8903899788856506,0.8889700174331665,0.889769971370697,0,0.8894432184617664,0.8917410872795977,47.90694178796926,False,0,0.00010115880424943491,0.0
2025-05-23 04:00:00+00:00,0.8896999955177307,0.8902400135993958,0.8885599970817566,0.8898299932479858,0,0.889473427527174,0.8916741662382249,47.11316320443517,False,0,-0.00012365580413620236,-0.0
2025-05-23 05:00:00+00:00,0.8898100256919861,0.8900700211524963,0.888450026512146,0.8896899819374084,0,0.8895130273112695,0.8916130468760531,48.04031768173291,False,0,0.00012367109678512733,0.0
2025-05-23 06:00:00+00:00,0.8893100023269653,0.8899099826812744,0.8881099820137024,0.8897899985313416,0,0.8894891420189983,0.8915375372187059,44.24432583716011,False,0,-0.0005619439549828797,-0.0
2025-05-23 07:00:00+00:00,0.8913599848747253,0.8916400074958801,0.8884299993515015,0.8892899751663208,0,0.8897092411784956,0.8915317158303786,58.66490957513274,False,0,0.00230513830092538,0.0
2025-05-23 08:00:00+00:00,0.8916500210762024,0.8917199969291687,0.8903300166130066,0.8913599848747253,0,0.8899375682252846,0.8915355946908974,60.23207009483598,False,0,0.0003253861586773876,0.0
2025-05-23 09:00:00+00:00,0.8921800255775452,0.8922899961471558,0.8906400203704834,0.8915899991989136,0,0.8902013867373152,0.8915567235724268,62.99320778782093,False,0,0.0005944086679918748,0.0
2025-05-23 10:00:00+00:00,0.8923799991607666,0.892579972743988,0.8910999894142151,0.8921999931335449,0,0.8904576940812506,0.8915837162146674,64.00859487463424,False,0,0.00022414039486262638,0.0
2025-05-23 11:00:00+00:00,0.8903599977493286,0.893090009689331,0.8889399766921997,0.8924199938774109,0,0.8904462003951421,0.891543594297771,49.295052208392896,False,0,-0.0022636112567938627,-0.0
2025-05-23 12:00:00+00:00,0.8910899758338928,0.891480028629303,0.8885499835014343,0.8903300166130066,0,0.890521938682054,0.8915287215612504,53.45857959058608,False,0,0.00081986846490123,0.0
2025-05-23 13:00:00+00:00,0.8890699744224548,0.8911700248718262,0.8880100250244141,0.8910199999809265,0,0.8903511193573952,0.891448106900962,42.94889632396561,False,0,-0.00226688826742516,-0.0
2025-05-23 14:00:00+00:00,0.890250027179718,0.8915799856185913,0.8881700038909912,0.8891800045967102,0,0.8903392261600215,0.8914088255986261,49.228428023070805,False,0,0.0013272889549889033,0.0
2025-05-23 15:00:00+00:00,0.8908500075340271,0.8912400007247925,0.8893700242042542,0.8902599811553955,0,0.8903993180863751,0.8913905036948687,52.1143769351038,False,0,0.0006739458983335833,0.0
2025-05-23 16:00:00+00:00,0.8910199999809265,0.8913300037384033,0.8896600008010864,0.8908799886703491,0,0.890472339485734,0.8913783560321165,52.93073876253286,False,0,0.0001908205034089061,0.0
2025-05-23 17:00:00+00:00,0.8915200233459473,0.8919699788093567,0.889989972114563,0.8910099864006042,0,0.8905955964104649,0.8913830008620781,55.34241042909038,False,0,0.0005611808545615826,0.0
2025-05-23 18:00:00+00:00,0.891219973564148,0.8916900157928467,0.889989972114563,0.8915600180625916,0,0.8906690525461923,0.8913776557047689,53.56871230723556,False,0,-0.0003365597787396979,-0.0
2025-05-23 19:00:00+00:00,0.8914700150489807,0.8917400240898132,0.8899000287055969,0.8912500143051147,0,0.8907632834288733,0.8913806838799889,54.86684987755654,False,0,0.0002805609078000426,0.0
2025-05-23 20:00:00+00:00,0.8919100165367126,0.892270028591156,0.8906499743461609,0.8914600014686584,0,0.8908981932062662,0.8913980390490618,57.137817940970656,False,0,0.0004935684659093109,0.0
2025-05-23 21:00:00+00:00,0.8913099765777588,0.8913099765777588,0.8913099765777588,0.8913099765777588,0,0.8909466383087946,0.8913951517549207,53.20605647205935,False,0,-0.0006727584036827494,-0.0
2025-05-25 23:00:00+00:00,0.8930400013923645,0.8932200074195862,0.8914600014686584,0.892549991607666,0,0.8911929163186263,0.8914490812512303,61.443898655344285,False,0,0.0019409911928152113,0.0
2025-05-26 00:00:00+00:00,0.8922899961471558,0.8931999802589417,0.891480028629303,0.8930699825286865,0,0.8913219845337474,0.8914766522314246,56.77735205602966,False,0,-0.000839833875346474,-0.0
2025-05-26 01:00:00+00:00,0.8944100141525269,0.894599974155426,0.8913800120353699,0.8922799825668335,0,0.8916852821359568,0.8915728280321165,64.89371788020114,True,0,0.0023759293666019143,0.0
2025-05-26 02:00:00+00:00,0.8936799764633179,0.8950999975204468,0.8928700089454651,0.8943899869918823,0,0.8919199520568228,0.8916419148659264,60.66891102317139,True,1,-0.0008162226245875814,-0.0008162226245875814
2025-05-26 03:00:00+00:00,0.8933500051498413,0.893779993057251,0.8921899795532227,0.8936300277709961,0,0.892088193597178,0.8916979178260547,58.80537906944087,True,1,-0.0003692276006702633,-0.0003692276006702633
2025-05-26 04:00:00+00:00,0.8937100172042847,0.8938999772071838,0.8921499848365784,0.8933299779891968,0,0.8922789963744846,0.891763888297472,60.24033607749914,True,1,0.0004029910475940035,0.0004029910475940035
2025-05-26 05:00:00+00:00,0.89410001039505,0.8942199945449829,0.8924599885940552,0.8936899900436401,0,0.8924932333180806,0.8918404824646057,61.79296056151488,True,1,0.0004363755393337332,0.0004363755393337332
2025-05-26 06:00:00+00:00,0.8930400013923645,0.8942800164222717,0.8919100165367126,0.8941199779510498,0,0.8925575589738787,0.8918798109540405,55.45431741640354,True,1,-0.001185559770005118,-0.001185559770005118
2025-05-26 07:00:00+00:00,0.8920800089836121,0.8932499885559082,0.8913300037384033,0.8930500149726868,0,0.8925013766220826,0.8918863748238625,50.4109024819024,True,1,-0.0010749713419955231,-0.0010749713419955231
2025-05-26 08:00:00+00:00,0.8930000066757202,0.8932399749755859,0.8911799788475037,0.8921399712562561,0,0.8925600389813341,0.8919228873435955,54.66606700986604,True,1,0.0010312950439907986,0.0010312950439907986
2025-05-26 09:00:00+00:00,0.8921399712562561,0.893090009689331,0.8910800218582153,0.8929799795150757,0,0.8925106192489719,0.8919300048489286,50.31918332562613,True,1,-0.0009630855689080065,-0.0009630855689080065
2025-05-26 10:00:00+00:00,0.8928099870681763,0.8929100036621094,0.8912100195884705,0.8921300172805786,0,0.8925458389924077,0.8919588567249694,53.42627831962013,True,1,0.000751020953558168,0.000751020953558168
2025-05-26 11:00:00+00:00,0.8928599953651428,0.8928800225257874,0.891290009021759,0.8927599787712097,0,0.8925827985656707,0.8919884022541554,53.65923261492562,True,1,5.601225086060424e-05,5.601225086060424e-05
2025-05-26 12:00:00+00:00,0.8924800157546997,0.8930699825286865,0.8912799954414368,0.8928700089454651,0,0.8925707064702624,0.8920045207295831,51.54936124534339,True,1,-0.0004255758040628832,-0.0004255758040628832
2025-05-26 13:00:00+00:00,0.8931099772453308,0.8932399749755859,0.8912100195884705,0.8924599885940552,0,0.8926341500908587,0.8920407652055092,54.72757888845611,True,1,0.0007058550102081451,0.0007058550102081451
2025-05-26 14:00:00+00:00,0.8922299742698669,0.8931699991226196,0.8911799788475037,0.8931099772453308,0,0.8925865999942715,0.8920469687813898,49.8120179428977,True,1,-0.0009853243137850631,-0.0009853243137850631
2025-05-26 15:00:00+00:00,0.8915299773216248,0.8925399780273438,0.8908299803733826,0.8922399878501892,0,0.8924622914445484,0.8920300182417253,46.2532034103294,True,1,-0.0007845476709241739,-0.0007845476709241739
2025-05-26 16:00:00+00:00,0.8911899924278259,0.8917999863624573,0.8903300166130066,0.891539990901947,0,0.8923126092072868,0.8920024764117613,44.58700144130474,True,1,-0.00038134992927574274,-0.00038134992927574274
2025-05-26 17:00:00+00:00,0.8907399773597717,0.8912500143051147,0.889989972114563,0.891219973564148,0,0.8921275936958144,0.8919610830002206,42.409296611067894,True,1,-0.0005049597413322449,-0.0005049597413322449
2025-05-26 18:00:00+00:00,0.8903899788856506,0.8908900022506714,0.8895099759101868,0.8907099962234497,0,0.8919231684240304,0.8919095713899068,40.74257524368224,True,1,-0.00039293001663465166,-0.00039293001663465166
2025-05-26 19:00:00+00:00,0.890720009803772,0.8908900022506714,0.8893700242042542,0.8903899788856506,0,0.8917816203510588,0.8918705693706892,43.01674231815022,False,1,0.00037065884157239104,0.00037065884157239104
2025-05-26 20:00:00+00:00,0.8905799984931946,0.891290009021759,0.8896600008010864,0.8906599879264832,0,0.891640253073663,0.8918282555714271,42.275497789917736,False,0,-0.00015718891350402497,-0.0
2025-05-26 21:00:00+00:00,0.8907300233840942,0.8916299939155579,0.8898500204086304,0.8916299939155579,0,0.8915331672278314,0.8917922479587276,43.40092699998378,False,0,0.00016845751213079296,0.0
2025-05-26 22:00:00+00:00,0.8903999924659729,0.8909599781036377,0.8893899917602539,0.8907399773597717,0,0.8913998525499657,0.8917466002376536,41.48480553326494,False,0,-0.0003705173391006511,-0.0
2025-05-26 23:00:00+00:00,0.8900200128555298,0.8906800150871277,0.8892300128936768,0.8904399871826172,0,0.8912375184682674,0.8916899908152889,39.33173863429506,False,0,-0.00042675158766647403,-0.0
2025-05-27 00:00:00+00:00,0.8909500241279602,0.8910700082778931,0.8891500234603882,0.8900399804115295,0,0.8912036956047018,0.8916657296124255,46.632348781214695,False,0,0.0010449329891433212,0.0
2025-05-27 01:00:00+00:00,0.8904399871826172,0.8913900256156921,0.889549970626831,0.8909500241279602,0,0.8911138475550447,0.8916255413360383,43.53803374883533,False,0,-0.0005724641467317326,-0.0
2025-05-27 02:00:00+00:00,0.8901399970054626,0.8905199766159058,0.8887799978256226,0.8903899788856506,0,0.8909992769021527,0.891576834964544,41.78190809267221,False,0,-0.0003369010618039514,-0.0
2025-05-27 03:00:00+00:00,0.8897899985313416,0.8906099796295166,0.8887199759483337,0.8901100158691406,0,0.8908570088585279,0.8915182501634553,39.7665664865546,False,0,-0.0003931948629412041,-0.0
2025-05-27 04:00:00+00:00,0.8893700242042542,0.8906000256538391,0.8884299993515015,0.8897299766540527,0,0.8906820694874369,0.8914478165254487,37.4333230188414,False,0,-0.0004719926362182214,-0.0
2025-05-27 05:00:00+00:00,0.8899099826812744,0.8899999856948853,0.8874899744987488,0.8893899917602539,0,0.8905912357455354,0.8913973957436724,42.13427351520845,False,0,0.0006071246638916783,0.0
2025-05-27 06:00:00+00:00,0.8891400098800659,0.890999972820282,0.8885800242424011,0.8899099826812744,0,0.8904205032907744,0.8913233830924066,37.77560608460793,False,0,-0.0008652254904351064,-0.0
2025-05-27 07:00:00+00:00,0.8874199986457825,0.8894100189208984,0.88646000623703,0.8891400098800659,0,0.8900675027443047,0.8911954032744844,30.24801963189799,False,0,-0.0019344661303852817,-0.0
2025-05-27 08:00:00+00:00,0.8874599933624268,0.8882899880409241,0.8865100145339966,0.8873900175094604,0,0.8897607369346721,0.8910729308183514,30.594353639308025,False,0,4.506853204278016e-05,0.0
2025-05-27 09:00:00+00:00,0.8874599933624268,0.888260006904602,0.8864499926567078,0.8874899744987488,0,0.8894900612202903,0.8909544738525833,30.594353639308025,False,0,0.0,0.0
2025-05-27 10:00:00+00:00,0.8867700099945068,0.8875399827957153,0.8861700296401978,0.8874599933624268,0,0.8891700551937275,0.8908172783162529,27.829631929349162,False,0,-0.0007774810955767375,-0.0
2025-05-27 11:00:00+00:00,0.88714998960495,0.8879799842834473,0.8859500288963318,0.8867999911308289,0,0.8889324004185771,0.8906970393421119,31.500781761190225,False,0,0.0004284984902065414,0.0
2025-05-27 12:00:00+00:00,0.8882899880409241,0.8884099721908569,0.8862199783325195,0.887179970741272,0,0.8888568224917944,0.8906181196273187,41.16960459807331,False,0,0.0012850120603413728,0.0
2025-05-27 13:00:00+00:00,0.88714998960495,0.8888999819755554,0.8866599798202515,0.8883799910545349,0,0.8886560186227539,0.8905044104462575,35.73718821353623,False,0,-0.0012833629235069477,-0.0
2025-05-27 14:00:00+00:00,0.8861100077629089,0.8877999782562256,0.8852699995040894,0.8870800137519836,0,0.8883564879333604,0.8903603316697543,31.63604676983134,False,0,-0.001172272844757738,-0.0
2025-05-27 15:00:00+00:00,0.8865399956703186,0.8868600130081177,0.8850700259208679,0.8860899806022644,0,0.8881427829612378,0.8902350747517399,34.959455130565416,False,0,0.0004852534150869836,0.0
2025-05-27 16:00:00+00:00,0.8875600099563599,0.8877099752426147,0.8855500221252441,0.8865500092506409,0,0.8880742214312523,0.8901473677092684,42.14459421683355,False,0,0.0011505564227478615,0.0
2025-05-27 17:00:00+00:00,0.8879299759864807,0.8880800008773804,0.8864200115203857,0.8875100016593933,0,0.8880572513789261,0.890074666341308,44.53784403578683,False,0,0.0004168349474635846,0.0
2025-05-27 18:00:00+00:00,0.8891299962997437,0.8892300128936768,0.8870800137519836,0.887969970703125,0,0.8881834566637281,0.89004369355306,51.54010075715728,False,0,0.0013514807988430633,0.0
2025-05-27 19:00:00+00:00,0.8903700113296509,0.89055997133255,0.8880699872970581,0.8891199827194214,0,0.8884406983891308,0.8900543924965548,57.50980771268734,False,0,0.0013946386187257964,0.0
2025-05-27 20:00:00+00:00,0.8895800113677979,0.8910199999809265,0.8886500000953674,0.8903899788856506,0,0.8885747352101503,0.8900388390169234,53.027930170696095,False,0,-0.0008872715295894507,-0.0
2025-05-27 21:00:00+00:00,0.8894799947738647,0.8901299834251404,0.8886299729347229,0.8892599940299988,0,0.8886812363352931,0.8900205162548559,52.47040794533131,False,0,-0.00011243125143889365,-0.0
2025-05-27 22:00:00+00:00,0.89055997133255,0.8906400203704834,0.8889099955558777,0.8895900249481201,0,0.8889022639820291,0.8900382033065836,57.64832460975146,False,0,0.0012141662151263777,0.0
2025-05-27 23:00:00+00:00,0.8902699947357178,0.890779972076416,0.8891800045967102,0.8905699849128723,0,0.8890631734824631,0.8900458030255715,55.88780319709688,False,0,-0.00032561153225696415,-0.0
2025-05-28 00:00:00+00:00,0.8901600241661072,0.890720009803772,0.8893100023269653,0.8902900218963623,0,0.8891922147393624,0.8900495479809989,55.19933062694881,False,0,-0.0001235249646296399,-0.0
2025-05-28 01:00:00+00:00,0.8887199759483337,0.8911799788475037,0.8877900242805481,0.8901100158691406,0,0.8891366572345355,0.8900059554553378,47.029305195657706,False,0,-0.0016177408316245812,-0.0
2025-05-28 02:00:00+00:00,0.8898000121116638,0.8904899954795837,0.8876299858093262,0.8886100053787231,0,0.8892146989847859,0.8899992032145616,52.68556328860671,False,0,0.0012152716182367573,0.0
2025-05-28 03:00:00+00:00,0.890779972076416,0.8910099864006042,0.8886100053787231,0.8898599743843079,0,0.8893988487602718,0.8900248021936388,57.155891202329606,False,0,0.001101326086101695,0.0
2025-05-28 04:00:00+00:00,0.888949990272522,0.8909100294113159,0.8880699872970581,0.890779972076416,0,0.8893460418793601,0.8899895624585201,48.02989178487626,False,0,-0.002054358945260404,-0.0
2025-05-28 05:00:00+00:00,0.889739990234375,0.8900600075721741,0.887969970703125,0.8889300227165222,0,0.8893923887446559,0.8899813797626465,51.621098627873394,False,0,0.0008886888694501494,0.0
2025-05-28 06:00:00+00:00,0.8893499970436096,0.8906599879264832,0.8884599804878235,0.8896899819374084,0,0.8893874014857093,0.889960678689891,49.79190297370015,False,0,-0.00043832265048882046,-0.0
2025-05-28 07:00:00+00:00,0.8899700045585632,0.8903200030326843,0.8882899880409241,0.8893700242042542,0,0.889455943023692,0.889960984456077,52.66368813881234,False,0,0.0006971468117329405,0.0
2025-05-28 08:00:00+00:00,0.8907099962234497,0.891040027141571,0.8891100287437439,0.8899700045585632,0,0.8896034786942517,0.8899855422189415,55.905426016005734,False,0,0.000831479331995677,0.0
2025-05-28 09:00:00+00:00,0.8905699849128723,0.8909900188446045,0.8896300196647644,0.8906800150871277,0,0.8897171853082071,0.8900047042744802,55.13604744910077,False,0,-0.00015719068066044617,-0.0
2025-05-28 10:00:00+00:00,0.8899999856948853,0.8906700015068054,0.888979971408844,0.8905900120735168,0,0.8897504559419339,0.8900045495669525,51.99861951669137,False,0,-0.0006400386579868966,-0.0
2025-05-28 11:00:00+00:00,0.8900899887084961,0.8903499841690063,0.8890100121498108,0.889959990978241,0,0.8897904009732941,0.8900073508502818,52.458640037223056,False,0,0.00010112698321074198,0.0
2025-05-28 12:00:00+00:00,0.8885499835014343,0.8903300166130066,0.8876399993896484,0.8900700211524963,0,0.8896444695060165,0.889959568314254,44.58520780230375,False,0,-0.0017301679904256906,-0.0
2025-05-28 13:00:00+00:00,0.8867700099945068,0.8888400197029114,0.8859699964523315,0.8885499835014343,0,0.88930629779878,0.8898549926316394,37.5669538328143,False,0,-0.0020032339654245668,-0.0
2025-05-28 14:00:00+00:00,0.88714998960495,0.8883299827575684,0.8852300047874451,0.8868200182914734,0,0.8890526144818588,0.8897663040078135,39.7474007090575,False,0,0.0004284984902065414,0.0
2025-05-28 15:00:00+00:00,0.8866299986839294,0.8875600099563599,0.8855100274085999,0.8871399760246277,0,0.888767600858573,0.8896634743250632,37.80175781781483,False,0,-0.0005861364223789245,-0.0
2025-05-28 16:00:00+00:00,0.8875700235366821,0.8877099752426147,0.8857200145721436,0.8866000175476074,0,0.8886267094089387,0.8895948365942966,43.21339374514016,False,0,0.001060222250711229,0.0
2025-05-28 17:00:00+00:00,0.8884400129318237,0.8885999917984009,0.886650025844574,0.8876100182533264,0,0.8886047451175134,0.8895569735233959,47.74486030775729,False,0,0.0009801924040595544,0.0
2025-05-28 18:00:00+00:00,0.8885200023651123,0.8887699842453003,0.8872900009155273,0.8884400129318237,0,0.8885947753819368,0.889522974469026,48.154504909012566,False,0,9.003357809667101e-05,0.0
2025-05-28 19:00:00+00:00,0.8888999819755554,0.8889999985694885,0.8872900009155273,0.8885300159454346,0,0.8886306820400095,0.8895025484856334,50.15355983687721,False,0,0.00042765453724347147,0.0
2025-05-28 20:00:00+00:00,0.8886100053787231,0.889460027217865,0.8877099752426147,0.8889099955558777,0,0.8886282494916229,0.8894732847772101,48.61308632746823,False,0,-0.0003262196003062101,-0.0
2025-05-28 21:00:00+00:00,0.8880400061607361,0.8886799812316895,0.887470006942749,0.8886200189590454,0,0.8885590443938715,0.8894262920356863,45.645223638141886,False,0,-0.0006414503714080588,-0.0
2025-05-28 22:00:00+00:00,0.8896399736404419,0.8897799849510193,0.8878899812698364,0.8884999752044678,0,0.8886862125405268,0.8894332979899406,54.11353455366403,False,0,0.0018016840104118081,0.0
2025-05-28 23:00:00+00:00,0.8895599842071533,0.8906800150871277,0.8876399993896484,0.8894199728965759,0,0.8887890092071887,0.8894374516364066,53.663398907719895,False,0,-8.991213935816145e-05,-0.0
2025-05-29 00:00:00+00:00,0.8893700242042542,0.890030026435852,0.887969970703125,0.8894799947738647,0,0.8888573639127257,0.8894352409009262,52.545538481077685,False,0,-0.00021354378150051367,-0.0
2025-05-29 01:00:00+00:00,0.8889300227165222,0.8895000219345093,0.8871700167655945,0.8892800211906433,0,0.8888659120072899,0.8894186763702899,49.95003359355743,False,0,-0.0004947338855113559,-0.0
2025-05-29 02:00:00+00:00,0.8886200189590454,0.8890900015830994,0.8869100213050842,0.8888700008392334,0,0.8888369834133788,0.8893924908813966,48.14560320466297,False,0,-0.00034873808911239923,-0.0
2025-05-29 03:00:00+00:00,0.8894799947738647,0.8895000219345093,0.8873999714851379,0.8886399865150452,0,0.88891263180873,0.8893953598614776,53.1966905038432,False,0,0.0009677655201001389,0.0
2025-05-29 04:00:00+00:00,0.8899700045585632,0.8901200294494629,0.8881800174713135,0.8894799947738647,0,0.8890370286028281,0.889414200671218,55.83646205057109,False,0,0.0005508946660717218,0.0
2025-05-29 05:00:00+00:00,0.8894000053405762,0.8899800181388855,0.8882200121879578,0.8899400234222412,0,0.8890797317484455,0.8894137352505412,52.15167628267457,False,0,-0.0006404701451367956,-0.0
2025-05-29 06:00:00+00:00,0.8895800113677979,0.8908200263977051,0.8881999850273132,0.8894000053405762,0,0.8891385881742515,0.8894191869265168,53.20199040147066,False,0,0.00020239040492553428,0.0
2025-05-29 07:00:00+00:00,0.8909500241279602,0.891040027141571,0.8888199925422668,0.8895099759101868,0,0.8893516982864524,0.8894693783101706,60.33791517935937,False,0,0.0015400669334464379,0.0
2025-05-29 08:00:00+00:00,0.8901900053024292,0.8910800218582153,0.8888900279998779,0.8909100294113159,0,0.8894503226412731,0.8894930054246708,55.30019580755887,False,0,-0.0008530431617361778,-0.0
2025-05-29 09:00:00+00:00,0.8901699781417847,0.8910599946975708,0.8892099857330322,0.8902000188827515,0,0.8895349879942744,0.8895152012514614,55.169481751674525,True,0,-2.2497624692752183e-05,-0.0
2025-05-29 10:00:00+00:00,0.8905500173568726,0.8906599879264832,0.8891599774360657,0.8902300000190735,0,0.8896544032134036,0.8895491296483601,57.235221302829636,True,1,0.0004269288163156748,0.0004269288163156748
2025-05-29 11:00:00+00:00,0.8895300030708313,0.8906499743461609,0.8887400031089783,0.8905199766159058,0,0.8896397679025128,0.8895485025474574,50.50815326371257,True,1,-0.001145375628725076,-0.001145375628725076
2025-05-29 12:00:00+00:00,0.8904100060462952,0.8910800218582153,0.888700008392334,0.8894799947738647,0,0.8897303841547224,0.8895767485638127,55.38061668067921,True,1,0.000989289818697392,0.000989289818697392
2025-05-29 13:00:00+00:00,0.8892499804496765,0.8905799984931946,0.8882200121879578,0.8904399871826172,0,0.8896738660717758,0.8895660348551525,48.58971566171618,True,1,-0.0013027993719090247,-0.0013027993719090247
2025-05-29 14:00:00+00:00,0.8895099759101868,0.8900200128555298,0.8882499933242798,0.8891699910163879,0,0.8896545848762947,0.8895641968569569,50.06758176745801,True,1,0.00029237612170507354,0.00029237612170507354
2025-05-29 15:00:00+00:00,0.8894400000572205,0.8899099826812744,0.8884000182151794,0.889519989490509,0,0.8896293396034624,0.889560124830736,49.65386297965636,True,1,-7.866786754662236e-05,-7.866786754662236e-05
2025-05-29 16:00:00+00:00,0.8899700045585632,0.8903099894523621,0.888480007648468,0.8893799781799316,0,0.8896694178334742,0.8895735635103369,52.83295663211347,True,1,0.0005958856148911007,0.0005958856148911007
2025-05-29 17:00:00+00:00,0.8898400068283081,0.8901399970054626,0.888759970664978,0.890030026435852,0,0.889689487126984,0.8895822993568278,51.96619636751525,True,1,-0.00014606978840780993,-0.00014606978840780993
2025-05-29 18:00:00+00:00,0.8899999856948853,0.8904299736022949,0.8889399766921997,0.8898500204086304,0,0.8897260163702665,0.8895959939908624,52.98833831044086,True,1,0.0001797838547936692,0.0001797838547936692
2025-05-29 19:00:00+00:00,0.8901299834251404,0.8902199864387512,0.8888800144195557,0.8900099992752075,0,0.8897735419061339,0.8896135018411666,53.84777659720841,True,1,0.0001460648678028864,0.0001460648678028864
2025-05-29 20:00:00+00:00,0.8890500068664551,0.8902400135993958,0.8886299729347229,0.8901399970054626,0,0.8896884201367599,0.889595026596094,46.2785414017739,True,1,-0.0012132796094899145,-0.0012132796094899145
2025-05-29 21:00:00+00:00,0.8892499804496765,0.8906000256538391,0.8883500099182129,0.8889300227165222,0,0.8896368389971029,0.8895837136076868,47.74331027486682,True,1,0.00022492951091268587,0.00022492951091268587
2025-05-29 22:00:00+00:00,0.8895400166511536,0.8899099826812744,0.8886500000953674,0.8892599940299988,0,0.8896254481328735,0.8895822809205873,49.877901952696696,True,1,0.00032615823205350836,0.00032615823205350836
2025-05-29 23:00:00+00:00,0.8896300196647644,0.8899999856948853,0.8886500000953674,0.8893700242042542,0,0.8896259859601547,0.8895838461253144,50.55290115334756,True,1,0.00010117927459818432,0.00010117927459818432
2025-05-30 00:00:00+00:00,0.8902000188827515,0.890470027923584,0.8881999850273132,0.8896499872207642,0,0.889693519245166,0.8896040485108041,54.71252461985094,True,1,0.0006407149100047249,0.0006407149100047249
2025-05-30 01:00:00+00:00,0.8880900144577026,0.8906300067901611,0.8871399760246277,0.8901500105857849,0,0.8895048716231114,0.8895544080500466,40.972216958882974,False,1,-0.0023702587961040855,-0.0023702587961040855
2025-05-30 02:00:00+00:00,0.8882499933242798,0.888450026512146,0.886929988861084,0.888159990310669,0,0.8893572388820724,0.8895116403541198,42.15829889552063,False,0,0.0001801381211057329,0.0
2025-05-30 03:00:00+00:00,0.8881700038909912,0.888729989528656,0.8870700001716614,0.8881999850273132,0,0.8892175641772393,0.8894676522733614,41.707043598105194,False,0,-9.005283860374913e-05,-0.0
2025-05-30 04:00:00+00:00,0.8885899782180786,0.888700008392334,0.8870800137519836,0.88823002576828,0,0.8891437305349851,0.8894388760748275,45.03371876765631,False,0,0.0004728535362008568,0.0
2025-05-30 05:00:00+00:00,0.8888800144195557,0.8896099925041199,0.887690007686615,0.8885400295257568,0,0.8891127051096405,0.8894205527418678,47.271679205522105,False,0,0.00032640048682375244,0.0
2025-05-30 06:00:00+00:00,0.8876100182533264,0.888949990272522,0.8869500160217285,0.8888099789619446,0,0.8889359184206623,0.8893611909553583,39.6576004155947,False,0,-0.001428759951430103,-0.0
2025-05-30 07:00:00+00:00,0.886709988117218,0.8876500129699707,0.8852599859237671,0.8875700235366821,0,0.8886740442673159,0.8892742662721406,35.31620190784689,False,0,-0.0010139927643894042,-0.0
2025-05-30 08:00:00+00:00,0.8863199949264526,0.8872399926185608,0.8855800032615662,0.8866599798202515,0,0.8883970972860379,0.8891774049165442,33.59977901806715,False,0,-0.00043982045538193404,-0.0
2025-05-30 09:00:00+00:00,0.8867200016975403,0.8867700099945068,0.8851900100708008,0.8863300085067749,0,0.8881997919226853,0.8890968343191997,36.9827979267728,False,0,0.0004513119114737396,0.0
2025-05-30 10:00:00+00:00,0.8867300152778625,0.8874199986457825,0.885860025882721,0.8866900205612183,0,0.8880268770232943,0.8890192336948936,37.06923591124774,False,0,1.1292832351905702e-05,0.0
2025-05-30 11:00:00+00:00,0.8865500092506409,0.8871399760246277,0.8854900002479553,0.8867200016975403,0,0.8878531278735704,0.8889382755163935,36.1103658737003,False,0,-0.00020299981293092628,-0.0
2025-05-30 12:00:00+00:00,0.8858399987220764,0.8872299790382385,0.8848699927330017,0.8865699768066406,0,0.8876162891498651,0.8888366926706781,32.53545348086679,False,0,-0.0008008691231807807,-0.0
2025-05-30 13:00:00+00:00,0.8842800259590149,0.8858799934387207,0.8831800222396851,0.8858000040054321,0,0.8872237875980004,0.888687293762099,26.360610839432113,False,0,-0.0017610096239861761,-0.0
2025-05-30 14:00:00+00:00,0.884660005569458,0.8857399821281433,0.8833400011062622,0.8841599822044373,0,0.8869221661828778,0.8885552515262746,29.852873315866347,False,0,0.0004297050699872962,0.0
2025-05-30 15:00:00+00:00,0.8843200206756592,0.8852400183677673,0.8833299875259399,0.8846099972724915,0,0.8866160314173227,0.8884163914983855,28.54832162454521,False,0,-0.0003843113644319551,-0.0
2025-05-30 16:00:00+00:00,0.8837199807167053,0.8855299949645996,0.8826199769973755,0.8842999935150146,0,0.8862753195701911,0.8882624108170188,26.359001151038242,False,0,-0.0006785325955815935,-0.0
2025-05-30 17:00:00+00:00,0.8842099905014038,0.8848699927330017,0.8829100131988525,0.8837500214576721,0,0.8860323396797455,0.8881295445771625,31.01178551561398,False,0,0.0005544853521373128,0.0
2025-05-30 18:00:00+00:00,0.8835700154304504,0.8845300078392029,0.8826000094413757,0.8842200040817261,0,0.885742654473946,0.8879800518182539,28.480806596756167,False,0,-0.0007237817688425796,-0.0
2025-05-30 19:00:00+00:00,0.8842700123786926,0.8844799995422363,0.882669985294342,0.8835499882698059,0,0.8855694024627396,0.8878584111808913,34.75327189414409,False,0,0.0007922371017776708,0.0
2025-05-30 20:00:00+00:00,0.8834999799728394,0.8847299814224243,0.8826599717140198,0.8842899799346924,0,0.8853259409933396,0.8877155117970206,31.48228062958286,False,0,-0.000870811398185789,-0.0
2025-05-30 21:00:00+00:00,0.8827199935913086,0.8827199935913086,0.8827199935913086,0.8827199935913086,0,0.8850193589460418,0.8875517243148661,28.550936871299456,False,0,-0.0008828368978058831,-0.0
2025-06-01 23:00:00+00:00,0.8842399716377258,0.8850499987602234,0.8833900094032288,0.8845700025558472,0,0.884927666321534,0.8874431422598779,40.230242822104664,False,0,0.00172192547744765,0.0
2025-06-02 00:00:00+00:00,0.8854699730873108,0.8857600092887878,0.8837199807167053,0.884190022945404,0,0.8849914671175076,0.8873784481886462,47.68299022251597,False,0,0.0013910267450438774,0.0
2025-06-02 01:00:00+00:00,0.8857300281524658,0.8870999813079834,0.8850600123405457,0.8855500221252441,0,0.8850783566510322,0.8873244016300829,49.12731204277272,False,0,0.00029369156838643384,0.0
2025-06-02 02:00:00+00:00,0.8856499791145325,0.8867200016975403,0.8847100138664246,0.8857499957084656,0,0.8851456063526205,0.8872695025312123,48.681796216804834,False,0,-9.03763397299695e-05,-0.0
2025-06-02 03:00:00+00:00,0.8852099776268005,0.885919988155365,0.8838199973106384,0.8856300115585327,0,0.8851531794437005,0.8872019771245102,46.20163349534761,False,0,-0.0004968119438921725,-0.0
2025-06-02 04:00:00+00:00,0.8857499957084656,0.8858399987220764,0.884119987487793,0.8852599859237671,0,0.8852233931219082,0.8871543711764431,49.595697521967836,False,0,0.0006100451817236952,0.0
2025-06-02 05:00:00+00:00,0.8859999775886536,0.886210024356842,0.8846099972724915,0.8857600092887878,0,0.8853147560003488,0.8871165222063516,51.132630108076434,False,0,0.0002822262279413845,0.0
2025-06-02 06:00:00+00:00,0.885919988155365,0.8867899775505066,0.884909987449646,0.8859900236129761,0,0.8853859597832919,0.8870772915817291,50.60094486211353,False,0,-9.028152969736691e-05,-0.0
2025-06-02 07:00:00+00:00,0.8867300152778625,0.8873100280761719,0.8851699829101562,0.885919988155365,0,0.8855440839591238,0.8870659054734056,55.632196405032005,False,0,0.0009143344018958111,0.0
2025-06-02 08:00:00+00:00,0.8870400190353394,0.8872299790382385,0.8853600025177002,0.8867200016975403,0,0.8857200763210314,0.8870650567377313,57.419586487259544,False,0,0.0003496033202166071,0.0
2025-06-02 09:00:00+00:00,0.8877099752426147,0.8878600001335144,0.8863099813461304,0.8870300054550171,0,0.8859541820765119,0.8870862016067439,61.06967644656015,False,0,0.0007552716821095373,0.0
2025-06-02 10:00:00+00:00,0.887690007686615,0.887910008430481,0.8862800002098083,0.8876500129699707,0,0.8861583968541711,0.8871059985273954,60.90210917199569,False,0,-2.249333290893496e-05,-0.0
2025-06-02 11:00:00+00:00,0.8880199790000916,0.8888400197029114,0.8866699934005737,0.8877000212669373,0,0.886377406518397,0.8871359651002706,62.7224268064343,False,0,0.000371719080556554,0.0
2025-06-02 12:00:00+00:00,0.8885599970817566,0.8888099789619446,0.8872299790382385,0.8879899978637695,0,0.8866341818787923,0.887182654673434,65.54931425379814,False,0,0.0006081147884455795,0.0
2025-06-02 13:00:00+00:00,0.8875600099563599,0.8885700106620789,0.8863599896430969,0.8885300159454346,0,0.8867431028290944,0.8871950269777923,56.93861234618281,False,0,-0.0011254019184758768,-0.0
2025-06-02 14:00:00+00:00,0.8900099992752075,0.8903800249099731,0.8864499926567078,0.887499988079071,0,0.8871274435874607,0.887287321151478,68.022069033608,False,0,0.002760364698008555,0.0
2025-06-02 15:00:00+00:00,0.8893799781799316,0.8903800249099731,0.8883799910545349,0.8900499939918518,0,0.8873924476571631,0.8873559328573289,63.49611688383355,True,0,-0.0007078809179548173,-0.0
2025-06-02 16:00:00+00:00,0.889270007610321,0.889490008354187,0.8879500031471252,0.8893899917602539,0,0.8876133370634169,0.8874186894066073,62.71175738891374,True,1,-0.00012364857800784002,-0.00012364857800784002
2025-06-02 17:00:00+00:00,0.8893899917602539,0.8896600008010864,0.8883600234985352,0.8892499804496765,0,0.8878223552630449,0.8874833222706612,63.24523201151046,True,1,0.0001349243187176441,0.0001349243187176441
2025-06-02 18:00:00+00:00,0.8901200294494629,0.8902400135993958,0.8882899880409241,0.8893100023269653,0,0.8880926698732117,0.8875697716863596,66.3954858951088,True,1,0.0008208296652452152,0.0008208296652452152
2025-06-02 19:00:00+00:00,0.8900700211524963,0.8902599811553955,0.8890200257301331,0.8901399970054626,0,0.8883252994354804,0.8876517470786919,65.97831446996517,True,1,-5.618152081965366e-05,-5.618152081965366e-05
2025-06-02 20:00:00+00:00,0.8903399705886841,0.8910999894142151,0.8891599774360657,0.8900600075721741,0,0.8885623195711514,0.8877398855544293,67.17719720551585,True,1,0.00030329011175789233,0.00030329011175789233
2025-06-02 21:00:00+00:00,0.8893799781799316,0.890529990196228,0.8889399766921997,0.8905100226402283,0,0.8886585147015961,0.8877936590831342,59.189272869707935,True,1,-0.001078231282953257,-0.001078231282953257
2025-06-02 22:00:00+00:00,0.8904100060462952,0.8906300067901611,0.8893700242042542,0.8894799947738647,0,0.8888645725068548,0.8878794409507789,64.11919539643179,True,1,0.0011581415049071175,0.0011581415049071175
2025-06-02 23:00:00+00:00,0.8908900022506714,0.8910700082778931,0.8893600106239319,0.8904399871826172,0,0.8891028583590684,0.8879781478786442,66.17007563663813,True,1,0.0005390732371792772,0.0005390732371792772
2025-06-03 00:00:00+00:00,0.890779972076416,0.8910199999809265,0.889519989490509,0.8908799886703491,0,0.889300165855227,0.8880700109670956,65.2493860354087,True,1,-0.00012350590306031695,-0.00012350590306031695
2025-06-03 01:00:00+00:00,0.8892899751663208,0.8910800218582153,0.8883900046348572,0.8907899856567383,0,0.8892989669506497,0.8881100097932997,54.24281423658302,True,1,-0.0016726879328259336,-0.0016726879328259336
2025-06-03 02:00:00+00:00,0.8878200054168701,0.8893899917602539,0.8870400190353394,0.889270007610321,0,0.8891249714760874,0.8881005014530888,45.99894288842442,True,1,-0.0016529701115496342,-0.0016529701115496342
2025-06-03 03:00:00+00:00,0.8879600167274475,0.8885300159454346,0.8868100047111511,0.8877999782562256,0,0.8889879179762474,0.8880958953965105,46.82786269380654,True,1,0.00015770236052703446,0.00015770236052703446
2025-06-03 04:00:00+00:00,0.887939989566803,0.8883100152015686,0.8869199752807617,0.887969970703125,0,0.8888646322810186,0.8880907837299626,46.71739638820179,True,1,-2.2554124360585348e-05,-2.2554124360585348e-05
2025-06-03 05:00:00+00:00,0.8874499797821045,0.8881700038909912,0.8855500221252441,0.8878899812698364,0,0.888698202575264,0.8880697737644591,43.983480548370906,True,1,-0.0005518501142600662,-0.0005518501142600662
2025-06-03 06:00:00+00:00,0.8869799971580505,0.887499988079071,0.8852699995040894,0.8874800205230713,0,0.8884960607614741,0.888034043383921,41.47639450283894,True,1,-0.0005295877342510469,-0.0005295877342510469
2025-06-03 07:00:00+00:00,0.8868100047111511,0.8872399926185608,0.8852999806404114,0.8870099782943726,0,0.8882977012261419,0.8879939109684203,40.5754957458,True,1,-0.00019165307836033207,-0.00019165307836033207
2025-06-03 08:00:00+00:00,0.8862000107765198,0.8869400024414062,0.8853999972343445,0.8868299722671509,0,0.8880509141144216,0.8879350945686858,37.433430528358684,True,1,-0.0006878518864139593,-0.0006878518864139593
2025-06-03 09:00:00+00:00,0.8865600228309631,0.8868600130081177,0.8851799964904785,0.8861899971961975,0,0.887875515139897,0.8878900102494162,40.36840285835489,False,1,0.0004062424397037745,0.0004062424397037745
2025-06-03 10:00:00+00:00,0.886650025844574,0.8872299790382385,0.8855299949645996,0.8865000009536743,0,0.8877313399286826,0.8878493550230279,41.11212759019629,False,0,0.00010151936844993159,0.0
2025-06-03 11:00:00+00:00,0.8870400190353394,0.8871899843215942,0.8855199813842773,0.886650025844574,0,0.8876500080588774,0.8878228194168741,44.35088698153442,False,0,0.000439850199512426,0.0
2025-06-03 12:00:00+00:00,0.8858399987220764,0.887179970741272,0.8847699761390686,0.8870599865913391,0,0.8874370657839596,0.8877578089022906,37.513946051574976,False,0,-0.001352836723835682,-0.0
2025-06-03 13:00:00+00:00,0.8858399987220764,0.8866999745368958,0.8845700025558472,0.8858000040054321,0,0.8872491755413852,0.8876949298799885,37.51394605157498,False,0,0.0,0.0
2025-06-03 14:00:00+00:00,0.88646000623703,0.8873299956321716,0.8845900297164917,0.8859500288963318,0,0.887156332093814,0.8876544405802194,42.797790732507906,False,0,0.0006999091436918903,0.0
2025-06-03 15:00:00+00:00,0.8865100145339966,0.8870999813079834,0.8852699995040894,0.88646000623703,0,0.8870802947338354,0.8876169184147694,43.21488216556812,False,0,5.641348353524478e-05,0.0
2025-06-03 16:00:00+00:00,0.8865200281143188,0.8870199918746948,0.8854399919509888,0.8864799737930298,0,0.8870143810138923,0.8875809547983612,43.30402833247352,False,0,1.1295507279296402e-05,0.0
2025-06-03 17:00:00+00:00,0.8873100280761719,0.8876100182533264,0.885670006275177,0.886489987373352,0,0.8870491630212194,0.8875720719550108,49.976199707146144,False,0,0.00089112477642872,0.0
2025-06-03 18:00:00+00:00,0.8870599865913391,0.8873699903488159,0.8858699798583984,0.8873199820518494,0,0.8870504363824099,0.8875552822709559,48.04881950226633,False,0,-0.00028179720381937834,-0.0
2025-06-03 19:00:00+00:00,0.886709988117218,0.8871999979019165,0.8856800198554993,0.8870499730110168,0,0.8870103836453285,0.8875275677085384,45.40893890168167,False,0,-0.00039456009673710657,-0.0
2025-06-03 20:00:00+00:00,0.8861700296401978,0.8871999979019165,0.8857600092887878,0.8867200016975403,0,0.8869115184682542,0.8874830582636747,41.610674331118084,False,0,-0.0006089459736060565,-0.0
2025-06-03 21:00:00+00:00,0.8866599798202515,0.886929988861084,0.8848900198936462,0.8863400220870972,0,0.8868819256861362,0.8874560720852017,46.022636388635334,False,0,0.0005528850713363287,0.0
2025-06-03 22:00:00+00:00,0.8868700265884399,0.8871200084686279,0.8856300115585327,0.8866599798202515,0,0.8868805257922895,0.8874368574787506,47.842196342264245,False,0,0.00023689663790960047,0.0
2025-06-03 23:00:00+00:00,0.8865000009536743,0.8869500160217285,0.8856099843978882,0.8868700265884399,0,0.8868357581642171,0.8874061408713709,44.966492199688524,False,0,-0.0004172264522108726,-0.0
2025-06-04 00:00:00+00:00,0.8859000205993652,0.8867200016975403,0.8849300146102905,0.8865299820899963,0,0.8867256713918816,0.8873567598788461,40.69513858602792,False,0,-0.0006767967892427063,-0.0
2025-06-04 01:00:00+00:00,0.8873599767684937,0.8875300288200378,0.8845900297164917,0.8858699798583984,0,0.8868002955538359,0.8873568653506378,52.51517533083826,False,0,0.001647992025263445,0.0
2025-06-04 02:00:00+00:00,0.8865399956703186,0.8881999850273132,0.8856099843978882,0.8873800039291382,0,0.886769672038128,0.8873300827381683,46.86541870831908,False,0,-0.0009240681568275511,-0.0
2025-06-04 03:00:00+00:00,0.886680006980896,0.8869100213050842,0.8854100108146667,0.8865699768066406,0,0.8867591232078653,0.8873087687789134,47.89618080701112,False,0,0.00015793005534003868,0.0
2025-06-04 04:00:00+00:00,0.8858500123023987,0.8870300054550171,0.8849200010299683,0.8866999745368958,0,0.8866521689836927,0.8872609406977161,42.61814219543876,False,0,-0.0009360701402565397,-0.0
2025-06-04 05:00:00+00:00,0.8860200047492981,0.88646000623703,0.8847200274467468,0.8858199715614319,0,0.8865777967208227,0.8872202542731777,43.979761293361314,False,0,0.0001918975498544917,0.0
2025-06-04 06:00:00+00:00,0.886650025844574,0.8869699835777283,0.8849800229072571,0.8860300183296204,0,0.8865862942647934,0.8872015582591252,48.826364345217726,False,0,0.0007110687026239404,0.0
2025-06-04 07:00:00+00:00,0.8863199949264526,0.8876399993896484,0.8856099843978882,0.8866199851036072,0,0.8865549649308709,0.8871726545432999,46.55422073479424,False,0,-0.0003722223069998476,-0.0
2025-06-04 08:00:00+00:00,0.887499988079071,0.8876799941062927,0.8853399753570557,0.8863300085067749,0,0.8866661441247768,0.8871833867903742,54.67549222781267,False,0,0.0013313398765377737,0.0
2025-06-04 09:00:00+00:00,0.8878800272941589,0.8884199857711792,0.8864399790763855,0.8874599933624268,0,0.88680895390941,0.8872062274626294,56.944683032047095,False,0,0.000428213205850847,0.0
2025-06-04 10:00:00+00:00,0.8879299759864807,0.8885999917984009,0.8870199918746948,0.8878600001335144,0,0.8869408388596535,0.8872299569224278,57.24763824066961,False,0,5.625612783966005e-05,0.0
2025-06-04 11:00:00+00:00,0.8885200023651123,0.888949990272522,0.8867700099945068,0.8879600167274475,0,0.8871266228014721,0.887272253494319,60.76009932461993,False,0,0.000664496519532598,0.0
2025-06-04 12:00:00+00:00,0.8892999887466431,0.8896600008010864,0.8877500295639038,0.8885599970817566,0,0.8873823129126687,0.887338736617346,64.8691402199999,True,0,0.0008778489842147241,0.0
2025-06-04 13:00:00+00:00,0.8891699910163879,0.8896499872207642,0.8880500197410583,0.8893300294876099,0,0.8875926279836944,0.8873987777451834,63.67240722123339,True,1,-0.00014617984021159103,-0.00014617984021159103
2025-06-04 14:00:00+00:00,0.8883000016212463,0.8896300196647644,0.887220025062561,0.8892099857330322,0,0.8876758484116416,0.8874283260689887,56.20003369543791,True,1,-0.0009784286513618845,-0.0009784286513618845
2025-06-04 15:00:00+00:00,0.888159990310669,0.8885200023651123,0.8869500160217285,0.8883200287818909,0,0.8877328062821154,0.8874523150605191,55.07973712075446,True,1,-0.00015761714547091188,-0.00015761714547091188
2025-06-04 16:00:00+00:00,0.8879600167274475,0.8884599804878235,0.8868899941444397,0.8881400227546692,0,0.8877595369227427,0.8874689610168118,53.441161416304865,True,1,-0.00022515491060515203,-0.00022515491060515203
2025-06-04 17:00:00+00:00,0.8880199790000916,0.888189971446991,0.8868299722671509,0.887939989566803,0,0.8877901771671366,0.887487027180198,53.88417270810165,True,1,6.752812234167571e-05,6.752812234167571e-05
2025-06-04 18:00:00+00:00,0.8878800272941589,0.8884199857711792,0.8871200084686279,0.8880299925804138,0,0.8878007477703156,0.8874999124298361,52.62555413889331,True,1,-0.00015759972663020871,-0.00015759972663020871
2025-06-04 19:00:00+00:00,0.8881499767303467,0.8882700204849243,0.8867800235748291,0.8879200220108032,0,0.8878418335303192,0.8875212260134593,54.81779971955372,True,1,0.0003040381897208011,0.0003040381897208011
2025-06-04 20:00:00+00:00,0.8875499963760376,0.8882899880409241,0.8870099782943726,0.8881300091743469,0,0.8878074997474625,0.8875221693040356,49.35159897286036,True,1,-0.0006755394584571084,-0.0006755394584571084
2025-06-04 21:00:00+00:00,0.8867800235748291,0.887910008430481,0.8863300085067749,0.8877000212669373,0,0.8876866201977409,0.8874978366571763,43.37412442180911,True,1,-0.0008675261161088521,-0.0008675261161088521
2025-06-04 22:00:00+00:00,0.8877699971199036,0.8878899812698364,0.8866400122642517,0.8868200182914734,0,0.8876964292474071,0.8875067599510362,51.506748542684626,True,1,0.0011163687935635824,0.0011163687935635824
2025-06-04 23:00:00+00:00,0.887690007686615,0.8879500031471252,0.8867999911308289,0.8877300024032593,0,0.8876956737696668,0.8875127680735142,50.871008117282024,True,1,-9.01015280400097e-05,-9.01015280400097e-05
2025-06-05 00:00:00+00:00,0.8887100219726562,0.888949990272522,0.8870499730110168,0.8876199722290039,0,0.8878150088523715,0.8875520222997155,57.99151667887458,True,1,0.0011490658644446317,0.0011490658644446317
2025-06-05 01:00:00+00:00,0.888670027256012,0.8896899819374084,0.887719988822937,0.8886600136756897,0,0.8879155992527998,0.8875886781999219,57.63876516874525,True,1,-4.50031119886285e-05,-4.50031119886285e-05
2025-06-05 02:00:00+00:00,0.8883000016212463,0.8888400197029114,0.88714998960495,0.8886299729347229,0,0.8879608230608524,0.8876120002793095,54.34510549830571,True,1,-0.00041638136025379247,-0.00041638136025379247
2025-06-05 03:00:00+00:00,0.8875200152397156,0.8883900046348572,0.8865299820899963,0.8882499933242798,0,0.8879089633171893,0.887608984376372,48.10497161322453,True,1,-0.0008780663966083679,-0.0008780663966083679
2025-06-05 04:00:00+00:00,0.887939989566803,0.8879799842834473,0.8865799903869629,0.8874599933624268,0,0.8879126134642027,0.8876198370055665,51.34452816963524,True,1,0.0004731998376104052,0.0004731998376104052
2025-06-05 05:00:00+00:00,0.8876299858093262,0.8882099986076355,0.8867400288581848,0.887939989566803,0,0.8878793631518642,0.8876201697532308,48.917083887932435,True,1,-0.0003491269242508199,-0.0003491269242508199
2025-06-05 06:00:00+00:00,0.8876799941062927,0.8882799744606018,0.8867999911308289,0.8876299858093262,0,0.8878559079700322,0.8876221312074295,49.33322265413189,True,1,5.633912527303053e-05,5.633912527303053e-05
2025-06-05 07:00:00+00:00,0.8884999752044678,0.8889600038528442,0.8869500160217285,0.8876799941062927,0,0.8879316805858481,0.8876509129778242,55.70503935413055,True,1,0.0009237350212005779,0.0009237350212005779
2025-06-05 08:00:00+00:00,0.8886600136756897,0.8888599872589111,0.88714998960495,0.8884999752044678,0,0.8880173668317118,0.8876839982466066,56.84573287191098,True,1,0.00018012208856288403,0.00018012208856288403
2025-06-05 09:00:00+00:00,0.8889200091362,0.889680027961731,0.8880400061607361,0.8886500000953674,0,0.8881235600440045,0.8877245231938063,58.706214580793514,True,1,0.0002925702254057416,0.0002925702254057416
2025-06-05 10:00:00+00:00,0.888979971408844,0.8893399834632874,0.8880900144577026,0.8888900279998779,0,0.8882243143222208,0.8877656854303649,59.14369413221189,True,1,6.745519509943065e-05,6.745519509943065e-05
2025-06-05 11:00:00+00:00,0.8889300227165222,0.8893799781799316,0.887969970703125,0.8889399766921997,0,0.8883073388391974,0.8878038604233537,58.586887742120666,True,1,-5.618652155081616e-05,-5.618652155081616e-05
2025-06-05 12:00:00+00:00,0.889769971370697,0.8905100226402283,0.8877699971199036,0.8889099955558777,0,0.888479413254668,0.887868323077365,64.61911571158178,True,1,0.0009448985102427088,0.0009448985102427088
2025-06-05 13:00:00+00:00,0.8903899788856506,0.8918300271034241,0.8888400197029114,0.8898000121116638,0,0.8887041856818424,0.8879510003169808,68.2907145989451,True,1,0.0006968177561650357,0.0006968177561650357
2025-06-05 14:00:00+00:00,0.8905400037765503,0.8910599946975708,0.8888599872589111,0.8903899788856506,0,0.8889201642812198,0.8880358856763109,69.12561732411997,True,1,0.0001684934629289092,0.0001684934629289092
2025-06-05 15:00:00+00:00,0.8903599977493286,0.8907399773597717,0.8890200257301331,0.8904899954795837,0,0.8890895564539385,0.8881120860721475,66.85121576543222,True,1,-0.00020213132083712892,-0.00020213132083712892
2025-06-05 16:00:00+00:00,0.8900499939918518,0.8908299803733826,0.8888999819755554,0.8903499841690063,0,0.8892025491054577,0.888175624036728,63.00638458492167,True,1,-0.00034817799346376077,-0.00034817799346376077
2025-06-05 17:00:00+00:00,0.8896999955177307,0.8901299834251404,0.888759970664978,0.8900700211524963,0,0.8892610722127839,0.8882256034295477,58.8884276476381,True,1,-0.00039323462331741776,-0.00039323462331741776
2025-06-05 18:00:00+00:00,0.8892599940299988,0.8897500038146973,0.88850998878479,0.8897299766540527,0,0.8892609453677504,0.8882595178754641,54.10127355693071,True,1,-0.0004945503989531863,-0.0004945503989531863
2025-06-05 19:00:00+00:00,0.8890200257301331,0.8895400166511536,0.8881300091743469,0.8892300128936768,0,0.8892326018809719,0.8882844525592237,51.635895237731624,True,1,-0.00026985167608661875,-0.00026985167608661875
2025-06-05 20:00:00+00:00,0.8891500234603882,0.8897600173950195,0.8882899880409241,0.8890100121498108,0,0.8892228867726679,0.8883128319330323,52.88837508263595,True,1,0.0001462258739879374,0.0001462258739879374
2025-06-05 21:00:00+00:00,0.8891299962997437,0.8900799751281738,0.8882499933242798,0.8891699910163879,0,0.8892119584817356,0.8883396242073507,52.662111761116215,True,1,-2.252393872359537e-05,-2.252393872359537e-05
2025-06-05 22:00:00+00:00,0.889680027961731,0.889739990234375,0.8882899880409241,0.8892099857330322,0,0.8892670254793822,0.8883835718714287,57.979171467365646,True,1,0.0006186178222267191,0.0006186178222267191
2025-06-05 23:00:00+00:00,0.8895999789237976,0.889930009841919,0.8887100219726562,0.8896700143814087,0,0.8893061964728428,0.888423454069867,56.97615308931597,True,1,-8.997508701724666e-05,-8.997508701724666e-05
2025-06-06 00:00:00+00:00,0.8894799947738647,0.8903099894523621,0.8885400295257568,0.8895900249481201,0,0.8893266433317865,0.8884580947486866,55.42833067852675,True,1,-0.00013487427245451045,-0.00013487427245451045
2025-06-06 01:00:00+00:00,0.8885499835014343,0.8898599743843079,0.8877800107002258,0.8893799781799316,0,0.8892352715870392,0.8884611074946784,45.182497942482996,True,1,-0.0010455673853202452,-0.0010455673853202452
2025-06-06 02:00:00+00:00,0.8876799941062927,0.888670027256012,0.8866099715232849,0.8885899782180786,0,0.8890522977657749,0.8884354972196494,38.089481689711604,True,1,-0.0009791113739188173,-0.0009791113739188173
2025-06-06 03:00:00+00:00,0.8880800008773804,0.88823002576828,0.8868600130081177,0.8876699805259705,0,0.888937909896552,0.8884238416018702,42.554801028230926,True,1,0.0004506204642928946,0.0004506204642928946
2025-06-06 04:00:00+00:00,0.8883900046348572,0.8885300159454346,0.8870999813079834,0.8880900144577026,0,0.8888734504539996,0.8884227321931155,45.81646854561168,True,1,0.0003490718822296568,0.0003490718822296568
2025-06-06 05:00:00+00:00,0.8880000114440918,0.8884099721908569,0.8868100047111511,0.8883399963378906,0,0.8887706929234221,0.8884088724964262,42.54383529170185,True,1,-0.00043898871974101805,-0.00043898871974101805
2025-06-06 06:00:00+00:00,0.8877000212669373,0.8880599737167358,0.8866299986839294,0.887969970703125,0,0.8886447315520709,0.8883856314725085,40.167099568331345,True,1,-0.000337826771721228,-0.000337826771721228
2025-06-06 07:00:00+00:00,0.8882099986076355,0.8886899948120117,0.886709988117218,0.887660026550293,0,0.8885935864997844,0.8883798730179224,45.71875593724783,True,1,0.0005744928787658754,0.0005744928787658754
2025-06-06 08:00:00+00:00,0.8876299858093262,0.88823002576828,0.8864399790763855,0.8881700038909912,0,0.8884802217126716,0.8883552865520669,41.053223971287736,True,1,-0.0006530131379050008,-0.0006530131379050008
2025-06-06 09:00:00+00:00,0.887499988079071,0.8879799842834473,0.886709988117218,0.8876399993896484,0,0.8883649001087186,0.8883272439791817,40.06633286256186,True,1,-0.00014645486557851584,-0.00014645486557851584
2025-06-06 10:00:00+00:00,0.8880000114440918,0.8880800008773804,0.8865000009536743,0.8875200152397156,0,0.8883219720305272,0.888316515043605,45.49391232349152,True,1,0.0005634066160418172,0.0005634066160418172
2025-06-06 11:00:00+00:00,0.8884599804878235,0.8888700008392334,0.8872100114822388,0.8880100250244141,0,0.8883382083196208,0.8883212188286612,49.98127285547748,True,1,0.0005179831506800792,0.0005179831506800792
2025-06-06 12:00:00+00:00,0.8880699872970581,0.8892499804496765,0.8868899941444397,0.888450026512146,0,0.8883066529052017,0.8883129817292643,46.486747334250325,False,1,-0.00043895414462136184,-0.00043895414462136184
2025-06-06 13:00:00+00:00,0.8881099820137024,0.8889399766921997,0.8868899941444397,0.8880800008773804,0,0.8882835151532606,0.8883063260008852,46.896792730041454,False,0,4.503554586499092e-05,0.0
2025-06-06 14:00:00+00:00,0.8877599835395813,0.8889600038528442,0.8867200016975403,0.8881499767303467,0,0.8882219231987101,0.8882884131333014,43.73829445097486,False,0,-0.0003940936158914887,-0.0
2025-06-06 15:00:00+00:00,0.8888599872589111,0.8891299962997437,0.8866199851036072,0.8877500295639038,0,0.8882969895587337,0.8883071532685672,54.18262076421629,False,0,0.0012390778360429344,0.0
2025-06-06 16:00:00+00:00,0.8887799978256226,0.8892499804496765,0.8877500295639038,0.8888300061225891,0,0.8883538140607207,0.8883226563687985,53.40622603605918,True,0,-8.999103844831158e-05,-0.0
2025-06-06 17:00:00+00:00,0.8889600038528442,0.8894100189208984,0.8879200220108032,0.888759970664978,0,0.8884251305068528,0.8883435530076197,54.96996398213734,True,1,0.00020253159123972964,0.00020253159123972964
2025-06-06 18:00:00+00:00,0.8896700143814087,0.8898599743843079,0.8882499933242798,0.8889300227165222,0,0.888571587433271,0.8883870435444652,60.58848082796198,True,1,0.0007986979453373788,0.0007986979453373788
2025-06-06 19:00:00+00:00,0.889549970626831,0.8901500105857849,0.8887900114059448,0.8896899819374084,0,0.8886866913383957,0.8884251723012639,59.24258072353115,True,1,-0.00013493065140690597,-0.00013493065140690597
2025-06-06 20:00:00+00:00,0.8890699744224548,0.8899400234222412,0.8882399797439575,0.8895999789237976,0,0.8887317834659321,0.8884463133544177,54.07049162151657,True,1,-0.0005395944244008799,-0.0005395944244008799
2025-06-06 21:00:00+00:00,0.8878600001335144,0.888480007648468,0.8878600001335144,0.888480007648468,0,0.8886292207209416,0.8884270899701258,43.7108582665785,True,1,-0.0013609438219150949,-0.0013609438219150949
2025-06-08 23:00:00+00:00,0.889739990234375,0.8902300000190735,0.8888099789619446,0.889769971370697,0,0.8887598994872279,0.888470135880429,57.37571964748603,True,1,0.002117439799718346,0.002117439799718346
2025-06-09 00:00:00+00:00,0.8897299766540527,0.8903899788856506,0.8883399963378906,0.8896999955177307,0,0.8888740262127366,0.8885114421353019,57.295934341247346,True,1,-1.1254501800728178e-05,-1.1254501800728178e-05
2025-06-09 01:00:00+00:00,0.8909400105476379,0.8910800218582153,0.8890799880027771,0.889710009098053,0,0.8891170831933132,0.8885910673291489,63.839596527624316,True,1,0.0013600012648058435,0.0013600012648058435
2025-06-09 02:00:00+00:00,0.8906400203704834,0.8916699886322021,0.8898199796676636,0.8908799886703491,0,0.8892962522729803,0.8886582461173894,61.33047244094964,True,1,-0.00033671198240403655,-0.00033671198240403655
2025-06-09 03:00:00+00:00,0.8911499977111816,0.8913499712944031,0.889739990234375,0.8906499743461609,0,0.8895143399715921,0.8887399428909563,63.92616275409051,True,1,0.0005725964800975536,0.0005725964800975536
2025-06-09 04:00:00+00:00,0.891319990158081,0.8914200067520142,0.8900799751281738,0.8910899758338928,0,0.8897267694052967,0.8888245346046325,64.77495040454978,True,1,0.0001907562669989371,0.0001907562669989371
2025-06-09 05:00:00+00:00,0.891290009021759,0.8918600082397461,0.8900099992752075,0.8913599848747253,0,0.8899106799484099,0.8889053698314235,64.48675940645727,True,1,-3.3636782135526566e-05,-3.3636782135526566e-05
2025-06-09 06:00:00+00:00,0.8916400074958801,0.8918200135231018,0.8901299834251404,0.891260027885437,0,0.8901141302481121,0.8889950300827172,66.36793608845856,True,1,0.0003926875322042278,0.0003926875322042278
2025-06-09 07:00:00+00:00,0.8917700052261353,0.8919000029563904,0.8903999924659729,0.8916000127792358,0,0.890308939069056,0.8890860128743047,67.06575273760478,True,1,0.0001457962060498197,0.0001457962060498197
2025-06-09 08:00:00+00:00,0.8926600217819214,0.8932999968528748,0.8909000158309937,0.8917800188064575,0,0.8905855370352754,0.8892031934942265,71.43554462810732,False,1,0.0009980337425234964,0.0009980337425234964
2025-06-09 09:00:00+00:00,0.8925600051879883,0.8930100202560425,0.8915799856185913,0.8925999999046326,0,0.8908178274061829,0.889313252894022,70.30661246972514,False,0,-0.00011204332163716746,-0.0
2025-06-09 10:00:00+00:00,0.8921899795532227,0.8928599953651428,0.8912000060081482,0.8924700021743774,0,0.8909792570705404,0.8894075718008809,66.14199416179571,True,0,-0.0004145666763185618,-0.0
2025-06-09 11:00:00+00:00,0.8918200135231018,0.8924800157546997,0.8907700181007385,0.8921599984169006,0,0.8910781695943711,0.8894866682507898,62.176305083608796,True,1,-0.00041467180600496256,-0.00041467180600496256
2025-06-09 12:00:00+00:00,0.8913599848747253,0.8919000029563904,0.8902199864387512,0.8918300271034241,0,0.8911113243332364,0.8895480884679681,57.55532004857113,True,1,-0.0005158312679698351,-0.0005158312679698351
2025-06-09 13:00:00+00:00,0.8919600248336792,0.8921599984169006,0.889710009098053,0.8913300037384033,0,0.8912111714509354,0.8896271683488111,61.56756576960837,True,1,0.0006731735428286978,0.0006731735428286978
2025-06-09 14:00:00+00:00,0.8918799757957458,0.8929600119590759,0.8908600211143494,0.8919399976730347,0,0.8912898543150307,0.8897010308880549,60.74263310452497,True,1,-8.974509586157087e-05,-8.974509586157087e-05
2025-06-09 15:00:00+00:00,0.8922899961471558,0.8927599787712097,0.8911299705505371,0.8918300271034241,0,0.8914075180599866,0.8897859149949106,63.444437877164916,True,1,0.00045972593009957485,0.00045972593009957485
2025-06-09 16:00:00+00:00,0.8917800188064575,0.8923199772834778,0.8908100128173828,0.8922500014305115,0,0.8914513416772185,0.8898512954477481,58.08943058182823,True,1,-0.0005715376647730253,-0.0005715376647730253
2025-06-09 17:00:00+00:00,0.8924000263214111,0.892579972743988,0.89055997133255,0.8917700052261353,0,0.8915629516353588,0.8899348603944256,62.26003295901532,True,1,0.0006952471482635225,0.0006952471482635225
2025-06-09 18:00:00+00:00,0.8922799825668335,0.8928499817848206,0.8914200067520142,0.8924400210380554,0,0.8916473082155323,0.89001174964598,60.994443644306024,True,1,-0.00013451787431306705,-0.00013451787431306705
2025-06-09 19:00:00+00:00,0.8920900225639343,0.892490029335022,0.8911299705505371,0.892300009727478,0,0.8916993922565207,0.8900798897416505,58.95227636555586,True,1,-0.00021289282132352927,-0.00021289282132352927
2025-06-09 20:00:00+00:00,0.8923699855804443,0.8927099704742432,0.8911600112915039,0.8920599818229675,0,0.891778285588747,0.8901549748511192,61.02350028916641,True,1,0.0003138282117598479,0.0003138282117598479
2025-06-09 21:00:00+00:00,0.8922100067138672,0.8925300240516663,0.8908699750900269,0.8915799856185913,0,0.8918290763093494,0.8902223529449798,59.18568734354037,True,1,-0.000179274145435393,-0.000179274145435393
2025-06-09 22:00:00+00:00,0.892549991607666,0.892799973487854,0.8916100263595581,0.8923799991607666,0,0.8919138898738571,0.8902986689667071,61.8174731813084,True,1,0.00038105926994824735,0.00038105926994824735
2025-06-09 23:00:00+00:00,0.8927599787712097,0.8928599953651428,0.8915899991989136,0.892579972743988,0,0.8920134297441338,0.890379367648822,63.38777103780051,True,1,0.00023526655707595268,0.00023526655707595268
2025-06-10 00:00:00+00:00,0.89274001121521,0.8931400179862976,0.8918200135231018,0.8926500082015991,0,0.8920989099172015,0.8904567657985396,63.12193459282395,True,1,-2.23660966828243e-05,-2.23660966828243e-05
2025-06-10 01:00:00+00:00,0.8927500247955322,0.8935400247573853,0.891539990901947,0.8927099704742432,0,0.8921755116675933,0.8905319546181131,63.20527272953881,True,1,1.1216681448544819e-05,1.1216681448544819e-05
2025-06-10 02:00:00+00:00,0.8933200240135193,0.8934599757194519,0.8907300233840942,0.8927500247955322,0,0.8923101601788788,0.8906233667294379,67.68226304697534,True,1,0.0006384757235011751,0.0006384757235011751
2025-06-10 03:00:00+00:00,0.894349992275238,0.8946300148963928,0.892300009727478,0.8933500051498413,0,0.8925501404255093,0.8907455511735624,73.8693364765611,False,1,0.0011529667241660935,0.0011529667241660935
2025-06-10 04:00:00+00:00,0.8937000036239624,0.8947100043296814,0.8928499817848206,0.8942999839782715,0,0.8926854184488566,0.8908424184670181,65.3647266637503,True,0,-0.0007267721327106624,-0.0
2025-06-10 05:00:00+00:00,0.8922600150108337,0.8941500186920166,0.8911299705505371,0.8937199711799622,0,0.8926353709855598,0.8908888970422251,51.27929379822161,True,1,-0.0016112662048668458,-0.0016112662048668458
2025-06-10 06:00:00+00:00,0.8913599848747253,0.89301997423172,0.890720009803772,0.8922299742698669,0,0.8924853255607557,0.89090434254493,44.78356233996846,True,1,-0.0010087083596337365,-0.0010087083596337365
2025-06-10 07:00:00+00:00,0.8918099999427795,0.8919500112533569,0.8900399804115295,0.8913599848747253,0,0.8924058754880526,0.8909340362301054,48.309323813209886,True,1,0.0005048634397890606,0.0005048634397890606
2025-06-10 08:00:00+00:00,0.8928099870681763,0.892989993095398,0.8908399939537048,0.8917999863624573,0,0.8924534180268907,0.8909955428149602,55.16094072022473,True,1,0.0011213006419090732,0.0011213006419090732
2025-06-10 09:00:00+00:00,0.89274001121521,0.8929200172424316,0.891260027885437,0.8928200006484985,0,0.8924871348725752,0.8910527385002143,54.61539094463521,True,1,-7.837709476810062e-05,-7.837709476810062e-05
2025-06-10 10:00:00+00:00,0.8923299908638,0.8930699825286865,0.8912699818611145,0.8927099704742432,0,0.8924686473421312,0.8910946156268892,51.40714190962292,True,1,-0.0004592830457456065,-0.0004592830457456065
2025-06-10 11:00:00+00:00,0.8926600217819214,0.8927599787712097,0.8912100195884705,0.8923100233078003,0,0.8924911619821064,0.8911459404188574,53.761593584219646,True,1,0.00036985299328762267,0.00036985299328762267
2025-06-10 12:00:00+00:00,0.8920699954032898,0.8929799795150757,0.8911100029945374,0.8926299810409546,0,0.8924416129728339,0.8911762373035929,49.17429543906805,True,1,-0.0006609754713264859,-0.0006609754713264859
2025-06-10 13:00:00+00:00,0.8929499983787537,0.893589973449707,0.891730010509491,0.8921200037002563,0,0.8925014230205891,0.8912343934044177,55.30041812851682,True,1,0.0009864730122057797,0.0009864730122057797
2025-06-10 14:00:00+00:00,0.8924199938774109,0.8931599855422974,0.8913599848747253,0.8929100036621094,0,0.8924918431213917,0.8912732655510731,51.290638638086016,True,1,-0.0005935433140770163,-0.0005935433140770163
2025-06-10 15:00:00+00:00,0.8922100067138672,0.8924999833106995,0.8908399939537048,0.8922399878501892,0,0.892458685896977,0.8913039783760828,49.7514367937531,True,1,-0.00023530082806788588,-0.00023530082806788588
2025-06-10 16:00:00+00:00,0.8921999931335449,0.892300009727478,0.890529990196228,0.8921899795532227,0,0.8924282514542202,0.8913333559091143,49.67488142909962,True,1,-1.1223344556721138e-05,-1.1223344556721138e-05
2025-06-10 17:00:00+00:00,0.8920999765396118,0.8923799991607666,0.8907999992370605,0.8921599984169006,0,0.892389630876031,0.8913584910117536,48.86607459209975,True,1,-0.00011210109247128397,-0.00011210109247128397
2025-06-10 18:00:00+00:00,0.8924199938774109,0.8924800157546997,0.8910700082778931,0.8921099901199341,0,0.8923932029938404,0.8913932943843981,51.58249219848139,True,1,0.0003587236253950188,0.0003587236253950188
2025-06-10 19:00:00+00:00,0.8920000195503235,0.8928400278091431,0.890999972820282,0.8924000263214111,0,0.8923469461181325,0.891413187012789,47.980165761092735,True,1,-0.00047060165613577176,-0.00047060165613577176
2025-06-10 20:00:00+00:00,0.8914300203323364,0.8922600150108337,0.8905799984931946,0.892009973526001,0,0.8922390724962741,0.8914137389249053,43.53623008444565,True,1,-0.0006390125622132148,-0.0006390125622132148
2025-06-10 21:00:00+00:00,0.8916000127792358,0.8919699788093567,0.8904899954795837,0.8911100029945374,0,0.8921638890001519,0.8914198462643915,45.167347862244995,True,1,0.00019069634522295154,0.00019069634522295154
2025-06-10 22:00:00+00:00,0.8919399976730347,0.8921499848365784,0.8906700015068054,0.891700029373169,0,0.8921375488440204,0.8914369004089372,48.379195237838914,True,1,0.00038131997412049756,0.00038131997412049756
2025-06-10 23:00:00+00:00,0.8923400044441223,0.8925999999046326,0.8909400105476379,0.8919199705123901,0,0.8921613671499147,0.8914665103773038,51.945680887393834,True,1,0.0004484682513747895,0.0004484682513747895
2025-06-11 00:00:00+00:00,0.890500009059906,0.8923299908638,0.8894799947738647,0.8923299908638,0,0.8919659132569725,0.8914348218095203,38.70030762981069,True,1,-0.002061989124159558,-0.002061989124159558
2025-06-11 01:00:00+00:00,0.8893399834632874,0.8913099765777588,0.8884099721908569,0.8905400037765503,0,0.8916569803400684,0.8913661385850535,32.989180727765074,True,1,-0.0013026676977165863,-0.0013026676977165863
2025-06-11 02:00:00+00:00,0.889710009098053,0.8900799751281738,0.8884400129318237,0.8894000053405762,0,0.8914279248998311,0.8913118392576108,36.22232439831696,True,1,0.0004160676924978013,0.0004160676924978013
2025-06-11 03:00:00+00:00,0.8909100294113159,0.8909599781036377,0.8881199955940247,0.8896899819374084,0,0.8913669960188293,0.8912986651642896,45.41958293274811,True,1,0.001348776905948812,0.001348776905948812
2025-06-11 04:00:00+00:00,0.890720009803772,0.8912500143051147,0.8897600173950195,0.8909299969673157,0,0.8912908799935284,0.8912796928573874,44.32945712126805,True,1,-0.00021328708990908662,-0.00021328708990908662
2025-06-11 05:00:00+00:00,0.8911899924278259,0.8914399743080139,0.8896899819374084,0.8907099962234497,0,0.8912790108681516,0.8912767518596968,47.67459590150459,True,1,0.0005276435006298374,0.0005276435006298374
2025-06-11 06:00:00+00:00,0.8909299969673157,0.8913000226020813,0.8897200226783752,0.8911600112915039,0,0.8912379504092297,0.8912653828468318,46.02692932246786,False,1,-0.00029173965452866657,-0.00029173965452866657
2025-06-11 07:00:00+00:00,0.8903499841690063,0.8912100195884705,0.8894100189208984,0.8909299969673157,0,0.8911334837927328,0.8912353697754276,42.498267546315525,False,0,-0.0006510194967995764,-0.0
2025-06-11 08:00:00+00:00,0.8906199932098389,0.8909199833869934,0.889519989490509,0.8903499841690063,0,0.8910730731359218,0.8912151934945886,44.62653000040971,False,0,0.0003032616899347751,0.0
2025-06-11 09:00:00+00:00,0.8911299705505371,0.8917400240898132,0.8896300196647644,0.8905900120735168,0,0.8910797669494059,0.8912123992997016,48.50339027830111,False,0,0.0005726093559390577,0.0
2025-06-11 10:00:00+00:00,0.8907399773597717,0.891319990158081,0.889739990234375,0.8910899758338928,0,0.8910397917035666,0.8911969100557695,45.85918268623824,False,0,-0.0004376389568903072,-0.0
2025-06-11 11:00:00+00:00,0.8898900151252747,0.8908100128173828,0.8888999819755554,0.89069002866745,0,0.8909045238708264,0.891154061041655,40.65699499854998,False,0,-0.0009542203741842448,-0.0
2025-06-11 12:00:00+00:00,0.8919600248336792,0.8937199711799622,0.8888999819755554,0.8899199962615967,0,0.8910287004546914,0.8911804860840165,54.26430854139739,False,0,0.002326141065998044,0.0
2025-06-11 13:00:00+00:00,0.8906700015068054,0.8920699954032898,0.8894299864768982,0.891979992389679,0,0.8909865005784695,0.8911637488847636,47.027246823184704,False,0,-0.0014462793073202196,-0.0
2025-06-11 14:00:00+00:00,0.8908699750900269,0.8916299939155579,0.8896899819374084,0.8906300067901611,0,0.8909727916974762,0.8911541169570673,48.180958080885574,False,0,0.00022452039799603085,0.0
2025-06-11 15:00:00+00:00,0.8907700181007385,0.8911600112915039,0.8897500038146973,0.8910300135612488,0,0.890948935980213,0.8911415235519417,47.62263799070533,False,0,-0.00011220154689606243,-0.0
2025-06-11 16:00:00+00:00,0.8905900120735168,0.8912000060081482,0.8896099925041199,0.8907600045204163,0,0.8909067096382486,0.8911234412083867,46.57592438236457,False,0,-0.00020207912655778593,-0.0
2025-06-11 17:00:00+00:00,0.8903099894523621,0.8913099765777588,0.8894199728965759,0.8905699849128723,0,0.8908365072634384,0.8910967706590088,44.92182144918078,False,0,-0.0003144237161416541,-0.0
2025-06-11 18:00:00+00:00,0.8890900015830994,0.8903899788856506,0.8878999948501587,0.8902999758720398,0,0.890631036006928,0.8910309749516019,38.50569271990313,False,0,-0.0013702956090755336,-0.0
2025-06-11 19:00:00+00:00,0.8881700038909912,0.8891599774360657,0.8870900273323059,0.8890799880027771,0,0.8903415028168178,0.8909371726217458,34.50352663544366,False,0,-0.0010347632865851386,-0.0
2025-06-11 20:00:00+00:00,0.8883200287818909,0.8890900015830994,0.887220025062561,0.8881499767303467,0,0.8901036823421205,0.8908513646269964,35.67759584893622,False,0,0.00016891461121448792,0.0
2025-06-11 21:00:00+00:00,0.8885499835014343,0.8899999856948853,0.8875499963760376,0.8883399963378906,0,0.8899208942432162,0.8907759095081256,37.52617302045032,False,0,0.00025886472452807396,0.0
2025-06-11 22:00:00+00:00,0.8889399766921997,0.8892300128936768,0.8878099918365479,0.8885999917984009,0,0.8898054921783907,0.8907157149895706,40.6418679192637,False,0,0.0004389096820738292,0.0
2025-06-11 23:00:00+00:00,0.8893200159072876,0.8896200060844421,0.887939989566803,0.8889399766921997,0,0.8897483773229667,0.8906699543639219,43.59401552232004,False,0,0.00042751954581010665,0.0
2025-06-12 00:00:00+00:00,0.8884099721908569,0.8895000219345093,0.8876399993896484,0.8892599940299988,0,0.8895909178956597,0.8905958565877559,38.638421261059754,False,0,-0.0010233028607843364,-0.0
2025-06-12 01:00:00+00:00,0.8870800137519836,0.8891000151634216,0.8855199813842773,0.8884199857711792,0,0.8892955174081685,0.8904805830521567,32.774759873760814,False,0,-0.0014970098045991032,-0.0
2025-06-12 02:00:00+00:00,0.8873299956321716,0.887499988079071,0.8857100009918213,0.8870800137519836,0,0.8890642795521688,0.8903772851039604,34.77829428667344,False,0,0.00028180308011971356,0.0
2025-06-12 03:00:00+00:00,0.8879600167274475,0.888700008392334,0.8864799737930298,0.8873500227928162,0,0.8889343662786722,0.8902980304030912,39.659265860942995,False,0,0.0007100189313751226,0.0
2025-06-12 04:00:00+00:00,0.8867599964141846,0.8881800174713135,0.8860099911689758,0.887939989566803,0,0.8886785580593207,0.8901820292887008,34.38142608261023,False,0,-0.0013514350766440364,-0.0
2025-06-12 05:00:00+00:00,0.8873900175094604,0.8876100182533264,0.8860399723052979,0.886680006980896,0,0.8885269650534549,0.8900904879188897,38.97322762721263,False,0,0.0007104753234510319,0.0
2025-06-12 06:00:00+00:00,0.8869500160217285,0.8875899910926819,0.8858500123023987,0.8873299956321716,0,0.8883414416379577,0.8899875216271795,37.02459327058669,False,0,-0.0004958377703716543,-0.0
2025-06-12 07:00:00+00:00,0.8856899738311768,0.8871600031852722,0.8847100138664246,0.8868799805641174,0,0.8880295042489247,0.8898466184207532,32.07819057652962,False,0,-0.0014206462233390393,-0.0
2025-06-12 08:00:00+00:00,0.887719988822937,0.8879299759864807,0.8850799798965454,0.885699987411499,0,0.8879930906693967,0.889776892860169,44.85934150775998,False,0,0.0022920153233518814,0.0
2025-06-12 09:00:00+00:00,0.8868100047111511,0.8880699872970581,0.8857899904251099,0.887660026550293,0,0.8878539040860736,0.8896796178388897,41.12364516279244,False,0,-0.0010250801190051506,-0.0
2025-06-12 10:00:00+00:00,0.8884199857711792,0.8885700106620789,0.885860025882721,0.8868399858474731,0,0.8879205019313801,0.8896383184268336,49.186188885530726,False,0,0.0018154746241867414,0.0
2025-06-12 11:00:00+00:00,0.8881999850273132,0.8885899782180786,0.8867599964141846,0.8883399963378906,0,0.8879533822956074,0.8895911599547182,48.214566524884916,False,0,-0.00024763146641171296,-0.0
2025-06-12 12:00:00+00:00,0.8886299729347229,0.8897200226783752,0.8870199918746948,0.8881999850273132,0,0.8880329811943268,0.8895596456261936,50.281786161955836,False,0,0.0004841115904730131,0.0
2025-06-12 13:00:00+00:00,0.8878099918365479,0.888759970664978,0.8868399858474731,0.8885999917984009,0,0.8880067471522352,0.8895022799281724,46.471983362686885,False,0,-0.0009227475137565389,-0.0
2025-06-12 14:00:00+00:00,0.8882799744606018,0.8885899782180786,0.8869400024414062,0.8878200054168701,0,0.8880388915414548,0.8894622043390717,48.86356332210762,False,0,0.0005293729833810712,0.0
2025-06-12 15:00:00+00:00,0.8880699872970581,0.8886600136756897,0.8869199752807617,0.8882200121879578,0,0.8880425498656435,0.8894165578786779,47.83519907722437,False,0,-0.00023639749806492194,-0.0
2025-06-12 16:00:00+00:00,0.8880400061607361,0.8883200287818909,0.8869600296020508,0.8880599737167358,0,0.8880422506062425,0.8893714250354667,47.68090602919551,False,0,-3.375988013432085e-05,-0.0
2025-06-12 17:00:00+00:00,0.887690007686615,0.8883100152015686,0.8868299722671509,0.8880299925804138,0,0.888000810262757,0.8893162965977994,45.82274799138448,False,0,-0.0003941246697142242,-0.0
2025-06-12 18:00:00+00:00,0.8880000114440918,0.8880500197410583,0.8867400288581848,0.8876699805259705,0,0.8880007162840905,0.889273139707514,47.76448117213406,False,0,0.0003492252416861241,0.0
2025-06-12 19:00:00+00:00,0.8880000114440918,0.8882099986076355,0.8870599865913391,0.8880199790000916,0,0.8880006333617377,0.8892313977972378,47.76448117213406,False,0,0.0,0.0
2025-06-12 20:00:00+00:00,0.8881000280380249,0.8886299729347229,0.8870700001716614,0.8880100250244141,0,0.8880123268530656,0.8891943037067718,48.45571905926042,False,0,0.00011263129802263627,0.0
2025-06-12 21:00:00+00:00,0.8880800008773804,0.8891100287437439,0.8869199752807617,0.8881000280380249,0,0.888020288502985,0.8891577691877753,48.31783910554716,False,0,-2.25505686434202e-05,-0.0
2025-06-12 22:00:00+00:00,0.8882200121879578,0.8885700106620789,0.8873199820518494,0.8880800008773804,0,0.8880437854070994,0.8891270230566337,49.40181456797724,False,0,0.00015765619137808606,0.0
2025-06-12 23:00:00+00:00,0.8872900009155273,0.8883799910545349,0.8865100145339966,0.8883600234985352,0,0.8879551048786791,0.889066792822499,42.95684411730761,False,0,-0.0010470505726836166,-0.0
2025-06-13 00:00:00+00:00,0.8825200200080872,0.8874199986457825,0.8812900185585022,0.8872600197792053,0,0.8873156831291976,0.8888521445335019,24.966275274137416,False,0,-0.005375898412602886,-0.0
2025-06-13 01:00:00+00:00,0.8834099769592285,0.8840199708938599,0.8803099989891052,0.8824700117111206,0,0.8868561882856718,0.8886737128097552,30.790217452998988,False,0,0.0010084269262620182,0.0
2025-06-13 02:00:00+00:00,0.8826000094413757,0.8848299980163574,0.8813899755477905,0.8833900094032288,0,0.8863554613628135,0.8884745749943984,28.61344056685698,False,0,-0.000916864806803197,-0.0
2025-06-13 03:00:00+00:00,0.883400022983551,0.8839300274848938,0.8816099762916565,0.8825500011444092,0,0.8860077627299592,0.8883081962399444,33.60622636083818,False,0,0.0009064282048689698,0.0
2025-06-13 04:00:00+00:00,0.8829399943351746,0.8835899829864502,0.8818699717521667,0.883400022983551,0,0.8856468488011611,0.8881321896201158,32.211128581628714,False,0,-0.0005207478338327132,-0.0
2025-06-13 05:00:00+00:00,0.8830900192260742,0.8841500282287598,0.8819000124931335,0.8829299807548523,0,0.885346045321739,0.887966872558016,33.185266092387224,False,0,0.00016991516055697709,0.0
2025-06-13 06:00:00+00:00,0.8828099966049194,0.8841599822044373,0.8811900019645691,0.8829799890518188,0,0.885047686649172,0.8877977946579144,32.253611990064016,False,0,-0.00031709408447422316,-0.0
2025-06-13 07:00:00+00:00,0.8827499747276306,0.8837900161743164,0.8812299966812134,0.8828099966049194,0,0.8847773675995789,0.8876322923651182,32.04593732593834,False,0,-6.79895759219118e-05,-0.0
2025-06-13 08:00:00+00:00,0.8834599852561951,0.8842499852180481,0.8820499777793884,0.8827599883079529,0,0.8846223814415337,0.8874954954107273,37.19731365496162,False,0,0.0008043166795712597,0.0
2025-06-13 09:00:00+00:00,0.8832700252532959,0.8841699957847595,0.8820099830627441,0.8834599852561951,0,0.8844632807135058,0.8873569554055656,36.40222090288153,False,0,-0.00021501823067182624,-0.0
2025-06-13 10:00:00+00:00,0.8819599747657776,0.8833000063896179,0.8807799816131592,0.8832299709320068,0,0.88416877413142,0.8871800052206544,31.415047316057453,False,0,-0.001483182322577492,-0.0
2025-06-13 11:00:00+00:00,0.8826799988746643,0.8836600184440613,0.8809700012207031,0.8819599747657776,0,0.8839936241012135,0.8870324640289826,36.55947493771257,False,0,0.0008163909128393598,0.0
2025-06-13 12:00:00+00:00,0.8820499777793884,0.8830699920654297,0.8809499740600586,0.8827400207519531,0,0.8837649598280576,0.8868691038240778,34.14601039579237,False,0,-0.0007137593420935007,-0.0
2025-06-13 13:00:00+00:00,0.8828399777412415,0.8830699920654297,0.8805500268936157,0.8820400238037109,0,0.8836561384060792,0.8867370013295586,39.536075004833904,False,0,0.0008956408160021301,0.0
2025-06-13 14:00:00+00:00,0.883400022983551,0.8838800191879272,0.8819100260734558,0.8828200101852417,0,0.8836260071798994,0.88662759220346,43.092102775562054,False,0,0.0006343677862690189,0.0
2025-06-13 15:00:00+00:00,0.8838599920272827,0.8847500085830688,0.8821799755096436,0.8833699822425842,0,0.8836535348090033,0.8865368512140771,45.90599907123163,False,0,0.0005206803619703937,0.0
2025-06-13 16:00:00+00:00,0.8847200274467468,0.8848000168800354,0.883080005645752,0.883840024471283,0,0.8837790045310908,0.8864772832217056,50.804193812090375,False,0,0.0009730448569025274,0.0
2025-06-13 17:00:00+00:00,0.8835099935531616,0.8848699927330017,0.8825700283050537,0.8847100138664246,0,0.8837473561807462,0.8863799950358517,44.67482586313615,False,0,-0.0013677026133084302,-0.0
2025-06-13 18:00:00+00:00,0.8821899890899658,0.883840024471283,0.8806399703025818,0.8834900259971619,0,0.8835641365230072,0.8862426177917243,39.12887476692649,False,0,-0.001494045877044603,-0.0
2025-06-13 19:00:00+00:00,0.8820400238037109,0.8825500011444092,0.8809599876403809,0.8821799755096436,0,0.8833848291442664,0.8861048278249042,38.54345971205464,False,0,-0.00016999205172296694,-0.0
2025-06-13 20:00:00+00:00,0.8807799816131592,0.8821300268173218,0.8800600171089172,0.8820099830627441,0,0.8830783764935478,0.8859302427032076,33.947713054947,False,0,-0.0014285544380604476,-0.0
2025-06-13 21:00:00+00:00,0.8803600072860718,0.8803600072860718,0.8803600072860718,0.8803600072860718,0,0.8827585683514918,0.8857476120337933,32.55443472345878,False,0,-0.0004768209267406176,-0.0
2025-06-15 23:00:00+00:00,0.8816999793052673,0.8817999958992004,0.8800100088119507,0.881060004234314,0,0.8826340284637008,0.8856149027640055,40.8901839077761,False,0,0.001522072797611962,0.0
2025-06-16 00:00:00+00:00,0.8819599747657776,0.8823699951171875,0.8806599974632263,0.8816400170326233,0,0.8825547280286509,0.8854950690591455,42.37828400891226,False,0,0.00029487973983521876,0.0
2025-06-16 01:00:00+00:00,0.8809999823570251,0.882070004940033,0.8795999884605408,0.8819299936294556,0,0.8823718167731655,0.8853476891672727,38.522007503332205,False,0,-0.0010884761624329053,-0.0
2025-06-16 02:00:00+00:00,0.88086998462677,0.8816800117492676,0.8799200057983398,0.8810399770736694,0,0.8821951306382954,0.8852008791823381,38.01750759135521,False,0,-0.00014755701800051035,-0.0
2025-06-16 03:00:00+00:00,0.8806800246238708,0.8811900019645691,0.8789100050926208,0.8808500170707703,0,0.8820168828718925,0.8850526544427162,37.2498149388691,False,0,-0.00021565044355509322,-0.0
2025-06-16 04:00:00+00:00,0.8814100027084351,0.8817399740219116,0.8800399899482727,0.8807299733161926,0,0.8819454852056033,0.8849332232383135,42.0892562049606,False,0,0.0008288800292433063,0.0
2025-06-16 05:00:00+00:00,0.8824300169944763,0.8826500177383423,0.8808000087738037,0.8814399838447571,0,0.8820024889454707,0.8848511509024499,48.111178353504656,False,0,0.0011572529048988756,0.0
2025-06-16 06:00:00+00:00,0.8831999897956848,0.8837299942970276,0.8812900185585022,0.8824599981307983,0,0.882143371398437,0.8847970144727199,52.15563858374713,False,0,0.0008725596210235054,0.0
2025-06-16 07:00:00+00:00,0.8831800222396851,0.8842700123786926,0.8820099830627441,0.8831200003623962,0,0.8822653303209368,0.8847439983339318,52.04235215447628,False,0,-2.2608193195661208e-05,-0.0
2025-06-16 08:00:00+00:00,0.8837900161743164,0.8841300010681152,0.8821700215339661,0.8831899762153625,0,0.8824447051272167,0.8847127202303379,55.240834039424826,False,0,0.0006906790453484746,0.0
2025-06-16 09:00:00+00:00,0.8841699957847595,0.8842800259590149,0.8826900124549866,0.8837400078773499,0,0.8826476804986924,0.8846949259862205,57.15764302437482,False,0,0.000429943316273107,0.0
2025-06-16 10:00:00+00:00,0.8842300176620483,0.8846200108528137,0.8831300139427185,0.8841500282287598,0,0.8828338378120283,0.884679683090346,57.46749323500132,False,0,6.788499674836856e-05,0.0
2025-06-16 11:00:00+00:00,0.8849899768829346,0.885129988193512,0.8832299709320068,0.8842499852180481,0,0.8830875012321349,0.884689856657316,61.28534635295041,False,0,0.0008594587445647228,0.0
2025-06-16 12:00:00+00:00,0.8850200176239014,0.885420024394989,0.8834599852561951,0.8850100040435791,0,0.8833148561017545,0.8847006816070401,61.43272082857287,False,0,3.3944724518342184e-05,0.0
2025-06-16 13:00:00+00:00,0.8863700032234192,0.8865200281143188,0.8836600184440613,0.8849999904632568,0,0.8836742851748914,0.8847554134633148,67.43249100653108,False,0,0.001525372955000881,0.0
2025-06-16 14:00:00+00:00,0.8867300152778625,0.8873599767684937,0.8851799964904785,0.8864099979400635,0,0.8840337828340644,0.8848201545064146,68.825296697317,False,0,0.0004061645285085014,0.0
2025-06-16 15:00:00+00:00,0.8858299851417542,0.8869699835777283,0.884880006313324,0.886709988117218,0,0.8842451007526161,0.8848532637075733,61.718908617081716,False,0,-0.0010149990646548535,-0.0
2025-06-16 16:00:00+00:00,0.88714998960495,0.8873299956321716,0.8851799964904785,0.8858299851417542,0,0.8845868523823024,0.8849285661960119,67.08648385193845,False,0,0.0014901329660730323,0.0
2025-06-16 17:00:00+00:00,0.8864099979400635,0.8873000144958496,0.8855299949645996,0.8871600031852722,0,0.8848013400949801,0.8849771377286038,61.85077945938725,False,0,-0.0008341223846668466,-0.0
2025-06-16 18:00:00+00:00,0.8862000107765198,0.8866400122642517,0.8852999806404114,0.8864200115203857,0,0.8849658895869259,0.8850172319268961,60.409993460279175,False,0,-0.00023689620382405518,-0.0
2025-06-16 19:00:00+00:00,0.8855699896812439,0.886430025100708,0.8846700191497803,0.8862299919128418,0,0.8850369601862573,0.8850353551319566,56.18141853156855,True,0,-0.0007109242694816054,-0.0
2025-06-16 20:00:00+00:00,0.8850499987602234,0.8859300017356873,0.8841800093650818,0.8855299949645996,0,0.8850384941361357,0.8850358352509161,52.89070590117306,True,1,-0.0005871821844456449,-0.0005871821844456449
2025-06-16 21:00:00+00:00,0.8851400017738342,0.8869900107383728,0.8837299942970276,0.8841999769210815,0,0.885050436211159,0.8850392505467495,53.399490430239965,True,1,0.00010169257526349007,0.00010169257526349007
2025-06-16 22:00:00+00:00,0.88441002368927,0.885420024394989,0.8834499716758728,0.8853800296783447,0,0.884975093561525,0.8850186201579796,48.79637065335052,False,1,-0.000824703530629467,-0.000824703530629467
2025-06-16 23:00:00+00:00,0.8837500214576721,0.8853099942207336,0.882830023765564,0.88441002368927,0,0.88483096743166,0.8849770267579695,45.01786302099,False,0,-0.0007462627219496643,-0.0
2025-06-17 00:00:00+00:00,0.8841599822044373,0.8842200040817261,0.8825100064277649,0.8838000297546387,0,0.8847520279931631,0.8849502384119521,47.725581730103855,False,0,0.00046388767955996,0.0
2025-06-17 01:00:00+00:00,0.8856199979782104,0.8856199979782104,0.883080005645752,0.8841500282287598,0,0.884854142109051,0.8849721977419933,56.03046863771337,False,0,0.0016513027089657406,0.0
2025-06-17 02:00:00+00:00,0.8860899806022644,0.8862000107765198,0.8840000033378601,0.8855900168418884,0,0.8849995348729585,0.8850088463603628,58.32567643607816,False,0,0.0005306820364567866,0.0
2025-06-17 03:00:00+00:00,0.8864499926567078,0.8866199851036072,0.8846700191497803,0.8861100077629089,0,0.8851701769651643,0.8850560970586036,60.04615276988018,True,0,0.0004062928848362901,0.0
2025-06-17 04:00:00+00:00,0.8867899775505066,0.8871099948883057,0.8852699995040894,0.8863999843597412,0,0.8853607417399104,0.8851129455993217,61.65607170764943,True,1,0.0003835353337642289,0.0003835353337642289
2025-06-17 05:00:00+00:00,0.8865600228309631,0.8872600197792053,0.8856199979782104,0.8867899775505066,0,0.8855018336329754,0.8851603907544575,59.8980451042083,True,1,-0.0002593113649960177,-0.0002593113649960177
2025-06-17 06:00:00+00:00,0.8876699805259705,0.8881999850273132,0.8853600025177002,0.8865500092506409,0,0.8857569097380336,0.8852426723863104,65.0745889851651,True,1,0.0012519825690571196,0.0012519825690571196
2025-06-17 07:00:00+00:00,0.8870700001716614,0.8880800008773804,0.8858199715614319,0.8876500129699707,0,0.8859113909655192,0.8853025847727154,60.526439115191614,True,1,-0.0006759047477910007,-0.0006759047477910007
2025-06-17 08:00:00+00:00,0.8864799737930298,0.887660026550293,0.8855699896812439,0.8870700001716614,0,0.8859782830628733,0.8853411876914142,56.355098732552115,True,1,-0.0006651407200304327,-0.0006651407200304327
2025-06-17 09:00:00+00:00,0.8853300213813782,0.8872500061988831,0.8845300078392029,0.8863999843597412,0,0.8859020169826974,0.8853408215828884,49.23340200895943,True,1,-0.0012972119457265174,-0.0012972119457265174
2025-06-17 10:00:00+00:00,0.8864499926567078,0.8865500092506409,0.8848400115966797,0.8852699995040894,0,0.8859664847090516,0.8853771878476038,55.17474625210626,True,1,0.0012650325283019015,0.0012650325283019015
2025-06-17 11:00:00+00:00,0.886430025100708,0.8870300054550171,0.8852999806404114,0.88646000623703,0,0.8860210188727758,0.885411707101804,55.051044762077055,True,1,-2.2525304489984244e-05,-2.2525304489984244e-05
2025-06-17 12:00:00+00:00,0.8857399821281433,0.8870000243186951,0.8843899965286255,0.8864099979400635,0,0.8859879557263485,0.8854224702174216,50.811380282168216,True,1,-0.0007784517142075398,-0.0007784517142075398
2025-06-17 13:00:00+00:00,0.8873999714851379,0.8878800272941589,0.8849999904632568,0.8857100009918213,0,0.8861540752273824,0.8854873063245599,58.99297614933684,True,1,0.001874127159763317,0.001874127159763317
2025-06-17 14:00:00+00:00,0.8845400214195251,0.8875300288200378,0.883679986000061,0.8873999714851379,0,0.885964186544105,0.8854562478030832,45.080609931403465,True,1,-0.0032228421878652824,-0.0032228421878652824
2025-06-17 15:00:00+00:00,0.8848900198936462,0.8849400281906128,0.8830900192260742,0.8845199942588806,0,0.8858378139969922,0.8854376829535934,46.73609800813885,True,1,0.00039568415859747574,0.00039568415859747574
2025-06-17 16:00:00+00:00,0.8838199973106384,0.8855000138282776,0.8828499913215637,0.8848900198936462,0,0.8856004237985977,0.8853846440800538,42.51651542347005,True,1,-0.0012092153363153502,-0.0012092153363153502
2025-06-17 17:00:00+00:00,0.8825200200080872,0.884190022945404,0.8816099762916565,0.8837900161743164,0,0.8852380233526552,0.8852907219793336,38.02480688820091,False,1,-0.0014708620607215561,-0.0014708620607215561
2025-06-17 18:00:00+00:00,0.882889986038208,0.8832799792289734,0.8813899755477905,0.8825399875640869,0,0.8849617836686026,0.8852120093255261,39.968570086732825,False,0,0.0004192154531716952,0.0
2025-06-17 19:00:00+00:00,0.8833400011062622,0.8835399746894836,0.8817600011825562,0.8828499913215637,0,0.8847709857200918,0.8851506320068616,42.337587038246525,False,0,0.0005097068436279439,0.0
2025-06-17 20:00:00+00:00,0.8848199844360352,0.8862400054931641,0.8826500177383423,0.8833600282669067,0,0.8847767502749087,0.8851397911029,49.4085856555178,False,0,0.0016754401792282714,0.0
2025-06-17 21:00:00+00:00,0.8855000138282776,0.8875499963760376,0.8836600184440613,0.8848199844360352,0,0.8848618401047168,0.8851516016840598,52.30283567243413,False,0,0.0007685511224928554,0.0
2025-06-17 22:00:00+00:00,0.8853700160980225,0.8857300281524658,0.8842599987983704,0.8855000138282776,0,0.884921625515694,0.8851587628123864,51.69401102820494,False,0,-0.0001468071464991727,-0.0
2025-06-17 23:00:00+00:00,0.886680006980896,0.8869400024414062,0.8844699859619141,0.8852999806404114,0,0.8851284939233648,0.8852086396703703,57.11179900015688,False,0,0.0014795970713430417,0.0
2025-06-18 00:00:00+00:00,0.8865299820899963,0.8869600296020508,0.8852099776268005,0.8867599964141846,0,0.885293374884145,0.8852519623726531,56.33257846891348,True,0,-0.00016919845910423614,-0.0
2025-06-18 01:00:00+00:00,0.886709988117218,0.8876799941062927,0.8856599926948547,0.8865100145339966,0,0.8854600352645065,0.8852997664954257,57.08908166339947,True,1,0.0002030456170216688,0.0002030456170216688
2025-06-18 02:00:00+00:00,0.886709988117218,0.8872699737548828,0.8852599859237671,0.8866400122642517,0,0.885607088541296,0.8853460032699108,57.08908166339946,True,1,0.0,0.0
2025-06-18 03:00:00+00:00,0.8869699835777283,0.8871600031852722,0.885640025138855,0.8867899775505066,0,0.8857674291338175,0.8853992485259047,58.29924832939611,True,1,0.0002932136369213634,0.0002932136369213634
2025-06-18 04:00:00+00:00,0.8882499933242798,0.888480007648468,0.8859300017356873,0.886929988861084,0,0.886059495509166,0.8854927155684743,63.72344697313645,True,1,0.0014431263405199068,0.0014431263405199068
2025-06-18 05:00:00+00:00,0.8879899978637695,0.8885400295257568,0.8870000243186951,0.888260006904602,0,0.8862866134332369,0.8855745936765167,61.960482085544136,True,1,-0.00029270527719027495,-0.00029270527719027495
2025-06-18 06:00:00+00:00,0.8887799978256226,0.8893399834632874,0.8870199918746948,0.8879899978637695,0,0.8865799527735175,0.8856796888945201,65.11830633135835,True,1,0.000889649617398236,0.000889649617398236
2025-06-18 07:00:00+00:00,0.8876000046730042,0.8889399766921997,0.8865799903869629,0.8887699842453003,0,0.8866999588793395,0.8857426500675851,57.44718575827426,True,1,-0.0013276549376732838,-0.0013276549376732838
2025-06-18 08:00:00+00:00,0.8878999948501587,0.8883299827575684,0.8867599964141846,0.8875899910926819,0,0.8868411395817888,0.8858133826834071,58.776752506064874,True,1,0.0003379790170967567,0.0003379790170967567
2025-06-18 09:00:00+00:00,0.8881099820137024,0.8886100053787231,0.8869500160217285,0.887910008430481,0,0.8869904151620139,0.8858886810221054,59.72535438644336,True,1,0.00023649866512176487,0.00023649866512176487
2025-06-18 10:00:00+00:00,0.8866999745368958,0.8883500099182129,0.8858100175857544,0.8880500197410583,0,0.886956245676706,0.8859152808094755,51.20483444017622,True,1,-0.0015876496215136982,-0.0015876496215136982
2025-06-18 11:00:00+00:00,0.8879299759864807,0.8879899978637695,0.8859300017356873,0.8866900205612183,0,0.8870708021837382,0.8859813363890494,56.97159009753298,True,1,0.0013871675706627062,0.0013871675706627062
2025-06-18 12:00:00+00:00,0.886929988861084,0.8881000280380249,0.8856199979782104,0.8878999948501587,0,0.8870542359104848,0.8860124397487882,51.62933352535119,True,1,-0.0011262004352153854,-0.0011262004352153854
2025-06-18 13:00:00+00:00,0.8880299925804138,0.888949990272522,0.8859800100326538,0.8869400024414062,0,0.8871690308128294,0.8860785890219562,56.46533110880046,True,1,0.0012402373728983562,0.0012402373728983562
2025-06-18 14:00:00+00:00,0.8918300271034241,0.8923100233078003,0.8872600197792053,0.8880299925804138,0,0.8877173833176052,0.8862671607623321,68.2679860874416,True,1,0.004279173625620691,0.004279173625620691
2025-06-18 15:00:00+00:00,0.8919100165367126,0.8923799991607666,0.8905699849128723,0.8918899893760681,0,0.888210634284559,0.8864521724270659,68.46181161297764,True,1,8.969134348202346e-05,8.969134348202346e-05
2025-06-18 16:00:00+00:00,0.8909500241279602,0.892009973526001,0.8900399804115295,0.8919299840927124,0,0.8885329154426062,0.8865996429746361,63.452458460661646,True,1,-0.0010763332521817048,-0.0010763332521817048
2025-06-18 17:00:00+00:00,0.8906599879264832,0.8912799954414368,0.8896499872207642,0.8909000158309937,0,0.8887831592642387,0.8867327690386311,61.97698035747434,True,1,-0.00032553588150008306,-0.00032553588150008306
2025-06-18 18:00:00+00:00,0.8900899887084961,0.8926699757575989,0.8892300128936768,0.8910700082778931,0,0.8889369039047395,0.8868428418146922,59.06989841288613,True,1,-0.0006399739807713134,-0.0006399739807713134
2025-06-18 19:00:00+00:00,0.8910300135612488,0.8911299705505371,0.888949990272522,0.8901000022888184,0,0.889183152099623,0.8869801261342514,62.21741674607931,True,1,0.001056100916399183,0.001056100916399183
2025-06-18 20:00:00+00:00,0.8909800052642822,0.8913800120353699,0.8901399970054626,0.8910599946975708,0,0.8893945465895828,0.8871112697122852,61.944509118528266,True,1,-5.612414419875478e-05,-5.612414419875478e-05
2025-06-18 21:00:00+00:00,0.8898599743843079,0.8904899954795837,0.8887500166893005,0.890250027179718,0,0.8894493028007269,0.8872013911769416,56.01793883836111,True,1,-0.0012570774578068988,-0.0012570774578068988
2025-06-18 22:00:00+00:00,0.8907600045204163,0.8913499712944031,0.8900799751281738,0.8903700113296509,0,0.8896035030030432,0.8873180670242686,59.3810487953992,True,1,0.0010114289461453652,0.0010114289461453652
2025-06-18 23:00:00+00:00,0.8909299969673157,0.8913400173187256,0.8901500105857849,0.8909100294113159,0,0.889759561116487,0.8874364909568275,60.00313235901525,True,1,0.000190839784045993,0.000190839784045993
2025-06-19 00:00:00+00:00,0.8900899887084961,0.8913900256156921,0.8890600204467773,0.8909100294113159,0,0.889798434950841,0.8875234908831117,55.48138850723388,True,1,-0.000942844288192024,-0.000942844288192024
2025-06-19 01:00:00+00:00,0.8888099789619446,0.8901600241661072,0.8876799941062927,0.8900099992752075,0,0.8896821460109707,0.8875656708201225,49.375386454778074,True,1,-0.001438067794031439,-0.001438067794031439
2025-06-19 02:00:00+00:00,0.888949990272522,0.8895900249481201,0.8874199986457825,0.8888499736785889,0,0.8895960100417415,0.8876110583431519,50.02329214826341,True,1,0.0001575267086233456,0.0001575267086233456
2025-06-19 03:00:00+00:00,0.889959990978241,0.8901600241661072,0.8881099820137024,0.8889300227165222,0,0.8896388313283885,0.8876880725279089,54.542845918687036,True,1,0.0011361726944947304,0.0011361726944947304
2025-06-19 04:00:00+00:00,0.8892899751663208,0.8900200128555298,0.8881999850273132,0.8899700045585632,0,0.8895977894269687,0.8877405939258897,51.232871270176275,True,1,-0.000752860599029459,-0.000752860599029459
2025-06-19 05:00:00+00:00,0.8870499730110168,0.8893600106239319,0.8862400054931641,0.8892099857330322,0,0.8892980463192096,0.8877179506172053,42.046138959464166,True,1,-0.002518865856870778,-0.002518865856870778
2025-06-19 06:00:00+00:00,0.8876399993896484,0.887719988822937,0.8859999775886536,0.8870099782943726,0,0.8891029819745554,0.8877153948392525,44.8512847701963,True,1,0.000665155737087586,0.000665155737087586
2025-06-19 07:00:00+00:00,0.8869600296020508,0.8879799842834473,0.8860700130462646,0.8876199722290039,0,0.8888508699307313,0.8876906287659017,42.30963770652542,True,1,-0.0007660423010062978,-0.0007660423010062978
2025-06-19 08:00:00+00:00,0.8874499797821045,0.8878899812698364,0.8862599730491638,0.886929988861084,0,0.8886860593250104,0.8876827386352854,44.73960982834505,True,1,0.000552392626163245,0.000552392626163245
2025-06-19 09:00:00+00:00,0.886430025100708,0.8878300189971924,0.8855999708175659,0.8874499797821045,0,0.8884206435339159,0.8876416660603812,40.87935725641795,True,1,-0.0011493094874450716,-0.0011493094874450716
2025-06-19 10:00:00+00:00,0.8861500024795532,0.887220025062561,0.8853399753570557,0.8864499926567078,0,0.8881535092922261,0.8875927590577312,39.862442935398896,True,1,-0.00031589929630704283,-0.00031589929630704283
2025-06-19 11:00:00+00:00,0.8864200115203857,0.8868600130081177,0.8847200274467468,0.8861200213432312,0,0.887949568377892,0.8875543083188018,41.376770804487066,True,1,0.00030469902395413584,0.00030469902395413584
2025-06-19 12:00:00+00:00,0.8863499760627747,0.8867499828338623,0.8852699995040894,0.8863700032234192,0,0.8877613810467017,0.8875148220153255,41.08776207012149,True,1,-7.900933722260195e-05,-7.900933722260195e-05
2025-06-19 13:00:00+00:00,0.8863599896430969,0.8870800137519836,0.8852599859237671,0.8863199949264526,0,0.887596511469807,0.887476958658859,41.15105411989324,True,1,1.1297546784749812e-05,1.1297546784749812e-05
2025-06-19 14:00:00+00:00,0.886489987373352,0.8871399760246277,0.884880006313324,0.8863800168037415,0,0.8874663321643417,0.88744459894458,42.02189483353285,True,1,0.000146664709343991,0.000146664709343991
2025-06-19 15:00:00+00:00,0.8864399790763855,0.8870000243186951,0.8853499889373779,0.8864799737930298,0,0.8873455847422291,0.8874116605882458,41.76585215464958,False,1,-5.641157562841226e-05,-5.641157562841226e-05
2025-06-19 16:00:00+00:00,0.8858500123023987,0.8865600228309631,0.8850499987602234,0.8863999843597412,0,0.8871696350434255,0.8873604590051033,38.76498658355568,False,0,-0.0006655462162271641,-0.0
2025-06-19 17:00:00+00:00,0.8875200152397156,0.8877099752426147,0.8851000070571899,0.8858100175857544,0,0.887210856242989,0.8873656903570578,49.767342991832415,False,0,0.0018851983000782724,0.0
2025-06-19 18:00:00+00:00,0.8873999714851379,0.887910008430481,0.88646000623703,0.8876000046730042,0,0.8872331050950064,0.8873668143284703,49.0846295894386,False,0,-0.0001352575181589044,-0.0
2025-06-19 19:00:00+00:00,0.887179970741272,0.8877500295639038,0.8862299919128418,0.8874899744987488,0,0.887226853994567,0.8873606883092179,47.79071165163505,False,0,-0.0002479161042768796,-0.0
2025-06-19 20:00:00+00:00,0.8873000144958496,0.8877800107002258,0.8861899971961975,0.8870999813079834,0,0.887235461112365,0.8873586990038614,48.58711539260203,False,0,0.00013530936059935605,0.0
2025-06-19 21:00:00+00:00,0.8868499994277954,0.8875700235366821,0.8853700160980225,0.8874899744987488,0,0.8871901126788861,0.8873420203292363,45.76857002056192,False,0,-0.0005071735159498658,-0.0
2025-06-19 22:00:00+00:00,0.8878600001335144,0.8882200121879578,0.8865200281143188,0.8868499994277954,0,0.8872689229676659,0.8873590032736388,52.43738870530795,False,0,0.0011388630618149875,0.0
2025-06-19 23:00:00+00:00,0.8880800008773804,0.8883699774742126,0.8868700265884399,0.8878499865531921,0,0.8873643438982205,0.8873826425393353,53.770911189124305,False,0,0.0002477876510180721,0.0
2025-06-20 00:00:00+00:00,0.8880599737167358,0.8888900279998779,0.8870800137519836,0.8880800008773804,0,0.8874461827003988,0.8874048501189221,53.623520553722834,True,0,-2.255107718307503e-05,-0.0
2025-06-20 01:00:00+00:00,0.8871399760246277,0.8883799910545349,0.886139988899231,0.8880400061607361,0,0.8874101583856022,0.8873961657223878,47.220237474127295,True,1,-0.001035963470189638,-0.001035963470189638
2025-06-20 02:00:00+00:00,0.8881300091743469,0.8881400227546692,0.8863199949264526,0.8871099948883057,0,0.8874948467136898,0.8874202261634356,53.636359175801374,True,1,0.0011159830201268317,0.0011159830201268317
2025-06-20 03:00:00+00:00,0.8887400031089783,0.8888599872589111,0.8872600197792053,0.8881199955940247,0,0.8876413357013708,0.8874634975386992,57.09697610537511,True,1,0.00068682955009991,0.00068682955009991
2025-06-20 04:00:00+00:00,0.888700008392334,0.8891400098800659,0.8876500129699707,0.8887400031089783,0,0.8877658854297193,0.8875040388781626,56.79763384766003,True,1,-4.500159383435953e-05,-4.500159383435953e-05
2025-06-20 05:00:00+00:00,0.8889999985694885,0.8891000151634216,0.8876000046730042,0.8886600136756897,0,0.8879110752108686,0.8875530867368946,58.552881333695645,True,1,0.00033756067775581045,0.00033756067775581045
2025-06-20 06:00:00+00:00,0.8875600099563599,0.8891599774360657,0.8866299986839294,0.888949990272522,0,0.8878697734162205,0.8875533137276967,48.38987814994359,True,1,-0.0016197847192865877,-0.0016197847192865877
2025-06-20 07:00:00+00:00,0.8887400031089783,0.888759970664978,0.886680006980896,0.8875200152397156,0,0.8879721533800744,0.8875922215762633,55.24507235155597,True,1,0.0013294798541862995,0.0013294798541862995
2025-06-20 08:00:00+00:00,0.888480007648468,0.8888099789619446,0.8871899843215942,0.8887100219726562,0,0.8880319009410619,0.8876213293163355,53.55707150009283,True,1,-0.00029254389315291895,-0.00029254389315291895
2025-06-20 09:00:00+00:00,0.8891100287437439,0.8893700242042542,0.8875600099563599,0.8884999752044678,0,0.8881587395060833,0.8876701391336276,56.986764419077616,True,1,0.0007090999120433761,0.0007090999120433761
2025-06-20 10:00:00+00:00,0.8890299797058105,0.8891900181770325,0.8874099850654602,0.8890600204467773,0,0.88826123835311,0.8877147240704204,56.41669338176559,True,1,-9.003276911234703e-05,-9.003276911234703e-05
2025-06-20 11:00:00+00:00,0.8891599774360657,0.889739990234375,0.887690007686615,0.8890200257301331,0,0.8883669723628695,0.8877621094266711,57.16608203758702,True,1,0.00014622423677779217,0.00014622423677779217
2025-06-20 12:00:00+00:00,0.8901900053024292,0.8905400037765503,0.8884400129318237,0.8891800045967102,0,0.8885814468263471,0.8878417125701386,62.64652691695012,True,1,0.0011584280585070772,0.0011584280585070772
2025-06-20 13:00:00+00:00,0.8887900114059448,0.8904799818992615,0.8875899910926819,0.8901399970054626,0,0.8886059838357115,0.8878728043352468,52.76477483024231,True,1,-0.001572691097569412,-0.001572691097569412
2025-06-20 14:00:00+00:00,0.8876500129699707,0.8891299962997437,0.8862599730491638,0.8887799978256226,0,0.8884935166750361,0.8878654997003197,46.35300860379596,True,1,-0.0012826409178144926,-0.0012826409178144926
2025-06-20 15:00:00+00:00,0.8865699768066406,0.8883200287818909,0.885670006275177,0.8876399993896484,0,0.8882672178669895,0.8878230235398712,41.24005814619314,True,1,-0.001216736492479109,-0.001216736492479109
2025-06-20 16:00:00+00:00,0.886680006980896,0.887179970741272,0.8853399753570557,0.8865699768066406,0,0.8880804871745078,0.8877855475871179,41.94265949826912,True,1,0.00012410771527782138,0.00012410771527782138
2025-06-20 17:00:00+00:00,0.8861299753189087,0.8869500160217285,0.8850700259208679,0.8866400122642517,0,0.8878510151914961,0.8877312665291438,39.40606379499321,True,1,-0.0006203271277764877,-0.0006203271277764877
2025-06-20 18:00:00+00:00,0.8859800100326538,0.886389970779419,0.8849400281906128,0.8861299753189087,0,0.8876308969375146,0.8876738482833572,38.7185178171672,False,1,-0.00016923621864939342,-0.00016923621864939342
2025-06-20 19:00:00+00:00,0.8860200047492981,0.8861600160598755,0.8848099708557129,0.8860099911689758,0,0.8874413802094892,0.8876196239051912,39.02407580956757,False,0,4.514178219761078e-05,0.0
2025-06-20 20:00:00+00:00,0.8853700160980225,0.8865699768066406,0.8844299912452698,0.8860200047492981,0,0.8871976903140225,0.8875458662721692,35.89188316330356,False,0,-0.0007336049387051125,-0.0
2025-06-20 21:00:00+00:00,0.884909987449646,0.884909987449646,0.884909987449646,0.884909987449646,0,0.8869285488005665,0.8874594440156931,33.82274954786911,False,0,-0.0005195891435355593,-0.0
2025-06-22 23:00:00+00:00,0.8856599926948547,0.8860300183296204,0.8842599987983704,0.8849599957466125,0,0.8867793069057768,0.8874004456117311,39.90538709962301,False,0,0.0008475497574282898,0.0
2025-06-23 00:00:00+00:00,0.8850399851799011,0.8856599926948547,0.8837599754333496,0.8856599926948547,0,0.8865746808203796,0.8873230534664253,36.88700670946639,False,0,-0.00070005139677487,-0.0
2025-06-23 01:00:00+00:00,0.8841999769210815,0.8857799768447876,0.8829600214958191,0.8851000070571899,0,0.8862953038910504,0.8872206575141189,33.22074778972585,False,0,-0.0009491189922327115,-0.0
2025-06-23 02:00:00+00:00,0.8822799921035767,0.8845300078392029,0.8812800049781799,0.8841599822044373,0,0.8858229142689946,0.8870586684842651,26.690793695358067,False,0,-0.002171437307870727,-0.0
2025-06-23 03:00:00+00:00,0.8813300132751465,0.8825899958610535,0.8799600005149841,0.8822199702262878,0,0.885294337681483,0.8868708437233103,24.16030737030323,False,0,-0.0010767316916766578,-0.0
2025-06-23 04:00:00+00:00,0.8811200261116028,0.8820400238037109,0.880079984664917,0.8812999725341797,0,0.8848032422026736,0.8866822923262051,23.627075643041806,False,0,-0.0002382616731312348,-0.0
2025-06-23 05:00:00+00:00,0.881630003452301,0.8819299936294556,0.8800899982452393,0.8811500072479248,0,0.8844299199967474,0.8865166435106673,27.795034359452742,False,0,0.000578783055185772,0.0
2025-06-23 06:00:00+00:00,0.8834699988365173,0.8836399912834167,0.8809400200843811,0.8816400170326233,0,0.8843169880955438,0.8864167535213509,40.42731342766183,False,0,0.0020870380738078342,0.0
2025-06-23 07:00:00+00:00,0.8832299709320068,0.8841300010681152,0.8821300268173218,0.8834699988365173,0,0.884189103723363,0.8863122688462904,39.457531163148865,False,0,-0.00027168766888130413,-0.0
2025-06-23 08:00:00+00:00,0.8821099996566772,0.8838899731636047,0.8813300132751465,0.8831300139427185,0,0.8839445032449293,0.8861744895285982,35.212978282154324,False,0,-0.0012680403883348346,-0.0
2025-06-23 09:00:00+00:00,0.8799600005149841,0.8822000026702881,0.8791499733924866,0.8820899724960327,0,0.883475738217877,0.8859707357904469,28.806629575320088,False,0,-0.002437336774925969,-0.0
2025-06-23 10:00:00+00:00,0.879610002040863,0.8804000020027161,0.8786900043487549,0.8798999786376953,0,0.8830209457264635,0.8857621871429195,27.916245523530236,False,0,-0.0003977436177965421,-0.0
2025-06-23 11:00:00+00:00,0.8802000284194946,0.8802099823951721,0.8780800104141235,0.8795700073242188,0,0.8826890731021142,0.8855798212831351,31.746267710804034,False,0,0.0006707817979134667,0.0
2025-06-23 12:00:00+00:00,0.8807600140571594,0.8809000253677368,0.8786900043487549,0.8801699876785278,0,0.8824621249791783,0.8854217948167096,35.261980921679935,False,0,0.0006362027034585438,0.0
2025-06-23 13:00:00+00:00,0.8811299800872803,0.881630003452301,0.8788400292396545,0.8807700276374817,0,0.8823054020507197,0.885281079579679,37.55065813848237,False,0,0.0004200531634226401,0.0
2025-06-23 14:00:00+00:00,0.8834099769592285,0.883620023727417,0.8805599808692932,0.8811299800872803,0,0.882435352039956,0.885219731952779,49.418548222147095,False,0,0.0025875829031742903,0.0
2025-06-23 15:00:00+00:00,0.8843399882316589,0.8844199776649475,0.8822000026702881,0.8833600282669067,0,0.8826594268860387,0.8851908878963488,53.315764812195205,False,0,0.0010527516064868792,0.0
2025-06-23 16:00:00+00:00,0.8841400146484375,0.8850799798965454,0.8825200200080872,0.8843600153923035,0,0.882833613681615,0.8851564330357615,52.38120344590836,False,0,-0.00022612749155592748,-0.0
2025-06-23 17:00:00+00:00,0.8866599798202515,0.8870599865913391,0.8832499980926514,0.8840600252151489,0,0.8832837744038075,0.8852057296516463,61.531991165621726,False,0,0.0028501879001776587,0.0
2025-06-23 18:00:00+00:00,0.8867200016975403,0.8871399760246277,0.8854799866676331,0.8866299986839294,0,0.8836880364383642,0.8852553779154462,61.72067904770641,False,0,6.769435708720017e-05,0.0
2025-06-23 19:00:00+00:00,0.8866900205612183,0.8869100213050842,0.8852900266647339,0.8867700099945068,0,0.8840412110410529,0.8853024153792419,61.55825370500695,False,0,-3.381127781554305e-05,-0.0
2025-06-23 20:00:00+00:00,0.8867700099945068,0.8874599933624268,0.8857300281524658,0.8866900205612183,0,0.8843622462120475,0.8853505332354801,61.84673919329623,False,0,9.021127049324562e-05,0.0
2025-06-23 21:00:00+00:00,0.8864099979400635,0.8869100213050842,0.8856599926948547,0.8862599730491638,0,0.8846031581800493,0.8853852697831713,59.67608667828113,False,0,-0.000405981314642756,-0.0
2025-06-23 22:00:00+00:00,0.888670027256012,0.8892499804496765,0.8859900236129761,0.8864399790763855,0,0.8850816133654567,0.8854929667494938,67.40914040518157,False,0,0.0025496433041150013,0.0
2025-06-23 23:00:00+00:00,0.8891500234603882,0.8901600241661072,0.8876399993896484,0.8886100053787231,0,0.8855602498472133,0.8856128702482116,68.77859975569916,False,0,0.0005401287200585969,0.0
2025-06-24 00:00:00+00:00,0.8895599842071533,0.8900200128555298,0.8878600001335144,0.8891500234603882,0,0.8860308068307357,0.8857422838206359,69.94038511282059,True,0,0.0004610703885150613,0.0
2025-06-24 01:00:00+00:00,0.8896499872207642,0.8900700211524963,0.8880800008773804,0.8894799947738647,0,0.8864565927589743,0.885870405243591,70.20253657010272,False,1,0.00010117700347223035,0.00010117700347223035
2025-06-24 02:00:00+00:00,0.8908399939537048,0.8909000158309937,0.8882799744606018,0.8896099925041199,0,0.8869722870171779,0.8860333425783488,73.49400724100441,False,0,0.0013376122632882126,0.0
2025-06-24 03:00:00+00:00,0.8904500007629395,0.8912500143051147,0.889240026473999,0.8907999992370605,0,0.8873814298107968,0.8861781510434172,70.73631733671982,False,0,-0.0004377814123887047,-0.0
2025-06-24 04:00:00+00:00,0.891040027141571,0.8913300037384033,0.8889999985694885,0.8904500007629395,0,0.887811853026182,0.8863375568171272,72.42229095288693,False,0,0.0006626159561189393,0.0
2025-06-24 05:00:00+00:00,0.891040027141571,0.8913300037384033,0.8897200226783752,0.890999972820282,0,0.8881916382162278,0.886491736172027,72.42229095288693,False,0,0.0,0.0
2025-06-24 06:00:00+00:00,0.8924599885940552,0.8931699991226196,0.8901399970054626,0.8911299705505371,0,0.8886937970842075,0.8866874165793066,76.24257500472703,False,0,0.001593600073207968,0.0
2025-06-24 07:00:00+00:00,0.8909500241279602,0.8930100202560425,0.8900399804115295,0.8924599885940552,0,0.888959235559943,0.8868271742038526,65.80351448807689,True,0,-0.0016919127864474248,-0.0
2025-06-24 08:00:00+00:00,0.8919299840927124,0.8922399878501892,0.890030026435852,0.8909299969673157,0,0.8893087353873277,0.8869944794461103,68.79014752633533,True,1,0.0010999045268687002,0.0010999045268687002
2025-06-24 09:00:00+00:00,0.8925700187683105,0.8931699991226196,0.890779972076416,0.8918700218200684,0,0.8896924157850903,0.8871772840140513,70.59640899416786,False,1,0.000717583988668391,0.000717583988668391
2025-06-24 10:00:00+00:00,0.8928800225257874,0.893090009689331,0.8915899991989136,0.892520010471344,0,0.8900674283428194,0.8873642590472229,71.4580390633167,False,0,0.00034731589786596295,0.0
2025-06-24 11:00:00+00:00,0.8925399780273438,0.8933200240135193,0.891569972038269,0.8927900195121765,0,0.8903583165409987,0.8875339547514891,69.06722416433418,True,0,-0.0003808400791426303,-0.0
2025-06-24 12:00:00+00:00,0.891319990158081,0.8926600217819214,0.8903300166130066,0.8924599885940552,0,0.8904714546135967,0.887658087059902,61.160923325034425,True,1,-0.0013668719601322987,-0.0013668719601322987
2025-06-24 13:00:00+00:00,0.890209972858429,0.8916500210762024,0.888949990272522,0.8913099765777588,0,0.8904406920541652,0.887741755446739,54.9926335220774,True,1,-0.0012453634069793384,-0.0012453634069793384
2025-06-24 14:00:00+00:00,0.8912100195884705,0.8924000263214111,0.8894699811935425,0.8902400135993958,0,0.8905312011758482,0.8878554690251563,59.00412713012643,True,1,0.0011233829776478022,0.0011233829776478022
2025-06-24 15:00:00+00:00,0.8909100294113159,0.8923100233078003,0.8900899887084961,0.8911899924278259,0,0.8905757692035502,0.8879556185460139,57.3527429502521,True,1,-0.000336609969099122,-0.000336609969099122
2025-06-24 16:00:00+00:00,0.8916599750518799,0.8917400240898132,0.8899000287055969,0.8908799886703491,0,0.8907033228327654,0.8880770728576816,60.34098061281448,True,1,0.0008417748322571139,0.0008417748322571139
2025-06-24 17:00:00+00:00,0.892009973526001,0.8923900127410889,0.890720009803772,0.891700029373169,0,0.8908570464437343,0.8882060204205773,61.69011715210051,True,1,0.0003925245989657711,0.0003925245989657711
2025-06-24 18:00:00+00:00,0.8925999999046326,0.8927199840545654,0.8911600112915039,0.8920599818229675,0,0.8910620997920753,0.8883500853216939,63.91849357630584,True,1,0.0006614571542280512,0.0006614571542280512
2025-06-24 19:00:00+00:00,0.891700029373169,0.8927199840545654,0.8909800052642822,0.8925700187683105,0,0.8911371503310275,0.8884599195528897,58.34388217264371,True,1,-0.0010082573734705447,-0.0010082573734705447
2025-06-24 20:00:00+00:00,0.8900099992752075,0.8918600082397461,0.8895999789237976,0.891759991645813,0,0.8910045443244604,0.8885107418388674,49.59629745546631,True,1,-0.0018952899431319281,-0.0018952899431319281
2025-06-24 21:00:00+00:00,0.8899700045585632,0.8903399705886841,0.8890399932861328,0.8899999856948853,0,0.8908828337637666,0.8885585865182016,49.40750760245451,True,1,-4.4937378992249144e-05,-4.4937378992249144e-05
2025-06-24 22:00:00+00:00,0.8906700015068054,0.8908399939537048,0.8893600106239319,0.8898400068283081,0,0.8908577946747124,0.8886278132391394,52.79439796913499,True,1,0.0007865399335447165,0.0007865399335447165
2025-06-24 23:00:00+00:00,0.8914700150489807,0.8914999961853027,0.8896399736404419,0.8905500173568726,0,0.8909298206010969,0.8887210001837244,56.38782388922424,True,1,0.000898215434248284,0.000898215434248284
2025-06-25 00:00:00+00:00,0.8916900157928467,0.8919399976730347,0.8900799751281738,0.8914700150489807,0,0.8910192553295381,0.8888183449577939,57.34933099310665,True,1,0.0002467842329547665,0.0002467842329547665
2025-06-25 01:00:00+00:00,0.8925099968910217,0.8929499983787537,0.890749990940094,0.8916800022125244,0,0.8911946366897125,0.8889393827260964,60.816773803533295,True,1,0.0009195808898296853,0.0009195808898296853
2025-06-25 02:00:00+00:00,0.8928400278091431,0.8929299712181091,0.8911799788475037,0.8925099968910217,0,0.8913882121155279,0.8890672727288192,62.15053676696752,True,1,0.0003697783994252024,0.0003697783994252024
2025-06-25 03:00:00+00:00,0.8920999765396118,0.893090009689331,0.8913099765777588,0.8929100036621094,0,0.8914719491065966,0.8891667056406485,57.429821640366264,True,1,-0.000828873310426248,-0.000828873310426248
2025-06-25 04:00:00+00:00,0.8924300074577332,0.8925099968910217,0.8909000158309937,0.8921099901199341,0,0.891584661853789,0.8892736991428479,58.928075701558136,True,1,0.0003699483542209947,0.0003699483542209947
2025-06-25 05:00:00+00:00,0.8920199871063232,0.8924599885940552,0.8907999992370605,0.8924599885940552,0,0.8916358765893813,0.8893637413711586,56.278024253488056,True,1,-0.00045944258707519836,-0.00045944258707519836
2025-06-25 06:00:00+00:00,0.8920999765396118,0.8924599885940552,0.890779972076416,0.8920800089836121,0,0.8916904765835261,0.8894534539996324,56.68724696143882,True,1,8.967224327349754e-05,8.967224327349754e-05
2025-06-25 07:00:00+00:00,0.8917999863624573,0.8928800225257874,0.890749990940094,0.8921200037002563,0,0.8917033600869297,0.8895303894869381,54.62239105193889,True,1,-0.000336274167743178,-0.000336274167743178
2025-06-25 08:00:00+00:00,0.8914700150489807,0.8919100165367126,0.8903499841690063,0.8917099833488464,0,0.891675907729524,0.8895939837676607,52.36304321179663,True,1,-0.00037000596380643014,-0.00037000596380643014
2025-06-25 09:00:00+00:00,0.8916699886322021,0.8917999863624573,0.8900499939918518,0.8915500044822693,0,0.8916752113651332,0.8896620495009243,53.61522946055737,True,1,0.0002243189112878241,0.0002243189112878241
2025-06-25 10:00:00+00:00,0.8919900059700012,0.8920599818229675,0.8905900120735168,0.8916599750518799,0,0.8917122460245294,0.8897383759425334,55.62545327389282,True,1,0.00035889661183952093,0.00035889661183952093
2025-06-25 11:00:00+00:00,0.89205002784729,0.8923199772834778,0.8908500075340271,0.8920000195503235,0,0.8917519850625012,0.8898141678082631,56.01052227340444,True,1,6.728985401971421e-05,6.728985401971421e-05
2025-06-25 12:00:00+00:00,0.8918399810791016,0.892520010471344,0.8908399939537048,0.89205002784729,0,0.8917623375350424,0.8898805879155037,54.2367834783981,True,1,-0.00023546523359829763,-0.00023546523359829763
2025-06-25 13:00:00+00:00,0.8908600211143494,0.8924300074577332,0.8901399970054626,0.8917499780654907,0,0.8916561826620197,0.8899127004794003,46.79175460482029,True,1,-0.0010988069446791204,-0.0010988069446791204
2025-06-25 14:00:00+00:00,0.8915899991989136,0.892270028591156,0.8900899887084961,0.8908900022506714,0,0.8916483963722425,0.88996769388004,52.06974255356701,True,1,0.000819408287792589,0.000819408287792589
2025-06-25 15:00:00+00:00,0.892490029335022,0.8927599787712097,0.8906999826431274,0.8916100263595581,0,0.8917474120149224,0.8900503934031542,57.647962993797506,True,1,0.0010094663880451105,0.0010094663880451105
2025-06-25 16:00:00+00:00,0.8932200074195862,0.8932600021362305,0.891480028629303,0.8924300074577332,0,0.8919206585331181,0.8901543151741846,61.55594499543468,True,1,0.0008179117531521563,0.0008179117531521563
2025-06-25 17:00:00+00:00,0.8927900195121765,0.8933600187301636,0.8920000195503235,0.8931800127029419,0,0.8920229362953602,0.8902407317098564,58.15206310654374,True,1,-0.0004813908150712587,-0.0004813908150712587
2025-06-25 18:00:00+00:00,0.8935499787330627,0.893779993057251,0.8919900059700012,0.8928200006484985,0,0.8922025883468546,0.8903492316122565,62.13713933019448,True,1,0.0008512183204081314,0.0008512183204081314
2025-06-25 19:00:00+00:00,0.8931599855422974,0.894029974937439,0.892270028591156,0.893559992313385,0,0.8923152233110243,0.8904413874788153,59.03050254741877,True,1,-0.00043645369598499517,-0.00043645369598499517
2025-06-25 20:00:00+00:00,0.8936300277709961,0.8939899802207947,0.8922299742698669,0.8931300044059753,0,0.8924699061886681,0.8905459330621655,61.527154853574,True,1,0.0005262687942892974,0.0005262687942892974
2025-06-25 21:00:00+00:00,0.8924999833106995,0.8935999870300293,0.8919399976730347,0.8935999870300293,0,0.8924734446736129,0.8906100002834288,53.14254074403971,True,1,-0.0012645551572559866,-0.0012645551572559866
2025-06-25 22:00:00+00:00,0.8934900164604187,0.893589973449707,0.8921899795532227,0.8924499750137329,0,0.8925930413544136,0.8907044270433302,58.48084847897588,True,1,0.00110928086076445,0.00110928086076445
2025-06-25 23:00:00+00:00,0.8940200209617615,0.8943600058555603,0.8928099870681763,0.8935800194740295,0,0.8927609213082193,0.8908131350406557,61.039791672099184,True,1,0.0005931845813369474,0.0005931845813369474
2025-06-26 00:00:00+00:00,0.8939599990844727,0.8942599892616272,0.8931199908256531,0.8939700126647949,0,0.8929019892818961,0.8909163109109448,60.58439729193388,True,1,-6.713706167815747e-05,-6.713706167815747e-05
2025-06-26 01:00:00+00:00,0.8938400149345398,0.8942700028419495,0.8924400210380554,0.8939700126647949,0,0.8930123452410307,0.8910121700592594,59.626730108918714,True,1,-0.00013421646388622754,-0.00013421646388622754
2025-06-26 02:00:00+00:00,0.8948500156402588,0.8951900005340576,0.8929100036621094,0.8938900232315063,0,0.8932285417585869,0.8911380010619151,64.68697176034283,True,1,0.0011299569149327837,0.0011299569149327837
2025-06-26 03:00:00+00:00,0.8955399990081787,0.8956999778747559,0.8940600156784058,0.8948500156402588,0,0.8935004779055977,0.891282328863432,67.66828558767159,True,1,0.0007710603518582548,0.0007710603518582548
2025-06-26 04:00:00+00:00,0.8946400284767151,0.895609974861145,0.8936399817466736,0.895579993724823,0,0.8936345426786704,0.8913924173753429,60.49428465853281,True,1,-0.0010049473306165124,-0.0010049473306165124
2025-06-26 05:00:00+00:00,0.8952100276947021,0.8953499794006348,0.8935199975967407,0.8946499824523926,0,0.8938198938570271,0.8915175849267973,63.15835634360561,True,1,0.0006371268888534232,0.0006371268888534232
2025-06-26 06:00:00+00:00,0.8950600028038025,0.8954600095748901,0.8942099809646606,0.8951200246810913,0,0.893965789027236,0.8916337297752237,61.97376755329328,True,1,-0.00016758624932522448,-0.00016758624932522448
2025-06-26 07:00:00+00:00,0.8950999975204468,0.8955399990081787,0.8938999772071838,0.8950499892234802,0,0.8940992253205549,0.8917473778980178,62.17743040385051,True,1,4.468383853484248e-05,4.468383853484248e-05
2025-06-26 08:00:00+00:00,0.8956599831581116,0.8960199952125549,0.8942000269889832,0.8950899839401245,0,0.8942828438896792,0.891875660037693,65.00367598228206,True,1,0.0006256123776293698,0.0006256123776293698
2025-06-26 09:00:00+00:00,0.8948400020599365,0.8955600261688232,0.8933500051498413,0.8955299854278564,0,0.8943483919097094,0.8919728515794059,58.15145885792809,True,1,-0.0009155048942610655,-0.0009155048942610655
2025-06-26 10:00:00+00:00,0.8944299817085266,0.8952000141143799,0.8940899968147278,0.8948500156402588,0,0.8943579907095702,0.8920534132229835,55.02781356293463,True,1,-0.0004582052103907497,-0.0004582052103907497
2025-06-26 11:00:00+00:00,0.8937900066375732,0.8944299817085266,0.8927900195121765,0.8943099975585938,0,0.8942911690540412,0.8921103507119864,50.47076831898121,True,1,-0.0007155116488055668,-0.0007155116488055668
2025-06-26 12:00:00+00:00,0.8941299915313721,0.8948000073432922,0.8929600119590759,0.8937399983406067,0,0.8942722069925506,0.8921765684437696,52.71124392847105,True,1,0.0003803856512984982,0.0003803856512984982
2025-06-26 13:00:00+00:00,0.893339991569519,0.8944000005722046,0.891759991645813,0.8941900134086609,0,0.8941625345898411,0.8922147134642859,47.3512731429487,True,1,-0.0008835403904750017,-0.0008835403904750017
2025-06-26 14:00:00+00:00,0.8927099704742432,0.8942899703979492,0.891979992389679,0.8932700157165527,0,0.8939916446938884,0.8922309513990385,43.54814046360176,True,1,-0.0007052422383654333,-0.0007052422383654333
2025-06-26 15:00:00+00:00,0.8931300044059753,0.8932600021362305,0.891759991645813,0.8927299976348877,0,0.8938902752482516,0.892260428546807,46.626031755110404,True,1,0.0004705155600637223,0.0004705155600637223
2025-06-26 16:00:00+00:00,0.8931400179862976,0.8937000036239624,0.8919699788093567,0.893090009689331,0,0.8938020096880217,0.8922892675448231,46.700639980922325,True,1,1.121178358465258e-05,1.121178358465258e-05
2025-06-26 17:00:00+00:00,0.8937900066375732,0.8938699960708618,0.8922299742698669,0.8931199908256531,0,0.8938005975644395,0.8923384721052411,51.445145421362035,True,1,0.000727756721438988,0.000727756721438988
2025-06-26 18:00:00+00:00,0.8935499787330627,0.8938500285148621,0.8925399780273438,0.893779993057251,0,0.8937711129960423,0.892378193634022,49.68622731484944,True,1,-0.00026855066931608107,-0.00026855066931608107
2025-06-26 19:00:00+00:00,0.8930299878120422,0.8936799764633179,0.89205002784729,0.893530011177063,0,0.8936839217979247,0.8923995639349407,46.01571953873656,True,1,-0.0005819382613133639,-0.0005819382613133639
2025-06-26 20:00:00+00:00,0.8923100233078003,0.8931000232696533,0.8918499946594238,0.8929600119590759,0,0.8935222866814395,0.8923966281766738,41.449948494478164,True,1,-0.0008062041746278448,-0.0008062041746278448
2025-06-26 21:00:00+00:00,0.892579972743988,0.8940799832344055,0.8919900059700012,0.8923199772834778,0,0.8934114262182099,0.8924026394739627,43.705385912675126,True,1,0.00030252875025094106,0.00030252875025094106
2025-06-26 22:00:00+00:00,0.8926900029182434,0.8932399749755859,0.8918499946594238,0.8927099704742432,0,0.8933265528888021,0.8924120612262342,44.6414429668204,True,1,0.00012327206257722878,0.00012327206257722878
2025-06-26 23:00:00+00:00,0.8929700255393982,0.893280029296875,0.8919399976730347,0.8927199840545654,0,0.8932846084947546,0.8924303551381412,47.05430307139556,True,1,0.00031368405632337115,0.00031368405632337115
2025-06-27 00:00:00+00:00,0.8939499855041504,0.8942199945449829,0.8922100067138672,0.8929600119590759,0,0.8933628881429188,0.8924801790845677,54.524392351753974,True,1,0.001097416415696939,0.001097416415696939
2025-06-27 01:00:00+00:00,0.8941199779510498,0.8943399786949158,0.8922399878501892,0.8939099907875061,0,0.8934519575321107,0.8925339429818294,55.69222612029312,True,1,0.00019015878925654484,0.00019015878925654484
2025-06-27 02:00:00+00:00,0.8937100172042847,0.8943099975585938,0.8927800059318542,0.8941199779510498,0,0.8934823174935429,0.8925725027924016,52.21002573627849,True,1,-0.0004585075346427159,-0.0004585075346427159
2025-06-27 03:00:00+00:00,0.8929499983787537,0.8945500254631042,0.8920599818229675,0.8936700224876404,0,0.8934196917153323,0.8925848796968722,46.41584307608084,True,1,-0.0008504087577629882,-0.0008504087577629882
2025-06-27 04:00:00+00:00,0.8928099870681763,0.8931999802589417,0.8919100165367126,0.8930100202560425,0,0.8933479617568434,0.8925922602664231,45.415912668545594,True,1,-0.00015679636130983,-0.00015679636130983
2025-06-27 05:00:00+00:00,0.8925899863243103,0.893090009689331,0.8914600014686584,0.8928300142288208,0,0.8932587881765454,0.892592185710944,43.818536814079025,True,1,-0.00024641384735002436,-0.00024641384735002436
2025-06-27 06:00:00+00:00,0.8931999802589417,0.8931999802589417,0.8914700150489807,0.892579972743988,0,0.8932518695980036,0.8926121134010423,49.158112930402176,True,1,0.0006833976898432681,0.0006833976898432681
2025-06-27 07:00:00+00:00,0.8931900262832642,0.894070029258728,0.8923699855804443,0.8931400179862976,0,0.8932445939139166,0.8926310613643937,49.0761457632762,True,1,-1.114417364256326e-05,-1.114417364256326e-05
2025-06-27 08:00:00+00:00,0.893559992313385,0.8941299915313721,0.8922500014305115,0.8931699991226196,0,0.8932816996079717,0.8926615181168197,52.26222693365107,True,1,0.00041420752497689506,0.00041420752497689506
2025-06-27 09:00:00+00:00,0.8929799795150757,0.8936100006103516,0.8919100165367126,0.8935099840164185,0,0.8932462031264544,0.8926719594741396,47.26909264938596,True,1,-0.0006491033655252609,-0.0006491033655252609
2025-06-27 10:00:00+00:00,0.8924300074577332,0.8931000232696533,0.891219973564148,0.8929100036621094,0,0.8931501801066049,0.8926640266211425,43.06742257358452,True,1,-0.0006158839727192778,-0.0006158839727192778
2025-06-27 11:00:00+00:00,0.8921300172805786,0.8925999999046326,0.891040027141571,0.8924300074577332,0,0.8930301609506017,0.8926465181181732,40.930247287501544,True,1,-0.0003361498096743354,-0.0003361498096743354
2025-06-27 12:00:00+00:00,0.8927800059318542,0.8934599757194519,0.8911100029945374,0.8920900225639343,0,0.893000730948396,0.892650894767802,47.060198186692126,True,1,0.0007285806313936938,0.0007285806313936938
2025-06-27 13:00:00+00:00,0.8905100226402283,0.8932899832725525,0.8898299932479858,0.8927500247955322,0,0.8927077064415527,0.8925807022390291,33.849064584492936,True,1,-0.0025426009504510017,-0.0025426009504510017
2025-06-27 14:00:00+00:00,0.8914200067520142,0.8918899893760681,0.8896999955177307,0.8904899954795837,0,0.8925562123604305,0.8925426466492908,40.99957884234582,True,1,0.0010218684671150502,0.0010218684671150502
2025-06-27 15:00:00+00:00,0.8927299976348877,0.8929499983787537,0.8903099894523621,0.8913699984550476,0,0.8925766576868372,0.8925487893045563,49.46774069379364,True,1,0.0014695551737127222,0.0014695551737127222
2025-06-27 16:00:00+00:00,0.8932999968528748,0.8935199975967407,0.8917700052261353,0.8927099704742432,0,0.8926617564122534,0.8925734190602388,52.652123117040105,True,1,0.0006384900468194843,0.0006384900468194843
2025-06-27 17:00:00+00:00,0.8951900005340576,0.8960800170898438,0.8924300074577332,0.8933200240135193,0,0.8929591968971716,0.8926592086167574,61.349441187325844,True,1,0.0021157547160433055,0.0021157547160433055
2025-06-27 18:00:00+00:00,0.8937100172042847,0.8958699703216553,0.892799973487854,0.8951900005340576,0,0.8930475286980084,0.892693661357332,53.120797014672476,True,1,-0.0016532616862230398,-0.0016532616862230398
2025-06-27 19:00:00+00:00,0.8937299847602844,0.8946200013160706,0.8929100036621094,0.8936799764633179,0,0.8931278176465114,0.8927276391738223,53.21197817744327,True,1,2.234232090425614e-05,2.234232090425614e-05
2025-06-27 20:00:00+00:00,0.8926100134849548,0.8944399952888489,0.892300009727478,0.893750011920929,0,0.8930668995098576,0.8927237825938594,47.61751648990066,True,1,-0.0012531427773792014,-0.0012531427773792014
2025-06-27 21:00:00+00:00,0.8925399780273438,0.8925399780273438,0.8924999833106995,0.8924999833106995,0,0.893004908747209,0.8927177562146293,47.28274585264783,True,1,-7.846142946310586e-05,-7.846142946310586e-05
2025-06-29 23:00:00+00:00,0.8936399817466736,0.8943799734115601,0.8928899765014648,0.8940899968147278,0,0.8930796232177343,0.8927479931173193,52.885436647231565,True,1,0.0012324419593630065,0.0012324419593630065
2025-06-30 00:00:00+00:00,0.8941599726676941,0.8949800133705139,0.8929299712181091,0.8936399817466736,0,0.8932067231530236,0.8927942875288071,55.30369019178261,True,1,0.0005818796513603619,0.0005818796513603619
2025-06-30 01:00:00+00:00,0.8946800231933594,0.8953800201416016,0.8931000232696533,0.8941900134086609,0,0.8933800525695337,0.8928561149276448,57.645137560701365,True,1,0.0005816079242664252,0.0005816079242664252
2025-06-30 02:00:00+00:00,0.8931400179862976,0.8948799967765808,0.8919199705123901,0.8946599960327148,0,0.8933518132068,0.8928654232246498,49.3934394116956,True,1,-0.001721291598268948,-0.001721291598268948
2025-06-30 03:00:00+00:00,0.8935499787330627,0.8937399983406067,0.8921700119972229,0.8930799961090088,0,0.893375126798125,0.8928878676675485,51.38836036727146,True,1,0.00045901061256836684,0.00045901061256836684
2025-06-30 04:00:00+00:00,0.894540011882782,0.8946800231933594,0.892549991607666,0.893589973449707,0,0.8935121721022024,0.892942036330343,55.908632520011544,True,1,0.0011079773636422097,0.0011079773636422097
2025-06-30 05:00:00+00:00,0.8946200013160706,0.8952400088310242,0.893530011177063,0.894569993019104,0,0.8936425049508927,0.8929970515757766,56.26250418883111,True,1,8.941962598219e-05,8.941962598219e-05
2025-06-30 06:00:00+00:00,0.8938800096511841,0.8947499990463257,0.8927099704742432,0.894569993019104,0,0.8936704466803387,0.8930260010208719,52.096855616739056,True,1,-0.0008271575236389328,-0.0008271575236389328
2025-06-30 07:00:00+00:00,0.8933699727058411,0.8939300179481506,0.8916500210762024,0.8939300179481506,0,0.893635096800986,0.8930372787810349,49.38291829804739,True,1,-0.0005705877073389765,-0.0005705877073389765
2025-06-30 08:00:00+00:00,0.8940100073814392,0.8942099809646606,0.892520010471344,0.8933299779891968,0,0.8936792039280981,0.8930691715220318,52.71200963197579,True,1,0.0007164273427051615,0.0007164273427051615
2025-06-30 09:00:00+00:00,0.892549991607666,0.8940600156784058,0.8917999863624573,0.8939999938011169,0,0.8935463554198119,0.8930521492297574,45.37987209816288,True,1,-0.0016331089828061085,-0.0016331089828061085
2025-06-30 10:00:00+00:00,0.8928099870681763,0.892989993095398,0.8913800120353699,0.8925099968910217,0,0.8934597238490312,0.8930442094867547,46.79903878688231,True,1,0.00029129512403214264,0.00029129512403214264
2025-06-30 11:00:00+00:00,0.8927000164985657,0.893310010433197,0.8917499780654907,0.892799973487854,0,0.8933703465136823,0.8930329244707484,46.25164075420461,True,1,-0.00012317354331092822,-0.00012317354331092822
2025-06-30 12:00:00+00:00,0.892549991607666,0.8930799961090088,0.8912400007247925,0.8927000164985657,0,0.893273834171798,0.893017090606385,45.47025548082063,True,1,-0.00016805745281389672,-0.00016805745281389672
2025-06-30 13:00:00+00:00,0.8945599794387817,0.8945800065994263,0.891730010509491,0.8925399780273438,0,0.8934251453796784,0.89306767712548,56.157152469820055,True,1,0.00225196106662362,0.00225196106662362
2025-06-30 14:00:00+00:00,0.8941199779510498,0.89478999376297,0.8925300240516663,0.8945500254631042,0,0.8935068903880751,0.8931021787918921,53.67714510970867,True,1,-0.0004918635953377049,-0.0004918635953377049
2025-06-30 15:00:00+00:00,0.8951299786567688,0.8951900005340576,0.8927099704742432,0.8941599726676941,0,0.8936978419490978,0.8931686640333635,58.236439394731214,True,1,0.001129603107665078,0.001129603107665078
2025-06-30 16:00:00+00:00,0.8955299854278564,0.8956599831581116,0.8939700126647949,0.8950899839401245,0,0.8939133882407164,0.8932460844069534,59.919001818300565,True,1,0.00044687004192156543,0.00044687004192156543
2025-06-30 17:00:00+00:00,0.8961799740791321,0.8964999914169312,0.8945900201797485,0.895579993724823,0,0.8941800453981771,0.8933422775109593,62.558662687987606,True,1,0.0007258145029784835,0.0007258145029784835
2025-06-30 18:00:00+00:00,0.8962299823760986,0.8967000246047974,0.895110011100769,0.8961600065231323,0,0.8944212144544031,0.8934369563589966,62.76186028005443,True,1,5.5801622902640347e-05,5.5801622902640347e-05
2025-06-30 19:00:00+00:00,0.8962900042533875,0.8966699838638306,0.8952599763870239,0.8962000012397766,0,0.894641072077813,0.893530498912911,63.02126118875411,True,1,6.697151230050657e-05,6.697151230050657e-05
2025-06-30 20:00:00+00:00,0.8946800231933594,0.8966000080108643,0.8945000171661377,0.8963000178337097,0,0.8946456545619949,0.8935681882335815,52.46421198149665,True,1,-0.001796272470280691,-0.001796272470280691
2025-06-30 21:00:00+00:00,0.8949999809265137,0.8955299854278564,0.8931000232696533,0.8949099779129028,0,0.8946873400166441,0.8936151322563006,54.109473806333895,True,1,0.00035762252968640773,0.00035762252968640773
2025-06-30 22:00:00+00:00,0.8954300284385681,0.8958699703216553,0.8944500088691711,0.8950499892234802,0,0.8947747151251056,0.8936746370491618,56.29882747947457,True,1,0.0004805000237086965,0.0004805000237086965
2025-06-30 23:00:00+00:00,0.8946800231933594,0.8956400156021118,0.893750011920929,0.8955600261688232,0,0.8947635748978414,0.8937076005292994,51.66909119219398,True,1,-0.00083759224215052,-0.00083759224215052
2025-07-01 00:00:00+00:00,0.8944399952888489,0.8950099945068359,0.8935499787330627,0.8946999907493591,0,0.8947255067085481,0.8937316134722355,50.2450189071553,True,1,-0.0002682835184514287,-0.0002682835184514287
2025-07-01 01:00:00+00:00,0.8930299878120422,0.8944799900054932,0.8919600248336792,0.8944299817085266,0,0.8945260338971945,0.8937086093522291,42.785041174715175,True,1,-0.001576413716105507,-0.001576413716105507
2025-07-01 02:00:00+00:00,0.8938500285148621,0.8939200043678284,0.8918200135231018,0.8930100202560425,0,0.8944465038522141,0.8937132460460859,47.652877916172805,True,1,0.0009182678230423846,0.0009182678230423846
2025-07-01 03:00:00+00:00,0.8938599824905396,0.8943399786949158,0.8926600217819214,0.8938999772071838,0,0.8943775013390759,0.8937180570770515,47.71103228307388,True,1,1.113606909419751e-05,1.113606909419751e-05
2025-07-01 04:00:00+00:00,0.8942300081253052,0.8944699764251709,0.8927000164985657,0.8938300013542175,0,0.8943601491962793,0.8937348423573221,49.9375273564201,True,1,0.0004139637549660513,0.0004139637549660513
2025-07-01 05:00:00+00:00,0.8950700163841248,0.8952299952507019,0.8933799862861633,0.8942099809646606,0,0.8944436629830845,0.8937786185549221,54.65763857398768,True,1,0.0009393648738993399,0.0009393648738993399
2025-07-01 06:00:00+00:00,0.8947499990463257,0.8951399922370911,0.8932399749755859,0.8949999809265137,0,0.8944797025199365,0.8938104670956238,52.622084612992744,True,1,-0.00035753330124033145,-0.00035753330124033145
2025-07-01 07:00:00+00:00,0.8957099914550781,0.8958200216293335,0.8939099907875061,0.8946999907493591,0,0.894624442394659,0.893872746582819,57.71008924462511,True,1,0.0010729169150887063,0.0010729169150887063
2025-07-01 08:00:00+00:00,0.8956599831581116,0.8959900140762329,0.8940399885177612,0.8956999778747559,0,0.894746270719771,0.8939313445033203,57.36448932630145,True,1,-5.583090223804099e-05,-5.583090223804099e-05
2025-07-01 09:00:00+00:00,0.895110011100769,0.8958200216293335,0.8941500186920166,0.8956500291824341,0,0.8947890637057707,0.893969989309794,53.5653185136487,True,1,-0.000614041117928843,-0.000614041117928843
2025-07-01 10:00:00+00:00,0.8956699967384338,0.8960899710655212,0.8942099809646606,0.8950799703598022,0,0.894892702886084,0.8940257272582739,56.70917354979874,True,1,0.0006256053789144289,0.0006256053789144289
2025-07-01 11:00:00+00:00,0.8960000276565552,0.8961300253868103,0.8945500254631042,0.8957499861717224,0,0.8950229763884924,0.8940904584188732,58.49280786581906,True,1,0.00036847378981441636,0.00036847378981441636
2025-07-01 12:00:00+00:00,0.8956599831581116,0.8964899778366089,0.8946599960327148,0.8959699869155884,0,0.8950979183613886,0.8941419182463892,55.93561114665897,True,1,-0.0003795139374415113,-0.0003795139374415113
2025-07-01 13:00:00+00:00,0.8959400057792664,0.8964700102806091,0.8943099975585938,0.8956400156021118,0,0.8951969874693743,0.8942008719359917,57.58025464747704,True,1,0.00031264388989149516,0.00031264388989149516
2025-07-01 14:00:00+00:00,0.8974400162696838,0.8976500034332275,0.8948699831962585,0.8960199952125549,0,0.8954608732105871,0.8943070733895553,65.0956159436688,True,1,0.0016742309537933764,0.0016742309537933764
2025-07-01 15:00:00+00:00,0.8974199891090393,0.8976200222969055,0.8956800103187561,0.8974199891090393,0,0.8956913574339345,0.8944091362000302,64.93021483545125,True,1,-2.231587658385603e-05,-2.231587658385603e-05
2025-07-01 16:00:00+00:00,0.8969900012016296,0.8977299928665161,0.8959500193595886,0.897409975528717,0,0.8958441390536633,0.8944937547246727,61.32723679193193,True,1,-0.000479137875942115,-0.000479137875942115
2025-07-01 17:00:00+00:00,0.8974400162696838,0.8975899815559387,0.8960899710655212,0.8970000147819519,0,0.8960318893143715,0.8945903534638534,63.60353658420188,True,1,0.0005016946314355675,0.0005016946314355675
2025-07-01 18:00:00+00:00,0.897350013256073,0.8975600004196167,0.8963000178337097,0.8974499702453613,0,0.8961869627192776,0.8946808341127785,62.80728745359389,True,1,-0.00010028861202882045,-0.00010028861202882045
2025-07-01 19:00:00+00:00,0.8973199725151062,0.8975300192832947,0.8961499929428101,0.8972899913787842,0,0.896320257989375,0.8947673632407236,62.52592502461981,True,1,-3.347717225499203e-05,-3.347717225499203e-05
2025-07-01 20:00:00+00:00,0.8979499936103821,0.8982899785041809,0.8965100049972534,0.8973199725151062,0,0.8965119915918464,0.8948717117774336,65.96909670999285,True,1,0.0007021142007015424,0.0007021142007015424
2025-07-01 21:00:00+00:00,0.897059977054596,0.8975800275802612,0.8957499861717224,0.8974400162696838,0,0.8965764604698169,0.8949434581799636,57.87862833716625,True,1,-0.0009911649447288395,-0.0009911649447288395
2025-07-01 22:00:00+00:00,0.8976899981498718,0.8980299830436707,0.89683997631073,0.8973000049591064,0,0.8967074649027645,0.8950335086707802,61.47994806761909,True,1,0.0007023176949043641,0.0007023176949043641
2025-07-01 23:00:00+00:00,0.8975099921226501,0.8979099988937378,0.8966400027275085,0.8977400064468384,0,0.8968018798698099,0.89511470484953,59.90403629481926,True,1,-0.00020052136883852434,-0.00020052136883852434
2025-07-02 00:00:00+00:00,0.8974699974060059,0.8977599740028381,0.8965299725532532,0.8975300192832947,0,0.8968804819328917,0.8951919275562997,59.53886283679069,True,1,-4.4561862258207796e-05,-4.4561862258207796e-05
2025-07-02 01:00:00+00:00,0.8964300155639648,0.897629976272583,0.8952999711036682,0.8975499868392944,0,0.8968274858894886,0.8952325206057313,50.857192068675744,True,1,-0.001158792878922843,-0.001158792878922843
2025-07-02 02:00:00+00:00,0.8968300223350525,0.8969299793243408,0.8953499794006348,0.8964200019836426,0,0.8968277842948491,0.8952848977116107,53.656300641725906,True,1,0.0004462219739886919,0.0004462219739886919
2025-07-02 03:00:00+00:00,0.8977500200271606,0.897819995880127,0.896049976348877,0.8968200087547302,0,0.8969362826162975,0.8953657213940877,59.386090008339174,True,1,0.0010258328436785202,0.0010258328436785202
2025-07-02 04:00:00+00:00,0.8978999853134155,0.8982099890708923,0.8968200087547302,0.8977599740028381,0,0.8970496594041938,0.8954488120143934,60.24884289339707,True,1,0.00016704570638759186,0.00016704570638759186
2025-07-02 05:00:00+00:00,0.8975099921226501,0.8979799747467041,0.8967999815940857,0.8978899717330933,0,0.8971038161946003,0.8955163916900739,56.86575416372138,True,1,-0.00043433923281477327,-0.00043433923281477327
2025-07-02 06:00:00+00:00,0.8967999815940857,0.8978000283241272,0.8962000012397766,0.8975399732589722,0,0.897068070947481,0.8955584766049595,51.226147426075386,True,1,-0.0007910892745441878,-0.0007910892745441878
2025-07-02 07:00:00+00:00,0.8955299854278564,0.8968899846076965,0.8951699733734131,0.8968499898910522,0,0.896887119709878,0.8955575424680052,43.0096578330222,True,1,-0.0014161420520680812,-0.0014161420520680812
2025-07-02 08:00:00+00:00,0.8957499861717224,0.8959599733352661,0.8945900201797485,0.8955000042915344,0,0.8967533392936243,0.8955638520976352,44.66541888959877,True,1,0.0002456654131584024,0.0002456654131584024
2025-07-02 09:00:00+00:00,0.895829975605011,0.8962100148200989,0.8948799967765808,0.8956999778747559,0,0.8966447082714345,0.8955725774585327,45.28782455440385,True,1,8.929883842978548e-05,8.929883842978548e-05
2025-07-02 10:00:00+00:00,0.8955000042915344,0.8962200284004211,0.8949800133705139,0.895829975605011,0,0.8965100372149757,0.8955701980104344,43.13251364364783,True,1,-0.00036834145146091846,-0.00036834145146091846
2025-07-02 11:00:00+00:00,0.8940899968147278,0.8959000110626221,0.8934199810028076,0.8955900073051453,0,0.8962253265796524,0.8955216668236898,35.38331344198171,True,1,-0.0015745477052477863,-0.0015745477052477863
2025-07-02 12:00:00+00:00,0.8939499855041504,0.8956800103187561,0.8926900029182434,0.894070029258728,0,0.8959576393942992,0.8954701362886229,34.716334133656176,True,1,-0.00015659644004095696,-0.00015659644004095696
2025-07-02 13:00:00+00:00,0.8937199711799622,0.894860029220581,0.8925600051879883,0.8939899802207947,0,0.8956943843102595,0.8954127538260439,33.595924328292625,True,1,-0.000257301110708652,-0.000257301110708652
2025-07-02 14:00:00+00:00,0.8947799801826477,0.8949300050735474,0.8924000263214111,0.8937699794769287,0,0.8955868073540698,0.8953920071492112,42.76351748912087,True,1,0.0011860639091303415,0.0011860639091303415
2025-07-02 15:00:00+00:00,0.8948100209236145,0.8959500193595886,0.8938900232315063,0.8948000073432922,0,0.8954954207151927,0.8953729256336178,43.00367337379174,True,1,3.357332711062533e-05,3.357332711062533e-05
2025-07-02 16:00:00+00:00,0.8942499756813049,0.8952999711036682,0.8935099840164185,0.8947799801826477,0,0.8953488977700295,0.8953361076023945,39.66251046587936,True,1,-0.0006258817282035478,-0.0006258817282035478
2025-07-02 17:00:00+00:00,0.8939200043678284,0.8947200179100037,0.8934000134468079,0.8942700028419495,0,0.8951807926638882,0.8952896779881464,37.799088622020065,False,1,-0.00036899225322895024,-0.00036899225322895024
2025-07-02 18:00:00+00:00,0.8946700096130371,0.8947100043296814,0.893280029296875,0.8939800262451172,0,0.8951207005402586,0.8952693609922411,44.214507961311426,False,0,0.0008390071164579016,0.0
2025-07-02 19:00:00+00:00,0.8950300216674805,0.895359992980957,0.8939999938011169,0.8946899771690369,0,0.8951100324375788,0.8952615138012653,47.03826872676735,False,0,0.00040239647084971963,0.0
2025-07-02 20:00:00+00:00,0.8939499855041504,0.8952100276947021,0.893750011920929,0.8950200080871582,0,0.8949735563277637,0.895218512873491,40.42700949795307,False,0,-0.0012067038391828655,-0.0
2025-07-02 21:00:00+00:00,0.8944299817085266,0.8945800065994263,0.8932300209999084,0.8942199945449829,0,0.8949096063725592,0.8951926593926725,44.18185802916994,False,0,0.0005369385448399377,0.0
2025-07-02 22:00:00+00:00,0.8948699831962585,0.8950600028038025,0.8936799764633179,0.8944000005722046,0,0.8949049448224062,0.895182079845249,47.45152955436059,False,0,0.0004919350834946545,0.0
2025-07-02 23:00:00+00:00,0.8942999839782715,0.8948900103569031,0.8934400081634521,0.8948299884796143,0,0.8948337729583904,0.8951531586692825,43.86669999474613,False,0,-0.000636963166370963,-0.0
2025-07-03 00:00:00+00:00,0.8936200141906738,0.8945099711418152,0.8924099802970886,0.8942700028419495,0,0.8946909778092472,0.8951028916371969,39.9858678212627,False,0,-0.0007603374704009402,-0.0
2025-07-03 01:00:00+00:00,0.8931900262832642,0.8937299847602844,0.8920800089836121,0.8936200141906738,0,0.8945143952767787,0.8950401747403466,37.71370027888482,False,0,-0.00048117533244718125,-0.0
2025-07-03 02:00:00+00:00,0.8928400278091431,0.8931999802589417,0.8914300203323364,0.8931999802589417,0,0.8943174108688214,0.8949680387753891,35.92426376729087,False,0,-0.00039185219698156804,-0.0
2025-07-03 03:00:00+00:00,0.8926500082015991,0.8932499885559082,0.8916000127792358,0.8928800225257874,0,0.8941212458491481,0.8948920377729698,34.95456248718233,False,0,-0.00021282604008043826,-0.0
2025-07-03 04:00:00+00:00,0.8932899832725525,0.8932999968528748,0.891730010509491,0.8926699757575989,0,0.8940234502519016,0.8948395113959069,40.754882821549586,False,0,0.0007169384025915715,0.0
2025-07-03 05:00:00+00:00,0.8935499787330627,0.8936200141906738,0.8916500210762024,0.8932499885559082,0,0.8939677477202734,0.8947972316364693,42.97949145140338,False,0,0.00029105381833316457,0.0
2025-07-03 06:00:00+00:00,0.8941900134086609,0.8943300247192383,0.8923299908638,0.8935700058937073,0,0.8939938966247896,0.8947773228421149,48.14176709695875,False,0,0.0007162830181088875,0.0
2025-07-03 07:00:00+00:00,0.8940799832344055,0.8945199847221375,0.8926900029182434,0.8941799998283386,0,0.8940040244612149,0.8947544592484195,47.348158835066265,False,0,-0.00012305010412261286,-0.0
2025-07-03 08:00:00+00:00,0.893750011920929,0.8945500254631042,0.8929799795150757,0.8940399885177612,0,0.8939741406329459,0.8947215265491574,44.954792288183654,False,0,-0.000369062410146892,-0.0
2025-07-03 09:00:00+00:00,0.8936100006103516,0.8940600156784058,0.8925399780273438,0.8937100172042847,0,0.8939313006302877,0.8946850830757539,43.93986150956275,False,0,-0.00015665600974534843,-0.0
2025-07-03 10:00:00+00:00,0.8931099772453308,0.8938599824905396,0.8921999931335449,0.8935800194740295,0,0.8938346743497045,0.8946334402616416,40.42936006677105,False,0,-0.0005595543522110002,-0.0
2025-07-03 11:00:00+00:00,0.8932499885559082,0.8934699892997742,0.8920900225639343,0.8931699991226196,0,0.8937658877857285,0.8945880811893224,41.830757715631954,False,0,0.00015676827506649893,0.0
2025-07-03 12:00:00+00:00,0.8912500143051147,0.8934999704360962,0.8892800211906433,0.8932200074195862,0,0.8934699026703622,0.8944786363734467,30.71525308450478,False,0,-0.0022389860357309166,-0.0
2025-07-03 13:00:00+00:00,0.8920599818229675,0.8932399749755859,0.8893600106239319,0.8912699818611145,0,0.8933040296294923,0.8943993362242506,37.91100177248707,False,0,0.0009087994444345604,0.0
2025-07-03 14:00:00+00:00,0.8912799954414368,0.8930100202560425,0.89028000831604,0.89205002784729,0,0.8930659079603093,0.8942970627559617,34.22476729427507,False,0,-0.0008743653985427979,-0.0
2025-07-03 15:00:00+00:00,0.891219973564148,0.8918399810791016,0.8901600241661072,0.8913000226020813,0,0.8928487392078197,0.8941961745857382,33.95119007163845,False,0,-6.734345839221056e-05,-0.0
2025-07-03 16:00:00+00:00,0.8910700082778931,0.891510009765625,0.8899099826812744,0.8912699818611145,0,0.8926394767454754,0.8940936773297432,33.23633434419608,False,0,-0.00016826966484506656,-0.0
2025-07-03 17:00:00+00:00,0.891219973564148,0.8913599848747253,0.8901000022888184,0.891040027141571,0,0.8924724763712016,0.8939994575341499,34.716637275740084,False,0,0.0001682979842905219,0.0
2025-07-03 18:00:00+00:00,0.891040027141571,0.8913000226020813,0.8897600173950195,0.8912500143051147,0,0.8923039529324216,0.8939024270294752,33.749658443431855,False,0,-0.0002019102218471236,-0.0
2025-07-03 19:00:00+00:00,0.8920800089836121,0.8924800157546997,0.8899400234222412,0.8910700082778931,0,0.8922776065855028,0.8938426756181355,43.5378786154267,False,0,0.0011671550215057724,0.0
2025-07-03 20:00:00+00:00,0.8921200037002563,0.8927099704742432,0.8911799788475037,0.8920599818229675,0,0.8922590650695915,0.8937861945716477,43.881266540761395,False,0,4.4833104924979494e-05,0.0
2025-07-03 21:00:00+00:00,0.8925700187683105,0.8926299810409546,0.8909900188446045,0.8913800120353699,0,0.892295647857676,0.8937463199551448,47.73306848161273,False,0,0.0005044333342909546,0.0
2025-07-03 22:00:00+00:00,0.8925899863243103,0.892799973487854,0.8916299939155579,0.8923500180244446,0,0.8923302759125741,0.8937084073770846,47.90392973589455,False,0,2.2370856717079945e-05,0.0
2025-07-03 23:00:00+00:00,0.8926799893379211,0.8929499983787537,0.891700029373169,0.8925999999046326,0,0.8923714186684972,0.8936746887528497,48.717698318047354,False,0,0.00010083354618561913,0.0
2025-07-04 00:00:00+00:00,0.8924400210380554,0.8928899765014648,0.8910999894142151,0.8926299810409546,0,0.8923794895355041,0.8936342078441679,46.62643061247717,False,0,-0.0002688178325176427,-0.0
2025-07-04 01:00:00+00:00,0.8914600014686584,0.8930400013923645,0.8906099796295166,0.8923900127410889,0,0.8922713144688162,0.8935629223892332,39.22162002595939,False,0,-0.0010981349404938223,-0.0
2025-07-04 02:00:00+00:00,0.8919000029563904,0.892270028591156,0.8905199766159058,0.8914999961853027,0,0.8922276307614719,0.8935084004406153,43.55578373301197,False,0,0.0004935740100588948,0.0
2025-07-04 03:00:00+00:00,0.8919100165367126,0.89205002784729,0.8904500007629395,0.8918899893760681,0,0.8921902643820885,0.8934559944109791,43.65426127331815,False,0,1.1227245531042485e-05,0.0
2025-07-04 04:00:00+00:00,0.8919600248336792,0.8921899795532227,0.89028000831604,0.8919000029563904,0,0.8921631773763932,0.8934069462281168,44.17805473673571,False,0,5.6068769314521205e-05,0.0
2025-07-04 05:00:00+00:00,0.8916400074958801,0.8926600217819214,0.8908100128173828,0.8919600248336792,0,0.8921016279786858,0.8933490138106664,41.518224626710634,False,0,-0.0003587799104098899,-0.0
2025-07-04 06:00:00+00:00,0.8914099931716919,0.8921999931335449,0.890209972858429,0.8916299939155579,0,0.892020259177863,0.8932854393634869,39.6695086746645,False,0,-0.0002579677024970861,-0.0
2025-07-04 07:00:00+00:00,0.8909000158309937,0.8919199705123901,0.889270007610321,0.8914399743080139,0,0.8918884658429372,0.8932072287558641,35.85719673601069,False,0,-0.0005721018886984952,-0.0
2025-07-04 08:00:00+00:00,0.891290009021759,0.8914700150489807,0.890030026435852,0.8908900022506714,0,0.8918180591580926,0.8931443690924508,40.56144946520145,False,0,0.00043775191810002667,0.0
2025-07-04 09:00:00+00:00,0.8911499977111816,0.891480028629303,0.8899499773979187,0.8912699818611145,0,0.8917394636937501,0.8930789798668353,39.44303239884939,False,0,-0.00015708838779771028,-0.0
2025-07-04 10:00:00+00:00,0.8912299871444702,0.8917700052261353,0.8901399970054626,0.8911200165748596,0,0.8916795252761878,0.8930183571546265,40.45322171536164,False,0,8.975978622460801e-05,0.0
2025-07-04 11:00:00+00:00,0.8912100195884705,0.8916000127792358,0.89028000831604,0.8912100195884705,0,0.8916242893129269,0.8929590673983591,40.2726184932916,False,0,-2.2404492990291125e-05,-0.0
2025-07-04 12:00:00+00:00,0.8911200165748596,0.8914300203323364,0.8894699811935425,0.8912000060081482,0,0.8915649631084483,0.8928987706500476,39.41836298587633,False,0,-0.00010098967878791054,-0.0
2025-07-04 13:00:00+00:00,0.8911600112915039,0.891539990901947,0.8899400234222412,0.8911100029945374,0,0.8915173217182195,0.8928417621464888,40.02714650752348,False,0,4.4881403066243664e-05,0.0
2025-07-04 14:00:00+00:00,0.8912699818611145,0.8914099931716919,0.8898299932479858,0.8911700248718262,0,0.8914882229115012,0.8927902283666403,41.760154757058324,False,0,0.00012340159816104368,0.0
2025-07-04 15:00:00+00:00,0.8910499811172485,0.8913999795913696,0.8901000022888184,0.8912699818611145,0,0.8914366650533538,0.892733171079775,39.31271870012629,False,0,-0.0002468396202535139,-0.0
2025-07-04 16:00:00+00:00,0.8912500143051147,0.8913499712944031,0.890030026435852,0.8910300135612488,0,0.8914147061417963,0.8926845429888025,42.60635508300256,False,0,0.00022449154604697874,0.0
2025-07-04 17:00:00+00:00,0.8916100263595581,0.8916699886322021,0.8902599811553955,0.8912500143051147,0,0.8914376849909448,0.8926493129353846,48.069015401407995,False,0,0.00040394058756243467,0.0
2025-07-04 18:00:00+00:00,0.8910199999809265,0.8916900157928467,0.8902000188827515,0.8915500044822693,0,0.8913885455780014,0.8925958928385171,41.15538543022685,False,0,-0.000661753862325476,-0.0
2025-07-04 19:00:00+00:00,0.8912400007247925,0.8913099765777588,0.8899700045585632,0.8910099864006042,0,0.891371069712918,0.8925514373593787,44.36831023112548,False,0,0.0002469088728318525,0.0
2025-07-04 20:00:00+00:00,0.890779972076416,0.8914200067520142,0.8898199796676636,0.891260027885437,0,0.8913015288145061,0.892493356530429,39.51038812677852,False,0,-0.0005161669673738878,-0.0
2025-07-04 21:00:00+00:00,0.8904399871826172,0.8904399871826172,0.8904399871826172,0.8904399871826172,0,0.8912001709754603,0.8924260329452549,36.343291315283125,False,0,-0.00038167101243458124,-0.0
2025-07-06 23:00:00+00:00,0.8909599781036377,0.8915600180625916,0.8899199962615967,0.8910700082778931,0,0.89117191299054,0.8923779655733987,43.767622132941256,False,0,0.0005839707655828086,0.0
2025-07-07 00:00:00+00:00,0.8898599743843079,0.8910599946975708,0.8885700106620789,0.8908799886703491,0,0.8910175672721596,0.8922954084852317,34.57969788715242,False,0,-0.0012346275325083589,-0.0
2025-07-07 01:00:00+00:00,0.8886500000953674,0.8900399804115295,0.887660026550293,0.8898400068283081,0,0.8907390299572429,0.8921758868986788,27.69312572606833,False,0,-0.0013597356030959906,-0.0
2025-07-07 02:00:00+00:00,0.8881300091743469,0.8891400098800659,0.8873000144958496,0.8886399865150452,0,0.8904320863357256,0.8920432351700122,25.356074511787682,False,0,-0.0005851470443534179,-0.0
2025-07-07 03:00:00+00:00,0.8877300024032593,0.8885499835014343,0.8867300152778625,0.8881499767303467,0,0.8901141941083767,0.8919018177022497,23.699212171885108,False,0,-0.0004503921351104445,-0.0
2025-07-07 04:00:00+00:00,0.8867300152778625,0.8880299925804138,0.8857100009918213,0.8876500129699707,0,0.8897160554224338,0.8917322504096469,20.153755780670778,False,0,-0.0011264541275946005,-0.0
2025-07-07 05:00:00+00:00,0.8875899910926819,0.8876299858093262,0.8857300281524658,0.8867300152778625,0,0.8894659302071688,0.8915964386287628,29.87039630762166,False,0,0.0009698282453536322,0.0
2025-07-07 06:00:00+00:00,0.8880299925804138,0.8881499767303467,0.8860999941825867,0.8875200152397156,0,0.8892969963687269,0.8914795059714398,34.277262636100986,False,0,0.0004957260583686729,0.0
2025-07-07 07:00:00+00:00,0.8888099789619446,0.8891599774360657,0.887179970741272,0.8880100250244141,0,0.8892397002032231,0.8913919804957185,41.31702752993127,False,0,0.0008783333761783751,0.0
2025-07-07 08:00:00+00:00,0.8880599737167358,0.8890799880027771,0.8870300054550171,0.8888099789619446,0,0.8891009088518717,0.8912827343718174,37.19176779850489,False,0,-0.0008438308108159598,-0.0
2025-07-07 09:00:00+00:00,0.8883500099182129,0.8884000182151794,0.8865200281143188,0.8880699872970581,0,0.8890125678008529,0.8911865794716991,39.69913733188897,False,0,0.0003265952864233146,0.0
2025-07-07 10:00:00+00:00,0.8876699805259705,0.8883799910545349,0.8866000175476074,0.8883200287818909,0,0.888854616356749,0.8910712811456096,36.06388590267808,False,0,-0.0007654971403726618,-0.0
2025-07-07 11:00:00+00:00,0.8874599933624268,0.8883399963378906,0.8865500092506409,0.8876399993896484,0,0.8886905430632992,0.8909528782674724,34.99815328095994,False,0,-0.0002365599469965618,-0.0
2025-07-07 12:00:00+00:00,0.8873000144958496,0.8881000280380249,0.886210024356842,0.887470006942749,0,0.8885269514671287,0.8908331122421732,34.1696936034477,False,0,-0.0001802660038465742,-0.0
2025-07-07 13:00:00+00:00,0.8884000182151794,0.8887400031089783,0.8858500123023987,0.8872799873352051,0,0.88851201814337,0.8907533386675177,43.98774930878284,False,0,0.0012397201638216782,0.0
2025-07-07 14:00:00+00:00,0.8886399865150452,0.8889700174331665,0.8870300054550171,0.8884000182151794,0,0.88852707324592,0.8906840484330104,45.883890136622576,False,0,0.00027011289390532767,0.0
2025-07-07 15:00:00+00:00,0.8884599804878235,0.8891100287437439,0.8875799775123596,0.8885999917984009,0,0.8885191799802615,0.8906111281725124,44.662516309424916,False,0,-0.00020256350147784818,-0.0
2025-07-07 16:00:00+00:00,0.8873199820518494,0.888949990272522,0.8864200115203857,0.8884400129318237,0,0.8883780978710365,0.8905032217423268,37.800017651335274,False,0,-0.0012831173727692047,-0.0
2025-07-07 17:00:00+00:00,0.887939989566803,0.8881300091743469,0.8864799737930298,0.8873100280761719,0,0.8883265557175972,0.8904191813431293,42.93551346957406,False,0,0.0006987417476160829,0.0
2025-07-07 18:00:00+00:00,0.8878899812698364,0.8884699940681458,0.8863599896430969,0.8878999948501587,0,0.8882751940178606,0.8903362567505623,42.62978557786219,False,0,-5.631945576745068e-05,-0.0
2025-07-07 19:00:00+00:00,0.8881300091743469,0.888450026512146,0.8868399858474731,0.8879299759864807,0,0.8882581134480354,0.8902639207644568,44.66641295389117,False,0,0.0002703351874375759,0.0
2025-07-07 20:00:00+00:00,0.8877400159835815,0.888260006904602,0.8865000009536743,0.8881199955940247,0,0.8881971608051584,0.8901811697880346,42.05416672819066,False,0,-0.0004391172314152092,-0.0
2025-07-07 21:00:00+00:00,0.8877599835395813,0.8882099986076355,0.8867999911308289,0.8877599835395813,0,0.8881457281856787,0.8901017866323476,42.24042244513711,False,0,2.2492571744248124e-05,0.0
2025-07-07 22:00:00+00:00,0.8883399963378906,0.888480007648468,0.8870400190353394,0.8877599835395813,0,0.8881685832624096,0.8900440230161358,47.51756388108371,False,0,0.0006533441572762477,0.0
2025-07-07 23:00:00+00:00,0.8889399766921997,0.8891299962997437,0.8873000144958496,0.8883000016212463,0,0.8882593354306201,0.8900078247760067,52.36573896280563,False,0,0.0006753949577666951,0.0
2025-07-08 00:00:00+00:00,0.8892899751663208,0.8899499773979187,0.8881999850273132,0.8890100121498108,0,0.8883805871642318,0.8899842887232301,54.97849080512189,False,0,0.00039372565448503316,0.0
2025-07-08 01:00:00+00:00,0.8889099955558777,0.8898100256919861,0.8880500197410583,0.8892800211906433,0,0.8884428705044254,0.8899490659964315,51.66522784869173,False,0,-0.0004272842616628303,-0.0
2025-07-08 02:00:00+00:00,0.889240026473999,0.889930009841919,0.8880100250244141,0.888979971408844,0,0.8885366535596694,0.8899258187989747,54.24443391446634,False,0,0.0003712759669385335,0.0
2025-07-08 03:00:00+00:00,0.888949990272522,0.8896600008010864,0.8880299925804138,0.889240026473999,0,0.8885852814082403,0.8898938244210581,51.63667808148212,False,0,-0.0003261618830037172,-0.0
2025-07-08 04:00:00+00:00,0.8927900195121765,0.8942999839782715,0.8878999948501587,0.8889600038528442,0,0.8890799564792916,0.8899887816371603,71.30547483595899,False,0,0.0043197359600366525,0.0
2025-07-08 05:00:00+00:00,0.8926699757575989,0.8933600187301636,0.8907600045204163,0.8928200006484985,0,0.8895023116885042,0.8900766896411091,70.34238132209228,False,0,-0.00013445911351384066,-0.0
2025-07-08 06:00:00+00:00,0.8917499780654907,0.8936100006103516,0.891040027141571,0.8926799893379211,0,0.8897667430269731,0.8901315515566625,63.28741726672506,False,0,-0.0010306134597249939,-0.0
2025-07-08 07:00:00+00:00,0.8923199772834778,0.8927000164985657,0.8908699750900269,0.8917400240898132,0,0.8900671235277383,0.8902033032198368,65.5900962742259,False,0,0.0006391917376029621,0.0
2025-07-08 08:00:00+00:00,0.8925399780273438,0.8927800059318542,0.8912000060081482,0.8923799991607666,0,0.8903580475865154,0.8902799155086074,66.46439369818444,True,0,0.0002465491633794059,0.0
2025-07-08 09:00:00+00:00,0.8924700021743774,0.8931800127029419,0.891319990158081,0.8925899863243103,0,0.8906065128321462,0.8903517216287965,65.89092452473909,True,1,-7.840080521770432e-05,-7.840080521770432e-05
2025-07-08 10:00:00+00:00,0.8929399847984314,0.893090009689331,0.8914300203323364,0.8924700021743774,0,0.8908810389458268,0.8904365827163254,67.89455664794778,True,1,0.0005266088752662323,0.0005266088752662323
2025-07-08 11:00:00+00:00,0.8930799961090088,0.8934900164604187,0.8919600248336792,0.8929299712181091,0,0.8911397397885541,0.8905232520078888,68.48841690558922,True,1,0.00015679811965085833,0.00015679811965085833
2025-07-08 12:00:00+00:00,0.8933899998664856,0.8935800194740295,0.8915600180625916,0.893060028553009,0,0.8914044762683107,0.8906172437409575,69.81954513043706,True,1,0.00034711756934147076,0.00034711756934147076
2025-07-08 13:00:00+00:00,0.8920300006866455,0.8935400247573853,0.890500009059906,0.893339991569519,0,0.89147806737635,0.8906635636408161,58.203570174698214,True,1,-0.0015222905786311802,-0.0015222905786311802
2025-07-08 14:00:00+00:00,0.8916699886322021,0.8920400142669678,0.8898699879646301,0.8920400142669678,0,0.8915006463476267,0.8906965611815172,55.56804685282707,True,1,-0.00040358738401868877,-0.00040358738401868877
2025-07-08 15:00:00+00:00,0.8918099999427795,0.8927500247955322,0.890779972076416,0.8916299939155579,0,0.8915370408882328,0.890733067370411,56.395006328930116,True,1,0.00015702144555995723,0.00015702144555995723
2025-07-08 16:00:00+00:00,0.8926299810409546,0.8928599953651428,0.8907999992370605,0.8917999863624573,0,0.8916656220826706,0.8907952612612484,60.97587085094293,True,1,0.000919457169383131,0.000919457169383131
2025-07-08 17:00:00+00:00,0.8936399817466736,0.8938800096511841,0.8917099833488464,0.8926399946212769,0,0.8918978996902003,0.8908885307853608,65.74884382539875,True,1,0.001131488665147895,0.001131488665147895
2025-07-08 18:00:00+00:00,0.8929600119590759,0.8937199711799622,0.8919399976730347,0.8936200141906738,0,0.8920228540747739,0.8909564482008925,60.39337293396476,True,1,-0.000760899021402972,-0.000760899021402972
2025-07-08 19:00:00+00:00,0.8928899765014648,0.8931699991226196,0.8917800188064575,0.8929499983787537,0,0.892124868477914,0.891019842571403,59.852611532482236,True,1,-7.843067626001066e-05,-7.843067626001066e-05
2025-07-08 20:00:00+00:00,0.8915500044822693,0.8929499983787537,0.8911200165748596,0.8928999900817871,0,0.8920572374196029,0.8910372249291363,50.53017121411016,True,1,-0.0015007134747394568,-0.0015007134747394568
2025-07-08 21:00:00+00:00,0.8911499977111816,0.8920400142669678,0.89055997133255,0.891700029373169,0,0.8919505033362591,0.8910409223974,48.12063132564556,True,1,-0.00044866442608559876,-0.00044866442608559876
2025-07-08 22:00:00+00:00,0.8922399878501892,0.8923900127410889,0.8907099962234497,0.8911499977111816,0,0.891984560337898,0.8910802360188029,54.48914717063195,True,1,0.0012231275787544238,0.0012231275787544238
2025-07-08 23:00:00+00:00,0.8916400074958801,0.8923599720001221,0.8908100128173828,0.8921800255775452,0,0.8919440247094252,0.8910985891819858,50.79302138156166,True,1,-0.0006724427984389214,-0.0006724427984389214
2025-07-09 00:00:00+00:00,0.8923900127410889,0.8928800225257874,0.8908299803733826,0.8916400074958801,0,0.891996493889621,0.8911409309380219,54.91043704259275,True,1,0.0008411525266964759,0.0008411525266964759
2025-07-09 01:00:00+00:00,0.8929100036621094,0.8934999704360962,0.8910999894142151,0.8923699855804443,0,0.8921039656275608,0.8911989333224182,57.5618110726444,True,1,0.0005826946890892248,0.0005826946890892248
2025-07-09 02:00:00+00:00,0.8918499946594238,0.8935499787330627,0.8906300067901611,0.8929499983787537,0,0.8920740866901329,0.8912202795957626,50.98069970324908,True,1,-0.001187139799462611,-0.001187139799462611
2025-07-09 03:00:00+00:00,0.8927000164985657,0.8927500247955322,0.8902300000190735,0.8918099999427795,0,0.892147725491125,0.8912687955597889,55.38568287901647,True,1,0.0009530995618456384,0.0009530995618456384
2025-07-09 04:00:00+00:00,0.8939700126647949,0.8945000171661377,0.8917700052261353,0.8926699757575989,0,0.8923621122174391,0.891357360055035,61.021527048991885,True,1,0.001422646065596167,0.001422646065596167
2025-07-09 05:00:00+00:00,0.8933799862861633,0.8948299884796143,0.8925600051879883,0.8939599990844727,0,0.8924818621078773,0.8914236756691702,57.39404507708545,True,1,-0.0006600069021026611,-0.0006600069021026611
2025-07-09 06:00:00+00:00,0.8941500186920166,0.8942800164222717,0.8915500044822693,0.893310010433197,0,0.8926781158236583,0.8915130639650012,60.67927636460018,True,1,0.0008619315606726019,0.0008619315606726019
2025-07-09 07:00:00+00:00,0.8931499719619751,0.8944900035858154,0.891759991645813,0.8941100239753723,0,0.8927336283105191,0.891566733079656,54.772455096901275,True,1,-0.0011184328235035457,-0.0011184328235035457
2025-07-09 08:00:00+00:00,0.8935499787330627,0.8940500020980835,0.8919199705123901,0.8931300044059753,0,0.8928296695367006,0.8916317575273086,56.59261198122857,True,1,0.00044786069937274853,0.00044786069937274853
2025-07-09 09:00:00+00:00,0.8938699960708618,0.8942000269889832,0.8925300240516663,0.893559992313385,0,0.8929520608936607,0.891705142397589,58.047256984350604,True,1,0.0003581415090545548,0.0003581415090545548
2025-07-09 10:00:00+00:00,0.8932300209999084,0.8941100239753723,0.8921700119972229,0.8938800096511841,0,0.8929847620826311,0.8917551384173371,54.139883581427505,True,1,-0.0007159598977104498,-0.0007159598977104498
2025-07-09 11:00:00+00:00,0.8931400179862976,0.8936700224876404,0.8922899961471558,0.8931999802589417,0,0.8930030274830624,0.891800544304844,53.5935045193139,True,1,-0.00010076129495750763,-0.00010076129495750763
2025-07-09 12:00:00+00:00,0.8942700028419495,0.8946700096130371,0.8919699788093567,0.8931499719619751,0,0.8931520834076373,0.8918815101585196,59.165426307950234,True,1,0.001265182203121551,0.001265182203121551
2025-07-09 13:00:00+00:00,0.8947200179100037,0.8952800035476685,0.8929799795150757,0.8942899703979492,0,0.8933365462902686,0.891974575986437,61.16522442384241,True,1,0.0005032205783757071,0.0005032205783757071
2025-07-09 14:00:00+00:00,0.894540011882782,0.8957599997520447,0.8935499787330627,0.8947299718856812,0,0.8934781304776231,0.8920586886387761,59.90153384782112,True,1,-0.00020118698991689055,-0.00020118698991689055
2025-07-09 15:00:00+00:00,0.8942400217056274,0.8948000073432922,0.8932399749755859,0.8945800065994263,0,0.8935677647397413,0.892130207755722,57.75979512840962,True,1,-0.00033535691323982597,-0.00033535691323982597
2025-07-09 16:00:00+00:00,0.8946099877357483,0.8951799869537354,0.893339991569519,0.8942000269889832,0,0.8936903792098597,0.8922115120173623,59.67469346016392,True,1,0.00041372117232607586,0.00041372117232607586
2025-07-09 17:00:00+00:00,0.8949599862098694,0.895359992980957,0.8936399817466736,0.8946200013160706,0,0.8938397447392726,0.8923016259253134,61.45492928559724,True,1,0.00039123023319564965,0.00039123023319564965
2025-07-09 18:00:00+00:00,0.8951500058174133,0.8953999876976013,0.8938699960708618,0.89478999376297,0,0.8939938931014069,0.8923950154299723,62.42480928129764,True,1,0.000212321903182211,0.000212321903182211
2025-07-09 19:00:00+00:00,0.8950899839401245,0.8956199884414673,0.8942300081253052,0.8951500058174133,0,0.8941228449647853,0.892483375053256,61.8950229796587,True,1,-6.705231178993909e-05,-6.705231178993909e-05
2025-07-09 20:00:00+00:00,0.89410001039505,0.8952199816703796,0.8935199975967407,0.8950499892234802,0,0.8941201585448164,0.8925363794906919,53.78692618798669,True,1,-0.0011060044943377312,-0.0011060044943377312
2025-07-09 21:00:00+00:00,0.8939499855041504,0.8942800164222717,0.8924499750137329,0.8939499855041504,0,0.894100138187091,0.892582727228838,52.661084290047135,True,1,-0.00016779430617985813,-0.00016779430617985813
2025-07-09 22:00:00+00:00,0.8945199847221375,0.8946800231933594,0.8935700058937073,0.8940399885177612,0,0.8941495318970965,0.8926462438679627,56.39553923824114,True,1,0.0006376186892218527,0.0006376186892218527
2025-07-09 23:00:00+00:00,0.894320011138916,0.8946300148963928,0.8934800028800964,0.8943799734115601,0,0.8941695882784869,0.8927011214834037,54.76330814928928,True,1,-0.0002235540699334626,-0.0002235540699334626
2025-07-10 00:00:00+00:00,0.8948699831962585,0.8953700065612793,0.8934800028800964,0.8943399786949158,0,0.8942519876805777,0.8927722317034973,58.33490133745923,True,1,0.0006149611442129999,0.0006149611442129999
2025-07-10 01:00:00+00:00,0.8949300050735474,0.8953499794006348,0.8937000036239624,0.8948100209236145,0,0.8943317544326918,0.8928429783713677,58.71797804162232,True,1,6.707329379218585e-05,6.707329379218585e-05
2025-07-10 02:00:00+00:00,0.8959100246429443,0.8959699869155884,0.8942099809646606,0.8949300050735474,0,0.8945174332809567,0.8929435372655177,64.4631395401126,True,1,0.001095079574761293,0.001095079574761293
2025-07-10 03:00:00+00:00,0.8951699733734131,0.8960300087928772,0.8945900201797485,0.8958399891853333,0,0.8945942027035986,0.8930165351706946,57.90922495964485,True,1,-0.0008260330269506122,-0.0008260330269506122
2025-07-10 04:00:00+00:00,0.8952999711036682,0.8954300284385681,0.8939800262451172,0.8951600193977356,0,0.8946772342800773,0.8930914019225953,58.703482592781704,True,1,0.00014522128101024379,0.00014522128101024379
2025-07-10 05:00:00+00:00,0.8960199952125549,0.8960899710655212,0.8943899869918823,0.8952299952507019,0,0.8948352061544864,0.8931874213747251,62.88141871169848,True,1,0.0008042266638288442,0.0008042266638288442
2025-07-10 06:00:00+00:00,0.8959400057792664,0.8963199853897095,0.8947799801826477,0.8959699869155884,0,0.894965182580931,0.8932776700437264,62.12942199409104,True,1,-8.927192888097402e-05,-8.927192888097402e-05
2025-07-10 07:00:00+00:00,0.8960000276565552,0.8966400027275085,0.8948400020599365,0.8958799839019775,0,0.8950869290604162,0.8933669276703764,62.491898889543066,True,1,6.69931880501462e-05,6.69931880501462e-05
2025-07-10 08:00:00+00:00,0.8966000080108643,0.8966599702835083,0.8951399922370911,0.896049976348877,0,0.8952649383487041,0.8934729303044907,65.99558976171221,True,1,0.000669620910479507,0.000669620910479507
2025-07-10 09:00:00+00:00,0.8971099853515625,0.897379994392395,0.8958500027656555,0.8965799808502197,0,0.8954820027019815,0.893592178010952,68.67415388191922,True,1,0.0005687902477602425,0.0005687902477602425
2025-07-10 10:00:00+00:00,0.897409975528717,0.8977100253105164,0.8962399959564209,0.8971099853515625,0,0.8957088230345386,0.8937173517000591,70.16304238155982,False,1,0.00033439620788189295,0.00033439620788189295
2025-07-10 11:00:00+00:00,0.896589994430542,0.8975800275802612,0.895609974861145,0.8973900079727173,0,0.8958124902575978,0.8938115367076158,61.55152516712517,True,0,-0.0009137196159335614,-0.0
2025-07-10 12:00:00+00:00,0.8967800140380859,0.8969399929046631,0.8952800035476685,0.89656001329422,0,0.895926316584714,0.893908863833205,62.69421076253787,True,1,0.00021193590015977648,0.00021193590015977648
2025-07-10 13:00:00+00:00,0.896340012550354,0.8972799777984619,0.895609974861145,0.8967800140380859,0,0.8959749866983187,0.8939885736272098,58.36841558820332,True,1,-0.0004906459564711918,-0.0004906459564711918
2025-07-10 14:00:00+00:00,0.8976699709892273,0.8977500200271606,0.8955900073051453,0.896340012550354,0,0.8961743966148962,0.8941092751800628,66.00389459336137,True,1,0.001483765557993122,0.001483765557993122
2025-07-10 15:00:00+00:00,0.8989099860191345,0.8991199731826782,0.8968700170516968,0.8976699709892273,0,0.8964962306624537,0.8942666755354421,71.29086642727124,False,1,0.0013813707375560647,0.0013813707375560647
2025-07-10 16:00:00+00:00,0.8992400169372559,0.8993899822235107,0.8980100154876709,0.8988500237464905,0,0.8968190290477245,0.894429735909272,72.51596405593935,False,0,0.0003671456800506956,0.0
2025-07-10 17:00:00+00:00,0.8991699814796448,0.8995299935340881,0.8982700109481812,0.8992400169372559,0,0.8970956116867739,0.8945851537968252,71.81561024690546,False,0,-7.788294147492714e-05,-0.0
2025-07-10 18:00:00+00:00,0.8999500274658203,0.9000800251960754,0.898389995098114,0.899179995059967,0,0.8974314253078381,0.8947610512941693,74.741623094207,False,0,0.0008675178244850201,0.0
2025-07-10 19:00:00+00:00,0.900189995765686,0.9005200266838074,0.8990300297737122,0.8999500274658203,0,0.8977559630087615,0.8949390494735632,75.5814799711696,False,0,0.00026664624983840923,0.0
2025-07-10 20:00:00+00:00,0.8990499973297119,0.90038001537323,0.8987500071525574,0.900189995765686,0,0.897908202340638,0.8950738346491747,64.59337316700633,True,0,-0.0012663975842172048,-0.0
2025-07-10 21:00:00+00:00,0.8990300297737122,0.8995400071144104,0.8964300155639648,0.8992000222206116,0,0.8980401820386467,0.8952035459647333,64.41672405679428,True,1,-2.2209616883483996e-05,-2.2209616883483996e-05
2025-07-10 22:00:00+00:00,0.9000399708747864,0.9003599882125854,0.8984000086784363,0.8990300297737122,0,0.8982754513134866,0.8953621172732595,69.0301024505998,True,1,0.001123367482317006,0.001123367482317006
2025-07-10 23:00:00+00:00,0.9002400040626526,0.9004600048065186,0.899150013923645,0.9000899791717529,0,0.8985065751663296,0.8955220479876658,69.86350828200032,True,1,0.00022224922707803074,0.00022224922707803074
2025-07-11 00:00:00+00:00,0.8990499973297119,0.9012200236320496,0.897629976272583,0.9002500176429749,0,0.898570507185551,0.8956377184578969,59.589930953243616,True,1,-0.001321877196714616,-0.001321877196714616
2025-07-11 01:00:00+00:00,0.9014700055122375,0.9021700024604797,0.8980299830436707,0.8990200161933899,0,0.8989116246357494,0.8958289409842687,69.43378329610738,True,1,0.002691739268909865,0.002691739268909865
2025-07-11 02:00:00+00:00,0.9011499881744385,0.902180016040802,0.9002500176429749,0.9014700055122375,0,0.899174961522654,0.8960034015478808,67.10581526466478,True,1,-0.00035499499244817656,-0.00035499499244817656
2025-07-11 03:00:00+00:00,0.9015499949455261,0.9020900130271912,0.9001799821853638,0.901170015335083,0,0.8994543772194624,0.8961852570691151,68.52628726429683,True,1,0.00044388478759005423,0.00044388478759005423
2025-07-11 04:00:00+00:00,0.9005900025367737,0.9016000032424927,0.8993899822235107,0.9015499949455261,0,0.8995879801979696,0.8963296749533006,61.646042466183204,True,1,-0.0010648243737281238,-0.0010648243737281238
2025-07-11 05:00:00+00:00,0.9010300040245056,0.9014599919319153,0.8998399972915649,0.9005699753761292,0,0.899757630059915,0.8964837841031762,63.45705422866733,True,1,0.0004885702556018945,0.0004885702556018945
2025-07-11 06:00:00+00:00,0.901889979839325,0.9020500183105469,0.8999800086021423,0.9010400176048279,0,0.9000084947398456,0.8966610364223941,66.76060492305078,True,1,0.0009544363794526944,0.0009544363794526944
2025-07-11 07:00:00+00:00,0.9015200138092041,0.9021700024604797,0.900439977645874,0.901889979839325,0,0.9001863205127112,0.8968203471563878,64.07687362369998,True,1,-0.00041021193093504493,-0.00041021193093504493
2025-07-11 08:00:00+00:00,0.9004200100898743,0.9015899896621704,0.899429976940155,0.9014999866485596,0,0.9002138134041422,0.8969383688919119,56.76965635135615,True,1,-0.0012201656119446014,-0.0012201656119446014
2025-07-11 09:00:00+00:00,0.9009600281715393,0.9012100100517273,0.8995199799537659,0.9003900289535522,0,0.9003016033767771,0.8970702265732111,59.22783430260185,True,1,0.0005997402052528855,0.0005997402052528855
2025-07-11 10:00:00+00:00,0.9017699956893921,0.9020000100135803,0.8999000191688538,0.9009400010108948,0,0.9004743554135554,0.8972243173639056,62.65764621629162,True,1,0.0008990049419801416,0.0008990049419801416
2025-07-11 11:00:00+00:00,0.9010400176048279,0.9021499752998352,0.9003099799156189,0.9017199873924255,0,0.9005409039066462,0.8973494222898374,57.92806740781044,True,1,-0.0008094947581462897,-0.0008094947581462897
2025-07-11 12:00:00+00:00,0.8998600244522095,0.9012799859046936,0.8980900049209595,0.9010199904441833,0,0.9004608004414183,0.8974317371148332,51.2002414541356,True,1,-0.001309590173092512,-0.001309590173092512
2025-07-11 13:00:00+00:00,0.9005600214004517,0.9012699723243713,0.8990100026130676,0.8998799920082092,0,0.9004724734954221,0.8975343038127223,54.570946415286066,True,1,0.0007778953717476611,0.0007778953717476611
2025-07-11 14:00:00+00:00,0.9003199934959412,0.901449978351593,0.8989800214767456,0.9005600214004517,0,0.9004545346719538,0.8976256379006966,53.21364486726481,True,1,-0.000266531823317262,-0.000266531823317262
2025-07-11 15:00:00+00:00,0.8995699882507324,0.9006900191307068,0.8987799882888794,0.9003000259399414,0,0.9003504703871041,0.8976893870925011,49.1038717604734,True,1,-0.0008330429743056422,-0.0008330429743056422
2025-07-11 16:00:00+00:00,0.8999699950218201,0.9001700282096863,0.8985599875450134,0.8995500206947327,0,0.9003057085794236,0.8977641611229706,51.26568146530923,True,1,0.00044466442446067234,0.00044466442446067234
2025-07-11 17:00:00+00:00,0.8998299837112427,0.9003499746322632,0.8990300297737122,0.8999699950218201,0,0.9002497409478729,0.8978318930111107,50.45781127103046,True,1,-0.0001555733095012224,-0.0001555733095012224
2025-07-11 18:00:00+00:00,0.8997600078582764,0.9000999927520752,0.8988199830055237,0.8998900055885315,0,0.9001921252902733,0.8978951098913456,50.03344096683357,True,1,-7.776563821282334e-05,-7.776563821282334e-05
2025-07-11 19:00:00+00:00,0.8999000191688538,0.9004300236701965,0.8984599709510803,0.8997799754142761,0,0.9001577598642239,0.8979608446217556,50.92283789046923,True,1,0.00015560961740312962,0.00015560961740312962
2025-07-11 20:00:00+00:00,0.899619996547699,0.9004200100898743,0.8986300230026245,0.899940013885498,0,0.9000944935916915,0.898015243045557,49.04263525187965,True,1,-0.00031117081363485344,-0.00031117081363485344
2025-07-11 21:00:00+00:00,0.8998299837112427,0.8998299837112427,0.899429976940155,0.899429976940155,0,0.9000633747822269,0.8980747427395139,50.51807988561007,True,1,0.00023341762560802337,0.00023341762560802337
2025-07-13 23:00:00+00:00,0.8998799920082092,0.9001500010490417,0.8985000252723694,0.8993600010871887,0,0.9000418003382247,0.8981339312401269,50.88281987676496,True,1,5.55752729647363e-05,5.55752729647363e-05
2025-07-14 00:00:00+00:00,0.9004499912261963,0.9011499881744385,0.8990799784660339,0.8998500108718872,0,0.900089822795633,0.8982098676331127,54.958211467881924,True,1,0.0006334169256447808,0.0006334169256447808
2025-07-14 01:00:00+00:00,0.8988699913024902,0.9006699919700623,0.8973100185394287,0.900409996509552,0,0.8999463132082044,0.8982315110321086,44.0480717856164,True,1,-0.0017546781488159136,-0.0017546781488159136
2025-07-14 02:00:00+00:00,0.8989599943161011,0.8992000222206116,0.8976100087165833,0.8988199830055237,0,0.8998302756914863,0.8982553957299444,44.72126615644083,True,1,0.00010012906703060764,0.00010012906703060764
2025-07-14 03:00:00+00:00,0.8993300199508667,0.899619996547699,0.8978300094604492,0.8988900184631348,0,0.8997714220749429,0.8982906293109583,47.51704700343843,True,1,0.0004116152410620355,0.0004116152410620355
2025-07-14 04:00:00+00:00,0.8987399935722351,0.8993099927902222,0.8979099988937378,0.8993099927902222,0,0.8996500775452125,0.8983053625654264,43.719971701972554,True,1,-0.0006560732606967212,-0.0006560732606967212
2025-07-14 05:00:00+00:00,0.8985599875450134,0.8994600176811218,0.8976200222969055,0.8987299799919128,0,0.8995218316628361,0.8983137109254128,42.6015001026399,True,1,-0.000200287100283858,-0.000200287100283858
2025-07-14 06:00:00+00:00,0.8982700109481812,0.898829996585846,0.8972799777984619,0.8985999822616577,0,0.8993745586375825,0.8983122781392741,40.79111387016433,True,1,-0.00032271256326976694,-0.00032271256326976694
2025-07-14 07:00:00+00:00,0.8989400267601013,0.8992099761962891,0.8967499732971191,0.8982300162315369,0,0.8993234372402318,0.8983328600612683,46.45332007303387,True,1,0.000745895781617989,0.000745895781617989
2025-07-14 08:00:00+00:00,0.8983500003814697,0.8992400169372559,0.8975399732589722,0.8988800048828125,0,0.899208915256848,0.8983334220389798,42.59067851340465,True,1,-0.0006563578893667987,-0.0006563578893667987
2025-07-14 09:00:00+00:00,0.8984900116920471,0.8986300230026245,0.8970900177955627,0.8983100056648254,0,0.8991243383668714,0.8983385561259656,43.78520196512252,True,1,0.0001558538548649402,0.0001558538548649402
2025-07-14 10:00:00+00:00,0.8980100154876709,0.8987500071525574,0.8969100117683411,0.898419976234436,0,0.8989932415575537,0.8983277843017592,40.66159727096103,True,1,-0.000534225420572354,-0.000534225420572354
2025-07-14 11:00:00+00:00,0.8978400230407715,0.8983200192451477,0.89683997631073,0.8979899883270264,0,0.8988575687908733,0.8983117921292677,39.584559264711395,True,1,-0.0001892990545401263,-0.0001892990545401263
2025-07-14 12:00:00+00:00,0.8976600170135498,0.8981000185012817,0.8964700102806091,0.8978000283241272,0,0.8987166803464822,0.8982904224533426,38.42393787323285,True,1,-0.00020048786265070007,-0.00020048786265070007
2025-07-14 13:00:00+00:00,0.8982999920845032,0.8985199928283691,0.8967099785804749,0.8976799845695496,0,0.8986676581980141,0.8982907362117413,44.6387928878896,True,1,0.0007129370349840958,0.0007129370349840958
2025-07-14 14:00:00+00:00,0.896809995174408,0.8983799815177917,0.8960099816322327,0.8983299732208252,0,0.8984491096070016,0.8982421873252713,35.623784440951525,True,1,-0.001658685208977495,-0.001658685208977495
2025-07-14 15:00:00+00:00,0.8967800140380859,0.8977299928665161,0.8958399891853333,0.89683997631073,0,0.8982527454224233,0.8981942472174946,35.46856549684951,True,1,-3.3430867723782676e-05,-3.3430867723782676e-05
2025-07-14 16:00:00+00:00,0.8964999914169312,0.89683997631073,0.8955100178718567,0.8967700004577637,0,0.8980465390688359,0.8981386978469843,33.97937660451434,False,1,-0.00031225341418339436,-0.00031225341418339436
2025-07-14 17:00:00+00:00,0.8971099853515625,0.8974199891090393,0.8955699801445007,0.8964999914169312,0,0.8979363562785684,0.8981049695684459,39.8991348536928,False,0,0.0006804171115131208,0.0
2025-07-14 18:00:00+00:00,0.8969900012016296,0.8973000049591064,0.8959800004959106,0.8971199989318848,0,0.8978250203871638,0.8980684132285502,39.15543205354254,False,0,-0.0001337451950061963,-0.0
2025-07-14 19:00:00+00:00,0.8967199921607971,0.8972100019454956,0.8956599831581116,0.8969799876213074,0,0.8976950170664147,0.8980242027017385,37.46312542829304,False,0,-0.0003010167788612961,-0.0
2025-07-14 20:00:00+00:00,0.8966599702835083,0.8970000147819519,0.8955600261688232,0.8967300057411194,0,0.8975732468566611,0.8979794737699933,37.07947423478789,False,0,-6.693491593090517e-05,-0.0
2025-07-14 21:00:00+00:00,0.8965499997138977,0.8971700072288513,0.895579993724823,0.896369993686676,0,0.8974528648398653,0.897932605768154,36.345079169880215,False,0,-0.0001226446738509246,-0.0
2025-07-14 22:00:00+00:00,0.896809995174408,0.8971899747848511,0.8957399725914001,0.8967999815940857,0,0.8973772331145174,0.8978957988634411,39.40095656037203,False,0,0.0002899954944992622,0.0
2025-07-14 23:00:00+00:00,0.8967599868774414,0.8969299793243408,0.8955299854278564,0.8966900110244751,0,0.8973046159101555,0.897858559126195,39.01300780710752,False,0,-5.57624215113961e-05,-0.0
2025-07-15 00:00:00+00:00,0.8971199989318848,0.8976200222969055,0.8959599733352661,0.8967700004577637,0,0.897282896265653,0.8978343440378569,43.338313001817205,False,0,0.0004014586508225282,0.0
2025-07-15 01:00:00+00:00,0.8972100019454956,0.897599995136261,0.8952500224113464,0.8970900177955627,0,0.8972743204632816,0.8978138738053204,44.39995808528169,False,0,0.00010032438661267129,0.0
2025-07-15 02:00:00+00:00,0.8963800072669983,0.8973199725151062,0.8955199718475342,0.897159993648529,0,0.8971691071460718,0.8977668617876705,37.43429519142452,False,0,-0.000925084068052695,-0.0
2025-07-15 03:00:00+00:00,0.8966799974441528,0.8969100117683411,0.8951799869537354,0.8963500261306763,0,0.897111564828199,0.8977312268911617,41.03502411926177,False,0,0.000334668527546933,0.0
2025-07-15 04:00:00+00:00,0.896340012550354,0.8968300223350525,0.8951699733734131,0.8966400027275085,0,0.8970207939719819,0.8976856133062171,38.341850070796355,False,0,-0.00037915967208801415,-0.0
2025-07-15 05:00:00+00:00,0.897379994392395,0.8975600004196167,0.8952100276947021,0.8963900208473206,0,0.8970630528449717,0.8976755930139606,49.302723781157134,False,0,0.0011602537290307247,0.0
2025-07-15 06:00:00+00:00,0.8974800109863281,0.8977299928665161,0.8961799740791321,0.8973299860954285,0,0.8971121067439548,0.8976691804884643,50.21925458779189,False,0,0.00011145400449996679,0.0
2025-07-15 07:00:00+00:00,0.8988199830055237,0.8989700078964233,0.8962900042533875,0.8974300026893616,0,0.8973130333629629,0.8977069117185318,60.517729443637855,False,0,0.0014930382880873339,0.0
2025-07-15 08:00:00+00:00,0.8984400033950806,0.8993399739265442,0.8970800042152405,0.8988000154495239,0,0.8974456180726238,0.8977309475112054,56.92158015798517,False,0,-0.0004227538524149699,-0.0
2025-07-15 09:00:00+00:00,0.8987200260162354,0.8993499875068665,0.897379994392395,0.8984100222587585,0,0.8975955484189311,0.897763376314649,58.86165894798961,False,0,0.0003116764837902686,0.0
2025-07-15 10:00:00+00:00,0.8986499905586243,0.8990300297737122,0.8977199792861938,0.8987100124359131,0,0.8977196004353656,0.8977924456341236,58.15621056707633,False,0,-7.792800380956866e-05,-0.0
2025-07-15 11:00:00+00:00,0.8980000019073486,0.8988100290298462,0.8970400094985962,0.89860999584198,0,0.8977525888438341,0.8977992507578358,51.93512197961698,False,0,-0.0007232945619590758,-0.0
2025-07-15 12:00:00+00:00,0.8985199928283691,0.8994699716567993,0.8970900177955627,0.8979600071907043,0,0.8978428716655441,0.8978228816453943,55.99101343235493,True,0,0.0005790544765211791,0.0
2025-07-15 13:00:00+00:00,0.8961799740791321,0.8987299799919128,0.8952199816703796,0.8985199928283691,0,0.897647236655378,0.8977690158235496,39.73962413696,False,1,-0.002604303485636561,-0.002604303485636561
2025-07-15 14:00:00+00:00,0.8942800164222717,0.8962100148200989,0.8933299779891968,0.8961300253868103,0,0.897251093098542,0.8976546224005569,31.695495906019346,False,0,-0.002120062612214313,-0.0
2025-07-15 15:00:00+00:00,0.8939700126647949,0.8944600224494934,0.8925899863243103,0.8943399786949158,0,0.8968650836357482,0.8975338155239746,30.60686224749928,False,0,-0.00034665177772508216,-0.0
2025-07-15 16:00:00+00:00,0.8932999968528748,0.8942300081253052,0.8922799825668335,0.8940200209617615,0,0.8964456616612926,0.8973950017970532,28.341151447124375,False,0,-0.0007494835424322055,-0.0
2025-07-15 17:00:00+00:00,0.8934800028800964,0.8937399983406067,0.8923599720001221,0.8932499885559082,0,0.8960967606282106,0.8972666411768252,29.843735588008656,False,0,0.00020150680382391428,0.0
2025-07-15 18:00:00+00:00,0.893750011920929,0.8942400217056274,0.8925300240516663,0.8934599757194519,0,0.895820672545001,0.8971513418569597,32.1422353692232,False,0,0.0003021993105185583,0.0
2025-07-15 19:00:00+00:00,0.8938199877738953,0.8940799832344055,0.8925600051879883,0.8937100172042847,0,0.8955852978660473,0.8970421171329247,32.757099315764734,False,0,7.829465961739501e-05,0.0
2025-07-15 20:00:00+00:00,0.8934999704360962,0.8938999772071838,0.8926500082015991,0.8937900066375732,0,0.8953399652272295,0.8969259811756516,31.35772463525457,False,0,-0.00035803332010519995,-0.0
2025-07-15 21:00:00+00:00,0.8932099938392639,0.8939099907875061,0.8923100233078003,0.8939099907875061,0,0.8950893803580571,0.8968041455252782,30.102822339440237,False,0,-0.0003245401303043627,-0.0
2025-07-15 22:00:00+00:00,0.8934299945831299,0.8937399983406067,0.8924400210380554,0.8932099938392639,0,0.8948941585021832,0.8966935176255356,32.315906216698636,False,0,0.0002463034956878829,0.0
2025-07-15 23:00:00+00:00,0.8939899802207947,0.8945299983024597,0.8926500082015991,0.8934500217437744,0,0.8947877845867257,0.8966048770548883,37.72116094290522,False,0,0.0006267817748004667,0.0
2025-07-16 00:00:00+00:00,0.8949000239372253,0.8956999778747559,0.8929399847984314,0.8940100073814392,0,0.8948009892161962,0.8965489802313584,45.358193559156526,False,0,0.0010179574006030645,0.0
2025-07-16 01:00:00+00:00,0.8952299952507019,0.8955100178718567,0.8939300179481506,0.894860029220581,0,0.8948514605143734,0.8965057348221566,47.85505786296102,False,0,0.00036872422019262885,0.0
2025-07-16 02:00:00+00:00,0.8947499990463257,0.8952400088310242,0.8934400081634521,0.8952199816703796,0,0.8948395238710737,0.8964481697147522,44.658240665750526,False,0,-0.0005361708241710117,-0.0
2025-07-16 03:00:00+00:00,0.8948699831962585,0.8953400254249573,0.8938300013542175,0.8946700096130371,0,0.8948431073210954,0.8963964258944737,45.63586764346013,False,0,0.00013409796039209887,0.0
2025-07-16 04:00:00+00:00,0.8949800133705139,0.8951500058174133,0.8936799764633179,0.8948500156402588,0,0.8948592139151447,0.8963499861395897,46.56803516213373,False,0,0.00012295660411187903,0.0
2025-07-16 05:00:00+00:00,0.8946499824523926,0.8951299786567688,0.8936300277709961,0.8949599862098694,0,0.8948345984489384,0.89629424831378,44.1241256188846,False,0,-0.0003687578640760858,-0.0
2025-07-16 06:00:00+00:00,0.8947100043296814,0.8952100276947021,0.893589973449707,0.8946599960327148,0,0.8948199403172612,0.8962423058880719,44.69261190542561,False,0,6.708978758851458e-05,0.0
2025-07-16 07:00:00+00:00,0.8949000239372253,0.8949400186538696,0.8934800028800964,0.8947200179100037,0,0.8948293619196098,0.8961982966437818,46.54675505422754,False,0,0.000212381225899394,0.0
2025-07-16 08:00:00+00:00,0.8946800231933594,0.8951799869537354,0.8937100172042847,0.8948799967765808,0,0.894811792657698,0.8961485171863908,44.67918967171282,False,0,-0.00024583834839786434,-0.0
2025-07-16 09:00:00+00:00,0.8949599862098694,0.8949699997901917,0.8933500051498413,0.8946499824523926,0,0.8948292271932475,0.8961095489576523,47.56248863449522,False,0,0.00031291971347569003,0.0
2025-07-16 10:00:00+00:00,0.8948400020599365,0.8950999975204468,0.8936499953269958,0.8949699997901917,0,0.8948304948246226,0.8960679244692025,46.44523894560686,False,0,-0.00013406649658265213,-0.0
2025-07-16 11:00:00+00:00,0.8949499726295471,0.8951699733734131,0.8936399817466736,0.8948000073432922,0,0.8948445510369666,0.8960312703105252,47.65881364332611,False,0,0.00012289411443111575,0.0
2025-07-16 12:00:00+00:00,0.894569993019104,0.8955299854278564,0.8934999704360962,0.8949599862098694,0,0.8948122500936886,0.8959833595796589,43.95267044284745,False,0,-0.000424581956605552,-0.0
2025-07-16 13:00:00+00:00,0.8934699892997742,0.8949400186538696,0.8923900127410889,0.894540011882782,0,0.8946543370591105,0.8959009539967118,35.37619844900786,False,0,-0.0012296452238660383,-0.0
2025-07-16 14:00:00+00:00,0.8940500020980835,0.8949599862098694,0.8923900127410889,0.8934800028800964,0,0.8945832388284014,0.8958402670492157,41.82244589252122,False,0,0.0006491687524545764,0.0
2025-07-16 15:00:00+00:00,0.8937600255012512,0.896619975566864,0.8931099772453308,0.8939800262451172,0,0.8944863902016779,0.8957720624082989,39.690803184722476,False,0,-0.0003243404688236806,-0.0
2025-07-16 16:00:00+00:00,0.8931699991226196,0.8942700028419495,0.8922299742698669,0.893750011920929,0,0.8943315206629652,0.8956867488579487,35.70325487126421,False,0,-0.0006601619694287519,-0.0
2025-07-16 17:00:00+00:00,0.8938500285148621,0.8947200179100037,0.8924700021743774,0.8931900262832642,0,0.8942748745278941,0.8956265285188312,42.83195506223469,False,0,0.0007613661373651048,0.0
2025-07-16 18:00:00+00:00,0.8932499885559082,0.8939800262451172,0.8923299908638,0.893809974193573,0,0.8941542997076605,0.8955486091757845,38.7494725845711,False,0,-0.0006712982489365249,-0.0
2025-07-16 19:00:00+00:00,0.8930400013923645,0.8934100270271301,0.8920999765396118,0.8932399749755859,0,0.8940232057882138,0.8954663597402626,37.40580244784271,False,0,-0.000235082190018443,-0.0
2025-07-16 20:00:00+00:00,0.8928400278091431,0.8934800028800964,0.8920699954032898,0.8930299878120422,0,0.8938840083789114,0.8953802504966193,36.12124324829497,False,0,-0.0002239245531103773,-0.0
2025-07-16 21:00:00+00:00,0.8928800225257874,0.8949900269508362,0.8921300172805786,0.8928599953651428,0,0.8937658923961909,0.8952982758090511,36.59025726078578,False,0,4.4794941309378444e-05,0.0
2025-07-16 22:00:00+00:00,0.8928599953651428,0.893280029296875,0.8920800089836121,0.8931300044059753,0,0.8936593162748911,0.8952183321879393,36.445952682276214,False,0,-2.242984515199442e-05,-0.0
2025-07-16 23:00:00+00:00,0.8927599787712097,0.8931999802589417,0.8918300271034241,0.8928099870681763,0,0.8935535118626933,0.8951377304365712,35.68896986304951,False,0,-0.00011201822732820332,-0.0
2025-07-17 00:00:00+00:00,0.8922799825668335,0.8928700089454651,0.8911600112915039,0.8927599787712097,0,0.8934036848867097,0.8950440337851044,32.22927585550677,False,0,-0.0005376542584680788,-0.0
2025-07-17 01:00:00+00:00,0.890209972858429,0.8931499719619751,0.8890100121498108,0.8922100067138672,0,0.8930279540598531,0.8948855399842298,22.223744222065918,False,0,-0.0023199105088625993,-0.0
2025-07-17 02:00:00+00:00,0.8884900212287903,0.89028000831604,0.8874099850654602,0.8902599811553955,0,0.8924940796091398,0.8946758508447071,17.392315636270368,False,0,-0.0019320740972109673,-0.0
2025-07-17 03:00:00+00:00,0.8895900249481201,0.8896999955177307,0.8872100114822388,0.888480007648468,0,0.8921524261196081,0.894509102454655,28.150622934998594,False,0,0.0012380597339838317,0.0
2025-07-17 04:00:00+00:00,0.8899700045585632,0.8901799917221069,0.8883600234985352,0.889549970626831,0,0.8918956706418381,0.8943602795728158,31.470717871486627,False,0,0.0004271401429722932,0.0
2025-07-17 05:00:00+00:00,0.8897899985313416,0.8904600143432617,0.8890600204467773,0.8899800181388855,0,0.8916479445111914,0.8942104342927674,30.74590448435896,False,0,-0.00020226077991358782,-0.0
2025-07-17 06:00:00+00:00,0.8880400061607361,0.8898900151252747,0.8870099782943726,0.8896999955177307,0,0.8912234811758437,0.8940081251736843,24.772486019670794,False,0,-0.001966747629771004,-0.0
2025-07-17 07:00:00+00:00,0.8882899880409241,0.8883500099182129,0.8868399858474731,0.8880199790000916,0,0.8908783643364414,0.8938206452676921,26.955615813913113,False,0,0.00028149844427471926,0.0
2025-07-17 08:00:00+00:00,0.8893499970436096,0.8894299864768982,0.8874199986457825,0.8883000016212463,0,0.8906985564196377,0.8936740666373942,35.50291038209586,False,0,0.0011933141394775415,0.0
2025-07-17 09:00:00+00:00,0.8888599872589111,0.8897200226783752,0.8878999948501587,0.8893200159072876,0,0.8904822541654346,0.8935162279692472,33.54858901351592,False,0,-0.0005509751912378125,-0.0
2025-07-17 10:00:00+00:00,0.8897799849510193,0.8899000287055969,0.8880100250244141,0.8888700008392334,0,0.8903996342578563,0.8933937281981578,40.20394411505442,False,0,0.0010350310569668952,0.0
2025-07-17 11:00:00+00:00,0.8886299729347229,0.8898800015449524,0.8877400159835815,0.889769971370697,0,0.8901914388080758,0.8932375395009959,35.427469420542664,False,0,-0.0012924678412042923,-0.0
2025-07-17 12:00:00+00:00,0.889930009841919,0.8902999758720398,0.8878700137138367,0.8886600136756897,0,0.8901606824591162,0.8931290959056163,43.58684946828622,False,0,0.00146296765446996,0.0
2025-07-17 13:00:00+00:00,0.889959990978241,0.8902699947357178,0.8884999752044678,0.8899199962615967,0,0.8901370716966603,0.8930251908260303,43.76333374271006,False,0,3.3689319373975124e-05,0.0
2025-07-17 14:00:00+00:00,0.8908900022506714,0.8909400105476379,0.8890600204467773,0.889989972114563,0,0.8902256517618381,0.8929551846432316,49.08442956425397,False,0,0.001045003462917693,0.0
2025-07-17 15:00:00+00:00,0.891260027885437,0.8917800188064575,0.8898900151252747,0.8908600211143494,0,0.8903473430704967,0.89289960573314,51.068242026911,False,0,0.0004153437953404726,0.0
2025-07-17 16:00:00+00:00,0.8912799954414368,0.8919100165367126,0.8903700113296509,0.8913300037384033,0,0.8904570668788426,0.8928465037563629,51.178786326976876,False,0,2.2403737826248715e-05,0.0
2025-07-17 17:00:00+00:00,0.8915799856185913,0.8918399810791016,0.8904299736022949,0.8913099765777588,0,0.8905891749658719,0.8928049785715179,52.900376509581605,False,0,0.0003365835412989515,0.0
2025-07-17 18:00:00+00:00,0.8917700052261353,0.8920699954032898,0.8907899856567383,0.8916000127792358,0,0.8907280961729616,0.8927710450192102,54.00672415174719,False,0,0.0002131268204861314,0.0
2025-07-17 19:00:00+00:00,0.892009973526001,0.8922600150108337,0.8910899758338928,0.8917199969291687,0,0.8908789052733191,0.8927460918554985,55.43053323290554,False,0,0.0002690921408652347,0.0
2025-07-17 20:00:00+00:00,0.891789972782135,0.8921700119972229,0.89096999168396,0.8919399976730347,0,0.890986089686121,0.8927147436891586,53.78659158626924,False,0,-0.00024663484758624676,-0.0
2025-07-17 21:00:00+00:00,0.8915600180625916,0.8919900059700012,0.8901699781417847,0.8908799886703491,0,0.8910536106715881,0.8926768838325498,52.048981075897444,False,0,-0.00025785748501527817,-0.0
2025-07-17 22:00:00+00:00,0.8924199938774109,0.8927199840545654,0.8912299871444702,0.8915299773216248,0,0.891214361636979,0.8926684612110698,57.56955906203178,False,0,0.0009645742265205204,0.0
2025-07-17 23:00:00+00:00,0.8924199938774109,0.8927299976348877,0.8915899991989136,0.8925399780273438,0,0.8913562007240885,0.8926603147411137,57.56955906203178,False,0,0.0,0.0
2025-07-18 00:00:00+00:00,0.8935400247573853,0.8937199711799622,0.8915299773216248,0.8924499750137329,0,0.8916131211985939,0.8926891576924668,63.85515182060043,False,0,0.001255049066200442,0.0
2025-07-18 01:00:00+00:00,0.893310010433197,0.8939300179481506,0.8925700187683105,0.8935099840164185,0,0.8918127552261943,0.8927095135200317,61.82945844984426,False,0,-0.0002574191617781274,-0.0
2025-07-18 02:00:00+00:00,0.8941400051116943,0.8942499756813049,0.8923599720001221,0.893339991569519,0,0.8920865493303708,0.8927564148836927,66.01859232094571,False,0,0.0009291227779870681,0.0
2025-07-18 03:00:00+00:00,0.8934100270271301,0.8943700194358826,0.8924499750137329,0.8941299915313721,0,0.8922422525888131,0.892777844790035,59.80227960056832,False,0,-0.0008164024430078465,-0.0
2025-07-18 04:00:00+00:00,0.8928499817848206,0.8934299945831299,0.8919399976730347,0.8933600187301636,0,0.8923137501412846,0.8927802099374049,55.485645744530885,False,0,-0.0006268624991518923,-0.0
2025-07-18 05:00:00+00:00,0.8931499719619751,0.893280029296875,0.8919299840927124,0.8928300142288208,0,0.8924121291790128,0.8927923332824728,57.2650683082054,False,0,0.00033599169320108757,0.0
2025-07-18 06:00:00+00:00,0.8939899802207947,0.894070029258728,0.8920599818229675,0.8930799961090088,0,0.8925977587133401,0.8928316003952046,61.86228419288869,False,0,0.0009405007951512889,0.0
2025-07-18 07:00:00+00:00,0.8941900134086609,0.8942499756813049,0.8926699757575989,0.8939899802207947,0,0.8927850827951426,0.8928761385267933,62.88616843831931,False,0,0.00022375327720869365,0.0
2025-07-18 08:00:00+00:00,0.894599974155426,0.8949900269508362,0.8934599757194519,0.8941699862480164,0,0.8929985994257641,0.8929326577277321,64.96230814221902,True,0,0.0004584716230529029,0.0
2025-07-18 09:00:00+00:00,0.8948100209236145,0.8950300216674805,0.893559992313385,0.894599974155426,0,0.8932117078372759,0.8929942106194004,66.01139754657416,True,1,0.00023479406914450607,0.00023479406914450607
2025-07-18 10:00:00+00:00,0.8947399854660034,0.8950799703598022,0.8936600089073181,0.8947799801826477,0,0.8933915052053615,0.8930514491389612,65.3092340428609,True,1,-7.826852177938992e-05,-7.826852177938992e-05
2025-07-18 11:00:00+00:00,0.8949400186538696,0.8951900005340576,0.8937199711799622,0.8947200179100037,0,0.8935736832581271,0.8931133694509253,66.40829098435466,True,1,0.00022356571866177788,0.00022356571866177788
2025-07-18 12:00:00+00:00,0.895039975643158,0.895550012588501,0.8937900066375732,0.8949300050735474,0,0.8937461882446014,0.8931765368670641,66.9713997235418,True,1,0.00011169127226939857,0.00011169127226939857
2025-07-18 13:00:00+00:00,0.8956199884414673,0.8957399725914001,0.8939399719238281,0.8950300216674805,0,0.8939666353265856,0.8932566500334379,70.1031994072622,False,1,0.0006480300479232426,0.0006480300479232426
2025-07-18 14:00:00+00:00,0.8948100209236145,0.8961700201034546,0.8941400051116943,0.8955600261688232,0,0.8940658571615302,0.8933075802265584,61.35412194830977,True,0,-0.0009043651641387207,-0.0
2025-07-18 15:00:00+00:00,0.894760012626648,0.8955900073051453,0.8938500285148621,0.8948299884796143,0,0.8941475225103676,0.8933552009609875,60.849183636010075,True,1,-5.588705512593606e-05,-5.588705512593606e-05
2025-07-18 16:00:00+00:00,0.8937399983406067,0.8951699733734131,0.8929600119590759,0.8947299718856812,0,0.8940995784903957,0.893367817268516,51.53316646395992,True,1,-0.0011399864451328012,-0.0011399864451328012
2025-07-18 17:00:00+00:00,0.8933799862861633,0.8941100239753723,0.8922399878501892,0.8937600255012512,0,0.8940149205840154,0.8933682162527011,48.699211616074166,True,1,-0.0004028151980574046,-0.0004028151980574046
2025-07-18 18:00:00+00:00,0.8929700255393982,0.8934900164604187,0.8918799757957458,0.8933799862861633,0,0.8938919917552369,0.8933551608194781,45.62244489501141,True,1,-0.00045888731901122526,-0.00045888731901122526
2025-07-18 19:00:00+00:00,0.8930799961090088,0.8932600021362305,0.8919600248336792,0.8929799795150757,0,0.8937964628556806,0.8933461390256923,46.59711190421679,True,1,0.00012315146809571687,0.00012315146809571687
2025-07-18 20:00:00+00:00,0.8926900029182434,0.8934000134468079,0.8920900225639343,0.8930500149726868,0,0.8936662910983351,0.8933246263664316,43.61169628166312,True,1,-0.0004366833793887359,-0.0004366833793887359
2025-07-18 21:00:00+00:00,0.8924000263214111,0.8924000263214111,0.8924000263214111,0.8924000263214111,0,0.8935173187716381,0.8932943116108572,41.483499440974306,True,1,-0.0003248345964268484,-0.0003248345964268484
2025-07-20 23:00:00+00:00,0.893589973449707,0.8937000036239624,0.8920900225639343,0.8930000066757202,0,0.8935258663808227,0.893304005441639,51.86419499815206,True,1,0.0013334234571922288,0.0013334234571922288
2025-07-21 00:00:00+00:00,0.8930799961090088,0.8938800096511841,0.8918799757957458,0.893589973449707,0,0.8934734110547269,0.893296660873356,47.939135836249584,True,1,-0.0005707062029014498,-0.0005707062029014498
2025-07-21 01:00:00+00:00,0.8929299712181091,0.8938000202178955,0.8917199969291687,0.893060028553009,0,0.8934094769563012,0.8932846382617086,46.816662233550375,True,1,-0.0001679859492467184,-0.0001679859492467184
2025-07-21 02:00:00+00:00,0.8928200006484985,0.8931599855422974,0.8915799856185913,0.8929399847984314,0,0.893340126802442,0.8932694042416033,45.967031464593916,True,1,-0.00012315699232334776,-0.00012315699232334776
2025-07-21 03:00:00+00:00,0.8929499983787537,0.8931599855422974,0.8918300271034241,0.8928099870681763,0,0.8932942293408316,0.8932589319182311,47.18718114603484,True,1,0.00014560351488612788,0.00014560351488612788
2025-07-21 04:00:00+00:00,0.8931400179862976,0.8933699727058411,0.891979992389679,0.8929200172424316,0,0.8932760868285334,0.8932550331007907,49.00007005848181,True,1,0.00021279982965327626,0.00021279982965327626
2025-07-21 05:00:00+00:00,0.8933699727058411,0.8935700058937073,0.8920699954032898,0.8931199908256531,0,0.8932871322258636,0.8932588016124317,51.183922633002005,True,1,0.0002574677149300708,0.0002574677149300708
2025-07-21 06:00:00+00:00,0.8938300013542175,0.8941900134086609,0.8924300074577332,0.8933299779891968,0,0.8933509991821406,0.893277529472818,55.30699126645096,True,1,0.0005149363224992154,0.0005149363224992154
2025-07-21 07:00:00+00:00,0.893339991569519,0.8941400051116943,0.8923199772834778,0.8938400149345398,0,0.8933497041688909,0.8932795774104147,50.42181008706298,True,1,-0.0005482136244655544,-0.0005482136244655544
2025-07-21 08:00:00+00:00,0.8941199779510498,0.8942099809646606,0.8923199772834778,0.8933200240135193,0,0.8934403246138508,0.8933071315265012,56.941494122781876,True,1,0.0008731125762773129,0.0008731125762773129
2025-07-21 09:00:00+00:00,0.8936300277709961,0.8942499756813049,0.8927199840545654,0.894070029258728,0,0.8934626426323385,0.8933177182886157,52.28988558731989,True,1,-0.0005479691676014697,-0.0005479691676014697
2025-07-21 10:00:00+00:00,0.8934800028800964,0.8938900232315063,0.8924099802970886,0.8935999870300293,0,0.8934646850144277,0.8933230390948937,50.918234296385094,True,1,-0.00016788255344757363,-0.00016788255344757363
2025-07-21 11:00:00+00:00,0.8939599990844727,0.8941100239753723,0.8923799991607666,0.8934800028800964,0,0.8935229572579623,0.8933439230289784,54.98666035519788,True,1,0.0005372209818115259,0.0005372209818115259
2025-07-21 12:00:00+00:00,0.8934199810028076,0.8942099809646606,0.8926200270652771,0.8939899802207947,0,0.8935108424044147,0.8933464167330383,49.96836130194548,True,1,-0.0006040740997562688,-0.0006040740997562688
2025-07-21 13:00:00+00:00,0.8936600089073181,0.8940200209617615,0.89205002784729,0.8934299945831299,0,0.8935283914047562,0.8933566984436704,52.06253349323352,True,1,0.0002686618943099628,0.0002686618943099628
2025-07-21 14:00:00+00:00,0.893779993057251,0.8944299817085266,0.8927800059318542,0.8936799764633179,0,0.8935579915991673,0.893370576955591,53.118894432517706,True,1,0.00013426151862794278,0.00013426151862794278
2025-07-21 15:00:00+00:00,0.893779993057251,0.8942899703979492,0.8926500082015991,0.8937600255012512,0,0.8935841094177653,0.8933840004343339,53.118894432517706,True,1,0.0,0.0
2025-07-21 16:00:00+00:00,0.8938400149345398,0.8940500020980835,0.8927000164985657,0.8937600255012512,0,0.8936142159491506,0.8933989517294226,53.71069177298156,True,1,6.715509158294886e-05,6.715509158294886e-05
2025-07-21 17:00:00+00:00,0.8934100270271301,0.8938999772071838,0.8923299908638,0.8938000202178955,0,0.8935901937230305,0.8933993148539376,48.94411097175563,True,1,-0.0004810569008159016,-0.0004810569008159016
2025-07-21 18:00:00+00:00,0.8931000232696533,0.8934699892997742,0.892009973526001,0.8934000134468079,0,0.8935325266108685,0.8933895020151086,45.78908065634863,True,1,-0.0003469893420698922,-0.0003469893420698922
2025-07-21 19:00:00+00:00,0.8925600051879883,0.8932899832725525,0.8916699886322021,0.8930799961090088,0,0.8934181123258237,0.893362305397826,40.84923837417006,True,1,-0.0006046557693369925,-0.0006046557693369925
2025-07-21 20:00:00+00:00,0.8924099802970886,0.8927800059318542,0.8914499878883362,0.892520010471344,0,0.8932995085577372,0.8933310816240313,39.57198033454852,False,1,-0.00016808381512467552,-0.00016808381512467552
2025-07-21 21:00:00+00:00,0.8921700119972229,0.8930100202560425,0.8912799954414368,0.8930100202560425,0,0.8931666266094413,0.8932930137674147,37.549545201938066,False,0,-0.0002688991664860918,-0.0
2025-07-21 22:00:00+00:00,0.8922799825668335,0.8925300240516663,0.8913300037384033,0.8921499848365784,0,0.8930623155456051,0.8932597996296907,39.08597042951545,False,0,0.00012326189866485038,0.0
2025-07-21 23:00:00+00:00,0.8925899863243103,0.8930400013923645,0.8913499712944031,0.8922799825668335,0,0.8930067474019233,0.893237838537711,43.319337329059344,False,0,0.000347428793129545,0.0
2025-07-22 00:00:00+00:00,0.8920300006866455,0.8928599953651428,0.8910800218582153,0.8925700187683105,0,0.8928918360236553,0.8931982372966923,38.16023403226289,False,0,-0.0006273716333865531,-0.0
2025-07-22 01:00:00+00:00,0.8920400142669678,0.892490029335022,0.8908699750900269,0.892009973526001,0,0.892791621699339,0.8931602627711276,38.30173602112128,False,0,1.1225609356735333e-05,0.0
2025-07-22 02:00:00+00:00,0.8927900195121765,0.8929100036621094,0.8912699818611145,0.8919699788093567,0,0.8927914332067317,0.8931481236478832,47.914927222875285,False,0,0.0008407753387891237,0.0
2025-07-22 03:00:00+00:00,0.8923299908638,0.8928599953651428,0.891260027885437,0.8928400278091431,0,0.8927371458722692,0.8931212996221756,43.44370035296798,False,0,-0.0005152708232870618,-0.0
2025-07-22 04:00:00+00:00,0.8920199871063232,0.8926699757575989,0.8910999894142151,0.8923400044441223,0,0.8926527742527461,0.8930851910150984,40.68825560097532,False,0,-0.0003474093223928554,-0.0
2025-07-22 05:00:00+00:00,0.8917700052261353,0.8922100067138672,0.8907099962234497,0.892009973526001,0,0.8925489190731448,0.8930420701695586,38.5641555018429,False,0,-0.0002802424651928703,-0.0
2025-07-22 06:00:00+00:00,0.891480028629303,0.8921999931335449,0.8904600143432617,0.8917700052261353,0,0.8924231672562222,0.8929908556928289,36.2031787299737,False,0,-0.0003251697131916309,-0.0
2025-07-22 07:00:00+00:00,0.89055997133255,0.8918600082397461,0.8896300196647644,0.8914899826049805,0,0.8922039677357901,0.8929111545662624,29.93998224776523,False,0,-0.0010320559824178455,-0.0
2025-07-22 08:00:00+00:00,0.8906599879264832,0.8912000060081482,0.8895599842071533,0.8905199766159058,0,0.8920223230523422,0.8928373458239744,31.330746527565466,False,0,0.00011230753363355994,0.0
2025-07-22 09:00:00+00:00,0.8914200067520142,0.8915299773216248,0.8898900151252747,0.89069002866745,0,0.8919514623111271,0.8927908756904676,40.92714396105236,False,0,0.000853320948323244,0.0
2025-07-22 10:00:00+00:00,0.89069002866745,0.8915899991989136,0.8898100256919861,0.8914499878883362,0,0.8918030583530474,0.8927219954602047,35.75830522791432,False,0,-0.0008188935395605501,-0.0
2025-07-22 11:00:00+00:00,0.8913400173187256,0.8915799856185913,0.8897299766540527,0.8906700015068054,0,0.8917485829372448,0.8926766847014677,42.697880129237134,False,0,0.0007297585359162806,0.0
2025-07-22 12:00:00+00:00,0.8926799893379211,0.892799973487854,0.8902400135993958,0.891290009021759,0,0.8918581601608537,0.8926767930502039,53.782009293048645,False,0,0.0015033230789147645,0.0
2025-07-22 13:00:00+00:00,0.8924000263214111,0.8936499953269958,0.8916400074958801,0.8926699757575989,0,0.8919219091209193,0.8926677187312271,51.53887417517218,False,0,-0.0003136208046039535,-0.0
2025-07-22 14:00:00+00:00,0.8926500082015991,0.8928499817848206,0.8908799886703491,0.8924400210380554,0,0.8920075678362933,0.8926671380581245,53.407519144204386,False,0,0.0002801231205902255,0.0
2025-07-22 15:00:00+00:00,0.8924499750137329,0.8928599953651428,0.8912299871444702,0.8926799893379211,0,0.8920596157395214,0.8926600179583083,51.689937029110006,False,0,-0.00022408915703620025,-0.0
2025-07-22 16:00:00+00:00,0.8920000195503235,0.8925999999046326,0.8909000158309937,0.8924599885940552,0,0.8920526044231452,0.8926383786662432,47.9540594347862,False,0,-0.000504180039225699,-0.0
2025-07-22 17:00:00+00:00,0.8916900157928467,0.8921999931335449,0.8906300067901611,0.891979992389679,0,0.8920099469372277,0.8926072848015416,45.5133954992395,False,0,-0.00034753783708785235,-0.0
2025-07-22 18:00:00+00:00,0.8913699984550476,0.8917199969291687,0.8902599811553955,0.8916599750518799,0,0.8919346588805005,0.8925667180360828,43.07608921659702,False,0,-0.0003588885511008888,-0.0
2025-07-22 19:00:00+00:00,0.8913800120353699,0.8919000029563904,0.8904500007629395,0.8913599848747253,0,0.8918694063104852,0.8925278096426167,43.17862681871197,False,0,1.1233921199504948e-05,0.0
2025-07-22 20:00:00+00:00,0.891290009021759,0.8919199705123901,0.8904200196266174,0.8913999795913696,0,0.8918012419235761,0.8924872260157033,42.43867642201636,False,0,-0.00010097041934487017,-0.0
2025-07-22 21:00:00+00:00,0.89096999168396,0.8917700052261353,0.8901900053024292,0.8913000226020813,0,0.8917034477777388,0.8924374806277773,39.825345129177606,False,0,-0.00035904961859756224,-0.0
2025-07-22 22:00:00+00:00,0.8911700248718262,0.8916500210762024,0.8901799917221069,0.8911700248718262,0,0.8916406921417491,0.8923959247013526,42.22042612279103,False,0,0.00022451170043136237,0.0
2025-07-22 23:00:00+00:00,0.8914099931716919,0.8918099999427795,0.8903899788856506,0.8911399841308594,0,0.8916135510864482,0.8923635990774293,45.04622116994637,False,0,0.00026927330718984344,0.0
2025-07-23 00:00:00+00:00,0.8913000226020813,0.8916299939155579,0.8901399970054626,0.8914099931716919,0,0.8915766653824051,0.8923287277175819,43.98458881788208,False,0,-0.00012336699212822655,-0.0
2025-07-23 01:00:00+00:00,0.8921599984169006,0.8923699855804443,0.890529990196228,0.8913099765777588,0,0.8916452927982281,0.8923231956093628,53.261172022067726,False,0,0.0009648555963330807,0.0
2025-07-23 02:00:00+00:00,0.8916699886322021,0.8925399780273438,0.8906099796295166,0.8921399712562561,0,0.8916481981904604,0.8923017789871608,48.34799735839302,False,0,-0.0005492398062768578,-0.0
2025-07-23 03:00:00+00:00,0.8923400044441223,0.8928300142288208,0.8909000158309937,0.8916699886322021,0,0.8917295871614793,0.8923030322808316,54.52514260767607,False,0,0.0007514168026985235,0.0
2025-07-23 04:00:00+00:00,0.8930100202560425,0.8931800127029419,0.8914999961853027,0.8923500180244446,0,0.8918802263490749,0.8923262122144451,59.71365861427536,False,0,0.000750852599438856,0.0
2025-07-23 05:00:00+00:00,0.893559992313385,0.893809974193573,0.8918499946594238,0.89301997423172,0,0.8920778458742878,0.8923666640209678,63.404610972853575,False,0,0.0006158632544626119,0.0
2025-07-23 06:00:00+00:00,0.8933899998664856,0.8937100172042847,0.8919699788093567,0.8935400247573853,0,0.8922322169321935,0.8924002160159027,61.52819773196824,False,0,-0.00019024178383286738,-0.0
2025-07-23 07:00:00+00:00,0.8938800096511841,0.8941599726676941,0.8925399780273438,0.8932999968528748,0,0.8924260748991335,0.8924487338400103,64.76517449724523,False,0,0.0005484836239175728,0.0
2025-07-23 08:00:00+00:00,0.8941400051116943,0.8945299983024597,0.8928300142288208,0.8938400149345398,0,0.8926277137476701,0.8925041853571147,66.38147249142463,True,0,0.0002908617014623083,0.0
2025-07-23 09:00:00+00:00,0.8945099711418152,0.8946200013160706,0.8929700255393982,0.89410001039505,0,0.8928491557940401,0.8925699488254655,68.58950212046355,True,1,0.0004137674502939781,0.0004137674502939781
2025-07-23 10:00:00+00:00,0.8951900005340576,0.8954799771308899,0.8936399817466736,0.8945500254631042,0,0.8931245492928657,0.8926558521601734,72.20334498292539,False,1,0.0007602256142258401,0.0007602256142258401
2025-07-23 11:00:00+00:00,0.8958399891853333,0.8960999846458435,0.8942599892616272,0.8951900005340576,0,0.8934440128096266,0.8927602500954245,75.14669170571008,False,0,0.0007260901606227499,0.0
2025-07-23 12:00:00+00:00,0.896120011806488,0.8963299989700317,0.8949300050735474,0.8958500027656555,0,0.893758836221022,0.8928704062170986,76.31048814740632,False,0,0.0003125810686452901,0.0
2025-07-23 13:00:00+00:00,0.896589994430542,0.8967400193214417,0.8949400186538696,0.8961099982261658,0,0.8940919136574361,0.8929923599290147,78.15906461648711,False,0,0.000524463931015795,0.0
2025-07-23 14:00:00+00:00,0.8967599868774414,0.8977199792861938,0.8956999778747559,0.8965499997138977,0,0.8944058046244956,0.8931158886814221,78.80335398175622,False,0,0.00018959886676794824,0.0
2025-07-23 15:00:00+00:00,0.8967400193214417,0.8972300291061401,0.8951399922370911,0.8967700004577637,0,0.8946804181182539,0.8932347126368325,78.51038825046003,False,0,-2.226633245450138e-05,-0.0
2025-07-23 16:00:00+00:00,0.8962699770927429,0.8973199725151062,0.8954399824142456,0.8967700004577637,0,0.894867425056429,0.8933342295042394,71.7483063861467,False,0,-0.000524167783940821,-0.0
2025-07-23 17:00:00+00:00,0.8968700170516968,0.8969900012016296,0.8954399824142456,0.896340012550354,0,0.8951030241146958,0.8934501569648117,74.73936880757424,False,0,0.000669485728954422,0.0
2025-07-23 18:00:00+00:00,0.8972200155258179,0.8975399732589722,0.8958500027656555,0.8968600034713745,0,0.8953520819277689,0.8935737588848447,76.31455943078814,False,0,0.00039024436926959893,0.0
2025-07-23 19:00:00+00:00,0.8973199725151062,0.8978099822998047,0.8963900208473206,0.8972100019454956,0,0.8955835984674556,0.8936965855612466,76.76026875555743,False,0,0.00011140744472770692,0.0
2025-07-23 20:00:00+00:00,0.8974000215530396,0.8979300260543823,0.8964200019836426,0.8973299860954285,0,0.8957972953010537,0.893818009692125,77.13140836428158,False,0,8.920902285169952e-05,0.0
2025-07-23 21:00:00+00:00,0.8970100283622742,0.8974400162696838,0.8961799740791321,0.8971800208091736,0,0.8959399697788443,0.8939226660419659,71.16822796938746,False,0,-0.00043458121395012483,-0.0
2025-07-23 22:00:00+00:00,0.8979700207710266,0.8980500102043152,0.8966599702835083,0.8970900177955627,0,0.8961787993073362,0.8940553661970171,76.07217122594572,False,0,0.0010702136859106481,0.0
2025-07-23 23:00:00+00:00,0.8977299928665161,0.8981299996376038,0.8968899846076965,0.8979399800300598,0,0.8963612926672397,0.8941758457599515,72.74074306677517,False,0,-0.0002673005768103476,-0.0
2025-07-24 00:00:00+00:00,0.8979600071907043,0.8980500102043152,0.8966900110244751,0.8977400064468384,0,0.8965493767288238,0.8942999166265334,73.91943281102041,False,0,0.0002562177113563102,0.0
2025-07-24 01:00:00+00:00,0.8987600207328796,0.8991000056266785,0.8971800208091736,0.8979600071907043,0,0.8968094524940069,0.8944461495480529,77.5547123095987,False,0,0.0008909233549032614,0.0
2025-07-24 02:00:00+00:00,0.8991000056266785,0.8992300033569336,0.8976200222969055,0.8987600207328796,0,0.8970789293331447,0.8945987349932537,78.90068455914498,False,0,0.0003782821731674879,0.0
2025-07-24 03:00:00+00:00,0.8997499942779541,0.9002199769020081,0.8981599807739258,0.8990700244903564,0,0.8973931722678282,0.894767628740293,81.21941793969258,False,0,0.000722932540549337,0.0
2025-07-24 04:00:00+00:00,0.9002100229263306,0.9002599716186523,0.8985199928283691,0.8997399806976318,0,0.8977245664629462,0.8949460678939336,82.67093260360917,False,0,0.0005112849694937083,0.0
2025-07-24 05:00:00+00:00,0.9003300070762634,0.9007499814033508,0.8993099927902222,0.9002299904823303,0,0.8980310888880423,0.8951225904900756,83.03913288423107,False,0,0.00013328461900785626,0.0
2025-07-24 06:00:00+00:00,0.8998500108718872,0.9005299806594849,0.8987399935722351,0.9003099799156189,0,0.898245079709671,0.8952775878796432,76.07525791134407,False,0,-0.0005331336294509548,-0.0
2025-07-24 07:00:00+00:00,0.8994100093841553,0.9002100229263306,0.8984900116920471,0.8998000025749207,0,0.8983821302596103,0.8954130771092993,70.25865994491578,False,0,-0.0004889720313562274,-0.0
2025-07-24 08:00:00+00:00,0.9005399942398071,0.9007800221443176,0.8982800245285034,0.8994200229644775,0,0.8986359966102216,0.8955811727529225,75.45000783123184,False,0,0.0012563623307078053,0.0
2025-07-24 09:00:00+00:00,0.9004600048065186,0.9007499814033508,0.8993200063705444,0.9004799723625183,0,0.8988505858097859,0.8957411344595978,74.45921527378982,False,0,-8.882385435426965e-05,-0.0
2025-07-24 10:00:00+00:00,0.8996599912643433,0.9006199836730957,0.8986499905586243,0.9004999995231628,0,0.8989458099809103,0.8958696215679501,65.23269073288692,True,0,-0.0008884498344234881,-0.0
2025-07-24 11:00:00+00:00,0.9002599716186523,0.9002900123596191,0.898829996585846,0.8996700048446655,0,0.8991004172324093,0.8960135674712518,68.39563229011625,True,1,0.0006668967833791672,0.0006668967833791672
2025-07-24 12:00:00+00:00,0.8993200063705444,0.9009799957275391,0.8986799716949463,0.9002100229263306,0,0.8991262512486604,0.8961219753040155,59.29452686397011,True,1,-0.0010441042340445517,-0.0010441042340445517
2025-07-24 13:00:00+00:00,0.899869978427887,0.900439977645874,0.8987100124359131,0.8994600176811218,0,0.8992137485638635,0.8962448606523391,62.44346951924029,True,1,0.0006115421134265109,0.0006115421134265109
2025-07-24 14:00:00+00:00,0.8995699882507324,0.9009000062942505,0.8987799882888794,0.8997799754142761,0,0.8992556591152597,0.8963538812293356,59.72921933213043,True,1,-0.0003333705805794729,-0.0003333705805794729
2025-07-24 15:00:00+00:00,0.9003000259399414,0.9004600048065186,0.8984500169754028,0.8996700048446655,0,0.8993785258005164,0.8964832630231259,63.84756959482972,True,1,0.0008115407347333292,0.0008115407347333292
2025-07-24 16:00:00+00:00,0.8993899822235107,0.900409996509552,0.8986200094223022,0.9002699851989746,0,0.8993798736149863,0.8965785652919909,56.14015851309568,True,1,-0.0010108227148839521,-0.0010108227148839521
2025-07-24 17:00:00+00:00,0.8998200297355652,0.8999599814414978,0.8985700011253357,0.8993600010871887,0,0.8994316566879955,0.896684842814731,58.67865997262477,True,1,0.00047815466099732085,0.00047815466099732085
2025-07-24 18:00:00+00:00,0.900189995765686,0.90038001537323,0.8988500237464905,0.8998100161552429,0,0.8995208730500768,0.8967997658623033,60.78161579687911,True,1,0.00041115558433335586,0.00041115558433335586
2025-07-24 19:00:00+00:00,0.8994799852371216,0.900189995765686,0.8984699845314026,0.9001700282096863,0,0.8995160627191409,0.8968876419073792,54.99690531529982,True,1,-0.0007887340804765275,-0.0007887340804765275
2025-07-24 20:00:00+00:00,0.8981500267982483,0.8996599912643433,0.8979200124740601,0.8994100093841553,0,0.8993553526108006,0.8969290315759323,46.138923089401516,True,1,-0.0014785859170870497,-0.0014785859170870497
2025-07-24 21:00:00+00:00,0.8985999822616577,0.9005200266838074,0.8977500200271606,0.8978099822998047,0,0.8992664855109014,0.8969838168443166,49.124455341520374,True,1,0.00050098029280643,0.00050098029280643
2025-07-24 22:00:00+00:00,0.8995100259780884,0.8995599746704102,0.8979300260543823,0.8984699845314026,0,0.8992951373305704,0.8970666433732927,54.60509507270776,True,1,0.0010127350705484428,0.0010127350705484428
2025-07-24 23:00:00+00:00,0.8994899988174438,0.8998200297355652,0.8984400033950806,0.8994200229644775,0,0.899318062211379,0.8971460976501501,54.466039055704535,True,1,-2.2264521868708975e-05,-2.2264521868708975e-05
2025-07-25 00:00:00+00:00,0.8995500206947327,0.8999199867248535,0.8984699845314026,0.8994100093841553,0,0.8993453514447147,0.8972249147991528,54.83724245601809,True,1,6.67287878328704e-05,6.67287878328704e-05
2025-07-25 01:00:00+00:00,0.898859977722168,0.8996899724006653,0.8975800275802612,0.8995299935340881,0,0.8992882486538268,0.8972785234195795,49.80984783420789,True,1,-0.0007670979452946147,-0.0007670979452946147
2025-07-25 02:00:00+00:00,0.8986999988555908,0.8989899754524231,0.8974900245666504,0.8988100290298462,0,0.8992190427952108,0.8973251291715798,48.695232599690435,True,1,-0.0001779797416083806,-0.0001779797416083806
2025-07-25 03:00:00+00:00,0.8988699913024902,0.898930013179779,0.8975899815559387,0.8986899852752686,0,0.8991779779137143,0.8973757803889867,49.97620015719683,True,1,0.00018915371883365673,0.00018915371883365673
2025-07-25 04:00:00+00:00,0.8975399732589722,0.8991400003433228,0.8963900208473206,0.898829996585846,0,0.8989852714837446,0.8973811637617731,41.289866995981384,True,1,-0.001479655630277299,-0.001479655630277299
2025-07-25 05:00:00+00:00,0.8980100154876709,0.8984599709510803,0.8966900110244751,0.8974699974060059,0,0.8988705354842065,0.8974017818511468,44.9326354725104,True,1,0.0005237006068843364,0.0005237006068843364
2025-07-25 06:00:00+00:00,0.8986799716949463,0.8987299799919128,0.8970400094985962,0.8980100154876709,0,0.8988481162148818,0.8974436897148779,49.72112235266008,True,1,0.0007460453622130103,0.0007460453622130103
2025-07-25 07:00:00+00:00,0.8985000252723694,0.8988800048828125,0.8974000215530396,0.8986700177192688,0,0.8988071643392921,0.8974783236675825,48.50118413527868,True,1,-0.0002002341525844109,-0.0002002341525844109
2025-07-25 08:00:00+00:00,0.8981800079345703,0.8987299799919128,0.8970400094985962,0.8985099792480469,0,0.8987333812328542,0.8975013297091231,46.32436971011002,True,1,-0.00035616842381502867,-0.00035616842381502867
2025-07-25 09:00:00+00:00,0.8975600004196167,0.8982499837875366,0.896120011806488,0.8981800079345703,0,0.8985953364312969,0.8975032533389753,42.35783759739187,True,1,-0.0006902931589174433,-0.0006902931589174433
2025-07-25 10:00:00+00:00,0.8975800275802612,0.8976399898529053,0.8963800072669983,0.8975099921226501,0,0.898475888331175,0.8975057705272141,42.52901923453763,True,1,2.2312893439124792e-05,2.2312893439124792e-05
2025-07-25 11:00:00+00:00,0.8977900147438049,0.8979799747467041,0.8958600163459778,0.8975300192832947,0,0.8983951973208961,0.8975150900097253,44.393677016388295,True,1,0.00023394812394594844,0.00023394812394594844
2025-07-25 12:00:00+00:00,0.8975899815559387,0.8982099890708923,0.8963099718093872,0.8977900147438049,0,0.8983004660544305,0.8975175454702569,42.963645381325094,True,1,-0.00022280620699854925,-0.00022280620699854925
2025-07-25 13:00:00+00:00,0.898639976978302,0.8989499807357788,0.8964800238609314,0.8975800275802612,0,0.8983404085160624,0.8975543465033075,51.749711621004764,True,1,0.0011697940528960782,0.0011697940528960782
2025-07-25 14:00:00+00:00,0.8988400101661682,0.8994100093841553,0.8975899815559387,0.8986799716949463,0,0.8983991851807808,0.8975964994102864,53.22789713740826,True,1,0.00022259546981073797,0.00022259546981073797
2025-07-25 15:00:00+00:00,0.8988699913024902,0.8991199731826782,0.8974499702453613,0.8988199830055237,0,0.898454574136276,0.8976382532428177,53.45804364033389,True,1,3.335536467319322e-05,3.335536467319322e-05
2025-07-25 16:00:00+00:00,0.8997700214385986,0.8999300003051758,0.8981000185012817,0.8988100290298462,0,0.8986093326424317,0.8977081472820236,59.84572087315649,True,1,0.0010012906703051883,0.0010012906703051883
2025-07-25 17:00:00+00:00,0.8996400237083435,0.8999099731445312,0.8986600041389465,0.8997300267219543,0,0.8987305904148919,0.8977714874927226,58.59482547347979,True,1,-0.00014447884143475864,-0.00014447884143475864
2025-07-25 18:00:00+00:00,0.8999000191688538,0.9000599980354309,0.8984699845314026,0.8997099995613098,0,0.8988681702682992,0.8978412754165301,60.37857025199422,True,1,0.00028899943717330956,0.00028899943717330956
2025-07-25 19:00:00+00:00,0.8994699716567993,0.9000599980354309,0.8985499739646912,0.8998900055885315,0,0.8989389704316522,0.8978946752932603,56.07542480892213,True,1,-0.0004778836569552247,-0.0004778836569552247
2025-07-25 20:00:00+00:00,0.898829996585846,0.8999099731445312,0.8983500003814697,0.8995500206947327,0,0.8989261499792043,0.8979253415651482,50.32715812246208,True,1,-0.0007115024304530371,-0.0007115024304530371
2025-07-25 21:00:00+00:00,0.8987399935722351,0.8987399935722351,0.8987399935722351,0.8987399935722351,0,0.8989042492254432,0.89795205146702,49.557753789723705,True,1,-0.00010013352241544649,-0.00010013352241544649
2025-07-27 23:00:00+00:00,0.9003400206565857,0.9004999995231628,0.8992000222206116,0.9001299738883972,0,0.8990731635114599,0.898030345538809,60.97883903352555,True,1,0.0017803003046419352,0.0017803003046419352
2025-07-28 00:00:00+00:00,0.9010599851608276,0.9011300206184387,0.8994600176811218,0.9003199934959412,0,0.8993069072349149,0.8981296779854325,64.83689567233861,True,1,0.0007996584487235392,0.0007996584487235392
2025-07-28 01:00:00+00:00,0.899940013885498,0.9014999866485596,0.8990799784660339,0.9010599851608276,0,0.8993813903702776,0.8981890332608445,55.62372777354162,True,1,-0.001242948631360763,-0.001242948631360763
2025-07-28 02:00:00+00:00,0.9003300070762634,0.9007300138473511,0.8990499973297119,0.9000200033187866,0,0.8994929923356877,0.8982592291236452,57.868775990469764,True,1,0.00043335465114124894,0.00043335465114124894
2025-07-28 03:00:00+00:00,0.8992699980735779,0.9004600048065186,0.8982999920845032,0.9003000259399414,0,0.899466757716616,0.8982923690892167,50.404594454279476,True,1,-0.0011773560742774913,-0.0011773560742774913
2025-07-28 04:00:00+00:00,0.8992599844932556,0.8994100093841553,0.8979399800300598,0.8993099927902222,0,0.8994424314550441,0.8983240941844312,50.33853986046531,True,1,-1.1135232292569519e-05,-1.1135232292569519e-05
2025-07-28 05:00:00+00:00,0.8990499973297119,0.899399995803833,0.8978899717330933,0.8992300033569336,0,0.8993962627344168,0.8983478942875551,48.89158474090694,True,1,-0.00023351107262048476,-0.00023351107262048476
2025-07-28 06:00:00+00:00,0.8980200290679932,0.8991699814796448,0.8971199989318848,0.8990100026130676,0,0.899234352891308,0.8983371446082252,42.44671285868728,True,1,-0.001145618447002783,-0.001145618447002783
2025-07-28 07:00:00+00:00,0.8962200284004211,0.8983100056648254,0.8954700231552124,0.8979600071907043,0,0.8988797264806154,0.8982677309620677,34.009267716733575,True,1,-0.0020044103798443347,-0.0020044103798443347
2025-07-28 08:00:00+00:00,0.8954700231552124,0.8962299823760986,0.8942599892616272,0.8962100148200989,0,0.8984785849129209,0.8981760028372527,31.224207197578792,True,1,-0.0008368539214052007,-0.0008368539214052007
2025-07-28 09:00:00+00:00,0.8956800103187561,0.8961899876594543,0.8942899703979492,0.895389974117279,0,0.8981493408430191,0.8980941670169741,32.881475732958904,True,1,0.00023449937810737786,0.00023449937810737786
2025-07-28 10:00:00+00:00,0.8956400156021118,0.896619975566864,0.8947200179100037,0.8956500291824341,0,0.8978541261087947,0.8980137030361588,32.71975641469865,False,1,-4.465290749322559e-05,-4.465290749322559e-05
2025-07-28 11:00:00+00:00,0.8956599831581116,0.8962299823760986,0.8946599960327148,0.895579993724823,0,0.8975959916440084,0.8979365318926162,32.897199148290284,False,0,2.2294175842985098e-05,0.0
2025-07-28 12:00:00+00:00,0.8962399959564209,0.8962500095367432,0.8945500254631042,0.8956400156021118,0,0.8974364627395863,0.8978809077635606,38.011422419543386,False,0,0.0006475814586068829,0.0
2025-07-28 13:00:00+00:00,0.8939499855041504,0.8963500261306763,0.8931699991226196,0.8962200284004211,0,0.8970262889471821,0.8977520250665306,28.708262019318497,False,0,-0.002555130838394204,-0.0
2025-07-28 14:00:00+00:00,0.895389974117279,0.895609974861145,0.8930500149726868,0.8939399719238281,0,0.8968337813201346,0.8976745807731125,38.84412734813622,False,0,0.0016108156345195912,0.0
2025-07-28 15:00:00+00:00,0.894029974937439,0.8954799771308899,0.8930799961090088,0.8952999711036682,0,0.8965039217456998,0.8975550854998117,33.9366838905584,False,0,-0.0015188903373425378,-0.0
2025-07-28 16:00:00+00:00,0.8939499855041504,0.8944100141525269,0.8929399847984314,0.894029974937439,0,0.8962034586584587,0.8974368854999538,33.667272147579766,False,0,-8.947063916309173e-05,-0.0
2025-07-28 17:00:00+00:00,0.8942599892616272,0.8945199847221375,0.8929799795150757,0.8939200043678284,0,0.895974815200008,0.8973327249675497,35.794615501775624,False,0,0.00034677975558317087,0.0
2025-07-28 18:00:00+00:00,0.8948900103569031,0.8949499726295471,0.8933299779891968,0.8942800164222717,0,0.8958471911008191,0.8972526359639219,40.005687177976185,False,0,0.0007045166985455431,0.0
2025-07-28 19:00:00+00:00,0.8956400156021118,0.8957800269126892,0.8938800096511841,0.8948799967765808,0,0.8958228175127358,0.8971997631651739,44.65899830346304,False,0,0.0008380976841049215,0.0
2025-07-28 20:00:00+00:00,0.8955100178718567,0.8958500027656555,0.8944200277328491,0.8956500291824341,0,0.8957860175549853,0.8971443616801471,44.02165341045682,False,0,-0.0001451450672039778,-0.0
2025-07-28 21:00:00+00:00,0.8958500027656555,0.8958899974822998,0.8941400051116943,0.8953499794006348,0,0.8957935452268289,0.8971019236829506,46.18476683900809,False,0,0.00037965504239334535,0.0
2025-07-28 22:00:00+00:00,0.8961700201034546,0.8961799740791321,0.8947700262069702,0.8958799839019775,0,0.8958378363887848,0.8970713694672294,48.213272684903885,False,0,0.0003572220090541922,0.0
2025-07-28 23:00:00+00:00,0.8957300186157227,0.8963199853897095,0.8946999907493591,0.8961499929428101,0,0.8958251519448951,0.8970273907507866,45.66458915594863,False,0,-0.0004909799232974965,-0.0
2025-07-29 00:00:00+00:00,0.8949999809265137,0.8957300186157227,0.8938300013542175,0.8956300020217896,0,0.8957280730015561,0.8969609182975318,41.72358628822712,False,0,-0.0008150197872537346,-0.0
2025-07-29 01:00:00+00:00,0.895829975605011,0.8962900042533875,0.8939899802207947,0.8949900269508362,0,0.895740061543139,0.8969238382092524,47.293008392701736,False,0,0.0009273683756261253,0.0
2025-07-29 02:00:00+00:00,0.8963599801063538,0.896589994430542,0.8949400186538696,0.8958200216293335,0,0.8958129931388114,0.8969053510583376,50.54336361220085,False,0,0.0005916351492758487,0.0
2025-07-29 03:00:00+00:00,0.8956599831581116,0.8964599967002869,0.8945599794387817,0.8962699770927429,0,0.8957949919646113,0.8968645193239039,46.4675557889388,False,0,-0.000780932843698734,-0.0
2025-07-29 04:00:00+00:00,0.8957300186157227,0.8959900140762329,0.8944699764251709,0.8956199884414673,0,0.8957873480412126,0.8968273225793734,46.92867792629671,False,0,7.819424662036667e-05,0.0
2025-07-29 05:00:00+00:00,0.8960300087928772,0.8962500095367432,0.8947799801826477,0.8956800103187561,0,0.8958158963649379,0.8968011811437505,48.95687387568164,False,0,0.0003349113805721782,0.0
2025-07-29 06:00:00+00:00,0.8943899869918823,0.8966100215911865,0.8935099840164185,0.8960300087928772,0,0.895648142321049,0.8967221255977875,39.96488362702029,False,0,-0.0018303201733212981,-0.0
2025-07-29 07:00:00+00:00,0.894599974155426,0.8948799967765808,0.8929799795150757,0.8943799734115601,0,0.895524828419211,0.8966525468619724,41.447788396557335,False,0,0.00023478255190445552,0.0
2025-07-29 08:00:00+00:00,0.8952699899673462,0.8954200148582458,0.8935499787330627,0.8945500254631042,0,0.895494847424874,0.8966072171277223,46.02865975597538,False,0,0.0007489557693680648,0.0
2025-07-29 09:00:00+00:00,0.8956400156021118,0.8958100080490112,0.894320011138916,0.8952500224113464,0,0.8955119260339607,0.8965755056022924,48.428308167788714,False,0,0.00041331178182257844,0.0
2025-07-29 10:00:00+00:00,0.8953800201416016,0.8960899710655212,0.8943799734115601,0.8956000208854675,0,0.8954964076936831,0.8965363093576796,46.85203491284153,False,0,-0.0002902901344079556,-0.0
2025-07-29 11:00:00+00:00,0.8947200179100037,0.8954700231552124,0.8937199711799622,0.895389974117279,0,0.8954050677191325,0.8964767588184115,43.0237456207541,False,0,-0.0007371196774007549,-0.0
2025-07-29 12:00:00+00:00,0.8953400254249573,0.8954200148582458,0.8937900066375732,0.8947399854660034,0,0.8953974156845236,0.896439488871085,47.37398364075434,False,0,0.0006929626056673133,0.0
2025-07-29 13:00:00+00:00,0.895550012588501,0.8958500027656555,0.8937000036239624,0.8952299952507019,0,0.8954153682614621,0.8964103257142789,48.79982448505203,False,0,0.00023453342593948712,0.0
2025-07-29 14:00:00+00:00,0.8969799876213074,0.8970199823379517,0.8932300209999084,0.8956500291824341,0,0.8955994411273263,0.8964290031538537,57.286801724771216,False,0,0.001596756197538518,0.0
2025-07-29 15:00:00+00:00,0.89656001329422,0.8971700072288513,0.8951600193977356,0.8968999981880188,0,0.8957124496175489,0.8964332985682918,54.433006033681174,False,0,-0.00046820924979729117,-0.0
2025-07-29 16:00:00+00:00,0.8968700170516968,0.8970400094985962,0.8955600261688232,0.8965499997138977,0,0.8958486340215663,0.8964476172070919,56.16873228308207,False,0,0.0003457702249487493,0.0
2025-07-29 17:00:00+00:00,0.8967499732971191,0.8974499702453613,0.8958699703216553,0.8968499898910522,0,0.8959546739363373,0.896457530521519,55.29044173796143,False,0,-0.00013384743864253146,-0.0
2025-07-29 18:00:00+00:00,0.8969699740409851,0.8970000147819519,0.8955199718475342,0.89683997631073,0,0.8960741210074723,0.8964743319483868,56.628925269008754,False,0,0.0002453311964505378,0.0
2025-07-29 19:00:00+00:00,0.8972499966621399,0.8973100185394287,0.895799994468689,0.8969100117683411,0,0.8962124593197861,0.8964997635783459,58.33854959602439,False,0,0.00031218728525916895,0.0
2025-07-29 20:00:00+00:00,0.8960300087928772,0.8975800275802612,0.8955299854278564,0.897159993648529,0,0.8961909945519145,0.896484361782101,49.233040339781745,False,0,-0.0013596967108400193,-0.0
2025-07-29 21:00:00+00:00,0.8965299725532532,0.896619975566864,0.8952000141143799,0.8959000110626221,0,0.8962308743167778,0.8964858572172207,52.5046917227206,False,0,0.0005579765805494574,0.0
2025-07-29 22:00:00+00:00,0.8968799710273743,0.8969500064849854,0.8956900238990784,0.8965100049972534,0,0.8963072386356715,0.896498778981488,54.705313623139396,False,0,0.0003903923849017943,0.0
2025-07-29 23:00:00+00:00,0.8971099853515625,0.8971499800682068,0.8957800269126892,0.8968999981880188,0,0.8964016794257763,0.8965188185346051,56.1434581050892,False,0,0.0002564605427912703,0.0
2025-07-30 00:00:00+00:00,0.8979899883270264,0.8981199860572815,0.8959800004959106,0.8970800042152405,0,0.8965885392965116,0.8965670536097664,61.2169933156524,True,0,0.000980930978177641,0.0
2025-07-30 01:00:00+00:00,0.8969200253486633,0.8983200192451477,0.8953499794006348,0.8980299830436707,0,0.8966275376555882,0.8965786264536646,53.16390500808306,True,1,-0.0011915088055228784,-0.0011915088055228784
2025-07-30 02:00:00+00:00,0.8972399830818176,0.8974400162696838,0.895799994468689,0.8968899846076965,0,0.896699590058674,0.8966003102775384,55.067437090047214,True,1,0.0003567293895907486,0.0003567293895907486
2025-07-30 03:00:00+00:00,0.8970900177955627,0.8974999785423279,0.8958899974822998,0.8972700238227844,0,0.896745522733602,0.8966163662617359,53.96046163336928,True,1,-0.00016714066368261893,-0.00016714066368261893
2025-07-30 04:00:00+00:00,0.8964499831199646,0.8971999883651733,0.8954799771308899,0.8970699906349182,0,0.8967107533672917,0.8966109110767598,49.39655034148945,True,1,-0.0007134564680263411,-0.0007134564680263411
2025-07-30 05:00:00+00:00,0.8966100215911865,0.8970999717712402,0.8950499892234802,0.8963900208473206,0,0.8966989025701028,0.8966108819132984,50.52340249121767,True,1,0.0001785247077197294,0.0001785247077197294
2025-07-30 06:00:00+00:00,0.8962600231170654,0.8969200253486633,0.8953400254249573,0.8965399861335754,0,0.8966472696932749,0.8965993783462087,48.00569090538905,True,1,-0.0003903575308025209,-0.0003903575308025209
2025-07-30 07:00:00+00:00,0.8951799869537354,0.8964700102806091,0.8942300081253052,0.8961600065231323,0,0.8964746481945055,0.8965528409235046,41.18525708703031,False,1,-0.001205047793578773,-0.001205047793578773
2025-07-30 08:00:00+00:00,0.895389974117279,0.895579993724823,0.8940399885177612,0.8951299786567688,0,0.8963470394795376,0.8965147141429726,42.884336334141175,False,0,0.00023457535535209573,0.0
2025-07-30 09:00:00+00:00,0.8956300020217896,0.8957800269126892,0.8943300247192383,0.8953700065612793,0,0.8962626821315672,0.8964857071881797,44.84571026364186,False,0,0.0002680707975841745,0.0
2025-07-30 10:00:00+00:00,0.8949599862098694,0.8957700133323669,0.894029974937439,0.8956000208854675,0,0.8961094237878381,0.8964356835495466,40.64940244515931,False,0,-0.0007480944256084143,-0.0
2025-07-30 11:00:00+00:00,0.8943700194358826,0.8952599763870239,0.8932300209999084,0.8948900103569031,0,0.8959047879817257,0.8963679568572953,37.33650999883929,False,0,-0.0006592102251244958,-0.0
2025-07-30 12:00:00+00:00,0.8926100134849548,0.894819974899292,0.891700029373169,0.8944399952888489,0,0.8955171674526937,0.8962447455991858,29.589104908317125,False,0,-0.0019678722594456133,-0.0
2025-07-30 13:00:00+00:00,0.8909000158309937,0.8927800059318542,0.8898800015449524,0.8926500082015991,0,0.8949739731442584,0.8960695085576057,24.310866080781082,False,0,-0.0019157276169073922,-0.0
2025-07-30 14:00:00+00:00,0.8920699954032898,0.892270028591156,0.8899099826812744,0.8908900022506714,0,0.8946323287041444,0.8959383769787757,33.103662153568436,False,0,0.00131325575430008,0.0
2025-07-30 15:00:00+00:00,0.8910899758338928,0.8922399878501892,0.889989972114563,0.8921200037002563,0,0.8942155813076442,0.8957794130068123,29.9636630639056,False,0,-0.001098590440713032,-0.0
2025-07-30 16:00:00+00:00,0.8914700150489807,0.8916500210762024,0.8900600075721741,0.8910499811172485,0,0.8938925735125074,0.8956381212704899,32.63226487123876,False,0,0.00042648803756573095,0.0
2025-07-30 17:00:00+00:00,0.8915899991989136,0.8924199938774109,0.8905199766159058,0.8914499878883362,0,0.8936216824167904,0.8955053959566677,33.49385806030858,False,0,0.00013459134677273887,0.0
2025-07-30 18:00:00+00:00,0.8884299993515015,0.8928999900817871,0.887939989566803,0.8915799856185913,0,0.8930108961738151,0.8952734157401048,24.578277633674574,False,0,-0.003544229803218224,-0.0
2025-07-30 19:00:00+00:00,0.8898199796676636,0.8900200128555298,0.8873599767684937,0.8884599804878235,0,0.8926354942319149,0.8950946145574017,33.023535884173185,False,0,0.0015645355483007162,0.0
2025-07-30 20:00:00+00:00,0.8891100287437439,0.8913300037384033,0.8889099955558777,0.8899000287055969,0,0.8922207335862478,0.8948983986290849,31.107573466357707,False,0,-0.0007978590503046057,-0.0
2025-07-30 21:00:00+00:00,0.8898400068283081,0.8899999856948853,0.8886200189590454,0.8891199827194214,0,0.8919406480853136,0.8947325497175841,35.26629692315065,False,0,0.0008210210895895909,0.0
2025-07-30 22:00:00+00:00,0.8910300135612488,0.8912500143051147,0.8893399834632874,0.8899700045585632,0,0.8918335146118941,0.8946111550895075,41.46922976970175,False,0,0.0013373266247966864,0.0
2025-07-30 23:00:00+00:00,0.8909100294113159,0.8915500044822693,0.8899099826812744,0.8910300135612488,0,0.8917248692941789,0.8944898067066159,41.04220170114536,False,0,-0.0001346578096211859,-0.0
2025-07-31 00:00:00+00:00,0.8909299969673157,0.8913400173187256,0.889930009841919,0.8909199833869934,0,0.8916313549027832,0.8943730916331962,41.15080841414595,False,0,2.241253924695208e-05,0.0
2025-07-31 01:00:00+00:00,0.8920800089836121,0.8921399712562561,0.8892599940299988,0.8908399939537048,0,0.8916841377358219,0.894297908595505,47.18519643132937,False,0,0.0012907995243296444,0.0
2025-07-31 02:00:00+00:00,0.8921099901199341,0.8923699855804443,0.89055997133255,0.8920900225639343,0,0.8917342380163056,0.894226173563519,47.33680729087363,False,0,3.360812485442288e-05,0.0
2025-07-31 03:00:00+00:00,0.8924199938774109,0.892490029335022,0.8909000158309937,0.8921200037002563,0,0.8918149151764356,0.894166954557417,48.96805645393695,False,0,0.00034749499603203837,0.0
2025-07-31 04:00:00+00:00,0.8934500217437744,0.8934900164604187,0.8912400007247925,0.8923299908638,0,0.892007280654946,0.8941434485635271,54.0598651940989,False,0,0.0011541963127565946,0.0
2025-07-31 05:00:00+00:00,0.893559992313385,0.8937399983406067,0.8923299908638,0.8933500051498413,0,0.8921899526147623,0.8941243188504078,54.58091654142794,False,0,0.00012308530632298975,0.0
2025-07-31 06:00:00+00:00,0.8941199779510498,0.8944399952888489,0.8926600217819214,0.8935199975967407,0,0.8924170144190314,0.8941241765258386,57.24045589766352,False,0,0.0006266905887482022,0.0
2025-07-31 07:00:00+00:00,0.89410001039505,0.8942899703979492,0.8929100036621094,0.89410001039505,0,0.8926150139456219,0.8941233841936816,57.11203715517966,False,0,-2.2332076781816923e-05,-0.0
2025-07-31 08:00:00+00:00,0.893530011177063,0.8942000269889832,0.8923900127410889,0.8940600156784058,0,0.8927226606787326,0.8941039293406777,53.42717241399612,False,0,-0.0006375117004362441,-0.0
2025-07-31 09:00:00+00:00,0.8927299976348877,0.893589973449707,0.8918099999427795,0.8935099840164185,0,0.8927235238500449,0.8940588823995043,48.6798284353838,False,0,-0.000895340427482072,-0.0
2025-07-31 10:00:00+00:00,0.8914200067520142,0.8928899765014648,0.8906700015068054,0.892769992351532,0,0.8925701688973354,0.8939723618864718,42.08542063466331,False,0,-0.001467398750287452,-0.0
2025-07-31 11:00:00+00:00,0.891700029373169,0.8918799757957458,0.8906199932098389,0.8914600014686584,0,0.8924677995415512,0.8938978591811175,43.83683091222341,False,0,0.0003141309585086294,0.0
2025-07-31 12:00:00+00:00,0.8906000256538391,0.8920800089836121,0.889680027961731,0.8916699886322021,0,0.8922480614371144,0.8937897334916985,38.86471550033706,False,0,-0.0012336028743916705,-0.0
2025-07-31 13:00:00+00:00,0.8910499811172485,0.8912699818611145,0.8890100121498108,0.8905100226402283,0,0.8921071108112478,0.8936999055449952,41.77395452800678,False,0,0.0005052273191650247,0.0
2025-07-31 14:00:00+00:00,0.8898500204086304,0.8912000060081482,0.8888999819755554,0.8910499811172485,0,0.891841570763881,0.8935736798028193,36.75120796108663,False,0,-0.0013466817059056835,-0.0
2025-07-31 15:00:00+00:00,0.889959990978241,0.8907099962234497,0.8887799978256226,0.8898500204086304,0,0.8916202084361586,0.8934551982020135,37.492959987698896,False,0,0.00012358326357064797,0.0
2025-07-31 16:00:00+00:00,0.8904600143432617,0.890720009803772,0.8888599872589111,0.8899199962615967,0,0.8914837150134649,0.8933569954525461,40.88752519233327,False,0,0.0005618492629888561,0.0
2025-07-31 17:00:00+00:00,0.889959990978241,0.8906000256538391,0.8891199827194214,0.8905100226402283,0,0.891304453362262,0.8932456182566673,38.628368909475284,False,0,-0.0005615337656565966,-0.0
2025-07-31 18:00:00+00:00,0.8902999758720398,0.8909900188446045,0.8891800045967102,0.8899800181388855,0,0.8911862795398829,0.893149039817827,41.014819088726604,False,0,0.0003820226720812059,0.0
2025-07-31 19:00:00+00:00,0.89028000831604,0.8907099962234497,0.8894100189208984,0.8902999758720398,0,0.8910796593959014,0.8930549732112111,40.914193444412206,False,0,-2.242789682227464e-05,-0.0
2025-07-31 20:00:00+00:00,0.8894699811935425,0.8904899954795837,0.8888900279998779,0.8901299834251404,0,0.8908902854897415,0.8929374324893202,36.95340481441423,False,0,-0.0009098565787517554,-0.0
2025-07-31 21:00:00+00:00,0.8898699879646301,0.8902300000190735,0.8887400031089783,0.889460027217865,0,0.8907702504867872,0.892836860537691,40.040284491021225,False,0,0.0004497136267047619,0.0
2025-07-31 22:00:00+00:00,0.8909900188446045,0.8911899924278259,0.8888999819755554,0.8898299932479858,0,0.8907961055877067,0.8927763083510323,47.75391997969348,False,0,0.0012586455270124919,0.0
2025-07-31 23:00:00+00:00,0.89069002866745,0.8913800120353699,0.8896899819374084,0.8910499811172485,0,0.8907836259500295,0.8927079057384558,46.04529584125505,False,0,-0.00033669308388384334,-0.0
2025-08-01 00:00:00+00:00,0.890500009059906,0.8908299803733826,0.8893200159072876,0.8906199932098389,0,0.8907502592570737,0.8926355156834214,44.94824608376662,False,0,-0.0002133397718937502,-0.0
2025-08-01 01:00:00+00:00,0.8908299803733826,0.8916199803352356,0.889519989490509,0.8904899954795837,0,0.8907596382119336,0.8925763178044036,47.29648919296686,False,0,0.00037054610906173124,0.0
2025-08-01 02:00:00+00:00,0.8910099864006042,0.8912100195884705,0.8897500038146973,0.8908699750900269,0,0.8907890909400126,0.8925249626764101,48.584910903568876,False,0,0.0002020655244969749,0.0
2025-08-01 03:00:00+00:00,0.8915600180625916,0.8919900059700012,0.8901799917221069,0.8909900188446045,0,0.8908797882485512,0.8924933251480882,52.41308242900389,False,0,0.0006173125670669855,0.0
2025-08-01 04:00:00+00:00,0.891539990901947,0.8919000029563904,0.8904500007629395,0.8914700150489807,0,0.8909574591489506,0.8924620682875589,52.260504831766134,False,0,-2.2463053791943466e-05,-0.0
2025-08-01 05:00:00+00:00,0.8913099765777588,0.8919900059700012,0.8904500007629395,0.8914700150489807,0,0.8909989317876339,0.8924242947888769,50.44422520920314,False,0,-0.0002579966423665869,-0.0
2025-08-01 06:00:00+00:00,0.8916100263595581,0.8920599818229675,0.8902699947357178,0.8913099765777588,0,0.8910708252666838,0.8923975974633254,52.7510995180938,False,0,0.00033663909266601344,0.0
2025-08-01 07:00:00+00:00,0.8918399810791016,0.8920300006866455,0.8903399705886841,0.8916699886322021,0,0.8911613141857917,0.8923793149589246,54.499262010256324,False,0,0.00025790952630089237,0.0
2025-08-01 08:00:00+00:00,0.8911399841308594,0.8921899795532227,0.8903300166130066,0.8918200135231018,0,0.8911588047675643,0.8923386811612831,48.60403033200183,False,0,-0.0007848907462022492,-0.0
2025-08-01 09:00:00+00:00,0.8910899758338928,0.8912699818611145,0.8897799849510193,0.8911299705505371,0,0.8911507072459558,0.892297740003008,48.20287387291736,False,0,-5.6117218234064126e-05,-0.0
2025-08-01 10:00:00+00:00,0.891260027885437,0.8916500210762024,0.8901399970054626,0.8910199999809265,0,0.8911635684976595,0.8922637166548909,49.72250992802528,False,0,0.00019083600551672575,0.0
2025-08-01 11:00:00+00:00,0.8910099864006042,0.8920800089836121,0.8901900053024292,0.8912699818611145,0,0.8911455000156531,0.8922226107449143,47.51511234773304,False,0,-0.00028054829904800016,-0.0
2025-08-01 12:00:00+00:00,0.89410001039505,0.8954300284385681,0.8896399736404419,0.8909000158309937,0,0.8914930894720527,0.892284164831804,67.0078433784021,False,0,0.003468001528162956,0.0
2025-08-01 13:00:00+00:00,0.8908100128173828,0.8945800065994263,0.8896999955177307,0.8940399885177612,0,0.8914127275126797,0.8922358319788721,46.99501016485258,False,0,-0.00367967513635703,-0.0
2025-08-01 14:00:00+00:00,0.8909599781036377,0.8923100233078003,0.8894400000572205,0.8908200263977051,0,0.8913594628763218,0.8921940007042742,47.76088637718392,False,0,0.00016834710442981127,0.0
2025-08-01 15:00:00+00:00,0.8910700082778931,0.8916599750518799,0.8894299864768982,0.8909900188446045,0,0.8913254093941537,0.8921571484935732,48.350561992496,False,0,0.00012349620292662067,0.0
2025-08-01 16:00:00+00:00,0.8903099894523621,0.8913499712944031,0.8894000053405762,0.8910099864006042,0,0.8912059482245311,0.892096585902058,44.60514992514449,False,0,-0.0008529282979682362,-0.0
2025-08-01 17:00:00+00:00,0.8896600008010864,0.8904100060462952,0.887969970703125,0.8902900218963623,0,0.891024072057067,0.8920166978659605,41.63471665850157,False,0,-0.0007300700418687578,-0.0
2025-08-01 18:00:00+00:00,0.8897299766540527,0.8905699849128723,0.8884900212287903,0.8896399736404419,0,0.8908718255390653,0.8919417233999963,42.081890391764034,False,0,7.865460164935278e-05,0.0
2025-08-01 19:00:00+00:00,0.8907999992370605,0.8912100195884705,0.8885700106620789,0.8897600173950195,0,0.8908633753858883,0.8919042898208837,48.57065615212773,False,0,0.0012026374417908325,0.0
2025-08-01 20:00:00+00:00,0.891730010509491,0.8922399878501892,0.8899700045585632,0.8907899856567383,0,0.8909653324592532,0.8918985757451002,53.45189110248963,False,0,0.0010440180435866697,0.0
2025-08-01 21:00:00+00:00,0.8913300037384033,0.8913300037384033,0.8913300037384033,0.8913300037384033,0,0.8910082349626826,0.8918799340399626,51.200967723934596,False,0,-0.0004485738579764753,-0.0
2025-08-03 23:00:00+00:00,0.8912000060081482,0.8915799856185913,0.8898400068283081,0.8909299969673157,0,0.8910307962621491,0.891857641317608,50.457307051131316,False,0,-0.00014584691383645598,-0.0
2025-08-04 00:00:00+00:00,0.8926500082015991,0.8929200172424316,0.8904500007629395,0.8911299705505371,0,0.8912212917844373,0.891883620559706,57.816884367149704,False,0,0.0016270221989178602,0.0
2025-08-04 01:00:00+00:00,0.8932099938392639,0.8934599757194519,0.8910999894142151,0.8927099704742432,0,0.8914552567320639,0.8919271082082161,60.271419343692166,False,0,0.0006273294488541303,0.0
2025-08-04 02:00:00+00:00,0.892270028591156,0.8932700157165527,0.8912100195884705,0.8931900262832642,0,0.8915511122448982,0.89193835149946,54.535184172234075,False,0,-0.0010523451983196486,-0.0
2025-08-04 03:00:00+00:00,0.892799973487854,0.8930000066757202,0.8913800120353699,0.8921899795532227,0,0.8916980370970107,0.8919666014007188,57.01887161885807,False,0,0.0005939288328833392,0.0
2025-08-04 04:00:00+00:00,0.8928099870681763,0.8932999968528748,0.8918300271034241,0.8928400278091431,0,0.8918288547406772,0.8919942533898157,57.06659818207531,False,0,1.1215928113372797e-05,0.0
2025-08-04 05:00:00+00:00,0.8929299712181091,0.8930000066757202,0.8916699886322021,0.8927900195121765,0,0.8919583978556691,0.8920249326628745,57.6730805612337,False,0,0.00013438934562870486,0.0
2025-08-04 06:00:00+00:00,0.8924999833106995,0.8931000232696533,0.891260027885437,0.8928599953651428,0,0.892022113791555,0.8920405080939507,54.691413936652864,False,0,-0.0004815471775722058,-0.0
2025-08-04 07:00:00+00:00,0.8923199772834778,0.8928599953651428,0.891040027141571,0.8923900127410889,0,0.8920571565553106,0.8920496710181975,53.4457115786194,True,0,-0.0002016874292298798,-0.0
2025-08-04 08:00:00+00:00,0.8928300142288208,0.8928899765014648,0.891040027141571,0.8922600150108337,0,0.8921480809874882,0.8920752560414966,56.471041115746324,True,1,0.0005715852590184589,0.0005715852590184589
2025-08-04 09:00:00+00:00,0.8927000164985657,0.8935199975967407,0.8918099999427795,0.8928400278091431,0,0.8922130145770267,0.8920957399909086,55.48139665799886,True,1,-0.00014560188186263368,-0.00014560188186263368
2025-08-04 10:00:00+00:00,0.8927299976348877,0.8928400278091431,0.8912799954414368,0.8926600217819214,0,0.8922738361132456,0.8921165353234981,55.67432930411185,True,1,3.3584782981765926e-05,3.3584782981765926e-05
2025-08-04 11:00:00+00:00,0.8928800225257874,0.8930100202560425,0.8916000127792358,0.89274001121521,0,0.89234515216178,0.8921415676907863,56.68589353303643,True,1,0.00016805180883028292,0.00016805180883028292
2025-08-04 12:00:00+00:00,0.8925999999046326,0.8932999968528748,0.8918200135231018,0.8928700089454651,0,0.8923751342491744,0.8921565982551748,54.19962020371863,True,1,-0.00031361729917833703,-0.00031361729917833703
2025-08-04 13:00:00+00:00,0.8918300271034241,0.8930000066757202,0.8911100029945374,0.892520010471344,0,0.8923110039967331,0.8921458910042976,47.969378223448444,True,1,-0.0008626179714213977,-0.0008626179714213977
2025-08-04 14:00:00+00:00,0.8910999894142151,0.8925999999046326,0.8903499841690063,0.8918399810791016,0,0.8921685316929074,0.892111599148885,42.930548426294415,True,1,-0.000818583885967672,-0.000818583885967672
2025-08-04 15:00:00+00:00,0.8905500173568726,0.8915299773216248,0.8896399736404419,0.8910999894142151,0,0.8919781182416091,0.8920603997458681,39.559275197371974,False,1,-0.0006171833283311612,-0.0006171833283311612
2025-08-04 16:00:00+00:00,0.8904399871826172,0.8908900022506714,0.8894699811935425,0.8904899954795837,0,0.8917971616464336,0.8920072714651058,38.90109441967877,False,0,-0.00012355305385536308,-0.0
2025-08-04 17:00:00+00:00,0.8900099992752075,0.890529990196228,0.8891199827194214,0.8904200196266174,0,0.8915869072498187,0.8919417871310108,36.355462175429416,False,0,-0.00048289375319965355,-0.0
2025-08-04 18:00:00+00:00,0.8904100060462952,0.8906499743461609,0.8892599940299988,0.8900600075721741,0,0.8914484482846983,0.8918915648003644,40.271198401933056,False,0,0.0004494407606807638,0.0
2025-08-04 19:00:00+00:00,0.8907099962234497,0.890779972076416,0.8894000053405762,0.8903999924659729,0,0.8913615715716102,0.8918528248470228,43.09867516877565,False,0,0.0003369124056529227,0.0
2025-08-04 20:00:00+00:00,0.8904799818992615,0.8912400007247925,0.8896700143814087,0.89069002866745,0,0.8912578551395692,0.8918078136028339,41.47739076947685,False,0,-0.0002582370526472699,-0.0
2025-08-04 21:00:00+00:00,0.890749990940094,0.8920400142669678,0.8894100189208984,0.8909199833869934,0,0.8911981064102192,0.89177313089258,44.13413600223644,False,0,0.0003032174179329328,0.0
2025-08-04 22:00:00+00:00,0.8911499977111816,0.8913999795913696,0.8901200294494629,0.8907700181007385,0,0.8911924465632737,0.8917527002964686,47.90706616531587,False,0,0.0004490673872086237,0.0
2025-08-04 23:00:00+00:00,0.8913699984550476,0.8916299939155579,0.8900899887084961,0.8911499977111816,0,0.8912133350211293,0.8917401526951105,49.91070151738693,False,0,0.00024687285466074016,0.0
2025-08-05 00:00:00+00:00,0.8910300135612488,0.8917400240898132,0.8897600173950195,0.8913599848747253,0,0.8911917677905552,0.8917168694448199,46.90803394180283,False,0,-0.0003814183721553288,-0.0
2025-08-05 01:00:00+00:00,0.8906099796295166,0.8912299871444702,0.8895900249481201,0.8910700082778931,0,0.8911233221245507,0.8916805779754656,43.4316380538678,False,0,-0.0004714026748138256,-0.0
2025-08-05 02:00:00+00:00,0.89055997133255,0.8906199932098389,0.8891100287437439,0.8905699849128723,0,0.8910570455607859,0.8916438367740586,43.022826362665384,False,0,-5.615061374830699e-05,-0.0
2025-08-05 03:00:00+00:00,0.8900899887084961,0.8907300233840942,0.8891800045967102,0.8905500173568726,0,0.8909432741663988,0.8915928909358434,39.28068199926886,False,0,-0.0005277383210371411,-0.0
2025-08-05 04:00:00+00:00,0.8911200165748596,0.8913599848747253,0.8891199827194214,0.8901000022888184,0,0.8909640673909236,0.8915773868584341,49.622760337557494,False,0,0.00115721767397714,0.0
2025-08-05 05:00:00+00:00,0.8907099962234497,0.8911499977111816,0.8897799849510193,0.8911100029945374,0,0.8909341766653385,0.8915489478212214,46.24602900218169,False,0,-0.00046011799060008407,-0.0
2025-08-05 06:00:00+00:00,0.8904299736022949,0.8916000127792358,0.8895400166511536,0.8905799984931946,0,0.8908748586579215,0.8915122601419123,44.0418177699831,False,0,-0.0003143813613207813,-0.0
2025-08-05 07:00:00+00:00,0.8901500105857849,0.8913699984550476,0.8890900015830994,0.8904100060462952,0,0.8907895824141406,0.8914675962220392,41.89199792098844,False,0,-0.00031441328887149567,-0.0
2025-08-05 08:00:00+00:00,0.8908500075340271,0.8910800218582153,0.8891800045967102,0.8901000022888184,0,0.8907966912517743,0.8914473474125961,48.64229115896873,False,0,0.0007863808795345317,0.0
2025-08-05 09:00:00+00:00,0.8914499878883362,0.8917099833488464,0.889959990978241,0.8908399939537048,0,0.8908735496796051,0.8914474339855711,53.616001060769186,False,0,0.0006734920011617351,0.0
2025-08-05 10:00:00+00:00,0.8913099765777588,0.8918399810791016,0.8904500007629395,0.8913999795913696,0,0.8909248940205643,0.8914429271853149,52.342097057073495,False,0,-0.0001570601968474694,-0.0
2025-08-05 11:00:00+00:00,0.8912299871444702,0.891539990901947,0.8900700211524963,0.8913000226020813,0,0.8909607873292591,0.8914359455446315,51.587969347062824,False,0,-8.974367547831541e-05,-0.0
2025-08-05 12:00:00+00:00,0.8920300006866455,0.8921899795532227,0.8902000188827515,0.8912100195884705,0,0.8910865771360104,0.8914554227624023,58.09144954448131,False,0,0.0008976510594516096,0.0
2025-08-05 13:00:00+00:00,0.8912000060081482,0.8928599953651428,0.8900899887084961,0.892009973526001,0,0.891099921709203,0.8914470484425907,50.51029909315571,False,0,-0.000930456013652492,-0.0
2025-08-05 14:00:00+00:00,0.89069002866745,0.8915299773216248,0.8894299864768982,0.8910999894142151,0,0.8910516989984085,0.8914222281220943,46.49524247057465,False,0,-0.0005722366890261732,-0.0
2025-08-05 15:00:00+00:00,0.8915899991989136,0.8916400074958801,0.8897500038146973,0.8907300233840942,0,0.891115028433762,0.8914277288131375,53.5173110994015,False,0,0.001010419452893263,0.0
2025-08-05 16:00:00+00:00,0.8920999765396118,0.892490029335022,0.8904899954795837,0.8916000127792358,0,0.891230904681509,0.8914497697222021,56.96407169158704,False,0,0.0005719863851729734,0.0
2025-08-05 17:00:00+00:00,0.8920999765396118,0.8922899961471558,0.891040027141571,0.8920199871063232,0,0.891333148429521,0.8914710879785106,56.96407169158704,False,0,0.0,0.0
2025-08-05 18:00:00+00:00,0.891510009765625,0.8921800255775452,0.89055997133255,0.8921099901199341,0,0.8913539556455333,0.8914723641026782,51.809686391313505,False,0,-0.00066132360666038,-0.0
2025-08-05 19:00:00+00:00,0.8909299969673157,0.8916699886322021,0.890209972858429,0.8915299773216248,0,0.8913040781539783,0.8914545815736499,47.28019136071847,False,0,-0.0006505959461541311,-0.0
2025-08-05 20:00:00+00:00,0.8909000158309937,0.8916500210762024,0.8899700045585632,0.8908299803733826,0,0.8912565414100977,0.891436399090284,47.05120754199836,False,0,-3.3651506205933934e-05,-0.0
2025-08-05 21:00:00+00:00,0.8908699750900269,0.8914300203323364,0.8899700045585632,0.8908799886703491,0,0.891211063019501,0.891417827811587,46.80659436624106,False,0,-3.3719542522181456e-05,-0.0
2025-08-05 22:00:00+00:00,0.8911100029945374,0.8913599848747253,0.8901200294494629,0.8909199833869934,0,0.8911991736047994,0.8914077351946345,49.08429483763162,False,0,0.00026943090599296227,0.0
2025-08-05 23:00:00+00:00,0.8911499977111816,0.891569972038269,0.8900799751281738,0.8909800052642822,0,0.8911933882055503,0.8913992847853408,49.47252740551663,False,0,4.4881907407479105e-05,0.0
2025-08-06 00:00:00+00:00,0.8920300006866455,0.8924099802970886,0.8904500007629395,0.8911600112915039,0,0.8912918132033262,0.8914199639952196,57.20471412683655,False,0,0.0009874914186434047,0.0
2025-08-06 01:00:00+00:00,0.8923299908638,0.8924000263214111,0.890779972076416,0.8920199871063232,0,0.8914139517516172,0.8914498009417304,59.48107072009174,False,0,0.00033630054698119416,0.0
2025-08-06 02:00:00+00:00,0.8928300142288208,0.8930299878120422,0.8911700248718262,0.8922500014305115,0,0.8915805473371705,0.891495053836389,63.01262452450467,True,0,0.0005603570093353216,0.0
2025-08-06 03:00:00+00:00,0.8934199810028076,0.8937100172042847,0.892009973526001,0.8928300142288208,0,0.8917969512978337,0.8915581662025011,66.70043325549004,True,1,0.0006607828641338465,0.0006607828641338465
2025-08-06 04:00:00+00:00,0.894029974937439,0.8942199945449829,0.8924300074577332,0.8933500051498413,0,0.8920596599613166,0.8916392091118432,70.02790667463125,False,1,0.0006827628076402359,0.0006827628076402359
2025-08-06 05:00:00+00:00,0.8933299779891968,0.8941900134086609,0.8923699855804443,0.8940899968147278,0,0.8922091091410672,0.8916946441570024,62.33069713467305,True,0,-0.0007829680971168651,-0.0
2025-08-06 06:00:00+00:00,0.8934299945831299,0.8936700224876404,0.8922299742698669,0.8932399749755859,0,0.8923527427224863,0.8917515408922851,62.95720497593541,True,1,0.00011195929432283869,0.00011195929432283869
2025-08-06 07:00:00+00:00,0.8938300013542175,0.8940799832344055,0.892300009727478,0.8934299945831299,0,0.8925265378556311,0.8918196871369386,65.43335057940217,True,1,0.000447720328971446,0.000447720328971446
2025-08-06 08:00:00+00:00,0.8936899900436401,0.8940200209617615,0.892490029335022,0.8938199877738953,0,0.8926634145836321,0.8918810085437157,63.825133668420605,True,1,-0.0001566419904962535,-0.0001566419904962535
2025-08-06 09:00:00+00:00,0.8938199877738953,0.894070029258728,0.8927800059318542,0.8936600089073181,0,0.8927994820177807,0.8919445816332298,64.69282599210567,True,1,0.00014546177276608674,0.00014546177276608674
2025-08-06 10:00:00+00:00,0.8946599960327148,0.8948900103569031,0.8926200270652771,0.8937399983406067,0,0.8930183660195377,0.8920336116135407,69.7431077536733,True,1,0.0009397957869701212,0.0009397957869701212
2025-08-06 11:00:00+00:00,0.8947799801826477,0.8949199914932251,0.8932200074195862,0.8946599960327148,0,0.8932256147446094,0.8921236564846589,70.39451096659587,False,1,0.00013411145067943053,0.00013411145067943053
2025-08-06 12:00:00+00:00,0.8940200209617615,0.8949499726295471,0.8926799893379211,0.8947700262069702,0,0.8933190742995684,0.8921858323691539,61.380698880488495,True,0,-0.0008493252394081718,-0.0
2025-08-06 13:00:00+00:00,0.8937199711799622,0.8944500088691711,0.8926699757575989,0.8939499855041504,0,0.8933662386384382,0.8922361320022952,58.21138435465808,True,1,-0.000335618638021673,-0.000335618638021673
2025-08-06 14:00:00+00:00,0.8929100036621094,0.8938000202178955,0.8915299773216248,0.8937100172042847,0,0.8933125639353406,0.892258226155076,50.6140145169681,True,1,-0.0009062878127065188,-0.0009062878127065188
2025-08-06 15:00:00+00:00,0.8934299945831299,0.8936899900436401,0.8920000195503235,0.8929600119590759,0,0.8933263793056687,0.8922966447920613,54.701463571526844,True,1,0.0005823553537174231,0.0005823553537174231
2025-08-06 16:00:00+00:00,0.8931000232696533,0.8938599824905396,0.8920699954032898,0.8933899998664856,0,0.8932997491837845,0.8923229850700151,51.773145244187205,True,1,-0.0003693309106221898,-0.0003693309106221898
2025-08-06 17:00:00+00:00,0.8934199810028076,0.8938000202178955,0.8921300172805786,0.8930299878120422,0,0.8933138941036696,0.8923589521497787,54.32635291309893,True,1,0.00035825520637988717,0.00035825520637988717
2025-08-06 18:00:00+00:00,0.8937100172042847,0.894029974937439,0.892549991607666,0.8934400081634521,0,0.893360496821389,0.8924032493646804,56.57086850281655,True,1,0.0003246359020887546,0.0003246359020887546
2025-08-06 19:00:00+00:00,0.8936399817466736,0.8943099975585938,0.89274001121521,0.8937600255012512,0,0.8933933774008342,0.8924437979673687,55.8570539369486,True,1,-7.836485690315698e-05,-7.836485690315698e-05
2025-08-06 20:00:00+00:00,0.8935999870300293,0.8937100172042847,0.8923199772834778,0.8936600089073181,0,0.8934176844160336,0.8924817058054888,55.4269407036052,True,1,-4.475484251065254e-05,-4.475484251065254e-05
2025-08-06 21:00:00+00:00,0.8927000164985657,0.8938500285148621,0.8922100067138672,0.893090009689331,0,0.8933332528963315,0.8924888635331306,46.7106613071544,True,1,-0.001007129078475888,-0.001007129078475888
2025-08-06 22:00:00+00:00,0.8937100172042847,0.8939399719238281,0.892490029335022,0.8927800059318542,0,0.8933775781090318,0.8925289013584143,55.22126103322334,True,1,0.0011313998958804028,0.0011313998958804028
2025-08-06 23:00:00+00:00,0.8929200172424316,0.8938599824905396,0.8920900225639343,0.8934699892997742,0,0.8933237474188436,0.8925417248300215,48.673371544083516,True,1,-0.0008839555858669579,-0.0008839555858669579
2025-08-07 00:00:00+00:00,0.8927099704742432,0.8934100270271301,0.8917999863624573,0.8927900195121765,0,0.8932515383665376,0.8925472410806516,47.075066819977785,True,1,-0.0002352358152268863,-0.0002352358152268863
2025-08-07 01:00:00+00:00,0.8942700028419495,0.8947200179100037,0.8917400240898132,0.8926900029182434,0,0.8933713577165859,0.8926037250728253,58.084101134544,True,1,0.0017475243016245035,0.0017475243016245035
2025-08-07 02:00:00+00:00,0.8936899900436401,0.8945900201797485,0.8926100134849548,0.8943899869918823,0,0.8934088438727099,0.89263934031777,53.61838335700332,True,1,-0.0006485880063806793,-0.0006485880063806793
2025-08-07 03:00:00+00:00,0.8941400051116943,0.8944600224494934,0.8924599885940552,0.893559992313385,0,0.8934948628420022,0.892688542442161,56.41810147584257,True,1,0.0005035471730328034,0.0005035471730328034
2025-08-07 04:00:00+00:00,0.8946099877357483,0.8947700262069702,0.8933200240135193,0.8942199945449829,0,0.8936260540059723,0.8927515406485081,59.18878773359887,True,1,0.0005256253174750203,0.0005256253174750203
2025-08-07 05:00:00+00:00,0.8948799967765808,0.8949900269508362,0.8934100270271301,0.8947200179100037,0,0.8937735766848673,0.8928213260953302,60.73328438256889,True,1,0.0003018176015627816,0.0003018176015627816
2025-08-07 06:00:00+00:00,0.895330011844635,0.8959100246429443,0.8939899802207947,0.8948500156402588,0,0.8939566867036636,0.8929035780871106,63.230890879671804,True,1,0.0005028775586393142,0.0005028775586393142
2025-08-07 07:00:00+00:00,0.8970100283622742,0.897059977054596,0.8944600224494934,0.8954600095748901,0,0.8943159033693825,0.8930382158010505,70.7187852240641,False,1,0.0018764215377722326,0.0018764215377722326
2025-08-07 08:00:00+00:00,0.8967599868774414,0.8976500034332275,0.8955900073051453,0.8969299793243408,0,0.8946034426056247,0.8931602410822436,68.4834361918376,True,0,-0.0002787499324721221,-0.0
2025-08-07 09:00:00+00:00,0.8958899974822998,0.896809995174408,0.8950799703598022,0.8967700004577637,0,0.8947548020028806,0.8932497412920815,61.231230512984276,True,1,-0.0009701474283781986,-0.0009701474283781986
2025-08-07 10:00:00+00:00,0.8958200216293335,0.8963299989700317,0.8948699831962585,0.8958699703216553,0,0.8948801219589338,0.8933340127785487,60.674671870146874,True,1,-7.810763951265898e-05,-7.810763951265898e-05
2025-08-07 11:00:00+00:00,0.8960400223731995,0.896340012550354,0.8946599960327148,0.8959299921989441,0,0.8950165808312004,0.8934227344046027,61.84877714368474,True,1,0.0002455858750129991,0.0002455858750129991
2025-08-07 12:00:00+00:00,0.8963000178337097,0.8966500163078308,0.8950999975204468,0.896049976348877,0,0.8951675734197309,0.8935170715662127,63.24537998190141,True,1,0.0002901605441927302,0.0002901605441927302
2025-08-07 13:00:00+00:00,0.8958500027656555,0.8967400193214417,0.8950600028038025,0.8962100148200989,0,0.8952478592251337,0.8935935611137354,59.20546498362801,True,1,-0.0005020808424637258,-0.0005020808424637258
2025-08-07 14:00:00+00:00,0.8938500285148621,0.8959699869155884,0.8930500149726868,0.8959400057792664,0,0.895083408553337,0.8936019698809855,45.34311631901501,True,1,-0.0022324878546845506,-0.0022324878546845506
2025-08-07 15:00:00+00:00,0.8937000036239624,0.8942199945449829,0.8926900029182434,0.8938400149345398,0,0.8949206550322342,0.8936051841020667,44.501387546346066,True,1,-0.00016784123299629083,-0.00016784123299629083
2025-08-07 16:00:00+00:00,0.8938400149345398,0.8941599726676941,0.8926699757575989,0.8936200141906738,0,0.8947935209030936,0.8936128834736232,45.51786881550457,True,1,0.00015666477566256276,0.00015666477566256276
2025-08-07 17:00:00+00:00,0.8939899802207947,0.8943700194358826,0.8926100134849548,0.8939399719238281,0,0.8946989867051761,0.8936252473013993,46.64507680267738,True,1,0.00016777642950560612,0.00016777642950560612
2025-08-07 18:00:00+00:00,0.8944200277328491,0.8944600224494934,0.8931300044059753,0.8941400051116943,0,0.8946661680025494,0.8936513056762009,49.84940118815749,True,1,0.0004810428769550512,0.0004810428769550512
2025-08-07 19:00:00+00:00,0.8954899907112122,0.8956400156021118,0.8932600021362305,0.8944100141525269,0,0.8947630883212155,0.8937115904314471,56.80083404913573,True,1,0.0011962645571288455,0.0011962645571288455
2025-08-07 20:00:00+00:00,0.8960800170898438,0.8967000246047974,0.8946499824523926,0.8954799771308899,0,0.8949180211175247,0.8937892437645092,60.086374010160725,True,1,0.0006588866260393011,0.0006588866260393011
2025-08-07 21:00:00+00:00,0.8958100080490112,0.8965799808502197,0.8942099809646606,0.8960800170898438,0,0.8950229607565231,0.8938554983312141,57.915581212419504,True,1,-0.0003013224663902525,-0.0003013224663902525
2025-08-07 22:00:00+00:00,0.8962699770927429,0.8967199921607971,0.8952599763870239,0.8959699869155884,0,0.8951696685607842,0.893934661569297,60.53152102123623,True,1,0.0005134671856741324,0.0005134671856741324
2025-08-07 23:00:00+00:00,0.8960099816322327,0.8965399861335754,0.8950799703598022,0.8960199952125549,0,0.895268528922131,0.894002704850049,58.32463312254451,True,1,-0.0002900860981125408,-0.0002900860981125408
2025-08-08 00:00:00+00:00,0.8958600163459778,0.8966900110244751,0.8946999907493591,0.8959800004959106,0,0.8953381156778777,0.8940636003089318,57.03301341176211,True,1,-0.00016737010672773778,-0.00016737010672773778
2025-08-08 01:00:00+00:00,0.8956400156021118,0.8960400223731995,0.8942499756813049,0.8958100080490112,0,0.8953736333160228,0.8941152860562491,55.10507850973765,True,1,-0.000245574911093005,-0.000245574911093005
2025-08-08 02:00:00+00:00,0.8961600065231323,0.8963900208473206,0.8947299718856812,0.8956300020217896,0,0.8954661478109769,0.8941823260715567,58.66198132429839,True,1,0.0005805802688159112,0.0005805802688159112
2025-08-08 03:00:00+00:00,0.8958600163459778,0.8961700201034546,0.8948299884796143,0.8960999846458435,0,0.8955124852856828,0.8942373323100623,55.90991092071407,True,1,-0.0003347506862289018,-0.0003347506862289018
2025-08-08 04:00:00+00:00,0.8960599899291992,0.8963199853897095,0.8949000239372253,0.8959299921989441,0,0.8955768975966847,0.8942970915762635,57.34642064961683,True,1,0.000223219676704689,0.000223219676704689
2025-08-08 05:00:00+00:00,0.896049976348877,0.896340012550354,0.8948799967765808,0.8960700035095215,0,0.895632553920472,0.8943545632081524,57.24584033936225,True,1,-1.1175122686890582e-05,-1.1175122686890582e-05
2025-08-08 06:00:00+00:00,0.8965200185775757,0.8967099785804749,0.8948799967765808,0.8959800004959106,0,0.8957369615271901,0.8944255617448548,60.72780239118412,True,1,0.0005245714425594628,0.0005245714425594628
2025-08-08 07:00:00+00:00,0.8966599702835083,0.8973399996757507,0.8956500291824341,0.8965299725532532,0,0.8958455507926393,0.894498821041204,61.72725290979732,True,1,0.000156105500192405,0.000156105500192405
2025-08-08 08:00:00+00:00,0.8954799771308899,0.897059977054596,0.8944600224494934,0.8966599702835083,0,0.8958025421265511,0.8945309900933249,50.14073877535843,True,1,-0.0013159873215320417,-0.0013159873215320417
2025-08-08 09:00:00+00:00,0.8955299854278564,0.8957200050354004,0.894320011138916,0.8954899907112122,0,0.8957704766325869,0.8945637440387194,50.564249332121214,True,1,5.584524304702576e-05,5.584524304702576e-05
2025-08-08 10:00:00+00:00,0.8956900238990784,0.896049976348877,0.8943899869918823,0.8955199718475342,0,0.8957610116051153,0.8946006712472557,51.97028212355471,True,1,0.00017870811008680043,0.00017870811008680043
2025-08-08 11:00:00+00:00,0.8959800004959106,0.896049976348877,0.8944900035858154,0.8957499861717224,0,0.8957867750040324,0.8946458951570476,54.49568204957585,True,1,0.0003237465965848507,0.0003237465965848507
2025-08-08 12:00:00+00:00,0.8965700268745422,0.8973600268363953,0.8949199914932251,0.8959699869155884,0,0.8958789222829159,0.8947089814428671,59.19686180251894,True,1,0.0006585262821769966,0.0006585262821769966
2025-08-08 13:00:00+00:00,0.8972700238227844,0.8978400230407715,0.8956000208854675,0.8964700102806091,0,0.8960425812876063,0.8947929500454873,63.954725407383,True,1,0.0007807498881959862,0.0007807498881959862
2025-08-08 14:00:00+00:00,0.8973000049591064,0.8977400064468384,0.8960400223731995,0.8972600102424622,0,0.8961905134842533,0.8948751485672453,64.14755506267772,True,1,3.341372778087326e-05,3.341372778087326e-05
2025-08-08 15:00:00+00:00,0.8975600004196167,0.8979499936103821,0.8961899876594543,0.8973299860954285,0,0.896351629594296,0.8949631764968311,65.85353379097057,True,1,0.000289753102723056,0.000289753102723056
2025-08-08 16:00:00+00:00,0.8972600102424622,0.8977599740028381,0.8962299823760986,0.8974499702453613,0,0.896458497905845,0.895038482521278,62.177223886252165,True,1,-0.00033422854963938153,-0.00033422854963938153
2025-08-08 17:00:00+00:00,0.8973000049591064,0.8976899981498718,0.8963000178337097,0.8972600102424622,0,0.8965574987356404,0.8951126307979281,62.477969728615,True,1,4.4574277453302e-05,4.4574277453302e-05
2025-08-08 18:00:00+00:00,0.8977199792861938,0.8977699875831604,0.8964499831199646,0.897379994392395,0,0.8966942611533525,0.8951981176336089,65.57355786953252,True,1,0.00046804226542551675,0.00046804226542551675
2025-08-08 19:00:00+00:00,0.8971999883651733,0.8977599740028381,0.8960599899291992,0.8976699709892273,0,0.8967537584723902,0.8952637527395617,59.07498266670148,True,1,-0.0005792350989380912,-0.0005792350989380912
2025-08-08 20:00:00+00:00,0.8966500163078308,0.8974800109863281,0.8958600163459778,0.8972399830818176,0,0.8967415535118538,0.8953092040040951,53.082952160296955,True,1,-0.0006129871427491551,-0.0006129871427491551
2025-08-08 21:00:00+00:00,0.8968799710273743,0.8968799710273743,0.8968799710273743,0.8968799710273743,0,0.8967578379254444,0.8953607045622353,55.13218686127788,True,1,0.0002564598398049345,0.0002564598398049345
2025-08-10 23:00:00+00:00,0.8961300253868103,0.8968499898910522,0.8952500224113464,0.8967700004577637,0,0.8966839776267815,0.8953859281958279,47.7995969085355,True,1,-0.0008361716894010884,-0.0008361716894010884
2025-08-11 00:00:00+00:00,0.8964800238609314,0.8966599702835083,0.8951600193977356,0.8961099982261658,0,0.8966599830660933,0.8954218001848475,51.07033290268053,True,1,0.0003905666189123469,0.0003905666189123469
2025-08-11 01:00:00+00:00,0.8968700170516968,0.8970900177955627,0.8953099846839905,0.8964700102806091,0,0.8966846929467526,0.895469282705072,54.49197938158783,True,1,0.00043502719568233594,0.00043502719568233594
2025-08-11 02:00:00+00:00,0.8967900276184082,0.8971400260925293,0.8958200216293335,0.89683997631073,0,0.896697085261065,0.8955125858169846,53.66308576198838,True,1,-8.918732008855734e-05,-8.918732008855734e-05
2025-08-11 03:00:00+00:00,0.8970299959182739,0.897130012512207,0.8955100178718567,0.8968300223350525,0,0.8967362512207365,0.8955623369678465,55.83360720978797,True,1,0.00026758582552810495,0.00026758582552810495
2025-08-11 04:00:00+00:00,0.8971099853515625,0.8973600268363953,0.8959599733352661,0.8969299793243408,0,0.8967802199420101,0.8956130795378043,56.56398965967178,True,1,8.9171414169531e-05,8.9171414169531e-05
2025-08-11 05:00:00+00:00,0.8972499966621399,0.8972499966621399,0.8959100246429443,0.8970999717712402,0,0.8968354877914371,0.8956667489517169,57.87707251063631,True,1,0.00015606928120703856,0.00015606928120703856
2025-08-11 06:00:00+00:00,0.8974300026893616,0.8977400064468384,0.8963099718093872,0.8972300291061401,0,0.8969054307206046,0.8957245605496724,59.569312439386565,True,1,0.00020061970230300652,0.00020061970230300652
2025-08-11 07:00:00+00:00,0.8970500230789185,0.897629976272583,0.8961600065231323,0.8974800109863281,0,0.8969224415862885,0.8957680183375165,54.584270339767535,True,1,-0.0004234086327673525,-0.0004234086327673525
2025-08-11 08:00:00+00:00,0.8974999785423279,0.8978300094604492,0.8960999846458435,0.8969600200653076,0,0.8969903871105285,0.8958248039180021,58.963616204278324,True,1,0.0005015946177282515,0.0005015946177282515
2025-08-11 09:00:00+00:00,0.8977699875831604,0.8978599905967712,0.8963099718093872,0.8974599838256836,0,0.8970821048131911,0.8958885804316139,61.37081498687407,True,1,0.00030084573513988744,0.00030084573513988744
2025-08-11 10:00:00+00:00,0.8977199792861938,0.8979600071907043,0.8965100049972534,0.8978300094604492,0,0.8971571488688383,0.8959486262956984,60.661071539037245,True,1,-5.5702794321765836e-05,-5.5702794321765836e-05
2025-08-11 11:00:00+00:00,0.8972399830818176,0.8979600071907043,0.8959500193595886,0.897819995880127,0,0.8971668940703653,0.8959909658624563,54.18383625370069,True,1,-0.0005346836602186933,-0.0005346836602186933
2025-08-11 12:00:00+00:00,0.8971499800682068,0.897379994392395,0.8957399725914001,0.8972300291061401,0,0.8971649041877585,0.8960289663282186,53.04019802578801,True,1,-0.00010031097065210659,-0.00010031097065210659
2025-08-11 13:00:00+00:00,0.8971999883651733,0.8972600102424622,0.8956999778747559,0.8971099853515625,0,0.8971690317380426,0.8960673604933646,53.62588324204587,True,1,5.574128972596348e-05,5.574128972596348e-05
2025-08-11 14:00:00+00:00,0.8970400094985962,0.8976200222969055,0.8958200216293335,0.8971700072288513,0,0.897153852651049,0.8960992506246835,51.416623433662515,True,1,-0.0001783090377304175,-0.0001783090377304175
2025-08-11 15:00:00+00:00,0.8975899815559387,0.8977599740028381,0.896049976348877,0.8970800042152405,0,0.8972051619339771,0.8961481270486591,57.84606363736969,True,1,0.0006130964633894731,0.0006130964633894731
2025-08-11 16:00:00+00:00,0.8975099921226501,0.8980799913406372,0.8965499997138977,0.8975800275802612,0,0.8972410243091151,0.8961927783625604,56.67136671372137,True,1,-8.91157821858446e-05,-8.91157821858446e-05
2025-08-11 17:00:00+00:00,0.8975399732589722,0.8975899815559387,0.8961499929428101,0.8974999785423279,0,0.8972761947738042,0.8962369486870329,57.02364168237864,True,1,3.340479391344964e-05,3.340479391344964e-05
2025-08-11 18:00:00+00:00,0.8975800275802612,0.8977400064468384,0.8964200019836426,0.8974800109863281,0,0.8973119398098579,0.8962809840605813,57.520544780435685,True,1,4.462678263084108e-05,4.462678263084108e-05
2025-08-11 19:00:00+00:00,0.8972399830818176,0.897599995136261,0.8962299823760986,0.8975899815559387,0,0.8973034743124414,0.8963124266514414,52.02139961665881,True,1,-0.00037884588336967173,-0.00037884588336967173
2025-08-11 20:00:00+00:00,0.8968300223350525,0.897570013999939,0.8961700201034546,0.8972799777984619,0,0.8972477740798073,0.8963293970017236,46.27718882163248,True,1,-0.00045691314976514796,-0.00045691314976514796
2025-08-11 21:00:00+00:00,0.8972200155258179,0.8974800109863281,0.8959599733352661,0.8970199823379517,0,0.8972445083675732,0.896358597609071,51.73682448183505,True,1,0.0004348574211978651,0.0004348574211978651
2025-08-11 22:00:00+00:00,0.8972399830818176,0.8976100087165833,0.8962799906730652,0.8972499966621399,0,0.8972439759810137,0.8963874954934232,52.00575905019911,True,1,2.2254915911679163e-05,2.2254915911679163e-05
2025-08-11 23:00:00+00:00,0.8970400094985962,0.8974800109863281,0.896120011806488,0.8972200155258179,0,0.8972199799242587,0.8964088893952321,49.05748137174548,True,1,-0.0002228763619456231,-0.0002228763619456231
2025-08-12 00:00:00+00:00,0.8980299830436707,0.8984299898147583,0.8966400027275085,0.8970500230789185,0,0.8973152744088955,0.8964620400066563,60.880866061949746,True,1,0.0011036002124673594,0.0011036002124673594
2025-08-12 01:00:00+00:00,0.8976200222969055,0.8980399966239929,0.8961499929428101,0.8979799747467041,0,0.8973511271016025,0.8965000066391234,55.17040768639974,True,1,-0.0004565112017481665,-0.0004565112017481665
2025-08-12 02:00:00+00:00,0.8983299732208252,0.8983799815177917,0.8967000246047974,0.897599995136261,0,0.8974662854685698,0.8965600055434415,61.84483778667428,True,1,0.0007909258999181379,0.0007909258999181379
2025-08-12 03:00:00+00:00,0.8980299830436707,0.8986999988555908,0.8971700072288513,0.8982599973678589,0,0.8975326028303464,0.8966082015270556,57.920680175835805,True,1,-0.0003339420770732682,-0.0003339420770732682
2025-08-12 04:00:00+00:00,0.8972700238227844,0.8981599807739258,0.8954700231552124,0.8979300260543823,0,0.897501711182398,0.8966299006187187,49.373802292928,True,1,-0.0008462515007690019,-0.0008462515007690019
2025-08-12 05:00:00+00:00,0.8951399922370911,0.897599995136261,0.8941400051116943,0.8973399996757507,0,0.8972238618947148,0.8965810511635833,34.159166788023256,True,1,-0.002373902536739636,-0.002373902536739636
2025-08-12 06:00:00+00:00,0.8956199884414673,0.8962100148200989,0.8941900134086609,0.8950600028038025,0,0.897035170900215,0.8965495409103992,38.74033304477625,True,1,0.0005362247341631488,0.0005362247341631488
2025-08-12 07:00:00+00:00,0.8958899974822998,0.8961399793624878,0.8946599960327148,0.8955399990081787,0,0.8969004446157544,0.8965279165357074,41.21804024214458,True,1,0.00030147723846840613,0.00030147723846840613
2025-08-12 08:00:00+00:00,0.8951900005340576,0.896049976348877,0.8940899968147278,0.8958799839019775,0,0.8966992159002606,0.8964840504372926,37.035881089068624,True,1,-0.0007813425199626467,-0.0007813425199626467
2025-08-12 09:00:00+00:00,0.8950499892234802,0.8955600261688232,0.8938699960708618,0.8951799869537354,0,0.896505189232404,0.8964370320368398,36.243748318254966,True,1,-0.0001564040153418933,-0.0001564040153418933
2025-08-12 10:00:00+00:00,0.8949400186538696,0.8953999876976013,0.8940100073814392,0.8950099945068359,0,0.8963210515172824,0.8963879496308407,35.599698216704,False,1,-0.00012286528231342242,-0.00012286528231342242
2025-08-12 11:00:00+00:00,0.8949099779129028,0.8951799869537354,0.893809974193573,0.8948900103569031,0,0.8961550428579436,0.8963394915417279,35.41456374432238,False,0,-3.356732332959744e-05,-0.0
2025-08-12 12:00:00+00:00,0.8963500261306763,0.8970100283622742,0.89410001039505,0.8948699831962585,0,0.8961779820665002,0.8963398369380868,49.08389397002143,False,0,0.001609154276200897,0.0
2025-08-12 13:00:00+00:00,0.8963500261306763,0.8973199725151062,0.8942899703979492,0.896340012550354,0,0.8961982225446385,0.896340171009975,49.08389397002143,False,0,0.0,0.0
2025-08-12 14:00:00+00:00,0.8972899913787842,0.8977400064468384,0.8952000141143799,0.8964300155639648,0,0.8963266659368909,0.8963713126614113,56.115128706795225,False,0,0.0010486586943780907,0.0
2025-08-12 15:00:00+00:00,0.8988199830055237,0.8995800018310547,0.8965499997138977,0.8972700238227844,0,0.89661999735673,0.8964515969349888,64.66791501394357,True,0,0.0017051250336455048,0.0
2025-08-12 16:00:00+00:00,0.8987699747085571,0.8990499973297119,0.8977000117301941,0.8988100290298462,0,0.8968729358687096,0.8965276093210074,64.22730920945492,True,1,-5.563772269434608e-05,-5.563772269434608e-05
2025-08-12 17:00:00+00:00,0.8991000056266785,0.8991600275039673,0.897849977016449,0.8987399935722351,0,0.8971349440755295,0.8966119501834884,65.87955004275796,True,1,0.0003672028743821887,0.0003672028743821887
2025-08-12 18:00:00+00:00,0.8995699882507324,0.8996899724006653,0.8981900215148926,0.8990899920463562,0,0.8974214198608474,0.8967089350381522,68.13652498764228,True,1,0.0005227256379853884,0.0005227256379853884
2025-08-12 19:00:00+00:00,0.8995000123977661,0.8998299837112427,0.8984599709510803,0.8995500206947327,0,0.8976659601593084,0.8968004457712543,67.4214344047445,True,1,-7.778811418812648e-05,-7.778811418812648e-05
2025-08-12 20:00:00+00:00,0.8989700078964233,0.8997799754142761,0.8982099890708923,0.8994399905204773,0,0.8978193775401455,0.896871578955686,62.10496363261667,True,1,-0.0005892212273904684,-0.0005892212273904684
2025-08-12 21:00:00+00:00,0.8989400267601013,0.8993499875068665,0.8974999785423279,0.8987299799919128,0,0.8979512186248462,0.8969393969164865,61.808054381238655,True,1,-3.3350541240206866e-05,-3.3350541240206866e-05
2025-08-12 22:00:00+00:00,0.8987600207328796,0.8994200229644775,0.8980600237846375,0.8988199830055237,0,0.8980463718140266,0.8969990895006305,59.95475867869865,True,1,-0.0002002425321636636,-0.0002002425321636636
2025-08-12 23:00:00+00:00,0.8990899920463562,0.8993200063705444,0.8979399800300598,0.8987900018692017,0,0.8981691506648889,0.8970676436824575,62.1927021207033,True,1,0.000367140622484996,0.000367140622484996
2025-08-13 00:00:00+00:00,0.8989700078964233,0.8992999792098999,0.8977900147438049,0.8990899920463562,0,0.8982633691627164,0.8971300162796367,60.860812260527084,True,1,-0.00013345065676884094,-0.00013345065676884094
2025-08-13 01:00:00+00:00,0.8983500003814697,0.8992800116539001,0.8970500230789185,0.8989700078964233,0,0.898273561070805,0.8971700157583853,54.38004791076036,True,1,-0.0006896865407161057,-0.0006896865407161057
2025-08-13 02:00:00+00:00,0.8993399739265442,0.899649977684021,0.8974599838256836,0.8982899785041809,0,0.8983990214067743,0.8972411619278331,61.440481976742234,True,1,0.0011019909218612511,0.0011019909218612511
2025-08-13 03:00:00+00:00,0.8993499875068665,0.8995699882507324,0.8982099890708923,0.8993200063705444,0,0.898510899771491,0.8973103037500965,61.50537934733056,True,1,1.113436588218164e-05,1.113436588218164e-05
2025-08-13 04:00:00+00:00,0.8996899724006653,0.9000700116157532,0.8982999920845032,0.8993200063705444,0,0.8986496141984527,0.8973883256730659,63.73696989551822,True,1,0.0003780340229295742,0.0003780340229295742
2025-08-13 05:00:00+00:00,0.8999099731445312,0.8999999761581421,0.8985000252723694,0.8996700048446655,0,0.8987978917215207,0.8974710026393434,65.14505243927255,True,1,0.00024452950529041395,0.00024452950529041395
2025-08-13 06:00:00+00:00,0.9009000062942505,0.9012799859046936,0.8984000086784363,0.8999599814414978,0,0.8990451993183124,0.8975834289886846,70.66527209219723,False,1,0.0011001468805371672,0.0011001468805371672
2025-08-13 07:00:00+00:00,0.901449978351593,0.9017300009727478,0.9001200199127197,0.9009199738502502,0,0.8993281144986983,0.897710201098944,73.20411378525623,False,0,0.0006104695898547785,0.0
2025-08-13 08:00:00+00:00,0.9014700055122375,0.9019799828529358,0.9002500176429749,0.9013599753379822,0,0.8995801016767617,0.8978334733747896,73.29475247218139,False,0,2.221660782675272e-05,0.0
2025-08-13 09:00:00+00:00,0.9023699760437012,0.9024999737739563,0.9003900289535522,0.9015300273895264,0,0.8999083221905193,0.8979822111672129,77.05136148781098,False,0,0.0009983366345640565,0.0
2025-08-13 10:00:00+00:00,0.9017699956893921,0.9024500250816345,0.9008100032806396,0.90242999792099,0,0.9001273426021514,0.8981064008236777,69.98349347092773,True,0,-0.0006648939683693289,-0.0
2025-08-13 11:00:00+00:00,0.9016900062561035,0.9018099904060364,0.9003499746322632,0.9017599821090698,0,0.9003111853849692,0.8982238960837572,69.07378623459078,True,1,-8.87026998801499e-05,-8.87026998801499e-05
2025-08-13 12:00:00+00:00,0.9012100100517273,0.9018399715423584,0.8998299837112427,0.9016799926757812,0,0.9004169294634113,0.8983218014597563,63.721016137728014,True,1,-0.0005323295157381169,-0.0005323295157381169
2025-08-13 13:00:00+00:00,0.901170015335083,0.9015100002288818,0.8999500274658203,0.9012200236320496,0,0.900505527801255,0.8984151855212424,63.28098031695024,True,1,-4.4378908576447884e-05,-4.4378908576447884e-05
2025-08-13 14:00:00+00:00,0.9016199707984924,0.9021999835968018,0.8999999761581421,0.9011899828910828,0,0.9006366387421065,0.8985202604483654,66.11597302387446,True,1,0.0004993014145528996,0.0004993014145528996
2025-08-13 15:00:00+00:00,0.9008100032806396,0.9017000198364258,0.8998500108718872,0.9016100168228149,0,0.9006570345701692,0.8985953339838498,57.50850009694521,True,1,-0.0008983469134290489,-0.0008983469134290489
2025-08-13 16:00:00+00:00,0.9010199904441833,0.9013599753379822,0.8999300003051758,0.9007599949836731,0,0.9006997352612296,0.8986748309169755,58.99880660217942,True,1,0.0002331092714100702,0.0002331092714100702
2025-08-13 17:00:00+00:00,0.9005399942398071,0.9011600017547607,0.8995400071144104,0.9009199738502502,0,0.9006809421998857,0.8987359838128061,54.30979369670793,True,1,-0.0005327253662147369,-0.0005327253662147369
2025-08-13 18:00:00+00:00,0.900600016117096,0.9007400274276733,0.8995100259780884,0.9005100131034851,0,0.9006714214842634,0.8987970996260614,54.79362541432314,True,1,6.665098460123531e-05,6.665098460123531e-05
2025-08-13 19:00:00+00:00,0.9004899859428406,0.9009299874305725,0.8996099829673767,0.9006100296974182,0,0.9006500761264489,0.898852604095464,53.67160006610837,True,1,-0.0001221742974530926,-0.0001221742974530926
2025-08-13 20:00:00+00:00,0.9004300236701965,0.9009699821472168,0.899619996547699,0.900409996509552,0,0.9006241876021839,0.8989043227700453,53.03424710599726,True,1,-6.6588494686326e-05,-6.6588494686326e-05
2025-08-13 21:00:00+00:00,0.8997300267219543,0.9004499912261963,0.8992000222206116,0.9001399874687195,0,0.9005189922045098,0.8989313950307636,46.14512287484268,True,1,-0.000777402940640437,-0.000777402940640437
2025-08-13 22:00:00+00:00,0.9003300070762634,0.9005699753761292,0.8993499875068665,0.900160014629364,0,0.9004967586600102,0.898977251163403,51.91116050145685,True,1,0.0006668448717834785,0.0006668448717834785
2025-08-13 23:00:00+00:00,0.9006800055503845,0.9010000228881836,0.8993300199508667,0.9002500176429749,0,0.9005183171177013,0.8990330791760909,54.94183789891374,True,1,0.00038874465070604103,0.00038874465070604103
2025-08-14 00:00:00+00:00,0.9010599851608276,0.9013599753379822,0.899869978427887,0.9007999897003174,0,0.9005820427698337,0.8990995351100166,58.0340634118971,True,1,0.0004218808101672522,0.0004218808101672522
2025-08-14 01:00:00+00:00,0.9024999737739563,0.9028300046920776,0.9002400040626526,0.9009400010108948,0,0.9008076817114952,0.8992110249022769,67.21614511328194,True,1,0.0015981051615243658,0.0015981051615243658
2025-08-14 02:00:00+00:00,0.9020599722862244,0.9025899767875671,0.9008499979972839,0.9024900197982788,0,0.9009550100144045,0.8993044330132259,62.70171026214594,True,1,-0.0004875362886627155,-0.0004875362886627155
2025-08-14 03:00:00+00:00,0.9010499715805054,0.9021700024604797,0.9001200199127197,0.9021700024604797,0,0.9009661819633575,0.8993616637859236,53.77374860583931,True,1,-0.0011196602628971153,-0.0011196602628971153
2025-08-14 04:00:00+00:00,0.9010999798774719,0.9014700055122375,0.9001100063323975,0.9009600281715393,0,0.9009819228944298,0.8994186577561383,54.122071325329976,True,1,5.5500026129307045e-05,5.5500026129307045e-05
2025-08-14 05:00:00+00:00,0.9012399911880493,0.9015499949455261,0.8999000191688538,0.9011300206184387,0,0.9010122838701498,0.8994783736063648,55.14124014406399,True,1,0.00015537821962485765,0.00015537821962485765
2025-08-14 06:00:00+00:00,0.8999500274658203,0.9013199806213379,0.8990899920463562,0.9011399745941162,0,0.9008873125284639,0.8994938376673306,45.18236391926945,True,1,-0.0014313209964512685,-0.0014313209964512685
2025-08-14 07:00:00+00:00,0.8997200131416321,0.9005600214004517,0.898580014705658,0.8999199867248535,0,0.9007499831888366,0.8995012532566519,43.66790252558231,True,1,-0.0002555856627238784,-0.0002555856627238784
2025-08-14 08:00:00+00:00,0.8991000056266785,0.9005600214004517,0.8983399868011475,0.8996300101280212,0,0.9005558681815239,0.8994880975966527,39.795747970399994,True,1,-0.0006891116190566038,-0.0006891116190566038
2025-08-14 09:00:00+00:00,0.8992400169372559,0.8998100161552429,0.8983399868011475,0.8991199731826782,0,0.9004010621527865,0.8994799638045413,41.06662209252291,True,1,0.00015572384573592224,0.00015572384573592224
2025-08-14 10:00:00+00:00,0.8990399837493896,0.8995400071144104,0.8980600237846375,0.8992300033569336,0,0.9002409352817986,0.8994655382289625,39.77478764858744,True,1,-0.00022244693752337952,-0.00022244693752337952
2025-08-14 11:00:00+00:00,0.8992699980735779,0.8994699716567993,0.8981500267982483,0.8989899754524231,0,0.900126707374949,0.8994591270763269,42.03285703909262,True,1,0.00025584437660830517,0.00025584437660830517
2025-08-14 12:00:00+00:00,0.8974300026893616,0.8993399739265442,0.8964700102806091,0.8992000222206116,0,0.899809448000174,0.8993925984079018,31.77081420992542,True,1,-0.0020460989337550695,-0.0020460989337550695
2025-08-14 13:00:00+00:00,0.8964999914169312,0.8975300192832947,0.8955199718475342,0.8974300026893616,0,0.8994201001668513,0.8992977588344273,28.043975077092924,False,1,-0.0010363050818932296,-0.0010363050818932296
2025-08-14 14:00:00+00:00,0.8966100215911865,0.8974000215530396,0.8952000141143799,0.8964599967002869,0,0.8990895026873612,0.899209636301862,29.103582192073773,False,0,0.00012273304552024022,0.0
2025-08-14 15:00:00+00:00,0.8957300186157227,0.8966599702835083,0.8945500254631042,0.8965200185775757,0,0.8986942692671684,0.8990955504760869,25.82775232280504,False,0,-0.000981477960621202,-0.0
2025-08-14 16:00:00+00:00,0.8961899876594543,0.8963099718093872,0.8945199847221375,0.8957099914550781,0,0.898399647901555,0.8990002861214431,30.247177871012624,False,0,0.000513513038719493,0.0
2025-08-14 17:00:00+00:00,0.8966100215911865,0.8968799710273743,0.895330011844635,0.8961700201034546,0,0.8981891036297469,0.8989219167925823,34.10814891852763,False,0,0.00046868848962389187,0.0
2025-08-14 18:00:00+00:00,0.8970400094985962,0.8971899747848511,0.8957599997520447,0.8965499997138977,0,0.8980539160849057,0.8988602149140908,37.89779236176439,False,0,0.0004795707130804683,0.0
2025-08-14 19:00:00+00:00,0.8973100185394287,0.8974900245666504,0.8961600065231323,0.8970299959182739,0,0.8979663987266143,0.8988093888034462,40.22272051008132,False,0,0.0003009999977408029,0.0
2025-08-14 20:00:00+00:00,0.8967199921607971,0.8977100253105164,0.8962500095367432,0.8974000215530396,0,0.8978197626600476,0.8987408839954903,36.96598434074187,False,0,-0.000657550196076051,-0.0
2025-08-14 21:00:00+00:00,0.8974199891090393,0.8979399800300598,0.8957599997520447,0.8967099785804749,0,0.897772730477576,0.8986975759664264,42.87538978089996,False,0,0.0007806193174699771,0.0
2025-08-14 22:00:00+00:00,0.8975099921226501,0.8979700207710266,0.8965499997138977,0.8975499868392944,0,0.8977418200828787,0.8986586387912205,43.60743223879072,False,0,0.0001002908501070987,0.0
2025-08-14 23:00:00+00:00,0.8974400162696838,0.8977299928665161,0.8964599967002869,0.8974900245666504,0,0.8977063137519146,0.8986186839544488,43.14450330326082,False,0,-7.796665617154641e-05,-0.0
2025-08-15 00:00:00+00:00,0.897379994392395,0.8976399898529053,0.8959900140762329,0.8973699808120728,0,0.8976679232390299,0.8985780711819223,42.7255290660032,False,0,-6.688121345233e-05,-0.0
2025-08-15 01:00:00+00:00,0.8971199989318848,0.8979300260543823,0.896120011806488,0.8974000215530396,0,0.8976034615558364,0.8985302655343801,40.873921176647464,False,0,-0.000289727275106344,-0.0
2025-08-15 02:00:00+00:00,0.8970199823379517,0.8972600102424622,0.8952599763870239,0.8971400260925293,0,0.8975348169419676,0.89848074805253,40.153028099969696,False,0,-0.00011148630512325397,-0.0
2025-08-15 03:00:00+00:00,0.8974999785423279,0.8977599740028381,0.8962000012397766,0.8970199823379517,0,0.8975307183067158,0.8984485916751462,45.152581052748666,False,0,0.0005351009050269528,0.0
2025-08-15 04:00:00+00:00,0.8971400260925293,0.8977199792861938,0.8961300253868103,0.8974499702453613,0,0.8974847545168115,0.8984056878855522,42.298871394211915,False,0,-0.0004010612349909515,-0.0
2025-08-15 05:00:00+00:00,0.8974599838256836,0.897599995136261,0.8962699770927429,0.8972200155258179,0,0.8974818403178553,0.8983746811950647,45.590666327901644,False,0,0.0003566419107927654,0.0
2025-08-15 06:00:00+00:00,0.8977000117301941,0.8979499936103821,0.8963900208473206,0.8974300026893616,0,0.8975075075428363,0.898352560884741,47.98788042416148,False,0,0.00026745248683668343,0.0
2025-08-15 07:00:00+00:00,0.8982999920845032,0.8984400033950806,0.896809995174408,0.8977199792861938,0,0.8976007410183265,0.8983508373175201,53.502584459161326,False,0,0.000668352842229325,0.0
2025-08-15 08:00:00+00:00,0.8980600237846375,0.8984900116920471,0.8970999717712402,0.8983799815177917,0,0.8976547742849513,0.8983413024475895,51.16590137577164,False,0,-0.0002671360369367326,-0.0
2025-08-15 09:00:00+00:00,0.8974400162696838,0.8981199860572815,0.8964700102806091,0.8980399966239929,0,0.8976295086360964,0.8983117520811007,45.62186751110564,False,0,-0.0006903853846436103,-0.0
2025-08-15 10:00:00+00:00,0.8979200124740601,0.8980399966239929,0.8964099884033203,0.8973299860954285,0,0.8976636855582097,0.8982989081595583,50.127273095045965,False,0,0.0005348504587208147,0.0
2025-08-15 11:00:00+00:00,0.8981099724769592,0.8985000252723694,0.8971700072288513,0.8978899717330933,0,0.8977161899015921,0.898292713547014,51.82829789044446,False,0,0.0002115555954429471,0.0
2025-08-15 12:00:00+00:00,0.8986999988555908,0.8988400101661682,0.8970299959182739,0.8981199860572815,0,0.8978319321314743,0.8983060671636887,56.7613285519282,False,0,0.0006569645107095123,0.0
2025-08-15 13:00:00+00:00,0.8996300101280212,0.8998900055885315,0.8977900147438049,0.8986600041389465,0,0.8980434707193032,0.8983494751297323,63.16443379762631,False,0,0.0010348406293698709,0.0
2025-08-15 14:00:00+00:00,0.9000999927520752,0.9001799821853638,0.8982499837875366,0.899590015411377,0,0.8982854144878646,0.898406869150137,65.9117068571048,False,0,0.0005224176814500048,0.0
2025-08-15 15:00:00+00:00,0.899370014667511,0.9003700017929077,0.8984400033950806,0.9000700116157532,0,0.8984130145089995,0.8984384476916902,58.601107185802,False,0,-0.0008109966564184834,-0.0
2025-08-15 16:00:00+00:00,0.899150013923645,0.8995400071144104,0.8981500267982483,0.8993200063705444,0,0.8984997203224871,0.8984617777320821,56.564834318943134,True,0,-0.0002446164985245858,-0.0
2025-08-15 17:00:00+00:00,0.8988199830055237,0.8992000222206116,0.8977400064468384,0.8991100192070007,0,0.8985373982851973,0.8984735221672769,53.55826111281294,True,1,-0.0003670476705897041,-0.0003670476705897041
2025-08-15 18:00:00+00:00,0.8985499739646912,0.898859977722168,0.8974800109863281,0.8988199830055237,0,0.8985388777769024,0.8984760287835856,51.1622793400907,True,1,-0.0003004039139513637,-0.0003004039139513637
2025-08-15 19:00:00+00:00,0.8989499807357788,0.8989899754524231,0.8976500034332275,0.8985700011253357,0,0.8985872428308879,0.8984915681918542,54.41574077671933,True,1,0.0004451691977940264,0.0004451691977940264
2025-08-15 20:00:00+00:00,0.8990200161933899,0.8994500041007996,0.8977400064468384,0.8989099860191345,0,0.8986381573441233,0.8985088943558389,54.981223416436116,True,1,7.790806953877905e-05,7.790806953877905e-05
2025-08-15 21:00:00+00:00,0.8982300162315369,0.8982300162315369,0.8982300162315369,0.8982300162315369,0,0.8985901407426425,0.8984997508107798,47.780893085828716,True,1,-0.0008787345638844313,-0.0008787345638844313
2025-08-17 23:00:00+00:00,0.899649977684021,0.8996700048446655,0.8982499837875366,0.8992099761962891,0,0.8987148274416281,0.8985374631672796,58.341246655030005,True,1,0.0015808439117204198,0.0015808439117204198
2025-08-18 00:00:00+00:00,0.8992199897766113,0.8998299837112427,0.8983200192451477,0.8995800018310547,0,0.8987742583045673,0.898559841088897,54.73170259024639,True,1,-0.00047795022294849776,-0.00047795022294849776
2025-08-18 01:00:00+00:00,0.9000499844551086,0.9001399874687195,0.8984100222587585,0.8992199897766113,0,0.8989243437340426,0.8986086982484449,59.89028074168656,True,1,0.0009230162673579123,0.0009230162673579123
2025-08-18 02:00:00+00:00,0.8994500041007996,0.9000599980354309,0.898169994354248,0.9000200033187866,0,0.8989861861301317,0.8986362820468828,55.01021573090875,True,1,-0.0006666078158673594,-0.0006666078158673594
2025-08-18 03:00:00+00:00,0.8999000191688538,0.8999699950218201,0.8984000086784363,0.899429976940155,0,0.8990936958993931,0.8986777160508819,57.78848843353854,True,1,0.0005003224926372063,0.0005003224926372063
2025-08-18 04:00:00+00:00,0.8998200297355652,0.9001299738883972,0.8986700177192688,0.8999199867248535,0,0.8991791469389427,0.8987151689585764,57.11335612774224,True,1,-8.888702254106207e-05,-8.888702254106207e-05
2025-08-18 05:00:00+00:00,0.899649977684021,0.9003900289535522,0.8987699747085571,0.8998299837112427,0,0.8992345387913048,0.8987458184249845,55.62551840466806,True,1,-0.00018898451459692378,-0.00018898451459692378
2025-08-18 06:00:00+00:00,0.8988500237464905,0.8998799920082092,0.8978999853134155,0.8996599912643433,0,0.8991893017272089,0.8987492349929027,49.14031491179047,True,1,-0.0008891835240076862,-0.0008891835240076862
2025-08-18 07:00:00+00:00,0.8986799716949463,0.8992000222206116,0.8976799845695496,0.8988400101661682,0,0.8991293805469427,0.8987469640651008,47.862848022678605,True,1,-0.0001891884597559068,-0.0001891884597559068
2025-08-18 08:00:00+00:00,0.8986300230026245,0.8991199731826782,0.8973100185394287,0.8986600041389465,0,0.8990706326005523,0.8987431299319049,47.47247435412247,True,1,-5.558006620265399e-05,-5.558006620265399e-05
2025-08-18 09:00:00+00:00,0.898580014705658,0.8989800214767456,0.8975200057029724,0.8986700177192688,0,0.8990129128482117,0.8987377818917001,47.058642422120485,True,1,-5.5649483865938265e-05,-5.5649483865938265e-05
2025-08-18 10:00:00+00:00,0.8980799913406372,0.898639976978302,0.8972399830818176,0.8985300064086914,0,0.8989031573767323,0.8987162149883865,43.02042461504609,True,1,-0.0005564594769944531,-0.0005564594769944531
2025-08-18 11:00:00+00:00,0.8977400064468384,0.898419976234436,0.8968899846076965,0.8980900049209595,0,0.8987663160908624,0.8986842081509586,40.477034174742066,True,1,-0.0003785686097864671,-0.0003785686097864671
2025-08-18 12:00:00+00:00,0.897379994392395,0.8978999853134155,0.8962100148200989,0.8977000117301941,0,0.8986032194204545,0.8986414470441204,37.92048400881317,False,1,-0.00040102039772993425,-0.00040102039772993425
2025-08-18 13:00:00+00:00,0.8975800275802612,0.8980399966239929,0.8961899876594543,0.8973699808120728,0,0.8984828439098436,0.8986066464059611,40.181235226205274,False,0,0.00022290800899971153,0.0
2025-08-18 14:00:00+00:00,0.8967000246047974,0.8978899717330933,0.8955199718475342,0.897570013999939,0,0.8982731004621911,0.898544134215759,34.26875680923058,False,0,-0.0009804172869535277,-0.0
2025-08-18 15:00:00+00:00,0.8969500064849854,0.8972600102424622,0.895389974117279,0.8966400027275085,0,0.8981174423472257,0.8984918677327828,37.10017984867197,False,0,0.0002787798297410049,0.0
2025-08-18 16:00:00+00:00,0.8962500095367432,0.8970100283622742,0.8953400254249573,0.8969399929046631,0,0.8978977443695219,0.8984183641853717,32.834957521557286,False,0,-0.000780419135047894,-0.0
2025-08-18 17:00:00+00:00,0.8961899876594543,0.8965700268745422,0.8952199816703796,0.8962500095367432,0,0.8976968318153963,0.8983453026599317,32.49004097476295,False,0,-6.69700157881481e-05,-0.0
2025-08-18 18:00:00+00:00,0.8963800072669983,0.8964099884033203,0.8950999975204468,0.8962399959564209,0,0.8975419112802906,0.8982808667454093,34.82423645549453,False,0,0.00021203049594453738,0.0
2025-08-18 19:00:00+00:00,0.8965499997138977,0.8966900110244751,0.8954600095748901,0.896399974822998,0,0.8974252158018914,0.8982241170066712,36.92530598112207,False,0,0.00018964328244863715,0.0
2025-08-18 20:00:00+00:00,0.8954399824142456,0.8967300057411194,0.8949900269508362,0.896589994430542,0,0.8971916589327565,0.8981328339052801,30.101492713013585,False,0,-0.0012380986001966354,-0.0
2025-08-18 21:00:00+00:00,0.8957700133323669,0.8962100148200989,0.8946300148963928,0.8958100080490112,0,0.8970244065091812,0.8980553643782994,34.00643130686316,False,0,0.00036856844076971207,0.0
2025-08-18 22:00:00+00:00,0.8960199952125549,0.8964800238609314,0.8951900005340576,0.8957899808883667,0,0.896906240474284,0.897988630963029,36.882724399004914,False,0,0.00027906926606968696,0.0
2025-08-18 23:00:00+00:00,0.8963599801063538,0.8965399861335754,0.8949699997901917,0.8960999846458435,0,0.8968419745486451,0.8979352325742855,40.670120801685606,False,0,0.00037943895852254883,0.0
2025-08-19 00:00:00+00:00,0.8967499732971191,0.8967499732971191,0.8952699899673462,0.8963299989700317,0,0.896831150871995,0.8978963716143784,44.76454241131375,False,0,0.0004350854560899453,0.0
2025-08-19 01:00:00+00:00,0.8961799740791321,0.8969399929046631,0.8950200080871582,0.8966799974441528,0,0.8967545418375406,0.8978400962853539,40.378514847313575,False,0,-0.0006356278059215237,-0.0
2025-08-19 02:00:00+00:00,0.896369993686676,0.8964300155639648,0.8950099945068359,0.8962100148200989,0,0.8967093008786153,0.8977918962001513,42.404492528541624,False,0,0.0002120328650940806,0.0
2025-08-19 03:00:00+00:00,0.8958200216293335,0.896619975566864,0.8950600028038025,0.8963800072669983,0,0.8966046797904645,0.8977272445748786,38.34334509365937,False,0,-0.0006135547387976503,-0.0
2025-08-19 04:00:00+00:00,0.8960099816322327,0.8962200284004211,0.8949800133705139,0.8958200216293335,0,0.8965347153012608,0.8976709408718411,40.46424879549627,False,0,0.0002120515263250855,0.0
2025-08-19 05:00:00+00:00,0.8948400020599365,0.8963299989700317,0.8942099809646606,0.8960000276565552,0,0.8963353372728696,0.897578123205877,32.947017789127315,False,0,-0.0013057662261359848,-0.0
2025-08-19 06:00:00+00:00,0.8959000110626221,0.8959599733352661,0.8939200043678284,0.8949000239372253,0,0.8962841224246052,0.8975231031356063,43.236059109434336,False,0,0.001184579366417804,0.0
2025-08-19 07:00:00+00:00,0.8959800004959106,0.8965100049972534,0.8945500254631042,0.8959100246429443,0,0.8962483433741705,0.897472509606436,43.93518431736934,False,0,8.92838846979771e-05,0.0
2025-08-19 08:00:00+00:00,0.8959699869155884,0.8962200284004211,0.8947299718856812,0.8959500193595886,0,0.8962155955555138,0.8974232465673918,43.862353396481545,False,0,-1.1176120356171104e-05,-0.0
2025-08-19 09:00:00+00:00,0.8967000246047974,0.8968899846076965,0.895110011100769,0.8959599733352661,0,0.8962725872083707,0.8973995343718969,50.327257228322836,False,0,0.0008148014999054265,0.0
2025-08-19 10:00:00+00:00,0.8962799906730652,0.8970900177955627,0.8952000141143799,0.8966799974441528,0,0.8962734582042171,0.8973628280211154,46.975280275635086,False,0,-0.00046842190276208395,-0.0
2025-08-19 11:00:00+00:00,0.8965100049972534,0.8966599702835083,0.8951200246810913,0.8962299823760986,0,0.896301287238692,0.897334866610497,48.97928833545731,False,0,0.00025663222049110423,0.0
2025-08-19 12:00:00+00:00,0.8969200253486633,0.8974400162696838,0.8956000208854675,0.89656001329422,0,0.8963740799575121,0.8973212652576499,52.43059845053426,False,0,0.0004573516738513028,0.0
2025-08-19 13:00:00+00:00,0.8966400027275085,0.8970999717712402,0.8951799869537354,0.8969799876213074,0,0.8964053649892764,0.8972989287812517,49.94570371989689,False,0,-0.0003122046706961479,-0.0
2025-08-19 14:00:00+00:00,0.8956999778747559,0.896809995174408,0.8946599960327148,0.8966000080108643,0,0.896322378269921,0.8972465041613665,42.639867538130545,False,0,-0.0010483860299487224,-0.0
2025-08-19 15:00:00+00:00,0.8950499892234802,0.8957200050354004,0.8941100239753723,0.8956599831581116,0,0.8961726854409279,0.8971744872781572,38.45157465049179,False,0,-0.0007256767526307994,-0.0
2025-08-19 16:00:00+00:00,0.8949900269508362,0.8953700065612793,0.8938900232315063,0.8949999809265137,0,0.8960335491479758,0.8971028656280811,38.079975381855135,False,0,-6.699321084413512e-05,-0.0
2025-08-19 17:00:00+00:00,0.8948000073432922,0.8950099945068359,0.8935700058937073,0.8949599862098694,0,0.8958884265827189,0.89702736207776,36.864153373069016,False,0,-0.00021231477650240915,-0.0
2025-08-19 18:00:00+00:00,0.8944299817085266,0.894860029220581,0.893280029296875,0.8947700262069702,0,0.895716844832814,0.8969422020656539,34.550762304960074,False,0,-0.0004135288687181493,-0.0
2025-08-19 19:00:00+00:00,0.8946999907493591,0.8947399854660034,0.893339991569519,0.8943899869918823,0,0.8955972149406428,0.8968686869405295,37.62668079680834,False,0,0.0003018783430277505,0.0
2025-08-19 20:00:00+00:00,0.8946800231933594,0.8950999975204468,0.8934800028800964,0.8946499824523926,0,0.8954893100291977,0.8967969274734091,37.48637520930282,False,0,-2.23175994257252e-05,-0.0
2025-08-19 21:00:00+00:00,0.8943300247192383,0.896049976348877,0.8935499787330627,0.8945900201797485,0,0.8953529235221436,0.8967160454158953,35.02126250992691,False,0,-0.0003911996077344826,-0.0
2025-08-19 22:00:00+00:00,0.8948799967765808,0.8951299786567688,0.8938500285148621,0.8944299817085266,0,0.8952972850814891,0.8966558470998522,41.52809641598298,False,0,0.0006149542586533219,0.0
2025-08-19 23:00:00+00:00,0.894860029220581,0.8949800133705139,0.8936700224876404,0.8947299718856812,0,0.8952458432154998,0.896596967825122,41.36613470213643,False,0,-2.2313110217719867e-05,-0.0
2025-08-20 00:00:00+00:00,0.8946700096130371,0.8950099945068359,0.8932099938392639,0.8947799801826477,0,0.8951780980857983,0.8965337888673487,39.77629669537656,False,0,-0.00021234561980543187,-0.0
2025-08-20 01:00:00+00:00,0.894540011882782,0.8949999809265137,0.8932899832725525,0.8945900201797485,0,0.8951030291207376,0.8964684191301497,38.68101009171353,False,0,-0.0001453024342588094,-0.0
2025-08-20 02:00:00+00:00,0.8931300044059753,0.8946800231933594,0.8917099833488464,0.8946099877357483,0,0.8948709085660597,0.896358962909685,29.267372186260587,False,0,-0.001576237460679808,-0.0
2025-08-20 03:00:00+00:00,0.8924599885940552,0.8937399983406067,0.8915299773216248,0.8930500149726868,0,0.8945872709222944,0.8962311276862217,26.026089420600215,False,0,-0.0007501884480589638,-0.0
2025-08-20 04:00:00+00:00,0.8936600089073181,0.8939099907875061,0.8915200233459473,0.8923699855804443,0,0.8944781812734736,0.8961468287098642,39.046386058126636,False,0,0.0013446208553880012,0.0
2025-08-20 05:00:00+00:00,0.8943899869918823,0.8944799900054932,0.8924499750137329,0.8936399817466736,0,0.8944678054756393,0.8960892273420614,45.3480321969113,False,0,0.0008168409431867918,0.0
2025-08-20 06:00:00+00:00,0.8936499953269958,0.8945599794387817,0.8922200202941895,0.8944200277328491,0,0.8943715925169754,0.8960092525218953,40.74893579687605,False,0,-0.0008273702474860256,-0.0
2025-08-20 07:00:00+00:00,0.8934599757194519,0.8941199779510498,0.8921800255775452,0.8936499953269958,0,0.8942643434819726,0.8959256696759136,39.63727042347664,False,0,-0.0002126331433308648,-0.0
2025-08-20 08:00:00+00:00,0.8928899765014648,0.8934800028800964,0.8910199999809265,0.8934500217437744,0,0.8941026532489716,0.8958261387521611,36.42699917318239,False,0,-0.0006379683852408835,-0.0
2025-08-20 09:00:00+00:00,0.893060028553009,0.8931499719619751,0.891510009765625,0.8928700089454651,0,0.8939799915200348,0.8957354466144839,38.039301910181784,False,0,0.00019045129413419737,0.0
2025-08-20 10:00:00+00:00,0.8927500247955322,0.8931099772453308,0.891569972038269,0.8930400013923645,0,0.8938352895524463,0.8956375639318952,36.235147602496816,False,0,-0.00034712533039815696,-0.0
2025-08-20 11:00:00+00:00,0.8920800089836121,0.8929499983787537,0.8912400007247925,0.8926799893379211,0,0.8936287859561128,0.8955209227860499,32.63270556951012,False,0,-0.0007505077494381895,-0.0
2025-08-20 12:00:00+00:00,0.8928599953651428,0.8934299945831299,0.8912400007247925,0.8920000195503235,0,0.893538340004234,0.8954336792640529,40.098733692775895,False,0,0.0008743457690745249,0.0
2025-08-20 13:00:00+00:00,0.8914499878883362,0.8931599855422974,0.890529990196228,0.8928300142288208,0,0.8932926515200108,0.8953030664320621,32.982594827456865,False,0,-0.0015792033287704843,-0.0
2025-08-20 14:00:00+00:00,0.8910499811172485,0.8918600082397461,0.889930009841919,0.8914399743080139,0,0.8930288079432153,0.8951636210119043,31.286310245345604,False,0,-0.0004487147641732969,-0.0
2025-08-20 15:00:00+00:00,0.8916900157928467,0.8925700187683105,0.8901600241661072,0.8910599946975708,0,0.8928713029843484,0.8950497323161974,36.8800396842018,False,0,0.0007182926762374642,0.0
2025-08-20 16:00:00+00:00,0.8923900127410889,0.892549991607666,0.8908799886703491,0.8916699886322021,0,0.8928146806027885,0.894962528395702,42.4025759170485,False,0,0.0007850227498844564,0.0
2025-08-20 17:00:00+00:00,0.8923599720001221,0.8928700089454651,0.8914499878883362,0.8923400044441223,0,0.8927611854730629,0.8948771986778141,42.231806266100975,False,0,-3.366324201070636e-05,-0.0
2025-08-20 18:00:00+00:00,0.8919500112533569,0.892520010471344,0.8908299803733826,0.8923699855804443,0,0.8926657532119211,0.8947812253196351,39.87186436124296,False,0,-0.0004594118513028267,-0.0
2025-08-20 19:00:00+00:00,0.8926299810409546,0.8926600217819214,0.8911499977111816,0.8919199705123901,0,0.8926615447212192,0.894710692720334,45.328839467859616,False,0,0.0007623406906427377,0.0
2025-08-20 20:00:00+00:00,0.8924099802970886,0.8928899765014648,0.891290009021759,0.8926100134849548,0,0.8926319489066156,0.8946352595261292,43.93937537058309,False,0,-0.0002464635386875136,-0.0
2025-08-20 21:00:00+00:00,0.8918899893760681,0.8921999931335449,0.8908100128173828,0.8921800255775452,0,0.8925446595500806,0.8945452506687501,40.75917550668312,False,0,-0.0005826816513722077,-0.0
2025-08-20 22:00:00+00:00,0.8923199772834778,0.8925099968910217,0.8913800120353699,0.8918899893760681,0,0.8925182263422449,0.8944722908856264,44.34624796131974,False,0,0.00048210868215980973,0.0
2025-08-20 23:00:00+00:00,0.8927599787712097,0.8928800225257874,0.8914499878883362,0.892300009727478,0,0.892546667804476,0.8944161495048258,47.8275587777363,False,0,0.0004930983267588118,0.0
2025-08-21 00:00:00+00:00,0.8918300271034241,0.8929700255393982,0.8909400105476379,0.8926100134849548,0,0.892462357133764,0.8943313586064191,41.86671003903021,False,0,-0.0010416592252103785,-0.0
2025-08-21 01:00:00+00:00,0.8923299908638,0.8926200270652771,0.89069002866745,0.8918399810791016,0,0.8924467846314152,0.894265739991907,45.77924540560499,False,0,0.0005606043138060013,0.0
2025-08-21 02:00:00+00:00,0.8908299803733826,0.8923900127410889,0.8899000287055969,0.8922299742698669,0,0.8922565723657643,0.8941530921355618,37.602344227921115,False,0,-0.001681004231366745,-0.0
2025-08-21 03:00:00+00:00,0.8911799788475037,0.8915299773216248,0.8901399970054626,0.8909299969673157,0,0.8921299143047925,0.8940556130113632,40.28260772766103,False,0,0.0003928903178296306,0.0
2025-08-21 04:00:00+00:00,0.8908399939537048,0.8915899991989136,0.889989972114563,0.8911600112915039,0,0.8919781589693704,0.8939501828783252,38.550337825252534,False,0,-0.0003814996991275965,-0.0
2025-08-21 05:00:00+00:00,0.8914099931716919,0.891539990901947,0.8895300030708313,0.8908500075340271,0,0.8919113159343492,0.8938668979699109,42.977671479768986,False,0,0.0006398446655468959,0.0
2025-08-21 06:00:00+00:00,0.8910800218582153,0.891700029373169,0.8901100158691406,0.8913900256156921,0,0.8918135166312746,0.8937755249826422,41.130230774503524,False,0,-0.00037016784196297614,-0.0
2025-08-21 07:00:00+00:00,0.891290009021759,0.891480028629303,0.889930009841919,0.8911499977111816,0,0.8917519275007433,0.8936940326560558,42.814889125402665,False,0,0.00023565466444397387,0.0
2025-08-21 08:00:00+00:00,0.8913800120353699,0.8915299773216248,0.8901600241661072,0.8913699984550476,0,0.891708172740111,0.8936181631275087,43.56039735297912,False,0,0.00010098061539998149,0.0
2025-08-21 09:00:00+00:00,0.8915500044822693,0.8920400142669678,0.8904899954795837,0.8913800120353699,0,0.8916895647097767,0.8935503546473369,45.018353534301454,False,0,0.00019070704368973068,0.0
2025-08-21 10:00:00+00:00,0.8922600150108337,0.8924300074577332,0.8906199932098389,0.891539990901947,0,0.891756676509901,0.8935080484297466,50.74181515620786,False,0,0.0007963776849249093,0.0
2025-08-21 11:00:00+00:00,0.8918499946594238,0.892769992351532,0.8910300135612488,0.8923699855804443,0,0.8917676551157272,0.8934536860110475,47.65657370608369,False,0,-0.00045953011959742884,-0.0
2025-08-21 12:00:00+00:00,0.8919600248336792,0.8925899863243103,0.8909000158309937,0.8918300271034241,0,0.8917902868472509,0.8934047135134289,48.56045489563502,False,0,0.00012337296060360714,0.0
2025-08-21 13:00:00+00:00,0.8922600150108337,0.892989993095398,0.8912799954414368,0.8919600248336792,0,0.891845548984143,0.8933671824149831,51.04271041115819,False,0,0.0003363269303582328,0.0
2025-08-21 14:00:00+00:00,0.8928999900817871,0.8934500217437744,0.8915299773216248,0.8921499848365784,0,0.8919696008779835,0.8933518646335669,55.92863311005658,False,0,0.000717251765389948,0.0
2025-08-21 15:00:00+00:00,0.8923400044441223,0.8930400013923645,0.8912400007247925,0.8928899765014648,0,0.8920131777681174,0.8933186888896506,51.12104286702268,False,0,-0.0006271538177680114,-0.0
2025-08-21 16:00:00+00:00,0.8923599720001221,0.892579972743988,0.8911899924278259,0.8922399878501892,0,0.8920539770895296,0.8932872555490103,51.2818542164918,False,0,2.2376623148412378e-05,0.0
2025-08-21 17:00:00+00:00,0.8928499817848206,0.8931099772453308,0.8915799856185913,0.8923799991607666,0,0.8921476247007403,0.8932729187042828,55.178951946660554,False,0,0.0005491167242746009,0.0
2025-08-21 18:00:00+00:00,0.8928999900817871,0.8931699991226196,0.8918200135231018,0.8927199840545654,0,0.892236138274981,0.8932606915363321,55.569570666364505,False,0,5.600974182318197e-05,0.0
2025-08-21 19:00:00+00:00,0.8927800059318542,0.8930000066757202,0.8915500044822693,0.8928099870681763,0,0.8923001227052013,0.8932449313525788,54.34579038392052,False,0,-0.00013437579937913835,-0.0
2025-08-21 20:00:00+00:00,0.8925700187683105,0.8931199908256531,0.8918399810791016,0.8927599787712097,0,0.8923318751832141,0.8932228030711273,52.179963535554776,False,0,-0.00023520594339987433,-0.0
2025-08-21 21:00:00+00:00,0.8927099704742432,0.893339991569519,0.8919399976730347,0.892549991607666,0,0.8923763569821587,0.8932059888876228,53.509773606315974,False,0,0.00015679633304932494,0.0
2025-08-21 22:00:00+00:00,0.8931599855422974,0.8934900164604187,0.8921800255775452,0.89274001121521,0,0.892468548577469,0.8932044805812187,57.59340607853813,False,0,0.0005040999685654857,0.0
2025-08-21 23:00:00+00:00,0.8931900262832642,0.8932399749755859,0.8920599818229675,0.8930799961090088,0,0.8925534283075626,0.8932040066698103,57.85951095123205,False,0,3.363422169933017e-05,0.0
2025-08-22 00:00:00+00:00,0.8934400081634521,0.8936799764633179,0.8919399976730347,0.8931099772453308,0,0.8926577318200202,0.8932117444237002,60.103089480927345,False,0,0.0002798753600374848,0.0
2025-08-22 01:00:00+00:00,0.8933500051498413,0.8936700224876404,0.8922899961471558,0.8934599757194519,0,0.8927391757411756,0.8932162775622622,58.887469579846844,False,0,-0.00010073761280948723,-0.0
2025-08-22 02:00:00+00:00,0.893809974193573,0.8942599892616272,0.8923599720001221,0.8933299779891968,0,0.8928651520296929,0.8932357430255838,63.00554140409944,False,0,0.0005148811116362229,0.0
2025-08-22 03:00:00+00:00,0.8935400247573853,0.8942400217056274,0.8926200270652771,0.8937900066375732,0,0.892944548821186,0.8932457194758068,59.25427504803812,False,0,-0.00030202106038401677,-0.0
2025-08-22 04:00:00+00:00,0.8931499719619751,0.8937100172042847,0.8921399712562561,0.8935099840164185,0,0.8929687162495141,0.8932425802130581,54.2300952297905,False,0,-0.0004365252642332118,-0.0
2025-08-22 05:00:00+00:00,0.89274001121521,0.8931499719619751,0.8918499946594238,0.893060028553009,0,0.89294180977489,0.8932261025409975,49.48123307494163,False,0,-0.0004590054969878521,-0.0
2025-08-22 06:00:00+00:00,0.8930400013923645,0.8935800194740295,0.8918200135231018,0.8926600217819214,0,0.892953361729887,0.8932200008639932,52.74238083533834,False,0,0.0003360330817325785,0.0
2025-08-22 07:00:00+00:00,0.8935099840164185,0.8938000202178955,0.8919900059700012,0.8930400013923645,0,0.893018846704773,0.8932295085083349,57.383810761738516,False,0,0.0005262727574590897,0.0
2025-08-22 08:00:00+00:00,0.8942400217056274,0.8946099877357483,0.8927000164985657,0.8935700058937073,0,0.8931625143519324,0.893262640088574,63.39747491559303,False,0,0.0008170448033801847,0.0
2025-08-22 09:00:00+00:00,0.8931300044059753,0.8945000171661377,0.8922299742698669,0.8942700028419495,0,0.8931586896524081,0.8932582913776691,51.498082971541194,False,0,-0.0012412968249115863,-0.0
2025-08-22 10:00:00+00:00,0.8930699825286865,0.8933500051498413,0.8919500112533569,0.893090009689331,0,0.8931482535202055,0.8932521173170467,50.941298225774354,False,0,-6.720396470027978e-05,-0.0
2025-08-22 11:00:00+00:00,0.8932300209999084,0.8933299779891968,0.8919199705123901,0.893060028553009,0,0.8931578732237,0.8932513928476322,52.41848046041421,False,0,0.00017920036990703991,0.0
2025-08-22 12:00:00+00:00,0.893589973449707,0.8941799998283386,0.8925999999046326,0.8932600021362305,0,0.8932087085444067,0.8932624938509789,55.65284669628861,False,0,0.00040297845049552805,0.0
2025-08-22 13:00:00+00:00,0.894599974155426,0.8950499892234802,0.8928499817848206,0.893559992313385,0,0.8933723868515855,0.8933063456642395,63.20976426413709,True,0,0.0011302730958584473,0.0
2025-08-22 14:00:00+00:00,0.8982200026512146,0.8989800214767456,0.894540011882782,0.894540011882782,0,0.8939426945927182,0.8934674491720092,77.80698630434902,False,1,0.004046533199608238,0.004046533199608238
2025-08-22 15:00:00+00:00,0.8975399732589722,0.8991400003433228,0.8964599967002869,0.8982200026512146,0,0.8943659038475716,0.8936009745519096,72.02568727760126,False,0,-0.0007570855583657332,-0.0
2025-08-22 16:00:00+00:00,0.897350013256073,0.8980399966239929,0.896340012550354,0.897570013999939,0,0.8947169755426895,0.8937238938536853,70.45093314953795,False,0,-0.00021164517298255525,-0.0
2025-08-22 17:00:00+00:00,0.8974599838256836,0.8977900147438049,0.8963000178337097,0.897350013256073,0,0.8950396823995124,0.8938463886068656,70.84829691891754,False,0,0.00012255036271913156,0.0
2025-08-22 18:00:00+00:00,0.8969799876213074,0.8975399732589722,0.8960700035095215,0.8974499702453613,0,0.8952679536020764,0.8939491295581588,66.63617833019599,True,0,-0.0005348385588515026,-0.0
2025-08-22 19:00:00+00:00,0.897159993648529,0.8972399830818176,0.8957099914550781,0.8969500064849854,0,0.895490546548718,0.8940544037906298,67.41848384566308,True,1,0.00020068009287377286,0.00020068009287377286
2025-08-22 20:00:00+00:00,0.897409975528717,0.8977299928665161,0.8961399793624878,0.8971700072288513,0,0.8957163617228354,0.8941644225361409,68.52233195613442,True,1,0.000278636900840068,0.000278636900840068
2025-08-22 21:00:00+00:00,0.896340012550354,0.896340012550354,0.896340012550354,0.896340012550354,0,0.8957897324084259,0.894235753356279,59.2669285311279,True,1,-0.001192278899878163,-0.001192278899878163
2025-08-24 23:00:00+00:00,0.8967400193214417,0.8973699808120728,0.8958100080490112,0.8970400094985962,0,0.8959015308687807,0.894317860437104,61.36778372192753,True,1,0.00044626677989034746,0.00044626677989034746
2025-08-25 00:00:00+00:00,0.8970000147819519,0.8973100185394287,0.8959500193595886,0.8967000246047974,0,0.8960307642703302,0.8944057999238203,62.71388937597907,True,1,0.0002899340443254239,0.0002899340443254239
2025-08-25 01:00:00+00:00,0.8959199786186218,0.897159993648529,0.8949800133705139,0.8968999981880188,0,0.8960177306642468,0.8944554451269284,54.25646312071859,True,1,-0.0012040536739484908,-0.0012040536739484908
2025-08-25 02:00:00+00:00,0.8968300223350525,0.8968899846076965,0.8951299786567688,0.8958399891853333,0,0.8961132943902239,0.8945333001173587,59.243882935217734,True,1,0.0010157645081583233,0.0010157645081583233
2025-08-25 03:00:00+00:00,0.8972899913787842,0.897570013999939,0.8960999846458435,0.8967999815940857,0,0.8962517293300545,0.8946236834374054,61.52712451407507,True,1,0.0005128831911025422,0.0005128831911025422
2025-08-25 04:00:00+00:00,0.8977500200271606,0.8980399966239929,0.8964800238609314,0.8972700238227844,0,0.8964279988238317,0.8947261862764138,63.71644743380158,True,1,0.0005126867041831407,0.0005126867041831407
2025-08-25 05:00:00+00:00,0.8982399702072144,0.8985599875450134,0.8968200087547302,0.8977100253105164,0,0.8966411719277592,0.8948413923069317,65.93953935575442,True,1,0.0005457534604553782,0.0005457534604553782
2025-08-25 06:00:00+00:00,0.8986499905586243,0.8991199731826782,0.8974900245666504,0.8982200026512146,0,0.8968775035313903,0.8949662643807577,67.7218928894676,True,1,0.0004564708374259485,0.0004564708374259485
2025-08-25 07:00:00+00:00,0.8973399996757507,0.8989599943161011,0.8965499997138977,0.8985999822616577,0,0.8969319148424915,0.8950440917674787,57.38904824787524,True,1,-0.0014577320387654247,-0.0014577320387654247
2025-08-25 08:00:00+00:00,0.8981500267982483,0.8983700275421143,0.8966900110244751,0.8973299860954285,0,0.897075222131404,0.8951459257029137,61.319141757075556,True,1,0.0009026981108501975,0.0009026981108501975
2025-08-25 09:00:00+00:00,0.8974400162696838,0.8981599807739258,0.8962200284004211,0.8980900049209595,0,0.8971181390888487,0.89522114178707,56.408106187145776,True,1,-0.000790525532906261,-0.000790525532906261
2025-08-25 10:00:00+00:00,0.8977800011634827,0.8978999853134155,0.8963199853897095,0.8974699974060059,0,0.8971960052152762,0.8953050388158048,58.137070937927966,True,1,0.00037883857153153677,0.00037883857153153677
2025-08-25 11:00:00+00:00,0.8983100056648254,0.8984000086784363,0.8968300223350525,0.8978000283241272,0,0.8973270640916937,0.8954035623190514,60.75054759118901,True,1,0.0005903500864976596,0.0005903500864976596
2025-08-25 12:00:00+00:00,0.8973100185394287,0.898389995098114,0.8963299989700317,0.8982999920845032,0,0.8973250587326037,0.8954660690803752,53.911858630389105,True,1,-0.0011131871170205754,-0.0011131871170205754
2025-08-25 13:00:00+00:00,0.8981099724769592,0.8982800245285034,0.8963099718093872,0.8972700238227844,0,0.8974174015260573,0.8955527544376402,57.986306559748414,True,1,0.0008915022912956427,0.0008915022912956427
2025-08-25 14:00:00+00:00,0.8984699845314026,0.8991199731826782,0.8973399996757507,0.8980299830436707,0,0.8975412348208038,0.8956484013259602,59.71248925134678,True,1,0.0004008552020087208,0.0004008552020087208
2025-08-25 15:00:00+00:00,0.8987200260162354,0.8993200063705444,0.8976600170135498,0.8984699845314026,0,0.8976799161379134,0.8957491103321987,60.91364889982703,True,1,0.00027829698168835293,0.00027829698168835293
2025-08-25 16:00:00+00:00,0.89860999584198,0.8990899920463562,0.8976600170135498,0.8986600041389465,0,0.8977893372795683,0.8958429098571096,60.06498430838019,True,1,-0.0001224298681126168,-0.0001224298681126168
2025-08-25 17:00:00+00:00,0.8984900116920471,0.8986700177192688,0.8972700238227844,0.8986200094223022,0,0.8978717695633894,0.8959297000812059,59.098062246265414,True,1,-0.00013352193998295014,-0.00013352193998295014
2025-08-25 18:00:00+00:00,0.8979600071907043,0.8985400199890137,0.897059977054596,0.8984599709510803,0,0.8978821504607206,0.8959962675274189,54.894303865575665,True,1,-0.0005898835762733201,-0.0005898835762733201
2025-08-25 19:00:00+00:00,0.8980799913406372,0.8982499837875366,0.8969699740409851,0.8979700207710266,0,0.8979054258583579,0.896064586340967,55.66318290468355,True,1,0.00013361858988369946,0.00013361858988369946
2025-08-25 20:00:00+00:00,0.8981000185012817,0.8984799981117249,0.8970900177955627,0.8981299996376038,0,0.8979283191104666,0.896131321821633,55.798621559208414,True,1,2.2299974208994655e-05,2.2299974208994655e-05
2025-08-25 21:00:00+00:00,0.8978599905967712,0.8982899785041809,0.8969100117683411,0.8977199792861938,0,0.8979202804617965,0.8961879994863916,53.68204395059312,True,1,-0.0002672618857207931,-0.0002672618857207931
2025-08-25 22:00:00+00:00,0.8982499837875366,0.8984100222587585,0.8971800208091736,0.8980299830436707,0,0.8979590690883541,0.8962556055290521,56.564953345627956,True,1,0.0004343585802348837,0.0004343585802348837
2025-08-25 23:00:00+00:00,0.8981900215148926,0.8983200192451477,0.8970400094985962,0.8981000185012817,0,0.8979862399620645,0.8963190290039977,55.98794528459541,True,1,-6.675454909688128e-05,-6.675454909688128e-05
2025-08-26 00:00:00+00:00,0.8985099792480469,0.8992999792098999,0.8972700238227844,0.8982099890708923,0,0.8980478563486507,0.8963908634382288,58.42500336641928,True,1,0.00035622499191734214,0.00035622499191734214
2025-08-26 01:00:00+00:00,0.8971700072288513,0.8988999724388123,0.8961399793624878,0.8984400033950806,0,0.8979445799816154,0.8964164091362821,46.74985720845182,True,1,-0.001491326807874671,-0.001491326807874671
2025-08-26 02:00:00+00:00,0.8974499702453613,0.898140013217926,0.896589994430542,0.8971499800682068,0,0.8978863906008795,0.8964502963857601,49.04111075911589,True,1,0.0003120512436374234,0.0003120512436374234
2025-08-26 03:00:00+00:00,0.8969699740409851,0.8975200057029724,0.895799994468689,0.8974999785423279,0,0.8977785768879507,0.8964673349974068,45.431724053206516,True,1,-0.0005348445264808932,-0.0005348445264808932
2025-08-26 04:00:00+00:00,0.8976600170135498,0.897849977016449,0.8959599733352661,0.8969600200653076,0,0.8977646286674329,0.896506439325805,51.013501671796114,True,1,0.0007693044277234939,0.0007693044277234939
2025-08-26 05:00:00+00:00,0.897629976272583,0.8977900147438049,0.896399974822998,0.8976500034332275,0,0.8977487872092152,0.8965432766027485,50.77002416057647,True,1,-3.346561103023671e-05,-3.346561103023671e-05
2025-08-26 06:00:00+00:00,0.8979499936103821,0.8982399702072144,0.8963000178337097,0.8975499868392944,0,0.8977724585505289,0.8965893984718512,53.3256627052747,True,1,0.00035651364845001865,0.00035651364845001865
2025-08-26 07:00:00+00:00,0.8969299793243408,0.8980399966239929,0.8960000276565552,0.8979399800300598,0,0.897673343347448,0.8966005650571787,45.26060322613043,True,1,-0.0011359366259807713,-0.0011359366259807713
2025-08-26 08:00:00+00:00,0.8974599838256836,0.8979499936103821,0.8960999846458435,0.8968799710273743,0,0.8976482422272404,0.8966287427217198,49.53177765752546,True,1,0.0005909095621288163,0.0005909095621288163
2025-08-26 09:00:00+00:00,0.8980799913406372,0.8982399702072144,0.8965499997138977,0.8974400162696838,0,0.8976990362405811,0.8966763246436514,54.04874316405396,True,1,0.0006908469749375978,0.0006908469749375978
2025-08-26 10:00:00+00:00,0.8980799913406372,0.8983799815177917,0.8969299793243408,0.8980200290679932,0,0.8977438544876465,0.8967223465025689,54.04874316405396,True,1,0.0,0.0
2025-08-26 11:00:00+00:00,0.8984699845314026,0.898580014705658,0.8971099853515625,0.8980699777603149,0,0.8978292815516178,0.8967796461100715,56.8650958601565,True,1,0.0004342521763380791,0.0004342521763380791
2025-08-26 12:00:00+00:00,0.8980000019073486,0.8988400101661682,0.8970400094985962,0.8984500169754028,0,0.8978493662993509,0.896819657775556,52.67518148303651,True,1,-0.0005230921813142997,-0.0005230921813142997
2025-08-26 13:00:00+00:00,0.8982899785041809,0.8984000086784363,0.8966799974441528,0.8979099988937378,0,0.8979012030293309,0.8968678650125601,54.88397942415214,True,1,0.00032291380424975813,0.00032291380424975813
2025-08-26 14:00:00+00:00,0.8978800177574158,0.89860999584198,0.8969399929046631,0.8982700109481812,0,0.8978987106443996,0.8969010503484569,51.24262923608433,True,1,-0.0004563790719871452,-0.0004563790719871452
2025-08-26 15:00:00+00:00,0.898169994354248,0.898419976234436,0.8970100283622742,0.8978700041770935,0,0.89793062637497,0.8969426550699583,53.58821070846634,True,1,0.0003229569553808709,0.0003229569553808709
2025-08-26 16:00:00+00:00,0.8982800245285034,0.8988000154495239,0.8972200155258179,0.8981299996376038,0,0.8979717320400915,0.8969865032489269,54.482993194408024,True,1,0.00012250484312215093,0.00012250484312215093
2025-08-26 17:00:00+00:00,0.8987100124359131,0.8988000154495239,0.8974699974060059,0.8982800245285034,0,0.898058588557247,0.8970430117468609,57.898941592973664,True,1,0.00047867913753885105,0.00047867913753885105
2025-08-26 18:00:00+00:00,0.8984000086784363,0.8987200260162354,0.8972799777984619,0.8986999988555908,0,0.898098755630328,0.8970875034495354,54.71101871111277,True,1,-0.00034494303299970053,-0.00034494303299970053
2025-08-26 19:00:00+00:00,0.8982999920845032,0.8984799981117249,0.8971700072288513,0.8983799815177917,0,0.8981224305072898,0.897127257175272,53.684015129114364,True,1,-0.00011132746323128107,-0.00011132746323128107
2025-08-26 20:00:00+00:00,0.8984799981117249,0.8987500071525574,0.8972799777984619,0.8982499837875366,0,0.8981644972842822,0.8971716093371228,55.309966335645925,True,1,0.00020038520406084892,0.00020038520406084892
2025-08-26 21:00:00+00:00,0.8978400230407715,0.8984799981117249,0.8968999981880188,0.8981999754905701,0,0.898126323843869,0.897193524540521,48.75651665390938,True,1,-0.0007122863862282225,-0.0007122863862282225
2025-08-26 22:00:00+00:00,0.8986700177192688,0.898829996585846,0.8975600004196167,0.8979399800300598,0,0.8981902878292102,0.897241934152939,56.03255153503307,True,1,0.0009244349296062548,0.0009244349296062548
2025-08-26 23:00:00+00:00,0.8985499739646912,0.8987900018692017,0.8975600004196167,0.8986499905586243,0,0.8982326038451491,0.897284820704144,54.82015323307056,True,1,-0.00013357934749202993,-0.00013357934749202993
2025-08-27 00:00:00+00:00,0.8981000185012817,0.8986799716949463,0.8971499800682068,0.8985199928283691,0,0.8982170055694,0.8973115485007714,50.41669449648155,True,1,-0.0005007573050433978,-0.0005007573050433978
2025-08-27 01:00:00+00:00,0.8986499905586243,0.8994399905204773,0.8969100117683411,0.8980799913406372,0,0.8982679449798969,0.8973554318469306,55.15796543477497,True,1,0.0006123728382283478,0.0006123728382283478
2025-08-27 02:00:00+00:00,0.8981500267982483,0.8989700078964233,0.8971199989318848,0.898639976978302,0,0.8982540722526442,0.8973814841404163,50.436400498990196,True,1,-0.0005563498198727368,-0.0005563498198727368
2025-08-27 03:00:00+00:00,0.8978800177574158,0.8985599875450134,0.8969100117683411,0.8981299996376038,0,0.8982100658414409,0.897397829504908,48.044485515861226,True,1,-0.0003006279939611334,-0.0003006279939611334
2025-08-27 04:00:00+00:00,0.8975899815559387,0.8980900049209595,0.8966900110244751,0.8978400230407715,0,0.8981371147490289,0.8974041295721549,45.54581649359369,True,1,-0.00032302333913325487,-0.00032302333913325487
2025-08-27 05:00:00+00:00,0.897629976272583,0.8979200124740601,0.896619975566864,0.8976100087165833,0,0.8980774513988589,0.8974115343820049,45.963156727271425,True,1,4.455789109303332e-05,4.455789109303332e-05
2025-08-27 06:00:00+00:00,0.8977500200271606,0.8981900215148926,0.8965299725532532,0.897599995136261,0,0.898038930061012,0.89742263227201,47.26945658845228,True,1,0.00013373411957129377,0.00013373411957129377
2025-08-27 07:00:00+00:00,0.8968899846076965,0.8981900215148926,0.8959100246429443,0.8977400064468384,0,0.8979037600076808,0.8974051684141637,39.83889490434076,True,1,-0.0009579898638577555,-0.0009579898638577555
2025-08-27 08:00:00+00:00,0.8959900140762329,0.8969799876213074,0.8948000073432922,0.8969100117683411,0,0.8976786134275103,0.8973587699112807,33.843556936935315,True,1,-0.0010034346986907972,-0.0010034346986907972
2025-08-27 09:00:00+00:00,0.8964800238609314,0.8966900110244751,0.8948900103569031,0.8960300087928772,0,0.8975376028902657,0.8973299585653676,39.20787883339508,True,1,0.00054689201553626,0.00054689201553626
2025-08-27 10:00:00+00:00,0.8956400156021118,0.8964999914169312,0.8944799900054932,0.8964099884033203,0,0.8973143573269534,0.8972745505993591,34.10286384246827,True,1,-0.0009370072243236605,-0.0009370072243236605
2025-08-27 11:00:00+00:00,0.8956699967384338,0.895799994468689,0.8943099975585938,0.8956300020217896,0,0.8971209031400688,0.89722194227605,34.43101305366429,False,1,3.347453865365502e-05,3.347453865365502e-05
2025-08-27 12:00:00+00:00,0.8962799906730652,0.8964999914169312,0.8948400020599365,0.8956199884414673,0,0.8970219722615977,0.8971910586169357,40.881471077992074,False,0,0.0006810476367999918,0.0
2025-08-27 13:00:00+00:00,0.8969500064849854,0.8972799777984619,0.8951600193977356,0.8963299989700317,0,0.8970135056996433,0.8971831552683471,47.04390468624424,False,0,0.0007475519021873378,0.0
2025-08-27 14:00:00+00:00,0.8970100283622742,0.8974300026893616,0.8957599997520447,0.8968899846076965,0,0.8970130966011293,0.8971774789763447,47.57114452423106,False,0,6.691775110634346e-05,0.0
2025-08-27 15:00:00+00:00,0.8978599905967712,0.8979499936103821,0.8962399959564209,0.8970100283622742,0,0.8971127311888518,0.8971998564065226,54.4822536769046,False,0,0.0009475504259957024,0.0
2025-08-27 16:00:00+00:00,0.8980399966239929,0.898419976234436,0.8966599702835083,0.8978800177574158,0,0.8972218212400449,0.8972274019874231,55.81076707492152,False,0,0.00020048340399037023,0.0
2025-08-27 17:00:00+00:00,0.8975800275802612,0.8983799815177917,0.8965299725532532,0.8979700207710266,0,0.8972639631624233,0.8972389634822703,51.66143764995771,True,0,-0.0005121921578781219,-0.0
2025-08-27 18:00:00+00:00,0.8979899883270264,0.8980200290679932,0.8965499997138977,0.8976100087165833,0,0.8973493778876707,0.8972635872476721,54.88114465190888,True,1,0.0004567400500992136,0.0004567400500992136
2025-08-27 19:00:00+00:00,0.897409975528717,0.8980100154876709,0.8964599967002869,0.8980000019073486,0,0.8973565070219114,0.897268386863444,49.82467842243693,True,1,-0.0006459011858137576,-0.0006459011858137576
2025-08-27 20:00:00+00:00,0.8965399861335754,0.8974699974060059,0.8958600163459778,0.8973000049591064,0,0.8972604457409306,0.8972445048723008,43.370002229493885,True,1,-0.0009694447564270181,-0.0009694447564270181
2025-08-27 21:00:00+00:00,0.8962100148200989,0.8967000246047974,0.8956300020217896,0.8965399861335754,0,0.8971368656325974,0.8972105871656713,41.19042082036636,False,1,-0.0003680497452206444,-0.0003680497452206444
2025-08-27 22:00:00+00:00,0.8968899846076965,0.8970999717712402,0.8958500027656555,0.8963500261306763,0,0.8971078208061385,0.8972000756063934,47.091203835856014,False,0,0.0007587170153795508,0.0
2025-08-27 23:00:00+00:00,0.897409975528717,0.897409975528717,0.8960700035095215,0.8970299959182739,0,0.8971433684205594,0.8972069575710597,51.12950873416118,False,0,0.0005797711312920395,0.0
2025-08-28 00:00:00+00:00,0.8973399996757507,0.8976399898529053,0.8962900042533875,0.8974000215530396,0,0.8971665015094054,0.8972113196072791,50.570134500442485,False,0,-7.797534557718588e-05,-0.0
2025-08-28 01:00:00+00:00,0.8971999883651733,0.8978899717330933,0.896340012550354,0.8973100185394287,0,0.8971704411394956,0.8972109480911443,49.40545784844241,False,0,-0.00015602927611380046,-0.0
2025-08-28 02:00:00+00:00,0.8978300094604492,0.8979700207710266,0.896589994430542,0.8971899747848511,0,0.897248037412549,0.8972312451852198,54.48518827043155,True,0,0.0007022080956819998,0.0
2025-08-28 03:00:00+00:00,0.8972499966621399,0.8980100154876709,0.8963000178337097,0.8976799845695496,0,0.8972482679125009,0.8972318599877418,49.55264395798512,True,1,-0.000646016275016148,-0.000646016275016148
2025-08-28 04:00:00+00:00,0.897159993648529,0.8974300026893616,0.8962100148200989,0.8972700238227844,0,0.8972378827049747,0.8972295037143249,48.81415756709824,True,1,-0.00010030985115150326,-0.00010030985115150326
2025-08-28 05:00:00+00:00,0.8966799974441528,0.8972100019454956,0.8959500193595886,0.8971800208091736,0,0.897172249144878,0.8972114871153027,44.96540812253659,False,1,-0.0005350173968683425,-0.0005350173968683425
2025-08-28 06:00:00+00:00,0.8974499702453613,0.8976100087165833,0.8962699770927429,0.8971499800682068,0,0.8972049222155231,0.8972193062343211,51.56283815309055,False,0,0.0008586929600338244,0.0
2025-08-28 07:00:00+00:00,0.8974300026893616,0.8976799845695496,0.8962500095367432,0.8973000049591064,0,0.8972314022712687,0.8972262143148142,51.39078663126137,True,0,-2.224921350690856e-05,-0.0
2025-08-28 08:00:00+00:00,0.8978800177574158,0.8980799913406372,0.8961700201034546,0.897379994392395,0,0.8973077099755213,0.89724765049326,55.03251175369229,True,1,0.0005014486552774589,0.0005014486552774589
2025-08-28 09:00:00+00:00,0.8978099822998047,0.898169994354248,0.8968499898910522,0.8980000019073486,0,0.8973668008372017,0.8972660876016714,54.35007204092187,True,1,-7.800090905907275e-05,-7.800090905907275e-05
2025-08-28 10:00:00+00:00,0.898140013217926,0.8985499739646912,0.8968600034713745,0.8976500034332275,0,0.8974577669996397,0.8972947409005649,57.05279307446646,True,1,0.0003675955097712791,0.0003675955097712791
2025-08-28 11:00:00+00:00,0.8983399868011475,0.8986600041389465,0.8972200155258179,0.8981199860572815,0,0.897561557564523,0.897329011257961,58.650276706420655,True,1,0.00022265301654345038,0.00022265301654345038
2025-08-28 12:00:00+00:00,0.8982399702072144,0.898829996585846,0.8970500230789185,0.8981999754905701,0,0.8976413708166044,0.8973588787644938,57.498308023242004,True,1,-0.0001113349014878473,-0.0001113349014878473
2025-08-28 13:00:00+00:00,0.8976899981498718,0.8988800048828125,0.8968799710273743,0.8981299996376038,0,0.8976470916793418,0.897369735137785,51.5073897333613,True,1,-0.0006122774265051589,-0.0006122774265051589
2025-08-28 14:00:00+00:00,0.8981199860572815,0.898829996585846,0.8969500064849854,0.8976799845695496,0,0.8977027263120405,0.897394333528588,55.41844410203295,True,1,0.00047899375986792947,0.00047899375986792947
2025-08-28 15:00:00+00:00,0.8977800011634827,0.8984400033950806,0.8969600200653076,0.8981099724769592,0,0.8977118174710337,0.8974069783690763,51.857095075776755,True,1,-0.000378551751521905,-0.000378551751521905
2025-08-28 16:00:00+00:00,0.8981199860572815,0.8985499739646912,0.8970199823379517,0.8977800011634827,0,0.8977598373047099,0.8974303556703289,54.97322619688746,True,1,0.0003786951072179967,0.0003786951072179967
2025-08-28 17:00:00+00:00,0.8980100154876709,0.8985000252723694,0.8972899913787842,0.8982099890708923,0,0.897789270032117,0.8974493609102417,53.76108559487088,True,1,-0.0001224452983096258,-0.0001224452983096258
2025-08-28 18:00:00+00:00,0.8981599807739258,0.8981999754905701,0.8969900012016296,0.8980200290679932,0,0.897832883060565,0.8974726599221657,55.21141957087084,True,1,0.00016699734264480348,0.00016699734264480348
2025-08-28 19:00:00+00:00,0.898169994354248,0.8982899785041809,0.8971400260925293,0.8981500267982483,0,0.897872543212763,0.8974955233461684,55.31221308052614,True,1,1.1148994095266929e-05,1.1148994095266929e-05
2025-08-28 20:00:00+00:00,0.8975600004196167,0.8982800245285034,0.8969699740409851,0.8981800079345703,0,0.8978357734723929,0.8974976373485765,48.19674045533153,True,1,-0.0006791519851093719,-0.0006791519851093719
2025-08-28 21:00:00+00:00,0.8977100253105164,0.8979300260543823,0.8961499929428101,0.8970500230789185,0,0.8978209795709956,0.8975046008883122,49.90365296773504,True,1,0.00016714747853008305,0.00016714747853008305
2025-08-28 22:00:00+00:00,0.8977500200271606,0.8981099724769592,0.8967700004577637,0.8977400064468384,0,0.897812631389368,0.8975126474174547,50.37310932933886,True,1,4.455193271390989e-05,4.455193271390989e-05
2025-08-28 23:00:00+00:00,0.8980699777603149,0.8981900215148926,0.896809995174408,0.8977000117301941,0,0.8978429074330088,0.8975309205434501,54.08044184879867,True,1,0.00035639958342148503,0.00035639958342148503
2025-08-29 00:00:00+00:00,0.8984000086784363,0.8985300064086914,0.8969699740409851,0.8980600237846375,0,0.8979084487560002,0.8975594152364004,57.599019008879104,True,1,0.0003674890891514071,0.0003674890891514071
2025-08-29 01:00:00+00:00,0.8992800116539001,0.8993300199508667,0.8970000147819519,0.898389995098114,0,0.8980698090969296,0.8976158282336953,65.24597634954364,True,1,0.0009795224476436548,0.0009795224476436548
2025-08-29 02:00:00+00:00,0.8991000056266785,0.8994399905204773,0.8980200290679932,0.8992199897766113,0,0.8981910086886647,0.8976644897875636,62.75290787024821,True,1,-0.0002001668277833435,-0.0002001668277833435
2025-08-29 03:00:00+00:00,0.8989599943161011,0.8993600010871887,0.8978000283241272,0.8991100192070007,0,0.8982814775860102,0.8977069653458762,60.806685058282945,True,1,-0.00015572384573592224,-0.00015572384573592224
2025-08-29 04:00:00+00:00,0.8992699980735779,0.8993499875068665,0.8980399966239929,0.8990100026130676,0,0.8983977741139593,0.897758212320555,63.50550888717536,True,1,0.0003448471115921059,0.0003448471115921059
2025-08-29 05:00:00+00:00,0.8991100192070007,0.8993899822235107,0.8979399800300598,0.8993099927902222,0,0.8984815676543171,0.8978025338578155,61.16481538756301,True,1,-0.0001778985921023768,-0.0001778985921023768
2025-08-29 06:00:00+00:00,0.8982999920845032,0.899370014667511,0.8972600102424622,0.8990700244903564,0,0.8984602058225742,0.8978188439636086,50.92904942284559,True,1,-0.0009009210276758051,-0.0009009210276758051
2025-08-29 07:00:00+00:00,0.8984299898147583,0.8986200094223022,0.8972100019454956,0.8983100056648254,0,0.8984566509981253,0.8978388815324987,52.30842099722696,True,1,0.00014471527485326874,0.00014471527485326874
2025-08-29 08:00:00+00:00,0.8980399966239929,0.8984900116920471,0.8967800140380859,0.898389995098114,0,0.8984076328364626,0.8978454754699247,47.95347454648858,True,1,-0.00043408300611802453,-0.00043408300611802453
2025-08-29 09:00:00+00:00,0.8979099988937378,0.8982300162315369,0.89683997631073,0.8979799747467041,0,0.8983490876667303,0.8978475909920168,46.56190356298271,True,1,-0.0001447571720010199,-0.0001447571720010199
2025-08-29 10:00:00+00:00,0.8974999785423279,0.898140013217926,0.896589994430542,0.8979200124740601,0,0.8982491924756241,0.8978361938625188,42.38414762524396,True,1,-0.000456638585064284,-0.000456638585064284
2025-08-29 11:00:00+00:00,0.8974499702453613,0.8976799845695496,0.8964300155639648,0.8974499702453613,0,0.8981551663308872,0.8978235307931038,41.89046386385896,True,1,-5.571955226979508e-05,-5.571955226979508e-05
2025-08-29 12:00:00+00:00,0.8990300297737122,0.8990799784660339,0.8962299823760986,0.8974400162696838,0,0.8982580914418078,0.8978630881367303,58.38421799336136,True,1,0.0017606101518046202,0.0017606101518046202
2025-08-29 13:00:00+00:00,0.8992900252342224,0.8994799852371216,0.8979499936103821,0.8990300297737122,0,0.898379495417386,0.8979098729595989,60.377160203872506,True,1,0.00028919552395345605,0.00028919552395345605
2025-08-29 14:00:00+00:00,0.8984500169754028,0.8993800282478333,0.897379994392395,0.899150013923645,0,0.8983877920712704,0.8979275825994614,51.753717696235796,True,1,-0.0009340793684449178,-0.0009340793684449178
2025-08-29 15:00:00+00:00,0.8983700275421143,0.8986999988555908,0.8972399830818176,0.8984400033950806,0,0.8983857021266637,0.8979420889910238,51.00663545283376,True,1,-8.903047668451514e-05,-8.903047668451514e-05
2025-08-29 16:00:00+00:00,0.8988500237464905,0.8990799784660339,0.8975200057029724,0.8983299732208252,0,0.8984403281995844,0.897971857343662,55.18705803069907,True,1,0.0005342967704404789,0.0005342967704404789
2025-08-29 17:00:00+00:00,0.8986899852752686,0.8989599943161011,0.8976899981498718,0.8988400101661682,0,0.8984696996202531,0.8979954025217475,53.54652314274071,True,1,-0.0001780480246914573,-0.0001780480246914573
2025-08-29 18:00:00+00:00,0.8984699845314026,0.8988199830055237,0.8973900079727173,0.898639976978302,0,0.8984697331392119,0.8980109625876378,51.28937495397712,True,1,-0.0002448015972922324,-0.0002448015972922324
2025-08-29 19:00:00+00:00,0.8988000154495239,0.8989599943161011,0.8974900245666504,0.8984500169754028,0,0.8985085898816015,0.8980368331732733,54.39504952584813,True,1,0.0003673254797638137,0.0003673254797638137
2025-08-29 20:00:00+00:00,0.8986899852752686,0.8992800116539001,0.8971499800682068,0.8988199830055237,0,0.8985299305161506,0.8980582479962895,53.177731899399056,True,1,-0.00012241897236764387,-0.00012241897236764387
2025-08-29 21:00:00+00:00,0.8974999785423279,0.8979899883270264,0.8974999785423279,0.8979899883270264,0,0.8984087596957009,0.8980399440797662,42.18260529401344,True,1,-0.0013241571091683335,-0.0013241571091683335
2025-08-31 23:00:00+00:00,0.8989099860191345,0.8990499973297119,0.8978400230407715,0.8987699747085571,0,0.8984677274984578,0.8980684700449914,54.25230184896967,True,1,0.0015710390089331838,0.0015710390089331838
2025-09-01 00:00:00+00:00,0.8992099761962891,0.899429976940155,0.8980699777603149,0.8988100290298462,0,0.8985550508746731,0.8981058964761814,56.34056968888959,True,1,0.0003337266042433562,0.0003337266042433562
2025-09-01 01:00:00+00:00,0.8985199928283691,0.8992900252342224,0.8972600102424622,0.8992800116539001,0,0.8985509263986373,0.8981194734057613,50.61744220446483,True,1,-0.0007673217448482816,-0.0007673217448482816
2025-09-01 02:00:00+00:00,0.8991199731826782,0.8993300199508667,0.8975600004196167,0.8985099792480469,0,0.8986178730791127,0.8981522766771355,54.906926793922885,True,1,0.0006677429095600651,0.0006677429095600651
2025-09-01 03:00:00+00:00,0.8992300033569336,0.899429976940155,0.8979799747467041,0.8991299867630005,0,0.898689888405915,0.8981876119781125,55.667452113170455,True,1,0.00012237540877424458,0.00012237540877424458
2025-09-01 04:00:00+00:00,0.8987799882888794,0.8993300199508667,0.8978099822998047,0.8992000222206116,0,0.8987004883921461,0.898207034152236,51.81811958426937,True,1,-0.0005004448988292776,-0.0005004448988292776
2025-09-01 05:00:00+00:00,0.8987399935722351,0.8991199731826782,0.8977500200271606,0.898829996585846,0,0.8987051360603919,0.8982245082315803,51.47742817808906,True,1,-4.449889535307339e-05,-4.449889535307339e-05
2025-09-01 06:00:00+00:00,0.8994399905204773,0.8998399972915649,0.8978000283241272,0.8987399935722351,0,0.8987915895262844,0.8982643601099047,56.827558328488806,True,1,0.0007788648032229784,0.0007788648032229784
2025-09-01 07:00:00+00:00,0.8999999761581421,0.9001100063323975,0.897819995880127,0.899429976940155,0,0.8989337526594441,0.8983212655541092,60.5728161428346,True,1,0.0006225936622417105,0.0006225936622417105
2025-09-01 08:00:00+00:00,0.9007800221443176,0.9009100198745728,0.8990399837493896,0.8999199867248535,0,0.8991509608341351,0.8984018805242799,65.11293796580992,True,1,0.0008667177853773911,0.0008667177853773911
2025-09-01 09:00:00+00:00,0.9008600115776062,0.9009400010108948,0.8994399905204773,0.9008399844169617,0,0.8993520256274847,0.8984824749850447,65.55100980977608,True,1,8.880018575241344e-05,8.880018575241344e-05
2025-09-01 10:00:00+00:00,0.9007800221443176,0.9011300206184387,0.8995000123977661,0.9008100032806396,0,0.8995200252177004,0.8985578044001029,64.6764057207653,True,1,-8.879230097968982e-05,-8.879230097968982e-05
2025-09-01 11:00:00+00:00,0.9005799889564514,0.900879979133606,0.8993600010871887,0.9007899761199951,0,0.899644726834024,0.8986241055330979,62.43303681108453,True,1,-0.00022206663441537433,-0.00022206663441537433
2025-09-01 12:00:00+00:00,0.9009699821472168,0.9010499715805054,0.8992699980735779,0.9005200266838074,0,0.8998006392238114,0.8987010195204461,64.98321617245861,True,1,0.0004330466982920278,0.0004330466982920278
2025-09-01 13:00:00+00:00,0.9008299708366394,0.9010599851608276,0.8996300101280212,0.9009900093078613,0,0.8999217370606146,0.8987708212029443,63.321314446906136,True,1,-0.00015540063859142972,-0.00015540063859142972
2025-09-01 14:00:00+00:00,0.9014000296592712,0.9015100002288818,0.8998000025749207,0.9008499979972839,0,0.9000956538369271,0.8988570247588894,67.01960649811232,True,1,0.0006328151161560935,0.0006328151161560935
2025-09-01 15:00:00+00:00,0.9014099836349487,0.901889979839325,0.9004799723625183,0.9014300107955933,0,0.9002502808719886,0.8989407283285963,67.08202052413819,True,1,1.1042794930027355e-05,1.1042794930027355e-05
2025-09-01 16:00:00+00:00,0.9013299942016602,0.9014999866485596,0.9001700282096863,0.9013500213623047,0,0.900377305969597,0.8990190649145984,66.00108897231638,True,1,-8.873812664689229e-05,-8.873812664689229e-05
2025-09-01 17:00:00+00:00,0.901229977607727,0.9014000296592712,0.9002000093460083,0.9013699889183044,0,0.9004776202799651,0.8990915538553567,64.59942207965673,True,1,-0.00011096556708034555,-0.00011096556708034555
2025-09-01 18:00:00+00:00,0.9010999798774719,0.9012600183486938,0.9000599980354309,0.9011899828910828,0,0.9005508390561423,0.8991574038888687,62.73455063810902,True,1,-0.0001442447915460665,-0.0001442447915460665
2025-09-01 19:00:00+00:00,0.9012399911880493,0.9013199806213379,0.8999999761581421,0.9010900259017944,0,0.9006319157775431,0.8992256854396614,63.941905869557296,True,1,0.00015537821962485765,0.00015537821962485765
2025-09-01 20:00:00+00:00,0.9004300236701965,0.9013299942016602,0.9001799821853638,0.9012200236320496,0,0.900608163764914,0.8992651719390232,53.20312432553605,True,1,-0.0008987256732638782,-0.0008987256732638782
2025-09-01 21:00:00+00:00,0.9005600214004517,0.9011899828910828,0.8992900252342224,0.9005399942398071,0,0.9006024999573302,0.8993076260197257,54.523239436521735,True,1,0.00014437294052593863,0.00014437294052593863
2025-09-01 22:00:00+00:00,0.9012100100517273,0.9014700055122375,0.9003000259399414,0.90065997838974,0,0.9006739717331416,0.8993699992666766,60.52012066730409,True,1,0.0007217604999441019,0.0007217604999441019
2025-09-01 23:00:00+00:00,0.9013800024986267,0.9014800190925598,0.9002100229263306,0.9011800289154053,0,0.9007570341761397,0.8994359010119864,61.9339038189251,True,1,0.00018862689606580219,0.00018862689606580219
2025-09-02 00:00:00+00:00,0.9008100032806396,0.9016100168228149,0.8993200063705444,0.9013599753379822,0,0.9007632658354926,0.8994809535453849,54.84219158288674,True,1,-0.0006323628396536218,-0.0006323628396536218
2025-09-02 01:00:00+00:00,0.9000700116157532,0.9008399844169617,0.899150013923645,0.9007999897003174,0,0.9006817065155232,0.8995002669247413,47.274148196188534,True,1,-0.000821473631722025,-0.000821473631722025
2025-09-02 02:00:00+00:00,0.900189995765686,0.9002400040626526,0.8984599709510803,0.9000899791717529,0,0.9006238581920128,0.8995228809851001,48.51475268779319,True,1,0.000133305352232993,0.000133305352232993
2025-09-02 03:00:00+00:00,0.8995500206947327,0.9002699851989746,0.8982700109481812,0.9001100063323975,0,0.9004975243688034,0.8995237708116455,42.738421519248284,True,1,-0.0007109333295900466,-0.0007109333295900466
2025-09-02 04:00:00+00:00,0.8992999792098999,0.8995800018310547,0.8982700109481812,0.8995400071144104,0,0.90035663670305,0.89951643338208,40.69949766544407,True,1,-0.00027796284706838037,-0.00027796284706838037
2025-09-02 05:00:00+00:00,0.8990600109100342,0.8995699882507324,0.8981199860572815,0.8992300033569336,0,0.9002040924921069,0.8995014687108653,38.787023946754786,True,1,-0.000266838991897389,-0.000266838991897389
2025-09-02 06:00:00+00:00,0.8992699980735779,0.8994100093841553,0.8980100154876709,0.8990200161933899,0,0.9000941990311033,0.8994938795096428,41.38273034881948,True,1,0.0002335630113623477,0.0002335630113623477
2025-09-02 07:00:00+00:00,0.8959699869155884,0.899429976940155,0.8949099779129028,0.8992599844932556,0,0.8996089976057486,0.8993783420475426,24.09248825751716,False,1,-0.003669655570694874,-0.003669655570694874
2025-09-02 08:00:00+00:00,0.8967499732971191,0.8974900245666504,0.8950799703598022,0.8960099816322327,0,0.8992726418047334,0.8992921660229385,31.38925347948262,False,0,0.0008705496756826747,0.0
2025-09-02 09:00:00+00:00,0.8968300223350525,0.8969600200653076,0.8952400088310242,0.8967700004577637,0,0.8989852748083003,0.8992114400003848,32.110530033993555,False,0,8.926572658718435e-05,0.0
2025-09-02 10:00:00+00:00,0.896809995174408,0.8970500230789185,0.8956500291824341,0.8967800140380859,0,0.8987293595572541,0.8991327041044511,32.01983641592632,False,0,-2.23310551005218e-05,-0.0
2025-09-02 11:00:00+00:00,0.8973100185394287,0.8976100087165833,0.8958600163459778,0.896809995174408,0,0.8985623782610394,0.8990729439219913,36.818032577742244,False,0,0.000557557752156379,0.0
2025-09-02 12:00:00+00:00,0.8957099914550781,0.8978599905967712,0.8948000073432922,0.897350013256073,0,0.898226803342691,0.8989626831853712,29.61481495071898,False,0,-0.0017831374344342565,-0.0
2025-09-02 13:00:00+00:00,0.897409975528717,0.8979499936103821,0.8944900035858154,0.8956699967384338,0,0.8981307059528116,0.8989117747376121,42.48898382476044,False,0,0.0018979179531952717,0.0
2025-09-02 14:00:00+00:00,0.8996899724006653,0.8997399806976318,0.8972100019454956,0.897409975528717,0,0.8983141490643238,0.8989372894150892,54.507521411962536,False,0,0.0025406413279560613,0.0
2025-09-02 15:00:00+00:00,0.8980200290679932,0.8998399972915649,0.8970999717712402,0.8996300101280212,0,0.8982795467118143,0.8989072153053483,46.7941489312541,False,0,-0.001856131983127618,-0.0
2025-09-02 16:00:00+00:00,0.8980200290679932,0.8986600041389465,0.8971800208091736,0.8979799747467041,0,0.8982490152243059,0.8988781272319925,46.79414893125411,False,0,0.0,0.0
2025-09-02 17:00:00+00:00,0.8980900049209595,0.8985000252723694,0.897130012512207,0.8980399966239929,0,0.8982303081297945,0.8988522871562209,47.15755037268964,False,0,7.792237444737005e-05,0.0
2025-09-02 18:00:00+00:00,0.8981099724769592,0.8983100056648254,0.8971099853515625,0.8980600237846375,0,0.8982161509941669,0.8988279489700155,47.26822829755321,False,0,2.2233357336531867e-05,0.0
2025-09-02 19:00:00+00:00,0.8986899852752686,0.8987699747085571,0.8972100019454956,0.8981000185012817,0,0.8982718962037082,0.8988234255701878,50.510773791280386,False,0,0.0006458148958190524,0.0
2025-09-02 20:00:00+00:00,0.8983299732208252,0.8989099860191345,0.8975499868392944,0.8987399935722351,0,0.8982787287939572,0.898807246804635,48.516576984102485,False,0,-0.00040059649082779814,-0.0
2025-09-02 21:00:00+00:00,0.8979099988937378,0.8982800245285034,0.8962600231170654,0.8982599973678589,0,0.898235348805696,0.8987778288403432,46.22390959494494,False,0,-0.00046750563780217913,-0.0
2025-09-02 22:00:00+00:00,0.8983799815177917,0.8986999988555908,0.8974000215530396,0.8980500102043152,0,0.8982523644188837,0.8987647846658333,49.12144917032527,False,0,0.0005234184101223782,0.0
2025-09-02 23:00:00+00:00,0.8985300064086914,0.8986200094223022,0.8974999785423279,0.8982800245285034,0,0.8982850281823904,0.8987570870180582,50.04672312001596,False,0,0.00016699491750271633,0.0
2025-09-03 00:00:00+00:00,0.8983100056648254,0.8985900282859802,0.8972600102424622,0.8985099792480469,0,0.8982879667097357,0.8987424286130341,48.64951959899541,False,0,-0.0002448451830175946,-0.0
2025-09-03 01:00:00+00:00,0.8995000123977661,0.8995800018310547,0.8971899747848511,0.8983200192451477,0,0.8984305603200922,0.8987672674256483,55.83238781099049,False,0,0.0013247172194859047,0.0
2025-09-03 02:00:00+00:00,0.8992400169372559,0.8995299935340881,0.8979099988937378,0.8994200229644775,0,0.8985257905103468,0.8987827674096354,54.053382306428,False,0,-0.0002890444212637622,-0.0
2025-09-03 03:00:00+00:00,0.8991600275039673,0.899590015411377,0.8979899883270264,0.8992300033569336,0,0.8986004066272433,0.898795136593056,53.488699368466165,False,0,-8.89522616676075e-05,-0.0
2025-09-03 04:00:00+00:00,0.8993399739265442,0.899429976940155,0.898169994354248,0.8991000056266785,0,0.898687414544808,0.8988130001121868,54.636802059489085,False,0,0.00020012724884632682,0.0
2025-09-03 05:00:00+00:00,0.8985199928283691,0.8995100259780884,0.8972300291061401,0.8992900252342224,0,0.8986677178722857,0.898803393315996,48.73349811141293,False,0,-0.0009117587585871778,-0.0
2025-09-03 06:00:00+00:00,0.8982700109481812,0.8988400101661682,0.8972700238227844,0.8984900116920471,0,0.8986209288223911,0.8987859053695102,47.06399202418089,False,0,-0.00027821515623827064,-0.0
2025-09-03 07:00:00+00:00,0.8998100161552429,0.9001700282096863,0.89683997631073,0.8982499837875366,0,0.8987608214497854,0.8988194827723212,56.867166862297445,False,0,0.0017144123574115433,0.0
2025-09-03 08:00:00+00:00,0.9004300236701965,0.9006199836730957,0.8989099860191345,0.8998000025749207,0,0.8989571981815985,0.8988722873919236,60.073005294509834,True,0,0.0006890426910368674,0.0
2025-09-03 09:00:00+00:00,0.9010800123214722,0.9012699723243713,0.8992400169372559,0.9004600048065186,0,0.8992069410215835,0.8989446718158431,63.16400888217453,True,1,0.0007218647026299152,0.0007218647026299152
2025-09-03 10:00:00+00:00,0.9009799957275391,0.9014599919319153,0.8998299837112427,0.9010900259017944,0,0.8994155356928724,0.8990114037473742,62.36395814757642,True,1,-0.00011099635167299837,-0.00011099635167299837
2025-09-03 11:00:00+00:00,0.9017199873924255,0.9019899964332581,0.9000300168991089,0.9009900093078613,0,0.8996866476575256,0.8991002097685233,65.81408094703508,True,1,0.0008213186401424544,0.0008213186401424544
2025-09-03 12:00:00+00:00,0.902459979057312,0.9024699926376343,0.9005200266838074,0.9016900062561035,0,0.9000129219398534,0.8992103661386476,68.88575134110546,True,1,0.0008206446294114489,0.0008206446294114489
2025-09-03 13:00:00+00:00,0.9021999835968018,0.9025999903678894,0.9009400010108948,0.90242999792099,0,0.900270223311259,0.8993083863831771,66.62079021605476,True,1,-0.000288096388254111,-0.000288096388254111
2025-09-03 14:00:00+00:00,0.9023699760437012,0.902970016002655,0.9012500047683716,0.902209997177124,0,0.9005172530444875,0.8994087663720467,67.37608412875191,True,1,0.00018841991796736401,0.00018841991796736401
2025-09-03 15:00:00+00:00,0.9028599858283997,0.9031699895858765,0.9013800024986267,0.9023100137710571,0,0.9007928686661242,0.8995219211083205,69.51726647235512,True,1,0.0005430253639941984,0.0005430253639941984
2025-09-03 16:00:00+00:00,0.9030699729919434,0.903219997882843,0.9017900228500366,0.9028699994087219,0,0.9010607632926911,0.8996382506782753,70.41342518993017,False,1,0.00023257998675285663,0.00023257998675285663
2025-09-03 17:00:00+00:00,0.9029200077056885,0.9036800265312195,0.9018599987030029,0.9030900001525879,0,0.9012794979295143,0.899745849269338,68.85653190312465,True,0,-0.00016606164609600516,-0.0
2025-09-03 18:00:00+00:00,0.9029800295829773,0.9031000137329102,0.9016500115394592,0.902899980545044,0,0.9014795604769805,0.8998518879681459,69.15053675974434,True,1,6.647529878245351e-05,6.647529878245351e-05
2025-09-03 19:00:00+00:00,0.9024099707603455,0.902999997138977,0.9015600085258484,0.9029200077056885,0,0.9015890205103175,0.8999357595351032,63.06152541521463,True,1,-0.0006313083390062646,-0.0006313083390062646
2025-09-03 20:00:00+00:00,0.9020299911499023,0.9027000069618225,0.9014800190925598,0.9023600220680237,0,0.9016408994090922,0.9000044228667359,59.31246445470305,True,1,-0.00042107204347818783,-0.00042107204347818783
2025-09-03 21:00:00+00:00,0.9018700122833252,0.902239978313446,0.9006400108337402,0.9020400047302246,0,0.9016678538648843,0.9000655897328536,57.75564072627055,True,1,-0.00017735426554188471,-0.00017735426554188471
2025-09-03 22:00:00+00:00,0.9020500183105469,0.9025499820709229,0.9011800289154053,0.9018700122833252,0,0.9017128143879034,0.9001306529649091,59.05782805639291,True,1,0.00019959198639485365,0.00019959198639485365
2025-09-03 23:00:00+00:00,0.9025499820709229,0.9026600122451782,0.9013599753379822,0.9020799994468689,0,0.9018113047035528,0.90020997523068,62.51410682408316,True,1,0.0005542528132889135,0.0005542528132889135
2025-09-04 00:00:00+00:00,0.9031500220298767,0.9034600257873535,0.9019299745559692,0.9025400280952454,0,0.9019688008595909,0.9003063702077029,66.20182302659457,True,1,0.000664827401112067,0.000664827401112067
2025-09-04 01:00:00+00:00,0.9021900296211243,0.9032700061798096,0.9012699723243713,0.9031100273132324,0,0.9019948277727123,0.900368129532733,56.60709241021064,True,1,-0.001062937923197782,-0.001062937923197782
2025-09-04 02:00:00+00:00,0.9023699760437012,0.9025599956512451,0.9010699987411499,0.9021900296211243,0,0.9020389628634169,0.9004337638445681,57.840532487534475,True,1,0.00019945512216801298,0.00019945512216801298
2025-09-04 03:00:00+00:00,0.9018300175666809,0.9025200009346008,0.9008499979972839,0.9022499918937683,0,0.9020143810638009,0.9004795426551291,52.97457187077845,True,1,-0.0005983781501548435,-0.0005983781501548435
2025-09-04 04:00:00+00:00,0.9013100266456604,0.9020500183105469,0.9005100131034851,0.9017500281333923,0,0.9019315158381372,0.9005067716384252,48.72353224734979,True,1,-0.0005765952683893794,-0.0005765952683893794
2025-09-04 05:00:00+00:00,0.9007700085639954,0.9013299942016602,0.8998799920082092,0.9012200236320496,0,0.9017948679235323,0.9005154023572963,44.71082390806817,True,1,-0.0005991479798297394,-0.0005991479798297394
2025-09-04 06:00:00+00:00,0.9010800123214722,0.9015399813652039,0.8999599814414978,0.9008299708366394,0,0.9017107672644663,0.9005339141594004,47.389467113005765,True,1,0.00034415417312905205,0.00034415417312905205
2025-09-04 07:00:00+00:00,0.9012200236320496,0.9014099836349487,0.8998900055885315,0.9010900259017944,0,0.9016530327194762,0.9005564095519463,48.60065953236654,True,1,0.00015538166274131626,0.00015538166274131626
2025-09-04 08:00:00+00:00,0.9013400077819824,0.9013599753379822,0.9001200199127197,0.9010999798774719,0,0.9016162062562416,0.9005821012971934,49.66999231549521,True,1,0.00013313524642888375,0.00013313524642888375
2025-09-04 09:00:00+00:00,0.9007400274276733,0.9013599753379822,0.8997799754142761,0.9013100266456604,0,0.901513126394057,0.9005872792031108,44.66585911411816,True,1,-0.0006656537478963998,-0.0006656537478963998
2025-09-04 10:00:00+00:00,0.9008899927139282,0.9010499715805054,0.8998100161552429,0.9006500244140625,0,0.901439816549336,0.9005972042362523,46.12684353381251,True,1,0.00016649119800216106,0.00016649119800216106
2025-09-04 11:00:00+00:00,0.9005399942398071,0.9010099768638611,0.899619996547699,0.9007999897003174,0,0.9013339551011561,0.900595328498664,43.25631402382038,True,1,-0.0003885030103029097,-0.0003885030103029097
2025-09-04 12:00:00+00:00,0.9007700085639954,0.9008299708366394,0.8988400101661682,0.9004899859428406,0,0.9012676084497254,0.9006010557139208,45.650074263942756,True,1,0.0002554182220217971,0.0002554182220217971
2025-09-04 13:00:00+00:00,0.9006500244140625,0.9011300206184387,0.8993600010871887,0.9007700085639954,0,0.9011949515043534,0.900602661245073,44.59329008912821,True,1,-0.0001332017593749235,-0.0001332017593749235
2025-09-04 14:00:00+00:00,0.9006400108337402,0.90065997838974,0.8987799882888794,0.9004899859428406,0,0.9011296643666341,0.9006038858217505,44.500700565209755,True,1,-1.1118170266888328e-05,-1.1118170266888328e-05
2025-09-04 15:00:00+00:00,0.9002599716186523,0.9008399844169617,0.899399995803833,0.9006199836730957,0,0.9010273475727539,0.9005926099462391,41.01966725985078,True,1,-0.0004219657249471265,-0.0004219657249471265
2025-09-04 16:00:00+00:00,0.9004300236701965,0.9007899761199951,0.8992499709129333,0.9002500176429749,0,0.900957074172453,0.9005872792486639,43.162148985987514,True,1,0.00018889216104822637,0.00018889216104822637
2025-09-04 17:00:00+00:00,0.9003099799156189,0.9009100198745728,0.8995000123977661,0.9003400206565857,0,0.9008809454363548,0.9005781874672525,42.00223785538309,True,1,-0.00013331824952744764,-0.00013331824952744764
2025-09-04 18:00:00+00:00,0.9006100296974182,0.9007800221443176,0.899429976940155,0.9002400040626526,0,0.9008490729964799,0.9005792314747989,45.914609095893404,True,1,0.00033327385955161937,0.00033327385955161937
2025-09-04 19:00:00+00:00,0.9009299874305725,0.9010800123214722,0.8996999859809875,0.900600016117096,0,0.9008585923416672,0.9005907316700702,49.803171552634645,True,1,0.0003552677880589439,0.0003552677880589439
2025-09-04 20:00:00+00:00,0.9002599716186523,0.9010499715805054,0.8996400237083435,0.9009600281715393,0,0.9007881663742536,0.9005798870782205,42.85476325595718,True,1,-0.0007436935403061229,-0.0007436935403061229
2025-09-04 21:00:00+00:00,0.8996899724006653,0.9003000259399414,0.8983299732208252,0.900160014629364,0,0.9006589670832432,0.9005507095478088,37.99784109382166,True,1,-0.0006331495745192095,-0.0006331495745192095
