Price,open,high,low,close,volume
Ticker,AUDCAD=X,AUDCAD=X,AUDCAD=X,AUDCAD=X,AUDCAD=X
Datetime,,,,,
2025-07-23 23:00:00+00:00,0.8979399800300598,0.8981299996376038,0.8972300291061401,0.8980100154876709,0
2025-07-23 23:05:00+00:00,0.8979200124740601,0.8980600237846375,0.8971700072288513,0.8980399966239929,0
2025-07-23 23:10:00+00:00,0.8979700207710266,0.8980799913406372,0.8970500230789185,0.8979899883270264,0
2025-07-23 23:15:00+00:00,0.8979399800300598,0.8980799913406372,0.8971800208091736,0.8979799747467041,0
2025-07-23 23:20:00+00:00,0.8979499936103821,0.8981199860572815,0.8972499966621399,0.8977199792861938,0
2025-07-23 23:25:00+00:00,0.8977299928665161,0.8980600237846375,0.8971400260925293,0.8979399800300598,0
2025-07-23 23:30:00+00:00,0.8979200124740601,0.8980399966239929,0.8971400260925293,0.8979399800300598,0
2025-07-23 23:35:00+00:00,0.8979399800300598,0.8979600071907043,0.8970800042152405,0.8978099822998047,0
2025-07-23 23:40:00+00:00,0.8978599905967712,0.8980000019073486,0.8970900177955627,0.8977900147438049,0
2025-07-23 23:45:00+00:00,0.8978000283241272,0.8978999853134155,0.8968899846076965,0.8976500034332275,0
2025-07-23 23:50:00+00:00,0.8976200222969055,0.897819995880127,0.8968999981880188,0.897629976272583,0
2025-07-23 23:55:00+00:00,0.8977000117301941,0.8977800011634827,0.8968899846076965,0.8977299928665161,0
2025-07-24 00:00:00+00:00,0.8977400064468384,0.8978400230407715,0.896809995174408,0.8976100087165833,0
2025-07-24 00:05:00+00:00,0.897629976272583,0.8976500034332275,0.8966900110244751,0.8974400162696838,0
2025-07-24 00:10:00+00:00,0.8974000215530396,0.8978099822998047,0.8966900110244751,0.8975399732589722,0
2025-07-24 00:15:00+00:00,0.8975300192832947,0.8978400230407715,0.8967499732971191,0.8977800011634827,0
2025-07-24 00:20:00+00:00,0.8977800011634827,0.8979200124740601,0.8970400094985962,0.8978400230407715,0
2025-07-24 00:25:00+00:00,0.897849977016449,0.8980100154876709,0.8970400094985962,0.8979899883270264,0
2025-07-24 00:30:00+00:00,0.8979499936103821,0.8980500102043152,0.8969100117683411,0.8977500200271606,0
2025-07-24 00:35:00+00:00,0.8977599740028381,0.8979399800300598,0.8970199823379517,0.8977900147438049,0
2025-07-24 00:40:00+00:00,0.8977599740028381,0.8978599905967712,0.8968899846076965,0.8977000117301941,0
2025-07-24 00:45:00+00:00,0.8977100253105164,0.8979600071907043,0.8969100117683411,0.8977000117301941,0
2025-07-24 00:50:00+00:00,0.8976200222969055,0.8978599905967712,0.8968899846076965,0.897849977016449,0
2025-07-24 00:55:00+00:00,0.8978300094604492,0.8979799747467041,0.8969399929046631,0.8979600071907043,0
2025-07-24 01:00:00+00:00,0.8979600071907043,0.8988100290298462,0.8971800208091736,0.8986799716949463,0
2025-07-24 01:05:00+00:00,0.8986600041389465,0.8987900018692017,0.8978300094604492,0.898639976978302,0
2025-07-24 01:10:00+00:00,0.898639976978302,0.8987500071525574,0.8977900147438049,0.8985199928283691,0
2025-07-24 01:15:00+00:00,0.898419976234436,0.8986799716949463,0.8976399898529053,0.8982800245285034,0
2025-07-24 01:20:00+00:00,0.8983100056648254,0.8983500003814697,0.8971800208091736,0.8982599973678589,0
2025-07-24 01:25:00+00:00,0.8982200026512146,0.8986200094223022,0.8974800109863281,0.898580014705658,0
2025-07-24 01:30:00+00:00,0.898580014705658,0.898930013179779,0.8976899981498718,0.8987799882888794,0
2025-07-24 01:35:00+00:00,0.8988199830055237,0.8991000056266785,0.8979799747467041,0.8985900282859802,0
2025-07-24 01:40:00+00:00,0.898639976978302,0.8988400101661682,0.8978800177574158,0.8987600207328796,0
2025-07-24 01:45:00+00:00,0.8987500071525574,0.898930013179779,0.8980000019073486,0.8987799882888794,0
2025-07-24 01:50:00+00:00,0.8986899852752686,0.898930013179779,0.8979899883270264,0.8988000154495239,0
2025-07-24 01:55:00+00:00,0.8988199830055237,0.8988699913024902,0.8979399800300598,0.8987600207328796,0
2025-07-24 02:00:00+00:00,0.8987600207328796,0.8987699747085571,0.8976200222969055,0.898389995098114,0
2025-07-24 02:05:00+00:00,0.8984299898147583,0.898580014705658,0.8976200222969055,0.8984699845314026,0
2025-07-24 02:10:00+00:00,0.8984799981117249,0.8987100124359131,0.8977100253105164,0.8986499905586243,0
2025-07-24 02:15:00+00:00,0.8986499905586243,0.8992300033569336,0.8981599807739258,0.8990100026130676,0
2025-07-24 02:20:00+00:00,0.8989999890327454,0.8990899920463562,0.8979899883270264,0.8987399935722351,0
2025-07-24 02:25:00+00:00,0.8987200260162354,0.8988400101661682,0.8979300260543823,0.8988199830055237,0
2025-07-24 02:30:00+00:00,0.8988000154495239,0.8991100192070007,0.8980699777603149,0.8989199995994568,0
2025-07-24 02:35:00+00:00,0.8989599943161011,0.8990100026130676,0.8982099890708923,0.898859977722168,0
2025-07-24 02:40:00+00:00,0.8988500237464905,0.8989400267601013,0.8979600071907043,0.89860999584198,0
2025-07-24 02:45:00+00:00,0.8986600041389465,0.8990600109100342,0.8979499936103821,0.8989999890327454,0
2025-07-24 02:50:00+00:00,0.8989599943161011,0.8991600275039673,0.8981800079345703,0.898930013179779,0
2025-07-24 02:55:00+00:00,0.8989199995994568,0.8991699814796448,0.8980600237846375,0.8991000056266785,0
2025-07-24 03:00:00+00:00,0.8990700244903564,0.899179995059967,0.8981599807739258,0.8989400267601013,0
2025-07-24 03:05:00+00:00,0.8989999890327454,0.899869978427887,0.8987600207328796,0.8998000025749207,0
2025-07-24 03:10:00+00:00,0.8998399972915649,0.9000499844551086,0.8989999890327454,0.8999800086021423,0
2025-07-24 03:15:00+00:00,0.8999199867248535,0.9000300168991089,0.8991100192070007,0.8999699950218201,0
2025-07-24 03:20:00+00:00,0.8999599814414978,0.9000300168991089,0.8991299867630005,0.8998799920082092,0
2025-07-24 03:25:00+00:00,0.8998600244522095,0.8999800086021423,0.8990700244903564,0.8997899889945984,0
2025-07-24 03:30:00+00:00,0.8997899889945984,0.8999000191688538,0.8988699913024902,0.8998399972915649,0
2025-07-24 03:35:00+00:00,0.8998399972915649,0.8999699950218201,0.8991199731826782,0.8998399972915649,0
2025-07-24 03:40:00+00:00,0.8998500108718872,0.9000700116157532,0.8990799784660339,0.9000700116157532,0
2025-07-24 03:45:00+00:00,0.9000599980354309,0.9002199769020081,0.8991199731826782,0.9000200033187866,0
2025-07-24 03:50:00+00:00,0.8999699950218201,0.9000999927520752,0.8992199897766113,0.899940013885498,0
2025-07-24 03:55:00+00:00,0.8999099731445312,0.8999999761581421,0.8991100192070007,0.8997499942779541,0
2025-07-24 04:00:00+00:00,0.8997399806976318,0.8997600078582764,0.8985199928283691,0.899370014667511,0
2025-07-24 04:05:00+00:00,0.8993200063705444,0.8996800184249878,0.8986499905586243,0.899619996547699,0
2025-07-24 04:10:00+00:00,0.8995500206947327,0.8998299837112427,0.8988500237464905,0.8997200131416321,0
2025-07-24 04:15:00+00:00,0.8997399806976318,0.8998600244522095,0.8988900184631348,0.8998299837112427,0
2025-07-24 04:20:00+00:00,0.8998000025749207,0.8999300003051758,0.8989999890327454,0.8998600244522095,0
2025-07-24 04:25:00+00:00,0.8998500108718872,0.9000300168991089,0.8990899920463562,0.8999099731445312,0
2025-07-24 04:30:00+00:00,0.8998799920082092,0.9000300168991089,0.8991600275039673,0.8999500274658203,0
2025-07-24 04:35:00+00:00,0.8999300003051758,0.8999699950218201,0.8990700244903564,0.8999000191688538,0
2025-07-24 04:40:00+00:00,0.8998900055885315,0.8999800086021423,0.8990300297737122,0.8999500274658203,0
2025-07-24 04:45:00+00:00,0.899940013885498,0.900160014629364,0.8991100192070007,0.9000599980354309,0
2025-07-24 04:50:00+00:00,0.9000800251960754,0.9001299738883972,0.8992999792098999,0.9000300168991089,0
2025-07-24 04:55:00+00:00,0.9000499844551086,0.9002599716186523,0.8992000222206116,0.9002100229263306,0
2025-07-24 05:00:00+00:00,0.9002299904823303,0.9002699851989746,0.8993099927902222,0.9001100063323975,0
2025-07-24 05:05:00+00:00,0.9001100063323975,0.9002900123596191,0.8994600176811218,0.900189995765686,0
2025-07-24 05:10:00+00:00,0.9001799821853638,0.9002299904823303,0.8993300199508667,0.9001700282096863,0
2025-07-24 05:15:00+00:00,0.900189995765686,0.9006100296974182,0.8994100093841553,0.9005500078201294,0
2025-07-24 05:20:00+00:00,0.9005299806594849,0.9006500244140625,0.8994799852371216,0.9003400206565857,0
2025-07-24 05:25:00+00:00,0.9003700017929077,0.9003900289535522,0.8993800282478333,0.9002299904823303,0
2025-07-24 05:30:00+00:00,0.900189995765686,0.9004999995231628,0.8995800018310547,0.9003700017929077,0
2025-07-24 05:35:00+00:00,0.9003300070762634,0.900629997253418,0.8996400237083435,0.900600016117096,0
2025-07-24 05:40:00+00:00,0.9005600214004517,0.9007499814033508,0.8996800184249878,0.9005100131034851,0
2025-07-24 05:45:00+00:00,0.9004799723625183,0.9007499814033508,0.8997300267219543,0.9006699919700623,0
2025-07-24 05:50:00+00:00,0.9006199836730957,0.9006900191307068,0.8996599912643433,0.9005200266838074,0
2025-07-24 05:55:00+00:00,0.9004899859428406,0.9006900191307068,0.8995199799537659,0.9003300070762634,0
2025-07-24 06:00:00+00:00,0.9003099799156189,0.9005200266838074,0.8995000123977661,0.9003499746322632,0
2025-07-24 06:05:00+00:00,0.9003099799156189,0.9005299806594849,0.8992400169372559,0.8999500274658203,0
2025-07-24 06:10:00+00:00,0.8999099731445312,0.9000999927520752,0.8992199897766113,0.8998600244522095,0
2025-07-24 06:15:00+00:00,0.8997499942779541,0.9000899791717529,0.8990700244903564,0.8997700214385986,0
2025-07-24 06:20:00+00:00,0.8997399806976318,0.8999599814414978,0.8989999890327454,0.8998000025749207,0
2025-07-24 06:25:00+00:00,0.8998000025749207,0.8999599814414978,0.8989400267601013,0.8996300101280212,0
2025-07-24 06:30:00+00:00,0.899619996547699,0.8999500274658203,0.8989700078964233,0.8999099731445312,0
2025-07-24 06:35:00+00:00,0.8998900055885315,0.9000499844551086,0.899179995059967,0.8996800184249878,0
2025-07-24 06:40:00+00:00,0.8996599912643433,0.8998299837112427,0.8988800048828125,0.8997300267219543,0
2025-07-24 06:45:00+00:00,0.8997399806976318,0.8998000025749207,0.8987399935722351,0.8996700048446655,0
2025-07-24 06:50:00+00:00,0.899649977684021,0.8998100161552429,0.8988500237464905,0.8997499942779541,0
2025-07-24 06:55:00+00:00,0.8997600078582764,0.8998900055885315,0.8989700078964233,0.8998500108718872,0
2025-07-24 07:00:00+00:00,0.8998000025749207,0.9000499844551086,0.8989800214767456,0.899869978427887,0
2025-07-24 07:05:00+00:00,0.8998799920082092,0.9001100063323975,0.899150013923645,0.9000099897384644,0
2025-07-24 07:10:00+00:00,0.8999599814414978,0.9002100229263306,0.8992199897766113,0.900189995765686,0
2025-07-24 07:15:00+00:00,0.9001799821853638,0.9002000093460083,0.8992599844932556,0.9000999927520752,0
2025-07-24 07:20:00+00:00,0.9000800251960754,0.9001500010490417,0.8991900086402893,0.8998600244522095,0
2025-07-24 07:25:00+00:00,0.8999199867248535,0.9000300168991089,0.899150013923645,0.8997799754142761,0
2025-07-24 07:30:00+00:00,0.8997899889945984,0.8999000191688538,0.8987799882888794,0.899649977684021,0
2025-07-24 07:35:00+00:00,0.899649977684021,0.8996700048446655,0.8986899852752686,0.8994399905204773,0
2025-07-24 07:40:00+00:00,0.899399995803833,0.8998000025749207,0.89860999584198,0.8997200131416321,0
2025-07-24 07:45:00+00:00,0.8997700214385986,0.8998000025749207,0.8987500071525574,0.8995100259780884,0
2025-07-24 07:50:00+00:00,0.8995699882507324,0.8995699882507324,0.898639976978302,0.8993600010871887,0
2025-07-24 07:55:00+00:00,0.8993499875068665,0.8994899988174438,0.8984900116920471,0.8994100093841553,0
2025-07-24 08:00:00+00:00,0.8994200229644775,0.8997099995613098,0.8987299799919128,0.8995000123977661,0
2025-07-24 08:05:00+00:00,0.8994699716567993,0.8997300267219543,0.8986999988555908,0.8993600010871887,0
2025-07-24 08:10:00+00:00,0.899370014667511,0.8994200229644775,0.8982800245285034,0.8991100192070007,0
2025-07-24 08:15:00+00:00,0.8990799784660339,0.899399995803833,0.8982999920845032,0.8992800116539001,0
2025-07-24 08:20:00+00:00,0.8992800116539001,0.8997099995613098,0.8987299799919128,0.8996599912643433,0
2025-07-24 08:25:00+00:00,0.8996599912643433,0.8999300003051758,0.8988500237464905,0.8997200131416321,0
2025-07-24 08:30:00+00:00,0.8996700048446655,0.8998299837112427,0.8988800048828125,0.8997300267219543,0
2025-07-24 08:35:00+00:00,0.8997499942779541,0.9001100063323975,0.8992000222206116,0.8999599814414978,0
2025-07-24 08:40:00+00:00,0.8999900221824646,0.9002900123596191,0.8991400003433228,0.9002699851989746,0
2025-07-24 08:45:00+00:00,0.9002599716186523,0.9004799723625183,0.8994799852371216,0.9003999829292297,0
2025-07-24 08:50:00+00:00,0.9003900289535522,0.9006699919700623,0.899649977684021,0.9006100296974182,0
2025-07-24 08:55:00+00:00,0.900600016117096,0.9007800221443176,0.8998000025749207,0.9005399942398071,0
2025-07-24 09:00:00+00:00,0.9004799723625183,0.9005699753761292,0.8994699716567993,0.9002900123596191,0
2025-07-24 09:05:00+00:00,0.9002500176429749,0.9003300070762634,0.8993800282478333,0.9001100063323975,0
2025-07-24 09:10:00+00:00,0.9000999927520752,0.9003400206565857,0.8993200063705444,0.9003099799156189,0
2025-07-24 09:15:00+00:00,0.9003400206565857,0.9003400206565857,0.8993600010871887,0.9002599716186523,0
2025-07-24 09:20:00+00:00,0.9002699851989746,0.9004300236701965,0.8994799852371216,0.9003300070762634,0
2025-07-24 09:25:00+00:00,0.9003199934959412,0.90038001537323,0.8993200063705444,0.9002000093460083,0
2025-07-24 09:30:00+00:00,0.900160014629364,0.9005900025367737,0.8994399905204773,0.9005200266838074,0
2025-07-24 09:35:00+00:00,0.9005600214004517,0.9005699753761292,0.8996000289916992,0.9004899859428406,0
2025-07-24 09:40:00+00:00,0.9004799723625183,0.9006900191307068,0.8996400237083435,0.9004600048065186,0
2025-07-24 09:45:00+00:00,0.9004700183868408,0.9005799889564514,0.8996599912643433,0.9005500078201294,0
2025-07-24 09:50:00+00:00,0.9005600214004517,0.9007499814033508,0.8996300101280212,0.90065997838974,0
2025-07-24 09:55:00+00:00,0.900629997253418,0.9007200002670288,0.8997600078582764,0.9004600048065186,0
2025-07-24 10:00:00+00:00,0.9004999995231628,0.9006199836730957,0.899590015411377,0.90038001537323,0
2025-07-24 10:05:00+00:00,0.9003599882125854,0.900409996509552,0.8995000123977661,0.9002400040626526,0
2025-07-24 10:10:00+00:00,0.9002000093460083,0.9003900289535522,0.8993099927902222,0.900160014629364,0
2025-07-24 10:15:00+00:00,0.900160014629364,0.9003300070762634,0.899399995803833,0.9002500176429749,0
2025-07-24 10:20:00+00:00,0.9002000093460083,0.9002900123596191,0.899399995803833,0.9000700116157532,0
2025-07-24 10:25:00+00:00,0.9000599980354309,0.9001700282096863,0.8992499709129333,0.9000300168991089,0
2025-07-24 10:30:00+00:00,0.8999699950218201,0.9000800251960754,0.8990899920463562,0.8997899889945984,0
2025-07-24 10:35:00+00:00,0.8997899889945984,0.8998600244522095,0.8989400267601013,0.8996400237083435,0
2025-07-24 10:40:00+00:00,0.899590015411377,0.8997799754142761,0.8987900018692017,0.8996999859809875,0
2025-07-24 10:45:00+00:00,0.8996800184249878,0.8997499942779541,0.8988699913024902,0.899590015411377,0
2025-07-24 10:50:00+00:00,0.899619996547699,0.8997700214385986,0.8986499905586243,0.8996700048446655,0
2025-07-24 10:55:00+00:00,0.8996800184249878,0.8997799754142761,0.8989099860191345,0.8996599912643433,0
2025-07-24 11:00:00+00:00,0.8996700048446655,0.8998299837112427,0.898829996585846,0.8997899889945984,0
2025-07-24 11:05:00+00:00,0.8997600078582764,0.9000700116157532,0.899179995059967,0.8999800086021423,0
2025-07-24 11:10:00+00:00,0.8999599814414978,0.9002000093460083,0.899150013923645,0.9001100063323975,0
2025-07-24 11:15:00+00:00,0.9000800251960754,0.9002100229263306,0.8989999890327454,0.8999099731445312,0
2025-07-24 11:20:00+00:00,0.8997899889945984,0.9001700282096863,0.8991600275039673,0.9001700282096863,0
2025-07-24 11:25:00+00:00,0.9001500010490417,0.900189995765686,0.8992099761962891,0.8999699950218201,0
2025-07-24 11:30:00+00:00,0.8999099731445312,0.9001799821853638,0.8990899920463562,0.8999800086021423,0
2025-07-24 11:35:00+00:00,0.8999699950218201,0.9000200033187866,0.8989599943161011,0.8997499942779541,0
2025-07-24 11:40:00+00:00,0.8996300101280212,0.8997600078582764,0.898829996585846,0.8996400237083435,0
2025-07-24 11:45:00+00:00,0.899619996547699,0.9000999927520752,0.8988400101661682,0.8999699950218201,0
2025-07-24 11:50:00+00:00,0.8999699950218201,0.9001500010490417,0.8991699814796448,0.8999599814414978,0
2025-07-24 11:55:00+00:00,0.8999000191688538,0.9002900123596191,0.899179995059967,0.9002599716186523,0
2025-07-24 12:00:00+00:00,0.9002100229263306,0.9003999829292297,0.899399995803833,0.9002000093460083,0
2025-07-24 12:05:00+00:00,0.9002100229263306,0.9007200002670288,0.8995699882507324,0.9007200002670288,0
2025-07-24 12:10:00+00:00,0.9006500244140625,0.9009600281715393,0.8999099731445312,0.9005100131034851,0
2025-07-24 12:15:00+00:00,0.9005100131034851,0.9009799957275391,0.8997899889945984,0.9006100296974182,0
2025-07-24 12:20:00+00:00,0.9006800055503845,0.9008299708366394,0.8997099995613098,0.9008299708366394,0
2025-07-24 12:25:00+00:00,0.9008399844169617,0.9009100198745728,0.8998799920082092,0.9004600048065186,0
2025-07-24 12:30:00+00:00,0.9004799723625183,0.9007099866867065,0.8991199731826782,0.9000099897384644,0
2025-07-24 12:35:00+00:00,0.8999000191688538,0.9000800251960754,0.8990899920463562,0.8999900221824646,0
2025-07-24 12:40:00+00:00,0.8999800086021423,0.9005399942398071,0.8990899920463562,0.9005100131034851,0
2025-07-24 12:45:00+00:00,0.9004899859428406,0.9006100296974182,0.899370014667511,0.9001700282096863,0
2025-07-24 12:50:00+00:00,0.9001399874687195,0.9002000093460083,0.8989499807357788,0.8996099829673767,0
2025-07-24 12:55:00+00:00,0.8995100259780884,0.8996599912643433,0.8986799716949463,0.8993200063705444,0
2025-07-24 13:00:00+00:00,0.8994600176811218,0.899940013885498,0.8987100124359131,0.8996899724006653,0
2025-07-24 13:05:00+00:00,0.8996400237083435,0.9000800251960754,0.899150013923645,0.8999000191688538,0
2025-07-24 13:10:00+00:00,0.8998799920082092,0.9002000093460083,0.8989999890327454,0.9000200033187866,0
2025-07-24 13:15:00+00:00,0.899940013885498,0.9000800251960754,0.8987600207328796,0.8999500274658203,0
2025-07-24 13:20:00+00:00,0.8998299837112427,0.9000999927520752,0.8991299867630005,0.8999999761581421,0
2025-07-24 13:25:00+00:00,0.8998799920082092,0.9002900123596191,0.8992000222206116,0.9000200033187866,0
2025-07-24 13:30:00+00:00,0.9000099897384644,0.900439977645874,0.8988900184631348,0.8997200131416321,0
2025-07-24 13:35:00+00:00,0.8996099829673767,0.8999500274658203,0.8989599943161011,0.8999300003051758,0
2025-07-24 13:40:00+00:00,0.8999099731445312,0.9000300168991089,0.8990200161933899,0.8995800018310547,0
2025-07-24 13:45:00+00:00,0.8995599746704102,0.8999099731445312,0.8988199830055237,0.8998500108718872,0
2025-07-24 13:50:00+00:00,0.8997300267219543,0.9003499746322632,0.899429976940155,0.9001200199127197,0
2025-07-24 13:55:00+00:00,0.9002199769020081,0.9003599882125854,0.8990600109100342,0.899869978427887,0
2025-07-24 14:00:00+00:00,0.8997799754142761,0.9003700017929077,0.8989700078964233,0.900189995765686,0
2025-07-24 14:05:00+00:00,0.9002900123596191,0.9005100131034851,0.8995699882507324,0.9002100229263306,0
2025-07-24 14:10:00+00:00,0.9001799821853638,0.900439977645874,0.8993300199508667,0.9002699851989746,0
2025-07-24 14:15:00+00:00,0.9003700017929077,0.9005799889564514,0.8993800282478333,0.9005699753761292,0
2025-07-24 14:20:00+00:00,0.9005600214004517,0.9007899761199951,0.8996899724006653,0.9003599882125854,0
2025-07-24 14:25:00+00:00,0.9003599882125854,0.900409996509552,0.8993399739265442,0.9002100229263306,0
2025-07-24 14:30:00+00:00,0.9003099799156189,0.900439977645874,0.8994799852371216,0.9002199769020081,0
2025-07-24 14:35:00+00:00,0.9003000259399414,0.9004999995231628,0.8993600010871887,0.9004799723625183,0
2025-07-24 14:40:00+00:00,0.9004799723625183,0.9007999897003174,0.8997700214385986,0.9007899761199951,0
2025-07-24 14:45:00+00:00,0.9006999731063843,0.9009000062942505,0.899869978427887,0.9006999731063843,0
2025-07-24 14:50:00+00:00,0.9007599949836731,0.9008899927139282,0.8997799754142761,0.9002799987792969,0
2025-07-24 14:55:00+00:00,0.9001500010490417,0.9002699851989746,0.8987799882888794,0.8995699882507324,0
2025-07-24 15:00:00+00:00,0.8996700048446655,0.8997399806976318,0.8985300064086914,0.8994600176811218,0
2025-07-24 15:05:00+00:00,0.8994399905204773,0.899869978427887,0.8989499807357788,0.8997700214385986,0
2025-07-24 15:10:00+00:00,0.8996999859809875,0.8998200297355652,0.89860999584198,0.8993600010871887,0
2025-07-24 15:15:00+00:00,0.8994399905204773,0.8995800018310547,0.8984500169754028,0.8994899988174438,0
2025-07-24 15:20:00+00:00,0.8994799852371216,0.9000800251960754,0.8988400101661682,0.899940013885498,0
2025-07-24 15:25:00+00:00,0.8999099731445312,0.9002400040626526,0.8990499973297119,0.9002199769020081,0
2025-07-24 15:30:00+00:00,0.9002100229263306,0.900439977645874,0.8992499709129333,0.9002500176429749,0
2025-07-24 15:35:00+00:00,0.9001799821853638,0.9003700017929077,0.8991100192070007,0.8999300003051758,0
2025-07-24 15:40:00+00:00,0.8999800086021423,0.9001200199127197,0.8990899920463562,0.9000200033187866,0
2025-07-24 15:45:00+00:00,0.9000099897384644,0.9002699851989746,0.8992699980735779,0.9001100063323975,0
2025-07-24 15:50:00+00:00,0.9000499844551086,0.900409996509552,0.8993499875068665,0.9003999829292297,0
2025-07-24 15:55:00+00:00,0.9003199934959412,0.9004600048065186,0.8994600176811218,0.9003000259399414,0
2025-07-24 16:00:00+00:00,0.9002699851989746,0.9003999829292297,0.8992300033569336,0.9000899791717529,0
2025-07-24 16:05:00+00:00,0.9000899791717529,0.900409996509552,0.899429976940155,0.9003400206565857,0
2025-07-24 16:10:00+00:00,0.9002400040626526,0.9003700017929077,0.8992599844932556,0.8999699950218201,0
2025-07-24 16:15:00+00:00,0.8998799920082092,0.8999699950218201,0.8989400267601013,0.8998299837112427,0
2025-07-24 16:20:00+00:00,0.8997099995613098,0.8998500108718872,0.8987500071525574,0.8996700048446655,0
2025-07-24 16:25:00+00:00,0.8995800018310547,0.8996700048446655,0.8986600041389465,0.899590015411377,0
2025-07-24 16:30:00+00:00,0.899590015411377,0.9000099897384644,0.8988500237464905,0.8998000025749207,0
2025-07-24 16:35:00+00:00,0.8998000025749207,0.8999099731445312,0.8988400101661682,0.8997899889945984,0
2025-07-24 16:40:00+00:00,0.8996899724006653,0.8998200297355652,0.898859977722168,0.8997399806976318,0
2025-07-24 16:45:00+00:00,0.899649977684021,0.8997899889945984,0.8988000154495239,0.8997499942779541,0
2025-07-24 16:50:00+00:00,0.8997399806976318,0.8997799754142761,0.8988199830055237,0.8994799852371216,0
2025-07-24 16:55:00+00:00,0.899429976940155,0.8995800018310547,0.8986200094223022,0.8993899822235107,0
2025-07-24 17:00:00+00:00,0.8993600010871887,0.8999500274658203,0.8985700011253357,0.8998500108718872,0
2025-07-24 17:05:00+00:00,0.8999300003051758,0.8999599814414978,0.8989700078964233,0.8996999859809875,0
2025-07-24 17:10:00+00:00,0.8997300267219543,0.8999199867248535,0.8988800048828125,0.8998600244522095,0
2025-07-24 17:15:00+00:00,0.8998399972915649,0.8999500274658203,0.8989700078964233,0.8998299837112427,0
2025-07-24 17:20:00+00:00,0.8997799754142761,0.899869978427887,0.898930013179779,0.8997499942779541,0
2025-07-24 17:25:00+00:00,0.8996599912643433,0.8999300003051758,0.8988999724388123,0.8996899724006653,0
2025-07-24 17:30:00+00:00,0.8996899724006653,0.8998900055885315,0.8988100290298462,0.8997799754142761,0
2025-07-24 17:35:00+00:00,0.8997799754142761,0.8999300003051758,0.8990100026130676,0.8997899889945984,0
2025-07-24 17:40:00+00:00,0.8997099995613098,0.8998299837112427,0.8986499905586243,0.8995100259780884,0
2025-07-24 17:45:00+00:00,0.8995299935340881,0.8998399972915649,0.8988400101661682,0.8998200297355652,0
2025-07-24 17:50:00+00:00,0.8998000025749207,0.8998500108718872,0.8988699913024902,0.8997399806976318,0
2025-07-24 17:55:00+00:00,0.8996300101280212,0.8998500108718872,0.8988000154495239,0.8998200297355652,0
2025-07-24 18:00:00+00:00,0.8998100161552429,0.9000800251960754,0.8988500237464905,0.9000099897384644,0
2025-07-24 18:05:00+00:00,0.8999800086021423,0.9001399874687195,0.8991400003433228,0.8999699950218201,0
2025-07-24 18:10:00+00:00,0.8999699950218201,0.9001100063323975,0.899150013923645,0.8999999761581421,0
2025-07-24 18:15:00+00:00,0.8999199867248535,0.9000700116157532,0.8990899920463562,0.8999599814414978,0
2025-07-24 18:20:00+00:00,0.8998900055885315,0.9000599980354309,0.8989400267601013,0.9000399708747864,0
2025-07-24 18:25:00+00:00,0.8999699950218201,0.9000499844551086,0.8990700244903564,0.8998900055885315,0
2025-07-24 18:30:00+00:00,0.899869978427887,0.9000399708747864,0.8990600109100342,0.8999900221824646,0
2025-07-24 18:35:00+00:00,0.8999000191688538,0.9001200199127197,0.8990700244903564,0.9000399708747864,0
2025-07-24 18:40:00+00:00,0.8999500274658203,0.9000800251960754,0.8989499807357788,0.8999199867248535,0
2025-07-24 18:45:00+00:00,0.8999099731445312,0.9001100063323975,0.8991600275039673,0.9000499844551086,0
2025-07-24 18:50:00+00:00,0.8999999761581421,0.9001399874687195,0.8990200161933899,0.9000700116157532,0
2025-07-24 18:55:00+00:00,0.9000599980354309,0.90038001537323,0.8991100192070007,0.900189995765686,0
2025-07-24 19:00:00+00:00,0.9001700282096863,0.900189995765686,0.8990200161933899,0.8998500108718872,0
2025-07-24 19:05:00+00:00,0.8998299837112427,0.8999000191688538,0.8988100290298462,0.8994399905204773,0
2025-07-24 19:10:00+00:00,0.8995199799537659,0.8996300101280212,0.8986499905586243,0.8995500206947327,0
2025-07-24 19:15:00+00:00,0.8995500206947327,0.8996999859809875,0.8987799882888794,0.899649977684021,0
2025-07-24 19:20:00+00:00,0.8995599746704102,0.8999099731445312,0.8989199995994568,0.899869978427887,0
2025-07-24 19:25:00+00:00,0.8998799920082092,0.8999099731445312,0.8989199995994568,0.8997799754142761,0
2025-07-24 19:30:00+00:00,0.8996800184249878,0.8997799754142761,0.8988100290298462,0.8996599912643433,0
2025-07-24 19:35:00+00:00,0.899619996547699,0.8998100161552429,0.8988900184631348,0.8997700214385986,0
2025-07-24 19:40:00+00:00,0.8997499942779541,0.8999599814414978,0.8989499807357788,0.899869978427887,0
2025-07-24 19:45:00+00:00,0.8999500274658203,0.8999500274658203,0.8988800048828125,0.8996800184249878,0
2025-07-24 19:50:00+00:00,0.8996400237083435,0.8997700214385986,0.8987299799919128,0.8994100093841553,0
2025-07-24 19:55:00+00:00,0.8993899822235107,0.8995699882507324,0.8984699845314026,0.8994799852371216,0
2025-07-24 20:00:00+00:00,0.8994100093841553,0.8995699882507324,0.8982899785041809,0.8992400169372559,0
2025-07-24 20:05:00+00:00,0.8992599844932556,0.8995199799537659,0.898580014705658,0.8991699814796448,0
2025-07-24 20:10:00+00:00,0.899179995059967,0.899399995803833,0.8983700275421143,0.8992699980735779,0
2025-07-24 20:15:00+00:00,0.8993300199508667,0.8993899822235107,0.8983500003814697,0.8992699980735779,0
2025-07-24 20:20:00+00:00,0.899179995059967,0.8994699716567993,0.8985400199890137,0.8993399739265442,0
2025-07-24 20:25:00+00:00,0.8993399739265442,0.8995299935340881,0.8985000252723694,0.8994100093841553,0
2025-07-24 20:30:00+00:00,0.8995000123977661,0.8996599912643433,0.8984500169754028,0.8992699980735779,0
2025-07-24 20:35:00+00:00,0.8992499709129333,0.8994699716567993,0.8985300064086914,0.8992999792098999,0
2025-07-24 20:40:00+00:00,0.8993600010871887,0.8994399905204773,0.8984699845314026,0.8993800282478333,0
2025-07-24 20:45:00+00:00,0.899370014667511,0.8994899988174438,0.8985300064086914,0.8993099927902222,0
2025-07-24 20:50:00+00:00,0.8993099927902222,0.8994399905204773,0.898389995098114,0.8992099761962891,0
2025-07-24 20:55:00+00:00,0.8991299867630005,0.899370014667511,0.8979200124740601,0.8981500267982483,0
2025-07-24 21:00:00+00:00,0.8978099822998047,0.8991699814796448,0.8977500200271606,0.8986200094223022,0
2025-07-24 21:05:00+00:00,0.8985199928283691,0.900189995765686,0.8980200290679932,0.900189995765686,0
2025-07-24 21:10:00+00:00,0.8986200094223022,0.9005200266838074,0.8985000252723694,0.8989099860191345,0
2025-07-24 21:15:00+00:00,0.8989499807357788,0.8993499875068665,0.8980000019073486,0.8985499739646912,0
2025-07-24 21:20:00+00:00,0.8987699747085571,0.8988500237464905,0.8978800177574158,0.8986899852752686,0
2025-07-24 21:25:00+00:00,0.8987100124359131,0.898930013179779,0.8978400230407715,0.8985900282859802,0
2025-07-24 21:30:00+00:00,0.8984699845314026,0.8988800048828125,0.8979799747467041,0.8982599973678589,0
2025-07-24 21:35:00+00:00,0.8986899852752686,0.8991100192070007,0.8983100056648254,0.898360013961792,0
2025-07-24 21:40:00+00:00,0.8984699845314026,0.8990700244903564,0.8981000185012817,0.8988199830055237,0
2025-07-24 21:45:00+00:00,0.8988199830055237,0.8989599943161011,0.8981900215148926,0.8987100124359131,0
2025-07-24 21:50:00+00:00,0.8989599943161011,0.8990399837493896,0.8981900215148926,0.8984699845314026,0
2025-07-24 21:55:00+00:00,0.8984699845314026,0.8989199995994568,0.897849977016449,0.8985999822616577,0
2025-07-24 22:00:00+00:00,0.8984699845314026,0.8991000056266785,0.8979300260543823,0.8989899754524231,0
2025-07-24 22:05:00+00:00,0.8988900184631348,0.8992099761962891,0.898169994354248,0.8990600109100342,0
2025-07-24 22:10:00+00:00,0.8990700244903564,0.8991400003433228,0.8981900215148926,0.8990399837493896,0
2025-07-24 22:15:00+00:00,0.8990300297737122,0.8992699980735779,0.8981500267982483,0.8992000222206116,0
2025-07-24 22:20:00+00:00,0.899179995059967,0.8993300199508667,0.8984000086784363,0.8992599844932556,0
2025-07-24 22:25:00+00:00,0.8992000222206116,0.8993099927902222,0.8983399868011475,0.8991900086402893,0
2025-07-24 22:30:00+00:00,0.8992000222206116,0.8995100259780884,0.8982200026512146,0.8994100093841553,0
2025-07-24 22:35:00+00:00,0.8994200229644775,0.8994799852371216,0.8983100056648254,0.8993899822235107,0
2025-07-24 22:40:00+00:00,0.8993600010871887,0.8995000123977661,0.8982800245285034,0.8993099927902222,0
2025-07-24 22:45:00+00:00,0.8992699980735779,0.8995199799537659,0.8985199928283691,0.899399995803833,0
2025-07-24 22:50:00+00:00,0.8993499875068665,0.8995599746704102,0.8985700011253357,0.8995100259780884,0
2025-07-24 22:55:00+00:00,0.8994399905204773,0.8995599746704102,0.8985900282859802,0.8995100259780884,0
2025-07-24 23:00:00+00:00,0.8994200229644775,0.8996400237083435,0.8986499905586243,0.899619996547699,0
2025-07-24 23:05:00+00:00,0.8995699882507324,0.8997600078582764,0.8987200260162354,0.8996800184249878,0
2025-07-24 23:10:00+00:00,0.8996999859809875,0.8998200297355652,0.89860999584198,0.8996099829673767,0
2025-07-24 23:15:00+00:00,0.8995699882507324,0.8997099995613098,0.8987299799919128,0.8995800018310547,0
2025-07-24 23:20:00+00:00,0.8995599746704102,0.8997399806976318,0.8987200260162354,0.8995299935340881,0
2025-07-24 23:25:00+00:00,0.8996400237083435,0.8996800184249878,0.8986300230026245,0.8996000289916992,0
2025-07-24 23:30:00+00:00,0.8995000123977661,0.8996599912643433,0.8984400033950806,0.8994799852371216,0
2025-07-24 23:35:00+00:00,0.8994799852371216,0.8996700048446655,0.8986700177192688,0.8996099829673767,0
2025-07-24 23:40:00+00:00,0.8995800018310547,0.8996700048446655,0.8986999988555908,0.8995400071144104,0
2025-07-24 23:45:00+00:00,0.8994899988174438,0.8996400237083435,0.8985900282859802,0.8995100259780884,0
2025-07-24 23:50:00+00:00,0.8994399905204773,0.8995699882507324,0.8985199928283691,0.8994899988174438,0
2025-07-24 23:55:00+00:00,0.8995599746704102,0.8997099995613098,0.898639976978302,0.8994899988174438,0
2025-07-25 00:00:00+00:00,0.8994100093841553,0.8999199867248535,0.8985400199890137,0.8994899988174438,0
2025-07-25 00:05:00+00:00,0.899429976940155,0.8997300267219543,0.8985000252723694,0.8996999859809875,0
2025-07-25 00:10:00+00:00,0.8996099829673767,0.8997399806976318,0.8985499739646912,0.8994200229644775,0
2025-07-25 00:15:00+00:00,0.899399995803833,0.8997399806976318,0.898639976978302,0.8995599746704102,0
2025-07-25 00:20:00+00:00,0.8996099829673767,0.8996800184249878,0.8986600041389465,0.8995699882507324,0
2025-07-25 00:25:00+00:00,0.8995400071144104,0.8996999859809875,0.8986499905586243,0.8995000123977661,0
2025-07-25 00:30:00+00:00,0.899429976940155,0.8997700214385986,0.8986799716949463,0.8997300267219543,0
2025-07-25 00:35:00+00:00,0.8997499942779541,0.8998399972915649,0.8988400101661682,0.8997099995613098,0
2025-07-25 00:40:00+00:00,0.8996599912643433,0.8997300267219543,0.8985900282859802,0.8995599746704102,0
2025-07-25 00:45:00+00:00,0.899590015411377,0.8996800184249878,0.8986300230026245,0.8995599746704102,0
2025-07-25 00:50:00+00:00,0.8995299935340881,0.8996300101280212,0.8985900282859802,0.8994899988174438,0
2025-07-25 00:55:00+00:00,0.8994799852371216,0.899590015411377,0.8984699845314026,0.8995500206947327,0
2025-07-25 01:00:00+00:00,0.8995299935340881,0.8996899724006653,0.898639976978302,0.8995599746704102,0
2025-07-25 01:05:00+00:00,0.8995400071144104,0.8996300101280212,0.8982700109481812,0.8993099927902222,0
2025-07-25 01:10:00+00:00,0.8992599844932556,0.8994100093841553,0.8982499837875366,0.8990799784660339,0
2025-07-25 01:15:00+00:00,0.8990799784660339,0.8991600275039673,0.8979300260543823,0.8988500237464905,0
2025-07-25 01:20:00+00:00,0.8988199830055237,0.8990399837493896,0.8979399800300598,0.8988000154495239,0
2025-07-25 01:25:00+00:00,0.8988000154495239,0.8989400267601013,0.8975800275802612,0.898829996585846,0
2025-07-25 01:30:00+00:00,0.8987699747085571,0.8990100026130676,0.8979200124740601,0.8986999988555908,0
2025-07-25 01:35:00+00:00,0.8986700177192688,0.8991699814796448,0.8980799913406372,0.898930013179779,0
2025-07-25 01:40:00+00:00,0.8988900184631348,0.8989400267601013,0.897849977016449,0.8988199830055237,0
2025-07-25 01:45:00+00:00,0.8988000154495239,0.8990200161933899,0.897819995880127,0.8988900184631348,0
2025-07-25 01:50:00+00:00,0.898930013179779,0.8990100026130676,0.8979200124740601,0.898829996585846,0
2025-07-25 01:55:00+00:00,0.8988400101661682,0.8989999890327454,0.8979899883270264,0.898859977722168,0
2025-07-25 02:00:00+00:00,0.8988100290298462,0.8989899754524231,0.897819995880127,0.8988000154495239,0
2025-07-25 02:05:00+00:00,0.8987900018692017,0.8988000154495239,0.8975300192832947,0.8986999988555908,0
2025-07-25 02:10:00+00:00,0.8986899852752686,0.8988699913024902,0.8978099822998047,0.8987299799919128,0
2025-07-25 02:15:00+00:00,0.8986600041389465,0.8988500237464905,0.8977800011634827,0.8988500237464905,0
2025-07-25 02:20:00+00:00,0.898829996585846,0.8989700078964233,0.8979700207710266,0.8986999988555908,0
2025-07-25 02:25:00+00:00,0.8986499905586243,0.8987500071525574,0.8975300192832947,0.8986499905586243,0
2025-07-25 02:30:00+00:00,0.8986600041389465,0.8987500071525574,0.8977000117301941,0.8985999822616577,0
2025-07-25 02:35:00+00:00,0.8985700011253357,0.8987100124359131,0.8977100253105164,0.8985400199890137,0
2025-07-25 02:40:00+00:00,0.8985300064086914,0.8986799716949463,0.8976100087165833,0.8984699845314026,0
2025-07-25 02:45:00+00:00,0.8984000086784363,0.8985499739646912,0.8974900245666504,0.8983799815177917,0
2025-07-25 02:50:00+00:00,0.8983799815177917,0.8988000154495239,0.8976600170135498,0.8987699747085571,0
2025-07-25 02:55:00+00:00,0.8987799882888794,0.8988400101661682,0.8976699709892273,0.8986999988555908,0
2025-07-25 03:00:00+00:00,0.8986899852752686,0.898930013179779,0.8978800177574158,0.8987500071525574,0
2025-07-25 03:05:00+00:00,0.8987600207328796,0.8988900184631348,0.8978099822998047,0.8987600207328796,0
2025-07-25 03:10:00+00:00,0.8987699747085571,0.898930013179779,0.8977699875831604,0.8986999988555908,0
2025-07-25 03:15:00+00:00,0.898639976978302,0.8988999724388123,0.8977699875831604,0.8987200260162354,0
2025-07-25 03:20:00+00:00,0.8987200260162354,0.8987900018692017,0.897819995880127,0.8987500071525574,0
2025-07-25 03:25:00+00:00,0.8987100124359131,0.8987699747085571,0.8976100087165833,0.8985300064086914,0
2025-07-25 03:30:00+00:00,0.8985000252723694,0.8986499905586243,0.8975899815559387,0.8985300064086914,0
2025-07-25 03:35:00+00:00,0.8985199928283691,0.8987299799919128,0.8976699709892273,0.8985599875450134,0
2025-07-25 03:40:00+00:00,0.898580014705658,0.8988000154495239,0.8977400064468384,0.8987200260162354,0
2025-07-25 03:45:00+00:00,0.8986799716949463,0.8988500237464905,0.8977000117301941,0.8987100124359131,0
2025-07-25 03:50:00+00:00,0.8987299799919128,0.8988100290298462,0.8978099822998047,0.8987699747085571,0
2025-07-25 03:55:00+00:00,0.8986600041389465,0.8988900184631348,0.8978400230407715,0.8988699913024902,0
2025-07-25 04:00:00+00:00,0.898829996585846,0.8990799784660339,0.8978099822998047,0.898859977722168,0
2025-07-25 04:05:00+00:00,0.8988699913024902,0.8991100192070007,0.8980900049209595,0.8989400267601013,0
2025-07-25 04:10:00+00:00,0.898930013179779,0.8991400003433228,0.8979600071907043,0.8988400101661682,0
2025-07-25 04:15:00+00:00,0.8988500237464905,0.8989199995994568,0.8977299928665161,0.898639976978302,0
2025-07-25 04:20:00+00:00,0.8986499905586243,0.8987100124359131,0.8977100253105164,0.898580014705658,0
2025-07-25 04:25:00+00:00,0.89860999584198,0.8986300230026245,0.897629976272583,0.8985099792480469,0
2025-07-25 04:30:00+00:00,0.8984500169754028,0.8985400199890137,0.897350013256073,0.8981299996376038,0
2025-07-25 04:35:00+00:00,0.8980799913406372,0.8981599807739258,0.8967599868774414,0.8974599838256836,0
2025-07-25 04:40:00+00:00,0.8974199891090393,0.8977000117301941,0.8963900208473206,0.8976600170135498,0
2025-07-25 04:45:00+00:00,0.897629976272583,0.8976899981498718,0.8966299891471863,0.8975499868392944,0
2025-07-25 04:50:00+00:00,0.8974900245666504,0.8977699875831604,0.8968300223350525,0.8975300192832947,0
2025-07-25 04:55:00+00:00,0.8974800109863281,0.897819995880127,0.8966400027275085,0.8975399732589722,0
2025-07-25 05:00:00+00:00,0.8974699974060059,0.8978300094604492,0.8967000246047974,0.8976799845695496,0
2025-07-25 05:05:00+00:00,0.8976600170135498,0.8979499936103821,0.8968700170516968,0.8977699875831604,0
2025-07-25 05:10:00+00:00,0.8977400064468384,0.8979700207710266,0.8966900110244751,0.8978899717330933,0
2025-07-25 05:15:00+00:00,0.8978999853134155,0.898140013217926,0.8970199823379517,0.8981199860572815,0
2025-07-25 05:20:00+00:00,0.8980500102043152,0.8982700109481812,0.8971999883651733,0.8982599973678589,0
2025-07-25 05:25:00+00:00,0.8981800079345703,0.8984000086784363,0.8973399996757507,0.8982200026512146,0
2025-07-25 05:30:00+00:00,0.8983200192451477,0.8984000086784363,0.8970500230789185,0.8979600071907043,0
2025-07-25 05:35:00+00:00,0.8979499936103821,0.8981599807739258,0.8970100283622742,0.8979899883270264,0
2025-07-25 05:40:00+00:00,0.8980900049209595,0.898169994354248,0.8970199823379517,0.8978899717330933,0
2025-07-25 05:45:00+00:00,0.8979399800300598,0.8980699777603149,0.8970999717712402,0.8980100154876709,0
2025-07-25 05:50:00+00:00,0.8980600237846375,0.898419976234436,0.897379994392395,0.8981800079345703,0
2025-07-25 05:55:00+00:00,0.8981500267982483,0.8984599709510803,0.8973199725151062,0.8980100154876709,0
2025-07-25 06:00:00+00:00,0.8980100154876709,0.898140013217926,0.8970400094985962,0.8980799913406372,0
2025-07-25 06:05:00+00:00,0.8980900049209595,0.8984799981117249,0.8973900079727173,0.8982599973678589,0
2025-07-25 06:10:00+00:00,0.8982099890708923,0.8985499739646912,0.8973399996757507,0.898389995098114,0
2025-07-25 06:15:00+00:00,0.8984100222587585,0.8986200094223022,0.8974699974060059,0.8984900116920471,0
2025-07-25 06:20:00+00:00,0.898419976234436,0.8985000252723694,0.8973900079727173,0.8981199860572815,0
2025-07-25 06:25:00+00:00,0.898169994354248,0.8983200192451477,0.8971700072288513,0.8981299996376038,0
2025-07-25 06:30:00+00:00,0.8981099724769592,0.8984599709510803,0.8973000049591064,0.8983799815177917,0
2025-07-25 06:35:00+00:00,0.898360013961792,0.8985400199890137,0.897350013256073,0.8983700275421143,0
2025-07-25 06:40:00+00:00,0.898419976234436,0.8985700011253357,0.8973299860954285,0.898419976234436,0
2025-07-25 06:45:00+00:00,0.8983399868011475,0.8984599709510803,0.8973000049591064,0.8982099890708923,0
2025-07-25 06:50:00+00:00,0.8981999754905701,0.898419976234436,0.8974300026893616,0.8983399868011475,0
2025-07-25 06:55:00+00:00,0.8982300162315369,0.8987299799919128,0.8974800109863281,0.8986799716949463,0
2025-07-25 07:00:00+00:00,0.8986700177192688,0.8988800048828125,0.8975200057029724,0.898580014705658,0
2025-07-25 07:05:00+00:00,0.8986200094223022,0.8988100290298462,0.8976699709892273,0.8986700177192688,0
2025-07-25 07:10:00+00:00,0.8986499905586243,0.8987200260162354,0.8976200222969055,0.8985000252723694,0
2025-07-25 07:15:00+00:00,0.8985300064086914,0.8987200260162354,0.8974400162696838,0.8984299898147583,0
2025-07-25 07:20:00+00:00,0.898389995098114,0.8984699845314026,0.8974000215530396,0.8984299898147583,0
2025-07-25 07:25:00+00:00,0.898389995098114,0.8985700011253357,0.8974800109863281,0.8984000086784363,0
2025-07-25 07:30:00+00:00,0.8984000086784363,0.8985199928283691,0.8974699974060059,0.8985199928283691,0
2025-07-25 07:35:00+00:00,0.8984900116920471,0.8986899852752686,0.8976200222969055,0.8984500169754028,0
2025-07-25 07:40:00+00:00,0.8984599709510803,0.8986700177192688,0.8975300192832947,0.898639976978302,0
2025-07-25 07:45:00+00:00,0.8986300230026245,0.898829996585846,0.8977100253105164,0.8987299799919128,0
2025-07-25 07:50:00+00:00,0.8987200260162354,0.8988000154495239,0.8978000283241272,0.8986499905586243,0
2025-07-25 07:55:00+00:00,0.8986600041389465,0.8987299799919128,0.8975300192832947,0.8985000252723694,0
2025-07-25 08:00:00+00:00,0.8985099792480469,0.8986499905586243,0.8974199891090393,0.8982499837875366,0
2025-07-25 08:05:00+00:00,0.8982300162315369,0.8984100222587585,0.8970800042152405,0.8982099890708923,0
2025-07-25 08:10:00+00:00,0.8981500267982483,0.8982899785041809,0.8972399830818176,0.8981099724769592,0
2025-07-25 08:15:00+00:00,0.8980600237846375,0.8982999920845032,0.8970800042152405,0.8982300162315369,0
2025-07-25 08:20:00+00:00,0.8982200026512146,0.8982399702072144,0.8970400094985962,0.8980500102043152,0
2025-07-25 08:25:00+00:00,0.8980399966239929,0.8984100222587585,0.8971999883651733,0.8983100056648254,0
2025-07-25 08:30:00+00:00,0.8983100056648254,0.8985900282859802,0.897379994392395,0.8985400199890137,0
2025-07-25 08:35:00+00:00,0.8985900282859802,0.8987299799919128,0.8977199792861938,0.8983299732208252,0
2025-07-25 08:40:00+00:00,0.8983700275421143,0.8985599875450134,0.8973699808120728,0.8981999754905701,0
2025-07-25 08:45:00+00:00,0.898169994354248,0.8983399868011475,0.8971999883651733,0.8982300162315369,0
2025-07-25 08:50:00+00:00,0.8981999754905701,0.8983500003814697,0.8973299860954285,0.8980799913406372,0
2025-07-25 08:55:00+00:00,0.8980600237846375,0.8982499837875366,0.8970900177955627,0.8981800079345703,0
2025-07-25 09:00:00+00:00,0.8981800079345703,0.8982499837875366,0.8969200253486633,0.8977800011634827,0
2025-07-25 09:05:00+00:00,0.8977699875831604,0.8978999853134155,0.89683997631073,0.8976600170135498,0
2025-07-25 09:10:00+00:00,0.897629976272583,0.8977599740028381,0.8966299891471863,0.8975099921226501,0
2025-07-25 09:15:00+00:00,0.8974999785423279,0.8976600170135498,0.8964599967002869,0.8972100019454956,0
2025-07-25 09:20:00+00:00,0.8972700238227844,0.8974199891090393,0.8963199853897095,0.8971999883651733,0
2025-07-25 09:25:00+00:00,0.8972100019454956,0.8972799777984619,0.8962699770927429,0.8971499800682068,0
2025-07-25 09:30:00+00:00,0.8970999717712402,0.8973299860954285,0.8961899876594543,0.8970900177955627,0
2025-07-25 09:35:00+00:00,0.897059977054596,0.8971899747848511,0.896120011806488,0.8971499800682068,0
2025-07-25 09:40:00+00:00,0.8971700072288513,0.8973299860954285,0.8962399959564209,0.8973000049591064,0
2025-07-25 09:45:00+00:00,0.8972899913787842,0.8975300192832947,0.8964200019836426,0.8975099921226501,0
2025-07-25 09:50:00+00:00,0.8974599838256836,0.8975600004196167,0.8965100049972534,0.8975300192832947,0
2025-07-25 09:55:00+00:00,0.8975300192832947,0.8976200222969055,0.896619975566864,0.8975600004196167,0
2025-07-25 10:00:00+00:00,0.8975099921226501,0.8975399732589722,0.8963900208473206,0.8974400162696838,0
2025-07-25 10:05:00+00:00,0.8974699974060059,0.8975899815559387,0.8965299725532532,0.8974999785423279,0
2025-07-25 10:10:00+00:00,0.8974400162696838,0.897570013999939,0.8965299725532532,0.897570013999939,0
2025-07-25 10:15:00+00:00,0.8974900245666504,0.897570013999939,0.8964999914169312,0.8974000215530396,0
2025-07-25 10:20:00+00:00,0.897350013256073,0.8975300192832947,0.8964400291442871,0.8974599838256836,0
2025-07-25 10:25:00+00:00,0.8974800109863281,0.897570013999939,0.8964999914169312,0.8974300026893616,0
2025-07-25 10:30:00+00:00,0.897379994392395,0.8975600004196167,0.8964899778366089,0.8975499868392944,0
2025-07-25 10:35:00+00:00,0.8974800109863281,0.897599995136261,0.896619975566864,0.8974300026893616,0
2025-07-25 10:40:00+00:00,0.8974000215530396,0.8975499868392944,0.8963800072669983,0.8974800109863281,0
2025-07-25 10:45:00+00:00,0.8974499702453613,0.8975300192832947,0.8964899778366089,0.897379994392395,0
2025-07-25 10:50:00+00:00,0.897409975528717,0.8975800275802612,0.8964300155639648,0.8975399732589722,0
2025-07-25 10:55:00+00:00,0.8975099921226501,0.8976399898529053,0.8966599702835083,0.8975800275802612,0
2025-07-25 11:00:00+00:00,0.8975300192832947,0.8978999853134155,0.8966000080108643,0.8978300094604492,0
2025-07-25 11:05:00+00:00,0.8978300094604492,0.897849977016449,0.8966799974441528,0.8974999785423279,0
2025-07-25 11:10:00+00:00,0.8974699974060059,0.8975600004196167,0.8969200253486633,0.8970400094985962,0
2025-07-25 11:15:00+00:00,0.8970000147819519,0.8970699906349182,0.8958600163459778,0.8970299959182739,0
2025-07-25 11:20:00+00:00,0.8970400094985962,0.8972300291061401,0.8962500095367432,0.8971400260925293,0
2025-07-25 11:25:00+00:00,0.8971199989318848,0.8973000049591064,0.8961799740791321,0.8971800208091736,0
2025-07-25 11:30:00+00:00,0.897159993648529,0.8975399732589722,0.8962600231170654,0.8973600268363953,0
2025-07-25 11:35:00+00:00,0.8974000215530396,0.8975499868392944,0.8965100049972534,0.897379994392395,0
2025-07-25 11:40:00+00:00,0.8974199891090393,0.897629976272583,0.8964599967002869,0.8976200222969055,0
2025-07-25 11:45:00+00:00,0.8975800275802612,0.8976600170135498,0.8966000080108643,0.8975800275802612,0
2025-07-25 11:50:00+00:00,0.8975899815559387,0.8978099822998047,0.8967999815940857,0.8977299928665161,0
2025-07-25 11:55:00+00:00,0.8977400064468384,0.8979799747467041,0.8968700170516968,0.8977900147438049,0
2025-07-25 12:00:00+00:00,0.8977900147438049,0.8979799747467041,0.8967499732971191,0.8979499936103821,0
2025-07-25 12:05:00+00:00,0.8979700207710266,0.8981800079345703,0.8971099853515625,0.8981099724769592,0
2025-07-25 12:10:00+00:00,0.8981000185012817,0.8982099890708923,0.8970000147819519,0.8979499936103821,0
2025-07-25 12:15:00+00:00,0.8978999853134155,0.8981599807739258,0.8971199989318848,0.8980299830436707,0
2025-07-25 12:20:00+00:00,0.8980399966239929,0.8981999754905701,0.8968700170516968,0.8981000185012817,0
2025-07-25 12:25:00+00:00,0.8980600237846375,0.8981500267982483,0.8970400094985962,0.8979700207710266,0
2025-07-25 12:30:00+00:00,0.8980200290679932,0.8981299996376038,0.8968899846076965,0.8978599905967712,0
2025-07-25 12:35:00+00:00,0.897849977016449,0.8978700041770935,0.8966400027275085,0.8973900079727173,0
2025-07-25 12:40:00+00:00,0.897409975528717,0.8974800109863281,0.8963099718093872,0.8974300026893616,0
2025-07-25 12:45:00+00:00,0.8974400162696838,0.897570013999939,0.8963500261306763,0.8974199891090393,0
2025-07-25 12:50:00+00:00,0.8974800109863281,0.8977100253105164,0.8966000080108643,0.8976600170135498,0
2025-07-25 12:55:00+00:00,0.8976500034332275,0.8978400230407715,0.8966599702835083,0.8975899815559387,0
2025-07-25 13:00:00+00:00,0.8975800275802612,0.8976799845695496,0.8964800238609314,0.8973299860954285,0
2025-07-25 13:05:00+00:00,0.8973000049591064,0.8979799747467041,0.8967499732971191,0.8979499936103821,0
2025-07-25 13:10:00+00:00,0.8979300260543823,0.8982899785041809,0.8968899846076965,0.8981900215148926,0
2025-07-25 13:15:00+00:00,0.898140013217926,0.8984500169754028,0.8970199823379517,0.8982300162315369,0
2025-07-25 13:20:00+00:00,0.8982899785041809,0.8985900282859802,0.897599995136261,0.8983299732208252,0
2025-07-25 13:25:00+00:00,0.8982700109481812,0.898419976234436,0.8972399830818176,0.8982700109481812,0
2025-07-25 13:30:00+00:00,0.8982599973678589,0.8985999822616577,0.8973399996757507,0.8985300064086914,0
2025-07-25 13:35:00+00:00,0.8985099792480469,0.8987799882888794,0.8977299928665161,0.8985900282859802,0
2025-07-25 13:40:00+00:00,0.8985700011253357,0.8986799716949463,0.8972499966621399,0.8983700275421143,0
2025-07-25 13:45:00+00:00,0.898360013961792,0.8986799716949463,0.8975200057029724,0.8982999920845032,0
2025-07-25 13:50:00+00:00,0.8983500003814697,0.8987799882888794,0.8975800275802612,0.8986899852752686,0
2025-07-25 13:55:00+00:00,0.8987100124359131,0.8989499807357788,0.8977299928665161,0.898639976978302,0
2025-07-25 14:00:00+00:00,0.8986799716949463,0.899399995803833,0.8980500102043152,0.8992300033569336,0
2025-07-25 14:05:00+00:00,0.8992300033569336,0.8994100093841553,0.8983799815177917,0.8991600275039673,0
2025-07-25 14:10:00+00:00,0.8991900086402893,0.8993800282478333,0.8981900215148926,0.8990399837493896,0
2025-07-25 14:15:00+00:00,0.8990600109100342,0.8993200063705444,0.8980299830436707,0.8991299867630005,0
2025-07-25 14:20:00+00:00,0.8991199731826782,0.8992499709129333,0.8980699777603149,0.8988900184631348,0
2025-07-25 14:25:00+00:00,0.8988199830055237,0.8991600275039673,0.8979700207710266,0.8991199731826782,0
2025-07-25 14:30:00+00:00,0.8991100192070007,0.8991400003433228,0.8980399966239929,0.8987399935722351,0
2025-07-25 14:35:00+00:00,0.8986899852752686,0.8989999890327454,0.8979399800300598,0.8987500071525574,0
2025-07-25 14:40:00+00:00,0.8987399935722351,0.8988100290298462,0.8975899815559387,0.8986200094223022,0
2025-07-25 14:45:00+00:00,0.8986200094223022,0.8991900086402893,0.8978300094604492,0.8990600109100342,0
2025-07-25 14:50:00+00:00,0.8990600109100342,0.8993099927902222,0.8982399702072144,0.8990899920463562,0
2025-07-25 14:55:00+00:00,0.8991000056266785,0.899150013923645,0.8979399800300598,0.8988400101661682,0
2025-07-25 15:00:00+00:00,0.8988199830055237,0.8989800214767456,0.8977800011634827,0.898829996585846,0
2025-07-25 15:05:00+00:00,0.8988199830055237,0.8988699913024902,0.8976500034332275,0.8985400199890137,0
2025-07-25 15:10:00+00:00,0.8985300064086914,0.8988500237464905,0.8976699709892273,0.8985900282859802,0
2025-07-25 15:15:00+00:00,0.8985199928283691,0.8987200260162354,0.8977199792861938,0.898639976978302,0
2025-07-25 15:20:00+00:00,0.89860999584198,0.8987600207328796,0.8977000117301941,0.8986200094223022,0
2025-07-25 15:25:00+00:00,0.8985499739646912,0.8987299799919128,0.8975499868392944,0.8984799981117249,0
2025-07-25 15:30:00+00:00,0.8983299732208252,0.8986600041389465,0.8975099921226501,0.8985400199890137,0
2025-07-25 15:35:00+00:00,0.8985700011253357,0.8985999822616577,0.8974499702453613,0.8985199928283691,0
2025-07-25 15:40:00+00:00,0.8985000252723694,0.8987699747085571,0.8976600170135498,0.8985000252723694,0
2025-07-25 15:45:00+00:00,0.8984900116920471,0.8988699913024902,0.8976500034332275,0.8988500237464905,0
2025-07-25 15:50:00+00:00,0.8988000154495239,0.8990899920463562,0.8979899883270264,0.8990499973297119,0
2025-07-25 15:55:00+00:00,0.8990100026130676,0.8991199731826782,0.8980200290679932,0.8988699913024902,0
2025-07-25 16:00:00+00:00,0.8988100290298462,0.8991699814796448,0.8981000185012817,0.8989899754524231,0
2025-07-25 16:05:00+00:00,0.8990700244903564,0.8992000222206116,0.8981900215148926,0.8991900086402893,0
2025-07-25 16:10:00+00:00,0.8991299867630005,0.8994200229644775,0.8982800245285034,0.8992699980735779,0
2025-07-25 16:15:00+00:00,0.8992400169372559,0.8994600176811218,0.8982599973678589,0.8993800282478333,0
2025-07-25 16:20:00+00:00,0.899370014667511,0.8995599746704102,0.8985099792480469,0.8995199799537659,0
2025-07-25 16:25:00+00:00,0.8994899988174438,0.8996899724006653,0.8986999988555908,0.8996099829673767,0
2025-07-25 16:30:00+00:00,0.899590015411377,0.8997700214385986,0.8986499905586243,0.8995599746704102,0
2025-07-25 16:35:00+00:00,0.8995199799537659,0.8997099995613098,0.8987600207328796,0.8996599912643433,0
2025-07-25 16:40:00+00:00,0.8996700048446655,0.8998399972915649,0.8986999988555908,0.8997899889945984,0
2025-07-25 16:45:00+00:00,0.8997799754142761,0.8999300003051758,0.8988900184631348,0.8997799754142761,0
2025-07-25 16:50:00+00:00,0.8997300267219543,0.8998000025749207,0.8988199830055237,0.8996700048446655,0
2025-07-25 16:55:00+00:00,0.8996099829673767,0.899869978427887,0.8987799882888794,0.8997700214385986,0
2025-07-25 17:00:00+00:00,0.8997300267219543,0.8998900055885315,0.8988199830055237,0.8998100161552429,0
2025-07-25 17:05:00+00:00,0.8998200297355652,0.8999099731445312,0.898930013179779,0.8997799754142761,0
2025-07-25 17:10:00+00:00,0.8997499942779541,0.8998000025749207,0.8987699747085571,0.8997200131416321,0
2025-07-25 17:15:00+00:00,0.8997099995613098,0.8998900055885315,0.8987900018692017,0.8997099995613098,0
2025-07-25 17:20:00+00:00,0.8997499942779541,0.8998799920082092,0.8989400267601013,0.8998200297355652,0
2025-07-25 17:25:00+00:00,0.8998000025749207,0.8998500108718872,0.8988900184631348,0.8997099995613098,0
2025-07-25 17:30:00+00:00,0.8997300267219543,0.8998900055885315,0.8986600041389465,0.8998600244522095,0
2025-07-25 17:35:00+00:00,0.899869978427887,0.8999000191688538,0.8988800048828125,0.8997399806976318,0
2025-07-25 17:40:00+00:00,0.8997499942779541,0.8998399972915649,0.8988000154495239,0.8997899889945984,0
2025-07-25 17:45:00+00:00,0.8997600078582764,0.8998799920082092,0.8988199830055237,0.8996899724006653,0
2025-07-25 17:50:00+00:00,0.8997399806976318,0.8998299837112427,0.8988100290298462,0.8996800184249878,0
2025-07-25 17:55:00+00:00,0.8996700048446655,0.8998299837112427,0.8987500071525574,0.8996400237083435,0
2025-07-25 18:00:00+00:00,0.8997099995613098,0.8997899889945984,0.8986499905586243,0.8994699716567993,0
2025-07-25 18:05:00+00:00,0.8995400071144104,0.8996099829673767,0.8985999822616577,0.899590015411377,0
2025-07-25 18:10:00+00:00,0.899590015411377,0.8996099829673767,0.8985300064086914,0.8994399905204773,0
2025-07-25 18:15:00+00:00,0.8994200229644775,0.8995699882507324,0.8984699845314026,0.8995599746704102,0
2025-07-25 18:20:00+00:00,0.8995800018310547,0.899619996547699,0.898639976978302,0.8995199799537659,0
2025-07-25 18:25:00+00:00,0.8995000123977661,0.8996899724006653,0.898639976978302,0.8995299935340881,0
2025-07-25 18:30:00+00:00,0.8995299935340881,0.8996599912643433,0.8985900282859802,0.8995100259780884,0
2025-07-25 18:35:00+00:00,0.8995100259780884,0.8997099995613098,0.8986799716949463,0.899649977684021,0
2025-07-25 18:40:00+00:00,0.899649977684021,0.8998900055885315,0.8987399935722351,0.8997399806976318,0
2025-07-25 18:45:00+00:00,0.8997899889945984,0.8999099731445312,0.8988400101661682,0.8999000191688538,0
2025-07-25 18:50:00+00:00,0.8998500108718872,0.9000599980354309,0.8989599943161011,0.9000300168991089,0
2025-07-25 18:55:00+00:00,0.8999800086021423,0.9000599980354309,0.8988699913024902,0.8999000191688538,0
2025-07-25 19:00:00+00:00,0.8998900055885315,0.899940013885498,0.898859977722168,0.8998000025749207,0
2025-07-25 19:05:00+00:00,0.8997799754142761,0.8998500108718872,0.8988500237464905,0.8997700214385986,0
2025-07-25 19:10:00+00:00,0.8997399806976318,0.8998799920082092,0.8988400101661682,0.8998500108718872,0
2025-07-25 19:15:00+00:00,0.8998100161552429,0.8999599814414978,0.8989899754524231,0.8999199867248535,0
2025-07-25 19:20:00+00:00,0.8999300003051758,0.9000599980354309,0.8990799784660339,0.8999599814414978,0
2025-07-25 19:25:00+00:00,0.899940013885498,0.9000399708747864,0.8989499807357788,0.8997799754142761,0
2025-07-25 19:30:00+00:00,0.8998299837112427,0.8999099731445312,0.8989599943161011,0.8997600078582764,0
2025-07-25 19:35:00+00:00,0.8996800184249878,0.8997899889945984,0.8987699747085571,0.8997200131416321,0
2025-07-25 19:40:00+00:00,0.8996999859809875,0.8997300267219543,0.8987399935722351,0.8996300101280212,0
2025-07-25 19:45:00+00:00,0.899619996547699,0.8996400237083435,0.8985700011253357,0.8995299935340881,0
2025-07-25 19:50:00+00:00,0.8995100259780884,0.8995500206947327,0.898580014705658,0.8994399905204773,0
2025-07-25 19:55:00+00:00,0.8994200229644775,0.8995699882507324,0.8985499739646912,0.8994699716567993,0
2025-07-25 20:00:00+00:00,0.8995500206947327,0.8996099829673767,0.8985300064086914,0.8995000123977661,0
2025-07-25 20:05:00+00:00,0.8995100259780884,0.8997300267219543,0.8986700177192688,0.8995100259780884,0
2025-07-25 20:10:00+00:00,0.899590015411377,0.8997499942779541,0.8987399935722351,0.8996700048446655,0
2025-07-25 20:15:00+00:00,0.8996300101280212,0.8996700048446655,0.8984400033950806,0.8993600010871887,0
2025-07-25 20:20:00+00:00,0.8992999792098999,0.8993600010871887,0.8983500003814697,0.8992300033569336,0
2025-07-25 20:25:00+00:00,0.8992400169372559,0.8993899822235107,0.898389995098114,0.8992699980735779,0
2025-07-25 20:30:00+00:00,0.8992499709129333,0.8996300101280212,0.8984299898147583,0.8995000123977661,0
2025-07-25 20:35:00+00:00,0.8995599746704102,0.8995699882507324,0.8985700011253357,0.8994799852371216,0
2025-07-25 20:40:00+00:00,0.8994100093841553,0.8997899889945984,0.8986300230026245,0.8997200131416321,0
2025-07-25 20:45:00+00:00,0.8997399806976318,0.8999099731445312,0.898829996585846,0.8998299837112427,0
2025-07-25 20:50:00+00:00,0.8997200131416321,0.8998399972915649,0.8987600207328796,0.899429976940155,0
2025-07-25 20:55:00+00:00,0.8994200229644775,0.8996099829673767,0.8986300230026245,0.898829996585846,0
2025-07-25 21:00:00+00:00,0.8987399935722351,0.8987399935722351,0.8987399935722351,0.8987399935722351,0
2025-07-25 21:05:00+00:00,0.8987399935722351,0.8987399935722351,0.8987399935722351,0.8987399935722351,0
2025-07-25 21:10:00+00:00,0.8987399935722351,0.8987399935722351,0.8987399935722351,0.8987399935722351,0
2025-07-25 21:15:00+00:00,0.8987399935722351,0.8987399935722351,0.8987399935722351,0.8987399935722351,0
2025-07-25 21:20:00+00:00,0.8987399935722351,0.8987399935722351,0.8987399935722351,0.8987399935722351,0
2025-07-25 21:25:00+00:00,0.8987399935722351,0.8987399935722351,0.8987399935722351,0.8987399935722351,0
2025-07-27 23:00:00+00:00,0.9001299738883972,0.90038001537323,0.8992900252342224,0.900189995765686,0
2025-07-27 23:05:00+00:00,0.9002199769020081,0.9003099799156189,0.8992099761962891,0.9001700282096863,0
2025-07-27 23:10:00+00:00,0.9000499844551086,0.9003000259399414,0.8992800116539001,0.9002299904823303,0
2025-07-27 23:15:00+00:00,0.9001299738883972,0.9003300070762634,0.8992000222206116,0.9002299904823303,0
2025-07-27 23:20:00+00:00,0.9002199769020081,0.9004499912261963,0.8994200229644775,0.9003400206565857,0
2025-07-27 23:25:00+00:00,0.9003499746322632,0.9004700183868408,0.8994399905204773,0.9002900123596191,0
2025-07-27 23:30:00+00:00,0.9002599716186523,0.9003199934959412,0.8993399739265442,0.9001200199127197,0
2025-07-27 23:35:00+00:00,0.9001100063323975,0.9003900289535522,0.8992599844932556,0.9003499746322632,0
2025-07-27 23:40:00+00:00,0.9003099799156189,0.9004999995231628,0.8992400169372559,0.900409996509552,0
2025-07-27 23:45:00+00:00,0.9003499746322632,0.9004999995231628,0.8993899822235107,0.9001700282096863,0
2025-07-27 23:50:00+00:00,0.9002699851989746,0.9003900289535522,0.899429976940155,0.9003099799156189,0
2025-07-27 23:55:00+00:00,0.9003400206565857,0.9003499746322632,0.8994100093841553,0.9003400206565857,0
2025-07-28 00:00:00+00:00,0.9003199934959412,0.9008100032806396,0.8995199799537659,0.9005799889564514,0
2025-07-28 00:05:00+00:00,0.9005600214004517,0.9006800055503845,0.8994899988174438,0.9003099799156189,0
2025-07-28 00:10:00+00:00,0.9003099799156189,0.9006400108337402,0.8994600176811218,0.9005699753761292,0
2025-07-28 00:15:00+00:00,0.9005500078201294,0.9007200002670288,0.8997600078582764,0.9005500078201294,0
2025-07-28 00:20:00+00:00,0.9005399942398071,0.9007899761199951,0.8996800184249878,0.9005699753761292,0
2025-07-28 00:25:00+00:00,0.900629997253418,0.9007700085639954,0.8997200131416321,0.9006500244140625,0
2025-07-28 00:30:00+00:00,0.9006400108337402,0.9007999897003174,0.8997200131416321,0.9006500244140625,0
2025-07-28 00:35:00+00:00,0.9005799889564514,0.9009699821472168,0.899869978427887,0.900879979133606,0
2025-07-28 00:40:00+00:00,0.9008499979972839,0.9010400176048279,0.9000300168991089,0.9009299874305725,0
2025-07-28 00:45:00+00:00,0.900879979133606,0.9009799957275391,0.8999300003051758,0.900950014591217,0
2025-07-28 00:50:00+00:00,0.9009000062942505,0.9010800123214722,0.8998900055885315,0.9009799957275391,0
2025-07-28 00:55:00+00:00,0.9009400010108948,0.9011300206184387,0.9001299738883972,0.9010599851608276,0
2025-07-28 01:00:00+00:00,0.9010599851608276,0.9013299942016602,0.9002400040626526,0.9012899994850159,0
2025-07-28 01:05:00+00:00,0.9012600183486938,0.9014999866485596,0.9001200199127197,0.9010000228881836,0
2025-07-28 01:10:00+00:00,0.9010900259017944,0.9011600017547607,0.9002000093460083,0.9008499979972839,0
2025-07-28 01:15:00+00:00,0.9008100032806396,0.9010499715805054,0.8999099731445312,0.9006999731063843,0
2025-07-28 01:20:00+00:00,0.9007099866867065,0.9008100032806396,0.8996999859809875,0.900600016117096,0
2025-07-28 01:25:00+00:00,0.9005900025367737,0.9006800055503845,0.8995299935340881,0.9005900025367737,0
2025-07-28 01:30:00+00:00,0.9006100296974182,0.9007899761199951,0.8996300101280212,0.9004999995231628,0
2025-07-28 01:35:00+00:00,0.9004499912261963,0.9005500078201294,0.8994600176811218,0.9003599882125854,0
2025-07-28 01:40:00+00:00,0.9003900289535522,0.9004999995231628,0.8994399905204773,0.9002900123596191,0
2025-07-28 01:45:00+00:00,0.9002699851989746,0.90038001537323,0.8993399739265442,0.9001299738883972,0
2025-07-28 01:50:00+00:00,0.9001299738883972,0.9001700282096863,0.8990899920463562,0.9000899791717529,0
2025-07-28 01:55:00+00:00,0.9000800251960754,0.9001700282096863,0.8990799784660339,0.899940013885498,0
2025-07-28 02:00:00+00:00,0.9000200033187866,0.9003599882125854,0.8990499973297119,0.9001100063323975,0
2025-07-28 02:05:00+00:00,0.9000599980354309,0.9004200100898743,0.8992499709129333,0.900409996509552,0
2025-07-28 02:10:00+00:00,0.9003900289535522,0.9005100131034851,0.8993800282478333,0.9003700017929077,0
2025-07-28 02:15:00+00:00,0.9002799987792969,0.9005500078201294,0.8994899988174438,0.9003300070762634,0
2025-07-28 02:20:00+00:00,0.9003000259399414,0.9005900025367737,0.8993300199508667,0.9004600048065186,0
2025-07-28 02:25:00+00:00,0.9005399942398071,0.9007300138473511,0.8995699882507324,0.9005699753761292,0
2025-07-28 02:30:00+00:00,0.9005600214004517,0.9007200002670288,0.8996400237083435,0.9005900025367737,0
2025-07-28 02:35:00+00:00,0.9005500078201294,0.9007200002670288,0.8995699882507324,0.9004700183868408,0
2025-07-28 02:40:00+00:00,0.9004300236701965,0.9004899859428406,0.8994600176811218,0.9003300070762634,0
2025-07-28 02:45:00+00:00,0.9003999829292297,0.9004999995231628,0.8993899822235107,0.9002799987792969,0
2025-07-28 02:50:00+00:00,0.900189995765686,0.9004700183868408,0.899399995803833,0.900409996509552,0
2025-07-28 02:55:00+00:00,0.9003900289535522,0.9005399942398071,0.8993899822235107,0.9003300070762634,0
2025-07-28 03:00:00+00:00,0.9003000259399414,0.9004600048065186,0.8993499875068665,0.9002599716186523,0
2025-07-28 03:05:00+00:00,0.9002400040626526,0.9003599882125854,0.8992499709129333,0.9000700116157532,0
2025-07-28 03:10:00+00:00,0.9000899791717529,0.9002199769020081,0.8991199731826782,0.9000999927520752,0
2025-07-28 03:15:00+00:00,0.9000599980354309,0.9003300070762634,0.8993499875068665,0.900189995765686,0
2025-07-28 03:20:00+00:00,0.9001399874687195,0.9001799821853638,0.8989599943161011,0.8998900055885315,0
2025-07-28 03:25:00+00:00,0.8998799920082092,0.8999900221824646,0.8987699747085571,0.8997899889945984,0
2025-07-28 03:30:00+00:00,0.8997700214385986,0.8998299837112427,0.8987600207328796,0.8995699882507324,0
2025-07-28 03:35:00+00:00,0.899590015411377,0.8997799754142761,0.8987200260162354,0.8996599912643433,0
2025-07-28 03:40:00+00:00,0.8996999859809875,0.8997499942779541,0.8986799716949463,0.899429976940155,0
2025-07-28 03:45:00+00:00,0.8994899988174438,0.8995800018310547,0.8984599709510803,0.8994399905204773,0
2025-07-28 03:50:00+00:00,0.899399995803833,0.8994500041007996,0.8982999920845032,0.8992999792098999,0
2025-07-28 03:55:00+00:00,0.8993499875068665,0.8993600010871887,0.898360013961792,0.8992699980735779,0
2025-07-28 04:00:00+00:00,0.8993099927902222,0.8994100093841553,0.8982999920845032,0.8991900086402893,0
2025-07-28 04:05:00+00:00,0.8991900086402893,0.8993300199508667,0.8981500267982483,0.8990700244903564,0
2025-07-28 04:10:00+00:00,0.8991199731826782,0.8994100093841553,0.8982899785041809,0.8992599844932556,0
2025-07-28 04:15:00+00:00,0.8992499709129333,0.8992999792098999,0.8982599973678589,0.8990100026130676,0
2025-07-28 04:20:00+00:00,0.8990700244903564,0.8991600275039673,0.898169994354248,0.8990600109100342,0
2025-07-28 04:25:00+00:00,0.8990600109100342,0.8991299867630005,0.8980200290679932,0.8990600109100342,0
2025-07-28 04:30:00+00:00,0.8990499973297119,0.8991600275039673,0.8979700207710266,0.8989899754524231,0
2025-07-28 04:35:00+00:00,0.8989400267601013,0.8990300297737122,0.8980399966239929,0.8988699913024902,0
2025-07-28 04:40:00+00:00,0.8988000154495239,0.8990100026130676,0.8979399800300598,0.8989800214767456,0
2025-07-28 04:45:00+00:00,0.8989499807357788,0.8992800116539001,0.8980799913406372,0.8992099761962891,0
2025-07-28 04:50:00+00:00,0.8992099761962891,0.8993200063705444,0.8982899785041809,0.8992199897766113,0
2025-07-28 04:55:00+00:00,0.899179995059967,0.899399995803833,0.8983299732208252,0.8992599844932556,0
2025-07-28 05:00:00+00:00,0.8992300033569336,0.899370014667511,0.8983399868011475,0.8992800116539001,0
2025-07-28 05:05:00+00:00,0.8993300199508667,0.899399995803833,0.8982200026512146,0.8991699814796448,0
2025-07-28 05:10:00+00:00,0.899150013923645,0.8992800116539001,0.8982599973678589,0.8990899920463562,0
2025-07-28 05:15:00+00:00,0.8990600109100342,0.8991699814796448,0.8981000185012817,0.8989700078964233,0
2025-07-28 05:20:00+00:00,0.8989499807357788,0.8990100026130676,0.8978899717330933,0.8988199830055237,0
2025-07-28 05:25:00+00:00,0.898859977722168,0.8990799784660339,0.8980799913406372,0.8990499973297119,0
2025-07-28 05:30:00+00:00,0.8989999890327454,0.8992900252342224,0.8981000185012817,0.8991199731826782,0
2025-07-28 05:35:00+00:00,0.8991299867630005,0.8992300033569336,0.8981999754905701,0.8991199731826782,0
2025-07-28 05:40:00+00:00,0.8991100192070007,0.8992499709129333,0.8982099890708923,0.8990899920463562,0
2025-07-28 05:45:00+00:00,0.8990499973297119,0.8991699814796448,0.8981800079345703,0.8990600109100342,0
2025-07-28 05:50:00+00:00,0.8991199731826782,0.8992599844932556,0.8980399966239929,0.8990200161933899,0
2025-07-28 05:55:00+00:00,0.8989400267601013,0.8991100192070007,0.8979899883270264,0.8990499973297119,0
2025-07-28 06:00:00+00:00,0.8990100026130676,0.8991699814796448,0.8981199860572815,0.8987299799919128,0
2025-07-28 06:05:00+00:00,0.8987399935722351,0.8989899754524231,0.8979200124740601,0.898829996585846,0
2025-07-28 06:10:00+00:00,0.8988100290298462,0.898829996585846,0.8976699709892273,0.89860999584198,0
2025-07-28 06:15:00+00:00,0.8985700011253357,0.8988100290298462,0.8977299928665161,0.8984699845314026,0
2025-07-28 06:20:00+00:00,0.8984900116920471,0.8985099792480469,0.8973699808120728,0.8983100056648254,0
2025-07-28 06:25:00+00:00,0.8982399702072144,0.8983799815177917,0.8971199989318848,0.8983200192451477,0
2025-07-28 06:30:00+00:00,0.8983100056648254,0.8985000252723694,0.8972799777984619,0.8982899785041809,0
2025-07-28 06:35:00+00:00,0.8982999920845032,0.8984299898147583,0.8972200155258179,0.8984299898147583,0
2025-07-28 06:40:00+00:00,0.898360013961792,0.8985700011253357,0.8974699974060059,0.8982099890708923,0
2025-07-28 06:45:00+00:00,0.8982399702072144,0.8985099792480469,0.8973699808120728,0.8983399868011475,0
2025-07-28 06:50:00+00:00,0.8984100222587585,0.8984400033950806,0.8972499966621399,0.8983500003814697,0
2025-07-28 06:55:00+00:00,0.8983299732208252,0.8984599709510803,0.897350013256073,0.8980200290679932,0
2025-07-28 07:00:00+00:00,0.8979600071907043,0.8981800079345703,0.8971099853515625,0.8977699875831604,0
2025-07-28 07:05:00+00:00,0.8978400230407715,0.8983100056648254,0.8970500230789185,0.8981000185012817,0
2025-07-28 07:10:00+00:00,0.8980600237846375,0.8981900215148926,0.8969799876213074,0.8980100154876709,0
2025-07-28 07:15:00+00:00,0.8979200124740601,0.8981900215148926,0.8970100283622742,0.8979300260543823,0
2025-07-28 07:20:00+00:00,0.8978800177574158,0.8980399966239929,0.8969399929046631,0.8979200124740601,0
2025-07-28 07:25:00+00:00,0.8978899717330933,0.8979700207710266,0.8967000246047974,0.8971999883651733,0
2025-07-28 07:30:00+00:00,0.8971899747848511,0.8971999883651733,0.8957899808883667,0.8966500163078308,0
2025-07-28 07:35:00+00:00,0.8966900110244751,0.8969500064849854,0.8956599831581116,0.896619975566864,0
2025-07-28 07:40:00+00:00,0.8966100215911865,0.8967099785804749,0.895609974861145,0.8964800238609314,0
2025-07-28 07:45:00+00:00,0.8964899778366089,0.896589994430542,0.8954700231552124,0.896369993686676,0
2025-07-28 07:50:00+00:00,0.8963199853897095,0.8966599702835083,0.8955399990081787,0.8965200185775757,0
2025-07-28 07:55:00+00:00,0.8965700268745422,0.8967499732971191,0.8955600261688232,0.8962200284004211,0
2025-07-28 08:00:00+00:00,0.8962100148200989,0.8962299823760986,0.8950799703598022,0.8953999876976013,0
2025-07-28 08:05:00+00:00,0.8953400254249573,0.8957700133323669,0.8946099877357483,0.8954100012779236,0
2025-07-28 08:10:00+00:00,0.8953999876976013,0.8955299854278564,0.8944399952888489,0.8954300284385681,0
2025-07-28 08:15:00+00:00,0.895359992980957,0.8957899808883667,0.8945800065994263,0.8955399990081787,0
2025-07-28 08:20:00+00:00,0.8956000208854675,0.895799994468689,0.8946899771690369,0.8957200050354004,0
2025-07-28 08:25:00+00:00,0.8956599831581116,0.8958699703216553,0.8948699831962585,0.8956699967384338,0
2025-07-28 08:30:00+00:00,0.8956900238990784,0.8960700035095215,0.894819974899292,0.8959699869155884,0
2025-07-28 08:35:00+00:00,0.8960400223731995,0.8961700201034546,0.8950700163841248,0.8960000276565552,0
2025-07-28 08:40:00+00:00,0.8960300087928772,0.8960999846458435,0.894860029220581,0.8956300020217896,0
2025-07-28 08:45:00+00:00,0.8955699801445007,0.8956699967384338,0.8944699764251709,0.8952800035476685,0
2025-07-28 08:50:00+00:00,0.8952900171279907,0.8954499959945679,0.8942599892616272,0.8954499959945679,0
2025-07-28 08:55:00+00:00,0.8953999876976013,0.8956599831581116,0.8945000171661377,0.8954700231552124,0
2025-07-28 09:00:00+00:00,0.895389974117279,0.8956400156021118,0.8944600224494934,0.8953499794006348,0
2025-07-28 09:05:00+00:00,0.8953099846839905,0.8954499959945679,0.8942899703979492,0.8952900171279907,0
2025-07-28 09:10:00+00:00,0.8953199982643127,0.8959400057792664,0.8943899869918823,0.8957200050354004,0
2025-07-28 09:15:00+00:00,0.8957599997520447,0.8960400223731995,0.8947799801826477,0.8960099816322327,0
2025-07-28 09:20:00+00:00,0.8960400223731995,0.8961899876594543,0.8949400186538696,0.8958699703216553,0
2025-07-28 09:25:00+00:00,0.8958600163459778,0.8959299921989441,0.8947399854660034,0.8957899808883667,0
2025-07-28 09:30:00+00:00,0.895799994468689,0.895799994468689,0.8947200179100037,0.8956599831581116,0
2025-07-28 09:35:00+00:00,0.8956500291824341,0.8956699967384338,0.8945599794387817,0.8954799771308899,0
2025-07-28 09:40:00+00:00,0.8955100178718567,0.895829975605011,0.8946700096130371,0.8956500291824341,0
2025-07-28 09:45:00+00:00,0.8956400156021118,0.8958699703216553,0.89478999376297,0.8956800103187561,0
2025-07-28 09:50:00+00:00,0.8956900238990784,0.8957300186157227,0.8946300148963928,0.8955299854278564,0
2025-07-28 09:55:00+00:00,0.8954499959945679,0.8957700133323669,0.8947799801826477,0.8956800103187561,0
2025-07-28 10:00:00+00:00,0.8956500291824341,0.8959900140762329,0.8947200179100037,0.8957200050354004,0
2025-07-28 10:05:00+00:00,0.8957200050354004,0.8959199786186218,0.8949099779129028,0.8957599997520447,0
2025-07-28 10:10:00+00:00,0.8957599997520447,0.8960400223731995,0.8949499726295471,0.8959199786186218,0
2025-07-28 10:15:00+00:00,0.8959299921989441,0.8962100148200989,0.8950499892234802,0.8959900140762329,0
2025-07-28 10:20:00+00:00,0.8960000276565552,0.8960800170898438,0.8949400186538696,0.8960300087928772,0
2025-07-28 10:25:00+00:00,0.8960199952125549,0.896340012550354,0.8952900171279907,0.8962100148200989,0
2025-07-28 10:30:00+00:00,0.8961499929428101,0.8964099884033203,0.8952199816703796,0.8961499929428101,0
2025-07-28 10:35:00+00:00,0.8961499929428101,0.8962399959564209,0.8952599763870239,0.8962000012397766,0
2025-07-28 10:40:00+00:00,0.8961600065231323,0.896399974822998,0.8953099846839905,0.8963500261306763,0
2025-07-28 10:45:00+00:00,0.8963199853897095,0.896619975566864,0.8954799771308899,0.8962399959564209,0
2025-07-28 10:50:00+00:00,0.8962500095367432,0.8962500095367432,0.8949999809265137,0.8959100246429443,0
2025-07-28 10:55:00+00:00,0.8958899974822998,0.8959900140762329,0.8948699831962585,0.8956400156021118,0
2025-07-28 11:00:00+00:00,0.895579993724823,0.8958200216293335,0.8946599960327148,0.8957700133323669,0
2025-07-28 11:05:00+00:00,0.8957300186157227,0.8959100246429443,0.89478999376297,0.8956999778747559,0
2025-07-28 11:10:00+00:00,0.8957800269126892,0.896049976348877,0.894819974899292,0.8959500193595886,0
2025-07-28 11:15:00+00:00,0.8959900140762329,0.8962299823760986,0.8949999809265137,0.8960000276565552,0
2025-07-28 11:20:00+00:00,0.8960099816322327,0.8960700035095215,0.8949800133705139,0.8959100246429443,0
2025-07-28 11:25:00+00:00,0.8958799839019775,0.896120011806488,0.8951200246810913,0.8959800004959106,0
2025-07-28 11:30:00+00:00,0.8959699869155884,0.8960400223731995,0.8948799967765808,0.8958699703216553,0
2025-07-28 11:35:00+00:00,0.8958799839019775,0.8960099816322327,0.8948500156402588,0.8957499861717224,0
2025-07-28 11:40:00+00:00,0.8956599831581116,0.8957800269126892,0.8946899771690369,0.8956800103187561,0
2025-07-28 11:45:00+00:00,0.8957200050354004,0.8959000110626221,0.894860029220581,0.8958200216293335,0
2025-07-28 11:50:00+00:00,0.8957899808883667,0.8960199952125549,0.8948799967765808,0.8958899974822998,0
2025-07-28 11:55:00+00:00,0.895829975605011,0.8962299823760986,0.8951799869537354,0.8956599831581116,0
2025-07-28 12:00:00+00:00,0.8956400156021118,0.8960899710655212,0.8948299884796143,0.8958100080490112,0
2025-07-28 12:05:00+00:00,0.8958500027656555,0.8959500193595886,0.8948100209236145,0.8957200050354004,0
2025-07-28 12:10:00+00:00,0.8956999778747559,0.8959400057792664,0.8949199914932251,0.8955299854278564,0
2025-07-28 12:15:00+00:00,0.8955199718475342,0.8958399891853333,0.8946800231933594,0.8958200216293335,0
2025-07-28 12:20:00+00:00,0.8958100080490112,0.8958699703216553,0.8947499990463257,0.8956699967384338,0
2025-07-28 12:25:00+00:00,0.8956900238990784,0.8958699703216553,0.8949099779129028,0.8957399725914001,0
2025-07-28 12:30:00+00:00,0.8957800269126892,0.8958200216293335,0.8946899771690369,0.8955199718475342,0
2025-07-28 12:35:00+00:00,0.8955600261688232,0.8958100080490112,0.8946300148963928,0.8956800103187561,0
2025-07-28 12:40:00+00:00,0.8956900238990784,0.8958699703216553,0.8948400020599365,0.8958200216293335,0
2025-07-28 12:45:00+00:00,0.8957899808883667,0.8959100246429443,0.8946899771690369,0.895579993724823,0
2025-07-28 12:50:00+00:00,0.8955299854278564,0.895799994468689,0.8945500254631042,0.8957899808883667,0
2025-07-28 12:55:00+00:00,0.8957899808883667,0.8962500095367432,0.8950999975204468,0.8962399959564209,0
2025-07-28 13:00:00+00:00,0.8962200284004211,0.8963500261306763,0.8953400254249573,0.8962299823760986,0
2025-07-28 13:05:00+00:00,0.8962299823760986,0.8962900042533875,0.8951399922370911,0.8960400223731995,0
2025-07-28 13:10:00+00:00,0.8959900140762329,0.8961499929428101,0.8951399922370911,0.896120011806488,0
2025-07-28 13:15:00+00:00,0.8960800170898438,0.8962000012397766,0.8951200246810913,0.8959900140762329,0
2025-07-28 13:20:00+00:00,0.8959699869155884,0.8960599899291992,0.8948299884796143,0.8955299854278564,0
2025-07-28 13:25:00+00:00,0.8955600261688232,0.8957899808883667,0.8947799801826477,0.8957200050354004,0
2025-07-28 13:30:00+00:00,0.8956999778747559,0.8957599997520447,0.8946499824523926,0.8954200148582458,0
2025-07-28 13:35:00+00:00,0.8954799771308899,0.8955600261688232,0.8942400217056274,0.8950099945068359,0
2025-07-28 13:40:00+00:00,0.8949999809265137,0.8952100276947021,0.8942199945449829,0.8949300050735474,0
2025-07-28 13:45:00+00:00,0.8949800133705139,0.8950499892234802,0.8936399817466736,0.8943899869918823,0
2025-07-28 13:50:00+00:00,0.8944500088691711,0.8944699764251709,0.893280029296875,0.8940500020980835,0
2025-07-28 13:55:00+00:00,0.8940399885177612,0.8942499756813049,0.8931699991226196,0.8939499855041504,0
2025-07-28 14:00:00+00:00,0.8939399719238281,0.8946800231933594,0.8930500149726868,0.8945099711418152,0
2025-07-28 14:05:00+00:00,0.8944900035858154,0.8950499892234802,0.8938900232315063,0.8948100209236145,0
2025-07-28 14:10:00+00:00,0.8948000073432922,0.8950799703598022,0.8939200043678284,0.8950099945068359,0
2025-07-28 14:15:00+00:00,0.8949999809265137,0.8951299786567688,0.8938900232315063,0.8947200179100037,0
2025-07-28 14:20:00+00:00,0.8946999907493591,0.8948299884796143,0.8934900164604187,0.8943399786949158,0
2025-07-28 14:25:00+00:00,0.8943700194358826,0.895039975643158,0.8939599990844727,0.8948699831962585,0
2025-07-28 14:30:00+00:00,0.8949199914932251,0.8951900005340576,0.894070029258728,0.8949800133705139,0
2025-07-28 14:35:00+00:00,0.8949400186538696,0.895359992980957,0.8942800164222717,0.8952599763870239,0
2025-07-28 14:40:00+00:00,0.8952400088310242,0.8955299854278564,0.8943899869918823,0.8954899907112122,0
2025-07-28 14:45:00+00:00,0.8955000042915344,0.895609974861145,0.894540011882782,0.8952000141143799,0
2025-07-28 14:50:00+00:00,0.8951799869537354,0.8953499794006348,0.8939099907875061,0.8948000073432922,0
2025-07-28 14:55:00+00:00,0.89478999376297,0.8954100012779236,0.8942099809646606,0.895389974117279,0
2025-07-28 15:00:00+00:00,0.8952999711036682,0.8954799771308899,0.8942199945449829,0.8952699899673462,0
2025-07-28 15:05:00+00:00,0.8952599763870239,0.8952900171279907,0.8941699862480164,0.8950499892234802,0
2025-07-28 15:10:00+00:00,0.895039975643158,0.8953099846839905,0.8943399786949158,0.8950499892234802,0
2025-07-28 15:15:00+00:00,0.8950200080871582,0.8951900005340576,0.8940799832344055,0.8945900201797485,0
2025-07-28 15:20:00+00:00,0.8945900201797485,0.8946800231933594,0.8935499787330627,0.894540011882782,0
2025-07-28 15:25:00+00:00,0.8945599794387817,0.8947299718856812,0.8937299847602844,0.8945099711418152,0
2025-07-28 15:30:00+00:00,0.8945500254631042,0.8946899771690369,0.8935999870300293,0.8945199847221375,0
2025-07-28 15:35:00+00:00,0.894540011882782,0.8946700096130371,0.8935700058937073,0.894349992275238,0
2025-07-28 15:40:00+00:00,0.8942899703979492,0.8943600058555603,0.8931900262832642,0.8940399885177612,0
2025-07-28 15:45:00+00:00,0.8939899802207947,0.8941599726676941,0.8930799961090088,0.894070029258728,0
2025-07-28 15:50:00+00:00,0.8940799832344055,0.8942499756813049,0.8931999802589417,0.8942000269889832,0
2025-07-28 15:55:00+00:00,0.8941799998283386,0.8942400217056274,0.8931199908256531,0.894029974937439,0
2025-07-28 16:00:00+00:00,0.894029974937439,0.8942400217056274,0.8930699825286865,0.8941799998283386,0
2025-07-28 16:05:00+00:00,0.8941900134086609,0.8942099809646606,0.8930000066757202,0.8939899802207947,0
2025-07-28 16:10:00+00:00,0.8939999938011169,0.8941299915313721,0.892989993095398,0.8940399885177612,0
2025-07-28 16:15:00+00:00,0.8940399885177612,0.8940799832344055,0.8929399847984314,0.8939800262451172,0
2025-07-28 16:20:00+00:00,0.8940200209617615,0.8941699862480164,0.893090009689331,0.8941699862480164,0
2025-07-28 16:25:00+00:00,0.8941100239753723,0.8943300247192383,0.8933200240135193,0.8943099975585938,0
2025-07-28 16:30:00+00:00,0.8942499756813049,0.8943600058555603,0.8933699727058411,0.8942999839782715,0
2025-07-28 16:35:00+00:00,0.894349992275238,0.8944100141525269,0.8932399749755859,0.8941599726676941,0
2025-07-28 16:40:00+00:00,0.8941299915313721,0.8942099809646606,0.8931900262832642,0.8941500186920166,0
2025-07-28 16:45:00+00:00,0.8941299915313721,0.8941500186920166,0.8931199908256531,0.8939700126647949,0
2025-07-28 16:50:00+00:00,0.8939300179481506,0.8940600156784058,0.8930500149726868,0.8939300179481506,0
2025-07-28 16:55:00+00:00,0.8938999772071838,0.8940500020980835,0.8930699825286865,0.8939499855041504,0
2025-07-28 17:00:00+00:00,0.8939200043678284,0.8942000269889832,0.8930699825286865,0.8941400051116943,0
2025-07-28 17:05:00+00:00,0.8941500186920166,0.8943300247192383,0.8932300209999084,0.8942000269889832,0
2025-07-28 17:10:00+00:00,0.8941900134086609,0.8942000269889832,0.8930799961090088,0.8939899802207947,0
2025-07-28 17:15:00+00:00,0.894029974937439,0.8941299915313721,0.8929799795150757,0.894029974937439,0
2025-07-28 17:20:00+00:00,0.8939899802207947,0.8942800164222717,0.8931499719619751,0.8941199779510498,0
2025-07-28 17:25:00+00:00,0.8941500186920166,0.8943600058555603,0.893280029296875,0.894320011138916,0
2025-07-28 17:30:00+00:00,0.8943099975585938,0.8945199847221375,0.8933799862861633,0.8943399786949158,0
2025-07-28 17:35:00+00:00,0.8943300247192383,0.8944000005722046,0.8933200240135193,0.8942400217056274,0
2025-07-28 17:40:00+00:00,0.8942499756813049,0.8943799734115601,0.8934000134468079,0.8942700028419495,0
2025-07-28 17:45:00+00:00,0.894320011138916,0.8943600058555603,0.8932999968528748,0.8943099975585938,0
2025-07-28 17:50:00+00:00,0.8942599892616272,0.8943700194358826,0.8933299779891968,0.8942400217056274,0
2025-07-28 17:55:00+00:00,0.8942400217056274,0.894349992275238,0.893310010433197,0.8942599892616272,0
2025-07-28 18:00:00+00:00,0.8942800164222717,0.8944100141525269,0.893339991569519,0.8942499756813049,0
2025-07-28 18:05:00+00:00,0.8942400217056274,0.8943899869918823,0.8933500051498413,0.8942800164222717,0
2025-07-28 18:10:00+00:00,0.8942400217056274,0.8943700194358826,0.8933600187301636,0.8943399786949158,0
2025-07-28 18:15:00+00:00,0.8942700028419495,0.8943600058555603,0.8933299779891968,0.8942999839782715,0
2025-07-28 18:20:00+00:00,0.8942999839782715,0.8944200277328491,0.8933899998664856,0.8943700194358826,0
2025-07-28 18:25:00+00:00,0.8943099975585938,0.8944200277328491,0.8934199810028076,0.894349992275238,0
2025-07-28 18:30:00+00:00,0.8942700028419495,0.8944600224494934,0.8934299945831299,0.8943899869918823,0
2025-07-28 18:35:00+00:00,0.8943700194358826,0.8946099877357483,0.8935800194740295,0.8945500254631042,0
2025-07-28 18:40:00+00:00,0.894540011882782,0.8948500156402588,0.8937399983406067,0.8947299718856812,0
2025-07-28 18:45:00+00:00,0.8947399854660034,0.894760012626648,0.8936600089073181,0.8945299983024597,0
2025-07-28 18:50:00+00:00,0.894540011882782,0.894860029220581,0.8937299847602844,0.8948299884796143,0
2025-07-28 18:55:00+00:00,0.8947799801826477,0.8949499726295471,0.8938900232315063,0.8948900103569031,0
2025-07-28 19:00:00+00:00,0.8948799967765808,0.8949900269508362,0.8939099907875061,0.894860029220581,0
2025-07-28 19:05:00+00:00,0.894819974899292,0.8949599862098694,0.8939599990844727,0.8948500156402588,0
2025-07-28 19:10:00+00:00,0.8948299884796143,0.8949599862098694,0.8939999938011169,0.8949099779129028,0
2025-07-28 19:15:00+00:00,0.8948500156402588,0.8949400186538696,0.8938800096511841,0.8949099779129028,0
2025-07-28 19:20:00+00:00,0.8948500156402588,0.8949900269508362,0.8940200209617615,0.8949699997901917,0
2025-07-28 19:25:00+00:00,0.8949599862098694,0.8950499892234802,0.8940200209617615,0.895039975643158,0
2025-07-28 19:30:00+00:00,0.8950300216674805,0.8951500058174133,0.8941500186920166,0.8949699997901917,0
2025-07-28 19:35:00+00:00,0.8950099945068359,0.8951699733734131,0.8941199779510498,0.8950700163841248,0
2025-07-28 19:40:00+00:00,0.895039975643158,0.8951399922370911,0.8941799998283386,0.8950600028038025,0
2025-07-28 19:45:00+00:00,0.8950700163841248,0.8952900171279907,0.8942099809646606,0.8952400088310242,0
2025-07-28 19:50:00+00:00,0.8952299952507019,0.8955699801445007,0.8943300247192383,0.8954799771308899,0
2025-07-28 19:55:00+00:00,0.8954799771308899,0.8957800269126892,0.8946899771690369,0.8956400156021118,0
2025-07-28 20:00:00+00:00,0.8956500291824341,0.8957399725914001,0.8945500254631042,0.8955600261688232,0
2025-07-28 20:05:00+00:00,0.8955299854278564,0.8956199884414673,0.8946300148963928,0.8955000042915344,0
2025-07-28 20:10:00+00:00,0.8954899907112122,0.8955900073051453,0.8946400284767151,0.8954700231552124,0
2025-07-28 20:15:00+00:00,0.8955000042915344,0.8955299854278564,0.8944900035858154,0.895389974117279,0
2025-07-28 20:20:00+00:00,0.8954600095748901,0.8954799771308899,0.8944600224494934,0.8954100012779236,0
2025-07-28 20:25:00+00:00,0.8954300284385681,0.895579993724823,0.8945900201797485,0.8955100178718567,0
2025-07-28 20:30:00+00:00,0.8955199718475342,0.8956199884414673,0.8946499824523926,0.8954300284385681,0
2025-07-28 20:35:00+00:00,0.8954100012779236,0.8956300020217896,0.8944200277328491,0.8955299854278564,0
2025-07-28 20:40:00+00:00,0.8954799771308899,0.895609974861145,0.8944299817085266,0.8955699801445007,0
2025-07-28 20:45:00+00:00,0.8955600261688232,0.8956999778747559,0.8946999907493591,0.8956699967384338,0
2025-07-28 20:50:00+00:00,0.8956699967384338,0.8958100080490112,0.8946899771690369,0.8956300020217896,0
2025-07-28 20:55:00+00:00,0.8955699801445007,0.8958500027656555,0.8949400186538696,0.8955100178718567,0
2025-07-28 21:00:00+00:00,0.8953499794006348,0.8955199718475342,0.8944799900054932,0.8949300050735474,0
2025-07-28 21:05:00+00:00,0.8950700163841248,0.8952999711036682,0.8944699764251709,0.8947299718856812,0
2025-07-28 21:10:00+00:00,0.8948400020599365,0.8950200080871582,0.8944699764251709,0.8948500156402588,0
2025-07-28 21:15:00+00:00,0.8947200179100037,0.8952100276947021,0.894349992275238,0.8947100043296814,0
2025-07-28 21:20:00+00:00,0.8947200179100037,0.8951699733734131,0.8942000269889832,0.8948900103569031,0
2025-07-28 21:25:00+00:00,0.8949099779129028,0.8950499892234802,0.8941400051116943,0.8950300216674805,0
2025-07-28 21:30:00+00:00,0.8947700262069702,0.8950999975204468,0.894320011138916,0.8950600028038025,0
2025-07-28 21:35:00+00:00,0.8947799801826477,0.8951399922370911,0.894349992275238,0.8949400186538696,0
2025-07-28 21:40:00+00:00,0.8949099779129028,0.8955900073051453,0.8946200013160706,0.8954399824142456,0
2025-07-28 21:45:00+00:00,0.8954600095748901,0.895579993724823,0.8946599960327148,0.8954399824142456,0
2025-07-28 21:50:00+00:00,0.895579993724823,0.8958699703216553,0.8948699831962585,0.895829975605011,0
2025-07-28 21:55:00+00:00,0.8957899808883667,0.8958899974822998,0.8950799703598022,0.8958500027656555,0
2025-07-28 22:00:00+00:00,0.8958799839019775,0.8959199786186218,0.8950099945068359,0.8958399891853333,0
2025-07-28 22:05:00+00:00,0.8957899808883667,0.8960400223731995,0.8950200080871582,0.8957800269126892,0
2025-07-28 22:10:00+00:00,0.895799994468689,0.8959500193595886,0.8949800133705139,0.8957499861717224,0
2025-07-28 22:15:00+00:00,0.8956800103187561,0.8958799839019775,0.8947700262069702,0.8958799839019775,0
2025-07-28 22:20:00+00:00,0.8957899808883667,0.8959199786186218,0.8949000239372253,0.8958600163459778,0
2025-07-28 22:25:00+00:00,0.895829975605011,0.8960099816322327,0.8950200080871582,0.8959500193595886,0
2025-07-28 22:30:00+00:00,0.8959299921989441,0.8961099982261658,0.8950899839401245,0.8960000276565552,0
2025-07-28 22:35:00+00:00,0.8959199786186218,0.8960199952125549,0.895039975643158,0.8958699703216553,0
2025-07-28 22:40:00+00:00,0.8958799839019775,0.8960899710655212,0.8950499892234802,0.895829975605011,0
2025-07-28 22:45:00+00:00,0.8958500027656555,0.8960400223731995,0.8950600028038025,0.8958699703216553,0
2025-07-28 22:50:00+00:00,0.8958600163459778,0.8960000276565552,0.8950200080871582,0.8958600163459778,0
2025-07-28 22:55:00+00:00,0.8958500027656555,0.8961799740791321,0.8950700163841248,0.8961700201034546,0
2025-07-28 23:00:00+00:00,0.8961499929428101,0.8963199853897095,0.8950899839401245,0.896120011806488,0
2025-07-28 23:05:00+00:00,0.896120011806488,0.896120011806488,0.8950899839401245,0.8960599899291992,0
2025-07-28 23:10:00+00:00,0.8959900140762329,0.8961099982261658,0.8951500058174133,0.8959199786186218,0
2025-07-28 23:15:00+00:00,0.8958799839019775,0.8960199952125549,0.895039975643158,0.8959400057792664,0
2025-07-28 23:20:00+00:00,0.8959100246429443,0.8959800004959106,0.8950300216674805,0.8959299921989441,0
2025-07-28 23:25:00+00:00,0.8959100246429443,0.8960000276565552,0.8950099945068359,0.8958699703216553,0
2025-07-28 23:30:00+00:00,0.8958100080490112,0.8958799839019775,0.8948500156402588,0.8956999778747559,0
2025-07-28 23:35:00+00:00,0.8957399725914001,0.8958699703216553,0.894860029220581,0.8958600163459778,0
2025-07-28 23:40:00+00:00,0.8957599997520447,0.8958699703216553,0.8948799967765808,0.8957599997520447,0
2025-07-28 23:45:00+00:00,0.8956599831581116,0.895829975605011,0.8948299884796143,0.8957800269126892,0
2025-07-28 23:50:00+00:00,0.8957399725914001,0.895829975605011,0.8947799801826477,0.8956599831581116,0
2025-07-28 23:55:00+00:00,0.8956599831581116,0.8957599997520447,0.8946999907493591,0.8957300186157227,0
2025-07-29 00:00:00+00:00,0.8956300020217896,0.8957300186157227,0.8945099711418152,0.8953700065612793,0
2025-07-29 00:05:00+00:00,0.8953800201416016,0.8955100178718567,0.8944200277328491,0.8954899907112122,0
2025-07-29 00:10:00+00:00,0.8954499959945679,0.8955199718475342,0.8945299983024597,0.8954499959945679,0
2025-07-29 00:15:00+00:00,0.8953800201416016,0.8956000208854675,0.8944799900054932,0.8953400254249573,0
2025-07-29 00:20:00+00:00,0.8953199982643127,0.8953800201416016,0.8942800164222717,0.8952199816703796,0
2025-07-29 00:25:00+00:00,0.8951799869537354,0.8952599763870239,0.8941900134086609,0.8949599862098694,0
2025-07-29 00:30:00+00:00,0.8949699997901917,0.895039975643158,0.8939300179481506,0.8948400020599365,0
2025-07-29 00:35:00+00:00,0.8948500156402588,0.8949300050735474,0.8938500285148621,0.894760012626648,0
2025-07-29 00:40:00+00:00,0.894860029220581,0.8949199914932251,0.8939300179481506,0.894860029220581,0
2025-07-29 00:45:00+00:00,0.8948299884796143,0.8949499726295471,0.8938699960708618,0.8947700262069702,0
2025-07-29 00:50:00+00:00,0.8947499990463257,0.8950200080871582,0.8938300013542175,0.8948100209236145,0
2025-07-29 00:55:00+00:00,0.8948699831962585,0.8950499892234802,0.8938699960708618,0.8949999809265137,0
2025-07-29 01:00:00+00:00,0.8949900269508362,0.8951500058174133,0.8939899802207947,0.8950799703598022,0
2025-07-29 01:05:00+00:00,0.8951500058174133,0.8953499794006348,0.8942300081253052,0.8953400254249573,0
2025-07-29 01:10:00+00:00,0.8953099846839905,0.8956400156021118,0.8946099877357483,0.895609974861145,0
2025-07-29 01:15:00+00:00,0.8956000208854675,0.8960300087928772,0.8946999907493591,0.8959900140762329,0
2025-07-29 01:20:00+00:00,0.8959599733352661,0.896120011806488,0.8950600028038025,0.8959599733352661,0
2025-07-29 01:25:00+00:00,0.8959599733352661,0.8961499929428101,0.8950099945068359,0.8960800170898438,0
2025-07-29 01:30:00+00:00,0.896049976348877,0.8961799740791321,0.8950899839401245,0.8959900140762329,0
2025-07-29 01:35:00+00:00,0.8959100246429443,0.8961499929428101,0.8950300216674805,0.8960800170898438,0
2025-07-29 01:40:00+00:00,0.8960599899291992,0.8962900042533875,0.8952500224113464,0.8960400223731995,0
2025-07-29 01:45:00+00:00,0.8960300087928772,0.8961799740791321,0.895110011100769,0.8958100080490112,0
2025-07-29 01:50:00+00:00,0.8958899974822998,0.8960400223731995,0.894760012626648,0.8957099914550781,0
2025-07-29 01:55:00+00:00,0.8956999778747559,0.8959500193595886,0.8949400186538696,0.895829975605011,0
2025-07-29 02:00:00+00:00,0.8958200216293335,0.8961899876594543,0.8949400186538696,0.8960999846458435,0
2025-07-29 02:05:00+00:00,0.896049976348877,0.8964300155639648,0.8951900005340576,0.8962600231170654,0
2025-07-29 02:10:00+00:00,0.8962699770927429,0.8963800072669983,0.8953499794006348,0.8962900042533875,0
2025-07-29 02:15:00+00:00,0.8962500095367432,0.8963500261306763,0.8952599763870239,0.8961099982261658,0
2025-07-29 02:20:00+00:00,0.8961099982261658,0.8961499929428101,0.8951500058174133,0.8960999846458435,0
2025-07-29 02:25:00+00:00,0.8960800170898438,0.8961600065231323,0.8949699997901917,0.8959800004959106,0
2025-07-29 02:30:00+00:00,0.8959800004959106,0.8961300253868103,0.8950700163841248,0.8959699869155884,0
2025-07-29 02:35:00+00:00,0.8959000110626221,0.8961600065231323,0.8950499892234802,0.8961399793624878,0
2025-07-29 02:40:00+00:00,0.8961300253868103,0.8964499831199646,0.8952800035476685,0.8963500261306763,0
2025-07-29 02:45:00+00:00,0.8963199853897095,0.8964999914169312,0.8954799771308899,0.8964700102806091,0
2025-07-29 02:50:00+00:00,0.8964499831199646,0.896589994430542,0.8955000042915344,0.8964300155639648,0
2025-07-29 02:55:00+00:00,0.8964200019836426,0.8965200185775757,0.8955100178718567,0.8963599801063538,0
2025-07-29 03:00:00+00:00,0.8962699770927429,0.8964499831199646,0.8952999711036682,0.896340012550354,0
2025-07-29 03:05:00+00:00,0.8963199853897095,0.8964599967002869,0.8953400254249573,0.8962500095367432,0
2025-07-29 03:10:00+00:00,0.8962399959564209,0.8964599967002869,0.8954399824142456,0.8960599899291992,0
2025-07-29 03:15:00+00:00,0.896049976348877,0.8961899876594543,0.8951399922370911,0.8960199952125549,0
2025-07-29 03:20:00+00:00,0.8960999846458435,0.8961399793624878,0.8951900005340576,0.8960599899291992,0
2025-07-29 03:25:00+00:00,0.896049976348877,0.8960700035095215,0.8950499892234802,0.8959800004959106,0
2025-07-29 03:30:00+00:00,0.8960400223731995,0.8960599899291992,0.894860029220581,0.8957700133323669,0
2025-07-29 03:35:00+00:00,0.8957800269126892,0.8957899808883667,0.8945599794387817,0.8955000042915344,0
2025-07-29 03:40:00+00:00,0.8955000042915344,0.8956400156021118,0.8946099877357483,0.8955100178718567,0
2025-07-29 03:45:00+00:00,0.8955000042915344,0.8956900238990784,0.8946099877357483,0.8955699801445007,0
2025-07-29 03:50:00+00:00,0.8955299854278564,0.8956199884414673,0.894569993019104,0.8955299854278564,0
2025-07-29 03:55:00+00:00,0.8955199718475342,0.8957099914550781,0.8947399854660034,0.8956599831581116,0
2025-07-29 04:00:00+00:00,0.8956199884414673,0.8958600163459778,0.894760012626648,0.8958100080490112,0
2025-07-29 04:05:00+00:00,0.8957800269126892,0.8959000110626221,0.8948299884796143,0.8957899808883667,0
2025-07-29 04:10:00+00:00,0.8958100080490112,0.8959699869155884,0.8949499726295471,0.8958699703216553,0
2025-07-29 04:15:00+00:00,0.8959000110626221,0.8959900140762329,0.8947299718856812,0.8956300020217896,0
2025-07-29 04:20:00+00:00,0.8956199884414673,0.8958799839019775,0.8947799801826477,0.8957300186157227,0
2025-07-29 04:25:00+00:00,0.8957800269126892,0.895799994468689,0.8946700096130371,0.8955900073051453,0
2025-07-29 04:30:00+00:00,0.8956199884414673,0.8956199884414673,0.8944699764251709,0.8954799771308899,0
2025-07-29 04:35:00+00:00,0.8954600095748901,0.8955699801445007,0.894540011882782,0.8954899907112122,0
2025-07-29 04:40:00+00:00,0.8954600095748901,0.8956500291824341,0.894569993019104,0.8955100178718567,0
2025-07-29 04:45:00+00:00,0.8955000042915344,0.8959699869155884,0.8946400284767151,0.8959599733352661,0
2025-07-29 04:50:00+00:00,0.8958899974822998,0.8959699869155884,0.8949300050735474,0.8958399891853333,0
2025-07-29 04:55:00+00:00,0.8958100080490112,0.8959900140762329,0.8949499726295471,0.8957300186157227,0
2025-07-29 05:00:00+00:00,0.8956800103187561,0.8958600163459778,0.8948299884796143,0.8958600163459778,0
2025-07-29 05:05:00+00:00,0.8957800269126892,0.8960400223731995,0.8948900103569031,0.8959599733352661,0
2025-07-29 05:10:00+00:00,0.8959199786186218,0.8960800170898438,0.8948000073432922,0.896049976348877,0
2025-07-29 05:15:00+00:00,0.8959900140762329,0.8960800170898438,0.8950499892234802,0.8959400057792664,0
2025-07-29 05:20:00+00:00,0.8958500027656555,0.8959900140762329,0.8947799801826477,0.8957200050354004,0
2025-07-29 05:25:00+00:00,0.8957599997520447,0.8959599733352661,0.8949300050735474,0.8958200216293335,0
2025-07-29 05:30:00+00:00,0.8957599997520447,0.8959299921989441,0.8948500156402588,0.8958600163459778,0
2025-07-29 05:35:00+00:00,0.8957700133323669,0.8959299921989441,0.8949400186538696,0.8958699703216553,0
2025-07-29 05:40:00+00:00,0.8958100080490112,0.896049976348877,0.8950099945068359,0.8959599733352661,0
2025-07-29 05:45:00+00:00,0.8959500193595886,0.8962500095367432,0.8950600028038025,0.8961300253868103,0
2025-07-29 05:50:00+00:00,0.8961399793624878,0.8962399959564209,0.8952199816703796,0.8961300253868103,0
2025-07-29 05:55:00+00:00,0.8960400223731995,0.8962399959564209,0.8952699899673462,0.8960300087928772,0
2025-07-29 06:00:00+00:00,0.8960300087928772,0.8962399959564209,0.8950799703598022,0.8961499929428101,0
2025-07-29 06:05:00+00:00,0.896120011806488,0.896340012550354,0.8952800035476685,0.8962200284004211,0
2025-07-29 06:10:00+00:00,0.8962299823760986,0.8965799808502197,0.8952999711036682,0.89656001329422,0
2025-07-29 06:15:00+00:00,0.8965399861335754,0.8966100215911865,0.8955900073051453,0.8964300155639648,0
2025-07-29 06:20:00+00:00,0.8963800072669983,0.8965200185775757,0.8954399824142456,0.8964599967002869,0
2025-07-29 06:25:00+00:00,0.8964499831199646,0.8965700268745422,0.8953400254249573,0.8961899876594543,0
2025-07-29 06:30:00+00:00,0.8961899876594543,0.8962500095367432,0.895039975643158,0.8954499959945679,0
2025-07-29 06:35:00+00:00,0.8955000042915344,0.895550012588501,0.8939499855041504,0.8950200080871582,0
2025-07-29 06:40:00+00:00,0.8950099945068359,0.8951200246810913,0.8941699862480164,0.8949300050735474,0
2025-07-29 06:45:00+00:00,0.894860029220581,0.8950799703598022,0.8938000202178955,0.8946700096130371,0
2025-07-29 06:50:00+00:00,0.8946599960327148,0.8949999809265137,0.8938400149345398,0.89478999376297,0
2025-07-29 06:55:00+00:00,0.8947700262069702,0.89478999376297,0.8935099840164185,0.8943899869918823,0
2025-07-29 07:00:00+00:00,0.8943799734115601,0.8946800231933594,0.8935199975967407,0.8941799998283386,0
2025-07-29 07:05:00+00:00,0.8941900134086609,0.8943899869918823,0.8931599855422974,0.894070029258728,0
2025-07-29 07:10:00+00:00,0.8940500020980835,0.8940600156784058,0.8929799795150757,0.8939200043678284,0
2025-07-29 07:15:00+00:00,0.8939499855041504,0.8946099877357483,0.8930699825286865,0.8945900201797485,0
2025-07-29 07:20:00+00:00,0.8945299983024597,0.8948799967765808,0.8937399983406067,0.8948299884796143,0
2025-07-29 07:25:00+00:00,0.894819974899292,0.8948799967765808,0.8938599824905396,0.8945199847221375,0
2025-07-29 07:30:00+00:00,0.8945000171661377,0.8945500254631042,0.8934400081634521,0.8944699764251709,0
2025-07-29 07:35:00+00:00,0.8945000171661377,0.8945900201797485,0.893310010433197,0.8944000005722046,0
2025-07-29 07:40:00+00:00,0.8943399786949158,0.8944900035858154,0.8934100270271301,0.8943399786949158,0
2025-07-29 07:45:00+00:00,0.8943600058555603,0.8946599960327148,0.8934299945831299,0.8946099877357483,0
2025-07-29 07:50:00+00:00,0.8946099877357483,0.8947100043296814,0.8934999704360962,0.8944299817085266,0
2025-07-29 07:55:00+00:00,0.8944100141525269,0.8947700262069702,0.8937199711799622,0.894599974155426,0
2025-07-29 08:00:00+00:00,0.8945500254631042,0.8946999907493591,0.8935499787330627,0.8943899869918823,0
2025-07-29 08:05:00+00:00,0.8944600224494934,0.8947399854660034,0.8936799764633179,0.8946499824523926,0
2025-07-29 08:10:00+00:00,0.8946400284767151,0.8951200246810913,0.8938800096511841,0.8949900269508362,0
2025-07-29 08:15:00+00:00,0.8950499892234802,0.8953400254249573,0.8941500186920166,0.8952599763870239,0
2025-07-29 08:20:00+00:00,0.8952699899673462,0.8952800035476685,0.8941400051116943,0.8950499892234802,0
2025-07-29 08:25:00+00:00,0.895039975643158,0.8951500058174133,0.8941699862480164,0.894860029220581,0
2025-07-29 08:30:00+00:00,0.8947799801826477,0.895110011100769,0.8939700126647949,0.895039975643158,0
2025-07-29 08:35:00+00:00,0.8950200080871582,0.8952299952507019,0.8941500186920166,0.8950899839401245,0
2025-07-29 08:40:00+00:00,0.8950799703598022,0.8953499794006348,0.8942400217056274,0.8953499794006348,0
2025-07-29 08:45:00+00:00,0.8952699899673462,0.895359992980957,0.8941100239753723,0.8950700163841248,0
2025-07-29 08:50:00+00:00,0.8950600028038025,0.8953099846839905,0.8942099809646606,0.8950799703598022,0
2025-07-29 08:55:00+00:00,0.8950999975204468,0.8954200148582458,0.8943600058555603,0.8952699899673462,0
2025-07-29 09:00:00+00:00,0.8952500224113464,0.8954600095748901,0.8944699764251709,0.8952900171279907,0
2025-07-29 09:05:00+00:00,0.8952800035476685,0.8954200148582458,0.894320011138916,0.8952400088310242,0
2025-07-29 09:10:00+00:00,0.8952000141143799,0.8954899907112122,0.8944799900054932,0.8952900171279907,0
2025-07-29 09:15:00+00:00,0.8952900171279907,0.8953999876976013,0.894349992275238,0.8951799869537354,0
2025-07-29 09:20:00+00:00,0.8951900005340576,0.8955000042915344,0.8943899869918823,0.8954799771308899,0
2025-07-29 09:25:00+00:00,0.8954600095748901,0.8956500291824341,0.894599974155426,0.8955600261688232,0
2025-07-29 09:30:00+00:00,0.8955399990081787,0.8957700133323669,0.8947499990463257,0.8956300020217896,0
2025-07-29 09:35:00+00:00,0.8956300020217896,0.8957899808883667,0.8946899771690369,0.8957399725914001,0
2025-07-29 09:40:00+00:00,0.8957700133323669,0.8957899808883667,0.8948100209236145,0.8957300186157227,0
2025-07-29 09:45:00+00:00,0.8957399725914001,0.8958100080490112,0.8948000073432922,0.8955000042915344,0
2025-07-29 09:50:00+00:00,0.8954899907112122,0.8956699967384338,0.8945599794387817,0.8956599831581116,0
2025-07-29 09:55:00+00:00,0.8955900073051453,0.8957099914550781,0.8946999907493591,0.8956400156021118,0
2025-07-29 10:00:00+00:00,0.8956000208854675,0.8956699967384338,0.8946400284767151,0.8954799771308899,0
2025-07-29 10:05:00+00:00,0.8955100178718567,0.8956199884414673,0.8945199847221375,0.8955100178718567,0
2025-07-29 10:10:00+00:00,0.8954799771308899,0.8956699967384338,0.8947200179100037,0.8956000208854675,0
2025-07-29 10:15:00+00:00,0.8956199884414673,0.895799994468689,0.8946999907493591,0.8956900238990784,0
2025-07-29 10:20:00+00:00,0.8957200050354004,0.8957700133323669,0.8946599960327148,0.8956300020217896,0
2025-07-29 10:25:00+00:00,0.8955299854278564,0.8959599733352661,0.8946999907493591,0.8958899974822998,0
2025-07-29 10:30:00+00:00,0.8959500193595886,0.8960899710655212,0.8948799967765808,0.8958200216293335,0
2025-07-29 10:35:00+00:00,0.8958200216293335,0.8959000110626221,0.8947799801826477,0.8958200216293335,0
2025-07-29 10:40:00+00:00,0.8957700133323669,0.8959299921989441,0.8949499726295471,0.8958699703216553,0
2025-07-29 10:45:00+00:00,0.895829975605011,0.8959100246429443,0.894860029220581,0.8956199884414673,0
2025-07-29 10:50:00+00:00,0.8956000208854675,0.8957599997520447,0.8945800065994263,0.8954899907112122,0
2025-07-29 10:55:00+00:00,0.8954799771308899,0.8956199884414673,0.8943799734115601,0.8953800201416016,0
2025-07-29 11:00:00+00:00,0.895389974117279,0.8954399824142456,0.8943300247192383,0.895330011844635,0
2025-07-29 11:05:00+00:00,0.8953499794006348,0.8954700231552124,0.8939800262451172,0.895110011100769,0
2025-07-29 11:10:00+00:00,0.8950600028038025,0.8952500224113464,0.8942899703979492,0.8951299786567688,0
2025-07-29 11:15:00+00:00,0.8951200246810913,0.8952599763870239,0.8942199945449829,0.8950700163841248,0
2025-07-29 11:20:00+00:00,0.895110011100769,0.8952500224113464,0.8939399719238281,0.8949900269508362,0
2025-07-29 11:25:00+00:00,0.8950300216674805,0.8951699733734131,0.8941699862480164,0.8950499892234802,0
2025-07-29 11:30:00+00:00,0.8950300216674805,0.8951699733734131,0.8939899802207947,0.8950099945068359,0
2025-07-29 11:35:00+00:00,0.895039975643158,0.8950899839401245,0.8938500285148621,0.8947100043296814,0
2025-07-29 11:40:00+00:00,0.8946700096130371,0.894860029220581,0.8937199711799622,0.8947399854660034,0
2025-07-29 11:45:00+00:00,0.89478999376297,0.8949999809265137,0.8938500285148621,0.8948299884796143,0
2025-07-29 11:50:00+00:00,0.8948699831962585,0.8949300050735474,0.893779993057251,0.8947100043296814,0
2025-07-29 11:55:00+00:00,0.8946800231933594,0.894819974899292,0.8937600255012512,0.8947200179100037,0
2025-07-29 12:00:00+00:00,0.8947399854660034,0.8950099945068359,0.8937900066375732,0.8948900103569031,0
2025-07-29 12:05:00+00:00,0.8949199914932251,0.8951699733734131,0.8939899802207947,0.8947700262069702,0
2025-07-29 12:10:00+00:00,0.8948000073432922,0.8950300216674805,0.8939700126647949,0.8950200080871582,0
2025-07-29 12:15:00+00:00,0.8949599862098694,0.8951299786567688,0.8939899802207947,0.8950099945068359,0
2025-07-29 12:20:00+00:00,0.8949499726295471,0.8952199816703796,0.8941199779510498,0.8951200246810913,0
2025-07-29 12:25:00+00:00,0.8950700163841248,0.8952599763870239,0.8942000269889832,0.8951200246810913,0
2025-07-29 12:30:00+00:00,0.8952199816703796,0.8952299952507019,0.8941199779510498,0.8949400186538696,0
2025-07-29 12:35:00+00:00,0.8949300050735474,0.8951299786567688,0.8939499855041504,0.8950499892234802,0
2025-07-29 12:40:00+00:00,0.8950999975204468,0.8954200148582458,0.8941900134086609,0.8952999711036682,0
2025-07-29 12:45:00+00:00,0.8952500224113464,0.8953199982643127,0.894029974937439,0.8951600193977356,0
2025-07-29 12:50:00+00:00,0.8951399922370911,0.895389974117279,0.8941599726676941,0.8952800035476685,0
2025-07-29 12:55:00+00:00,0.8953499794006348,0.8953999876976013,0.894320011138916,0.8953400254249573,0
2025-07-29 13:00:00+00:00,0.8952299952507019,0.8954700231552124,0.8942899703979492,0.8953999876976013,0
2025-07-29 13:05:00+00:00,0.8953800201416016,0.8954499959945679,0.8942999839782715,0.8951799869537354,0
2025-07-29 13:10:00+00:00,0.8952100276947021,0.8952599763870239,0.8942000269889832,0.8948100209236145,0
2025-07-29 13:15:00+00:00,0.8948000073432922,0.8949099779129028,0.8937000036239624,0.8945800065994263,0
2025-07-29 13:20:00+00:00,0.894569993019104,0.8950499892234802,0.8937199711799622,0.8948400020599365,0
2025-07-29 13:25:00+00:00,0.8948699831962585,0.8950899839401245,0.8939300179481506,0.8949099779129028,0
2025-07-29 13:30:00+00:00,0.8948900103569031,0.8950899839401245,0.8938999772071838,0.8948400020599365,0
2025-07-29 13:35:00+00:00,0.8948500156402588,0.8952000141143799,0.8939099907875061,0.8951299786567688,0
2025-07-29 13:40:00+00:00,0.8951900005340576,0.8953499794006348,0.8942599892616272,0.8952699899673462,0
2025-07-29 13:45:00+00:00,0.8952500224113464,0.8955699801445007,0.8943799734115601,0.8954600095748901,0
2025-07-29 13:50:00+00:00,0.8954100012779236,0.895550012588501,0.8945000171661377,0.8954100012779236,0
2025-07-29 13:55:00+00:00,0.8953999876976013,0.8958500027656555,0.8946400284767151,0.895550012588501,0
2025-07-29 14:00:00+00:00,0.8956500291824341,0.8957200050354004,0.8942599892616272,0.8948500156402588,0
2025-07-29 14:05:00+00:00,0.8948299884796143,0.8950999975204468,0.8938699960708618,0.8946099877357483,0
2025-07-29 14:10:00+00:00,0.8946499824523926,0.8947200179100037,0.893589973449707,0.8944900035858154,0
2025-07-29 14:15:00+00:00,0.8943700194358826,0.8946200013160706,0.8932300209999084,0.8941699862480164,0
2025-07-29 14:20:00+00:00,0.8942300081253052,0.894760012626648,0.893310010433197,0.8947299718856812,0
2025-07-29 14:25:00+00:00,0.8947299718856812,0.8948299884796143,0.8937199711799622,0.894599974155426,0
2025-07-29 14:30:00+00:00,0.8945900201797485,0.8949900269508362,0.893750011920929,0.8947700262069702,0
2025-07-29 14:35:00+00:00,0.89478999376297,0.8952100276947021,0.8939800262451172,0.8952100276947021,0
2025-07-29 14:40:00+00:00,0.8951200246810913,0.8952400088310242,0.8940899968147278,0.8948299884796143,0
2025-07-29 14:45:00+00:00,0.894819974899292,0.8952000141143799,0.8938900232315063,0.8951299786567688,0
2025-07-29 14:50:00+00:00,0.8951500058174133,0.8958600163459778,0.8945000171661377,0.8957599997520447,0
2025-07-29 14:55:00+00:00,0.8957300186157227,0.8970199823379517,0.8951500058174133,0.8969799876213074,0
2025-07-29 15:00:00+00:00,0.8968999981880188,0.8971700072288513,0.8957899808883667,0.8966799974441528,0
2025-07-29 15:05:00+00:00,0.8966900110244751,0.89683997631073,0.8957899808883667,0.89656001329422,0
2025-07-29 15:10:00+00:00,0.89656001329422,0.8967999815940857,0.8955600261688232,0.8967000246047974,0
2025-07-29 15:15:00+00:00,0.8966000080108643,0.8968899846076965,0.8956599831581116,0.8964400291442871,0
2025-07-29 15:20:00+00:00,0.8964700102806091,0.8966299891471863,0.8954899907112122,0.896340012550354,0
2025-07-29 15:25:00+00:00,0.8963199853897095,0.896589994430542,0.8954399824142456,0.8965499997138977,0
2025-07-29 15:30:00+00:00,0.8964899778366089,0.896619975566864,0.8955299854278564,0.8963099718093872,0
2025-07-29 15:35:00+00:00,0.8963099718093872,0.8964300155639648,0.895330011844635,0.8961899876594543,0
2025-07-29 15:40:00+00:00,0.8961399793624878,0.8963500261306763,0.8953400254249573,0.8959500193595886,0
2025-07-29 15:45:00+00:00,0.8959299921989441,0.8963599801063538,0.8951600193977356,0.8962500095367432,0
2025-07-29 15:50:00+00:00,0.8963099718093872,0.8965499997138977,0.8954799771308899,0.8963299989700317,0
2025-07-29 15:55:00+00:00,0.8963199853897095,0.896619975566864,0.8955000042915344,0.89656001329422,0
2025-07-29 16:00:00+00:00,0.8965499997138977,0.8967499732971191,0.8956900238990784,0.8964999914169312,0
2025-07-29 16:05:00+00:00,0.8965200185775757,0.8966699838638306,0.8956699967384338,0.8966100215911865,0
2025-07-29 16:10:00+00:00,0.8965399861335754,0.8966400027275085,0.8956500291824341,0.8964899778366089,0
2025-07-29 16:15:00+00:00,0.8964499831199646,0.8967599868774414,0.8955600261688232,0.8965399861335754,0
2025-07-29 16:20:00+00:00,0.8966100215911865,0.8967000246047974,0.8956199884414673,0.8965200185775757,0
2025-07-29 16:25:00+00:00,0.89656001329422,0.8967400193214417,0.8957899808883667,0.8966900110244751,0
2025-07-29 16:30:00+00:00,0.8966699838638306,0.8966799974441528,0.8956500291824341,0.8964800238609314,0
2025-07-29 16:35:00+00:00,0.8964700102806091,0.8967599868774414,0.895579993724823,0.8967199921607971,0
2025-07-29 16:40:00+00:00,0.8967400193214417,0.8968499898910522,0.8957700133323669,0.8967999815940857,0
2025-07-29 16:45:00+00:00,0.8967499732971191,0.8970299959182739,0.8959699869155884,0.8968899846076965,0
2025-07-29 16:50:00+00:00,0.8968300223350525,0.8970400094985962,0.8959299921989441,0.8969699740409851,0
2025-07-29 16:55:00+00:00,0.8968999981880188,0.8970199823379517,0.8960000276565552,0.8968700170516968,0
2025-07-29 17:00:00+00:00,0.8968499898910522,0.8972300291061401,0.8958699703216553,0.8970100283622742,0
2025-07-29 17:05:00+00:00,0.8970000147819519,0.8970999717712402,0.8960099816322327,0.8969900012016296,0
2025-07-29 17:10:00+00:00,0.8969900012016296,0.8973900079727173,0.8962399959564209,0.8972100019454956,0
2025-07-29 17:15:00+00:00,0.8972100019454956,0.8973600268363953,0.8963299989700317,0.8972899913787842,0
2025-07-29 17:20:00+00:00,0.8972799777984619,0.8974499702453613,0.896399974822998,0.8972100019454956,0
2025-07-29 17:25:00+00:00,0.8972200155258179,0.8973399996757507,0.8963099718093872,0.8972799777984619,0
2025-07-29 17:30:00+00:00,0.8972300291061401,0.8974199891090393,0.8963599801063538,0.8972899913787842,0
2025-07-29 17:35:00+00:00,0.8972700238227844,0.8973000049591064,0.8961300253868103,0.8969799876213074,0
2025-07-29 17:40:00+00:00,0.8970500230789185,0.8970699906349182,0.8959900140762329,0.8969399929046631,0
2025-07-29 17:45:00+00:00,0.8968799710273743,0.8969799876213074,0.8960199952125549,0.8969600200653076,0
2025-07-29 17:50:00+00:00,0.8969200253486633,0.8969900012016296,0.8959500193595886,0.8969399929046631,0
2025-07-29 17:55:00+00:00,0.8968899846076965,0.8969900012016296,0.8960000276565552,0.8967499732971191,0
2025-07-29 18:00:00+00:00,0.89683997631073,0.8969200253486633,0.8957700133323669,0.8967700004577637,0
2025-07-29 18:05:00+00:00,0.8967499732971191,0.8967999815940857,0.8957599997520447,0.896619975566864,0
2025-07-29 18:10:00+00:00,0.896619975566864,0.8967400193214417,0.8957300186157227,0.8967000246047974,0
2025-07-29 18:15:00+00:00,0.896619975566864,0.89683997631073,0.8956800103187561,0.8967300057411194,0
2025-07-29 18:20:00+00:00,0.8967000246047974,0.8967700004577637,0.8956900238990784,0.8965200185775757,0
2025-07-29 18:25:00+00:00,0.8965299725532532,0.8966299891471863,0.8955199718475342,0.8965299725532532,0
2025-07-29 18:30:00+00:00,0.8966000080108643,0.8967599868774414,0.8956699967384338,0.8967199921607971,0
2025-07-29 18:35:00+00:00,0.8967199921607971,0.8967999815940857,0.8957499861717224,0.896589994430542,0
2025-07-29 18:40:00+00:00,0.8965700268745422,0.896809995174408,0.8957499861717224,0.8967800140380859,0
2025-07-29 18:45:00+00:00,0.8967999815940857,0.8968600034713745,0.8958699703216553,0.8967199921607971,0
2025-07-29 18:50:00+00:00,0.8967199921607971,0.8967700004577637,0.8956400156021118,0.8967499732971191,0
2025-07-29 18:55:00+00:00,0.8967700004577637,0.8970000147819519,0.8957700133323669,0.8969699740409851,0
2025-07-29 19:00:00+00:00,0.8969100117683411,0.8969900012016296,0.8960000276565552,0.8969200253486633,0
2025-07-29 19:05:00+00:00,0.8968799710273743,0.8969900012016296,0.8958600163459778,0.8967400193214417,0
2025-07-29 19:10:00+00:00,0.8967199921607971,0.8968999981880188,0.895799994468689,0.8968700170516968,0
2025-07-29 19:15:00+00:00,0.8968600034713745,0.8968799710273743,0.8958600163459778,0.8968300223350525,0
2025-07-29 19:20:00+00:00,0.896809995174408,0.8969699740409851,0.8959599733352661,0.8968300223350525,0
2025-07-29 19:25:00+00:00,0.8967800140380859,0.8969100117683411,0.8958600163459778,0.8967800140380859,0
2025-07-29 19:30:00+00:00,0.8967499732971191,0.8968700170516968,0.8958399891853333,0.89683997631073,0
2025-07-29 19:35:00+00:00,0.8968300223350525,0.8968999981880188,0.8958100080490112,0.8967599868774414,0
2025-07-29 19:40:00+00:00,0.8967199921607971,0.8969200253486633,0.8966299891471863,0.8966900110244751,0
2025-07-29 19:45:00+00:00,0.8966599702835083,0.8968200087547302,0.895829975605011,0.8967499732971191,0
2025-07-29 19:50:00+00:00,0.8967099785804749,0.8972499966621399,0.8959100246429443,0.8972300291061401,0
2025-07-29 19:55:00+00:00,0.8972499966621399,0.8973100185394287,0.8962600231170654,0.8972499966621399,0
2025-07-29 20:00:00+00:00,0.897159993648529,0.897379994392395,0.8962600231170654,0.8973299860954285,0
2025-07-29 20:05:00+00:00,0.897379994392395,0.8975800275802612,0.896340012550354,0.8975200057029724,0
2025-07-29 20:10:00+00:00,0.8975300192832947,0.8975499868392944,0.8964800238609314,0.8972399830818176,0
2025-07-29 20:15:00+00:00,0.8973000049591064,0.8974300026893616,0.8964700102806091,0.8973699808120728,0
2025-07-29 20:20:00+00:00,0.8973699808120728,0.8975800275802612,0.8963900208473206,0.8973299860954285,0
2025-07-29 20:25:00+00:00,0.8973000049591064,0.8973299860954285,0.8963199853897095,0.8970699906349182,0
2025-07-29 20:30:00+00:00,0.8970800042152405,0.8972399830818176,0.8961399793624878,0.8969699740409851,0
2025-07-29 20:35:00+00:00,0.8969699740409851,0.897059977054596,0.8960000276565552,0.8968200087547302,0
2025-07-29 20:40:00+00:00,0.8968600034713745,0.8968899846076965,0.8958399891853333,0.8967499732971191,0
2025-07-29 20:45:00+00:00,0.8966799974441528,0.8969500064849854,0.8958600163459778,0.8965799808502197,0
2025-07-29 20:50:00+00:00,0.8967099785804749,0.8967700004577637,0.8955299854278564,0.8966599702835083,0
2025-07-29 20:55:00+00:00,0.8965399861335754,0.8966699838638306,0.8956199884414673,0.8960300087928772,0
2025-07-29 21:00:00+00:00,0.8959000110626221,0.8961399793624878,0.8952000141143799,0.8957800269126892,0
2025-07-29 21:05:00+00:00,0.895829975605011,0.8963800072669983,0.8954499959945679,0.896120011806488,0
2025-07-29 21:10:00+00:00,0.8959800004959106,0.8964599967002869,0.8956800103187561,0.8959500193595886,0
2025-07-29 21:15:00+00:00,0.8954899907112122,0.8962699770927429,0.8954899907112122,0.8961799740791321,0
2025-07-29 21:20:00+00:00,0.8959199786186218,0.8962699770927429,0.8955399990081787,0.8962299823760986,0
2025-07-29 21:25:00+00:00,0.8962399959564209,0.8962399959564209,0.8956400156021118,0.8962000012397766,0
2025-07-29 21:30:00+00:00,0.8960999846458435,0.8962200284004211,0.8953999876976013,0.8961099982261658,0
2025-07-29 21:35:00+00:00,0.8959800004959106,0.8961799740791321,0.8954600095748901,0.8960000276565552,0
2025-07-29 21:40:00+00:00,0.8959299921989441,0.8963800072669983,0.8955299854278564,0.8963000178337097,0
2025-07-29 21:45:00+00:00,0.8960599899291992,0.8965200185775757,0.8955399990081787,0.8963500261306763,0
2025-07-29 21:50:00+00:00,0.8962200284004211,0.8965399861335754,0.8957599997520447,0.8964099884033203,0
2025-07-29 21:55:00+00:00,0.8964800238609314,0.896619975566864,0.895829975605011,0.8965299725532532,0
2025-07-29 22:00:00+00:00,0.8965100049972534,0.8969100117683411,0.8957899808883667,0.8967199921607971,0
2025-07-29 22:05:00+00:00,0.8967400193214417,0.8968899846076965,0.8959400057792664,0.8967599868774414,0
2025-07-29 22:10:00+00:00,0.8967800140380859,0.8969399929046631,0.8959599733352661,0.8967099785804749,0
2025-07-29 22:15:00+00:00,0.8967000246047974,0.89683997631073,0.8958500027656555,0.8966699838638306,0
2025-07-29 22:20:00+00:00,0.8966799974441528,0.8967700004577637,0.8957700133323669,0.8967099785804749,0
2025-07-29 22:25:00+00:00,0.8966100215911865,0.8967700004577637,0.8956900238990784,0.8966900110244751,0
2025-07-29 22:30:00+00:00,0.8966299891471863,0.8968200087547302,0.8958200216293335,0.8967499732971191,0
2025-07-29 22:35:00+00:00,0.8967999815940857,0.8968600034713745,0.8958399891853333,0.8966699838638306,0
2025-07-29 22:40:00+00:00,0.8966900110244751,0.8967800140380859,0.8957700133323669,0.896589994430542,0
2025-07-29 22:45:00+00:00,0.8966699838638306,0.8967599868774414,0.8957599997520447,0.8966799974441528,0
2025-07-29 22:50:00+00:00,0.8967000246047974,0.8968899846076965,0.8958100080490112,0.896809995174408,0
2025-07-29 22:55:00+00:00,0.8967000246047974,0.8969500064849854,0.8958699703216553,0.8968799710273743,0
2025-07-29 23:00:00+00:00,0.8968999981880188,0.8969399929046631,0.8958899974822998,0.8967800140380859,0
2025-07-29 23:05:00+00:00,0.8966599702835083,0.8968300223350525,0.895799994468689,0.8967000246047974,0
2025-07-29 23:10:00+00:00,0.8966599702835083,0.8967400193214417,0.8957800269126892,0.8966599702835083,0
2025-07-29 23:15:00+00:00,0.8966299891471863,0.8967700004577637,0.8957800269126892,0.8967300057411194,0
2025-07-29 23:20:00+00:00,0.8967300057411194,0.8969100117683411,0.8958500027656555,0.8968499898910522,0
2025-07-29 23:25:00+00:00,0.8968600034713745,0.8969299793243408,0.8959500193595886,0.8967800140380859,0
2025-07-29 23:30:00+00:00,0.8967800140380859,0.8970100283622742,0.8959000110626221,0.8969699740409851,0
2025-07-29 23:35:00+00:00,0.8969600200653076,0.8970100283622742,0.896049976348877,0.8968799710273743,0
2025-07-29 23:40:00+00:00,0.8968899846076965,0.8968999981880188,0.8959299921989441,0.8967099785804749,0
2025-07-29 23:45:00+00:00,0.8967099785804749,0.8968899846076965,0.8958699703216553,0.8968600034713745,0
2025-07-29 23:50:00+00:00,0.896809995174408,0.8968799710273743,0.8957899808883667,0.8967499732971191,0
2025-07-29 23:55:00+00:00,0.8967300057411194,0.8971499800682068,0.8959000110626221,0.8971099853515625,0
2025-07-30 00:00:00+00:00,0.8970800042152405,0.8973299860954285,0.896120011806488,0.8970199823379517,0
2025-07-30 00:05:00+00:00,0.8969500064849854,0.8970500230789185,0.8960300087928772,0.8969799876213074,0
2025-07-30 00:10:00+00:00,0.8969699740409851,0.8971499800682068,0.8959800004959106,0.8970400094985962,0
2025-07-30 00:15:00+00:00,0.8969600200653076,0.8972700238227844,0.896120011806488,0.8971499800682068,0
2025-07-30 00:20:00+00:00,0.8971400260925293,0.8972399830818176,0.8961399793624878,0.8970699906349182,0
2025-07-30 00:25:00+00:00,0.8970699906349182,0.8973699808120728,0.8962699770927429,0.8973100185394287,0
2025-07-30 00:30:00+00:00,0.8973600268363953,0.8974300026893616,0.8963000178337097,0.8973299860954285,0
2025-07-30 00:35:00+00:00,0.897409975528717,0.8975399732589722,0.8963500261306763,0.8974900245666504,0
2025-07-30 00:40:00+00:00,0.8974800109863281,0.8977100253105164,0.8966900110244751,0.8976100087165833,0
2025-07-30 00:45:00+00:00,0.897599995136261,0.8979300260543823,0.896809995174408,0.8978400230407715,0
2025-07-30 00:50:00+00:00,0.8977800011634827,0.8981099724769592,0.8967499732971191,0.8977800011634827,0
2025-07-30 00:55:00+00:00,0.8977599740028381,0.8981199860572815,0.8970800042152405,0.8979899883270264,0
2025-07-30 01:00:00+00:00,0.8980299830436707,0.8983200192451477,0.8972200155258179,0.8981999754905701,0
2025-07-30 01:05:00+00:00,0.8982099890708923,0.8982999920845032,0.8971700072288513,0.8981099724769592,0
2025-07-30 01:10:00+00:00,0.8980600237846375,0.8981999754905701,0.897130012512207,0.8979300260543823,0
2025-07-30 01:15:00+00:00,0.8979300260543823,0.8982999920845032,0.8971899747848511,0.8978300094604492,0
2025-07-30 01:20:00+00:00,0.897849977016449,0.8979499936103821,0.896619975566864,0.8975600004196167,0
2025-07-30 01:25:00+00:00,0.8974599838256836,0.8976699709892273,0.8966100215911865,0.8974999785423279,0
2025-07-30 01:30:00+00:00,0.8975600004196167,0.8975600004196167,0.8953499794006348,0.8957399725914001,0
2025-07-30 01:35:00+00:00,0.8956400156021118,0.8965399861335754,0.895359992980957,0.8964200019836426,0
2025-07-30 01:40:00+00:00,0.8964099884033203,0.8967900276184082,0.8955600261688232,0.8966299891471863,0
2025-07-30 01:45:00+00:00,0.8966400027275085,0.8973100185394287,0.8957200050354004,0.8971700072288513,0
2025-07-30 01:50:00+00:00,0.8971499800682068,0.8972499966621399,0.8960199952125549,0.8971199989318848,0
2025-07-30 01:55:00+00:00,0.8970999717712402,0.8972399830818176,0.8961600065231323,0.8969200253486633,0
2025-07-30 02:00:00+00:00,0.8968899846076965,0.8972200155258179,0.8960300087928772,0.8972200155258179,0
2025-07-30 02:05:00+00:00,0.8972200155258179,0.8973399996757507,0.8962699770927429,0.8973299860954285,0
2025-07-30 02:10:00+00:00,0.8972399830818176,0.8974400162696838,0.8964200019836426,0.8970800042152405,0
2025-07-30 02:15:00+00:00,0.8970800042152405,0.8973000049591064,0.8961700201034546,0.8970199823379517,0
2025-07-30 02:20:00+00:00,0.8969600200653076,0.8971499800682068,0.896049976348877,0.8971099853515625,0
2025-07-30 02:25:00+00:00,0.8970800042152405,0.897130012512207,0.8959000110626221,0.8967900276184082,0
2025-07-30 02:30:00+00:00,0.8967900276184082,0.8969100117683411,0.8958200216293335,0.8967999815940857,0
2025-07-30 02:35:00+00:00,0.8968200087547302,0.8969600200653076,0.895799994468689,0.8967400193214417,0
2025-07-30 02:40:00+00:00,0.8967199921607971,0.8970000147819519,0.8958399891853333,0.8967199921607971,0
2025-07-30 02:45:00+00:00,0.8967599868774414,0.8971700072288513,0.8958399891853333,0.897159993648529,0
2025-07-30 02:50:00+00:00,0.8970800042152405,0.8971700072288513,0.8961399793624878,0.8970699906349182,0
2025-07-30 02:55:00+00:00,0.8970900177955627,0.897350013256073,0.8963900208473206,0.8972399830818176,0
2025-07-30 03:00:00+00:00,0.8972700238227844,0.8974599838256836,0.896340012550354,0.8972799777984619,0
2025-07-30 03:05:00+00:00,0.8973100185394287,0.8974800109863281,0.8963500261306763,0.8973900079727173,0
2025-07-30 03:10:00+00:00,0.8974000215530396,0.8974999785423279,0.8965399861335754,0.897409975528717,0
2025-07-30 03:15:00+00:00,0.897379994392395,0.8974900245666504,0.8964200019836426,0.8972399830818176,0
2025-07-30 03:20:00+00:00,0.8971800208091736,0.8972899913787842,0.8961799740791321,0.8971999883651733,0
2025-07-30 03:25:00+00:00,0.8971800208091736,0.8972899913787842,0.8963000178337097,0.8971499800682068,0
2025-07-30 03:30:00+00:00,0.8970800042152405,0.897130012512207,0.8960899710655212,0.8968899846076965,0
2025-07-30 03:35:00+00:00,0.8969299793243408,0.8970500230789185,0.8960099816322327,0.8969100117683411,0
2025-07-30 03:40:00+00:00,0.8968999981880188,0.8970199823379517,0.8960400223731995,0.8968899846076965,0
2025-07-30 03:45:00+00:00,0.8969699740409851,0.8970299959182739,0.8960300087928772,0.8970199823379517,0
2025-07-30 03:50:00+00:00,0.8970100283622742,0.897130012512207,0.8958899974822998,0.8968300223350525,0
2025-07-30 03:55:00+00:00,0.8968899846076965,0.8971400260925293,0.8960400223731995,0.8970900177955627,0
2025-07-30 04:00:00+00:00,0.8970699906349182,0.8971999883651733,0.8959100246429443,0.8966400027275085,0
2025-07-30 04:05:00+00:00,0.896619975566864,0.8967099785804749,0.8956000208854675,0.896399974822998,0
2025-07-30 04:10:00+00:00,0.8963900208473206,0.8964899778366089,0.8955399990081787,0.8964300155639648,0
2025-07-30 04:15:00+00:00,0.8964300155639648,0.8965399861335754,0.8955000042915344,0.8963299989700317,0
2025-07-30 04:20:00+00:00,0.8963599801063538,0.8964800238609314,0.8954799771308899,0.8964099884033203,0
2025-07-30 04:25:00+00:00,0.8963800072669983,0.896619975566864,0.8956599831581116,0.8964700102806091,0
2025-07-30 04:30:00+00:00,0.8964499831199646,0.8967199921607971,0.8955399990081787,0.89656001329422,0
2025-07-30 04:35:00+00:00,0.896619975566864,0.8966599702835083,0.8956500291824341,0.8965399861335754,0
2025-07-30 04:40:00+00:00,0.8965399861335754,0.8966299891471863,0.8956199884414673,0.8965399861335754,0
2025-07-30 04:45:00+00:00,0.8966000080108643,0.896619975566864,0.895609974861145,0.8964499831199646,0
2025-07-30 04:50:00+00:00,0.8965100049972534,0.8965499997138977,0.8955000042915344,0.896369993686676,0
2025-07-30 04:55:00+00:00,0.8963800072669983,0.8964800238609314,0.8955699801445007,0.8964499831199646,0
2025-07-30 05:00:00+00:00,0.8963900208473206,0.8964800238609314,0.8952199816703796,0.8961899876594543,0
2025-07-30 05:05:00+00:00,0.8962000012397766,0.8963099718093872,0.895330011844635,0.8961899876594543,0
2025-07-30 05:10:00+00:00,0.8962299823760986,0.8962600231170654,0.8950499892234802,0.8960800170898438,0
2025-07-30 05:15:00+00:00,0.8960099816322327,0.8961799740791321,0.8951200246810913,0.8961600065231323,0
2025-07-30 05:20:00+00:00,0.8961499929428101,0.8962299823760986,0.8952500224113464,0.8962200284004211,0
2025-07-30 05:25:00+00:00,0.8962000012397766,0.8964599967002869,0.8954100012779236,0.8963900208473206,0
2025-07-30 05:30:00+00:00,0.8963099718093872,0.8967400193214417,0.8954499959945679,0.8965799808502197,0
2025-07-30 05:35:00+00:00,0.8964999914169312,0.896809995174408,0.8956800103187561,0.8966900110244751,0
2025-07-30 05:40:00+00:00,0.896619975566864,0.8970999717712402,0.8960999846458435,0.8969500064849854,0
2025-07-30 05:45:00+00:00,0.8968999981880188,0.8969600200653076,0.8956800103187561,0.89656001329422,0
2025-07-30 05:50:00+00:00,0.8965100049972534,0.8966699838638306,0.8956199884414673,0.8966100215911865,0
2025-07-30 05:55:00+00:00,0.8965499997138977,0.8966599702835083,0.8955299854278564,0.8966100215911865,0
2025-07-30 06:00:00+00:00,0.8965399861335754,0.8966599702835083,0.8955900073051453,0.8963900208473206,0
2025-07-30 06:05:00+00:00,0.8963800072669983,0.8967700004577637,0.8957399725914001,0.8966599702835083,0
2025-07-30 06:10:00+00:00,0.8966900110244751,0.89683997631073,0.895609974861145,0.896619975566864,0
2025-07-30 06:15:00+00:00,0.89656001329422,0.8966799974441528,0.8957099914550781,0.8964599967002869,0
2025-07-30 06:20:00+00:00,0.896399974822998,0.896619975566864,0.8954799771308899,0.8964499831199646,0
2025-07-30 06:25:00+00:00,0.8964400291442871,0.8968999981880188,0.8958399891853333,0.8966599702835083,0
2025-07-30 06:30:00+00:00,0.8966400027275085,0.8969200253486633,0.8956699967384338,0.8966900110244751,0
2025-07-30 06:35:00+00:00,0.8966699838638306,0.8967700004577637,0.8956800103187561,0.896619975566864,0
2025-07-30 06:40:00+00:00,0.8966900110244751,0.8967499732971191,0.895609974861145,0.896340012550354,0
2025-07-30 06:45:00+00:00,0.8963000178337097,0.8963599801063538,0.8953400254249573,0.8962200284004211,0
2025-07-30 06:50:00+00:00,0.8962200284004211,0.8964499831199646,0.8953400254249573,0.8964200019836426,0
2025-07-30 06:55:00+00:00,0.8964099884033203,0.8964899778366089,0.8955199718475342,0.8962600231170654,0
2025-07-30 07:00:00+00:00,0.8961600065231323,0.8962900042533875,0.8952100276947021,0.8959699869155884,0
2025-07-30 07:05:00+00:00,0.8959699869155884,0.8964700102806091,0.8952199816703796,0.8961499929428101,0
2025-07-30 07:10:00+00:00,0.8961099982261658,0.8962299823760986,0.8950700163841248,0.8957499861717224,0
2025-07-30 07:15:00+00:00,0.8957899808883667,0.8959299921989441,0.8947799801826477,0.8957800269126892,0
2025-07-30 07:20:00+00:00,0.8957499861717224,0.8958200216293335,0.8947100043296814,0.8955699801445007,0
2025-07-30 07:25:00+00:00,0.8955900073051453,0.8957899808883667,0.8944399952888489,0.8957499861717224,0
2025-07-30 07:30:00+00:00,0.8956900238990784,0.8957899808883667,0.894760012626648,0.8956500291824341,0
2025-07-30 07:35:00+00:00,0.8956199884414673,0.8956699967384338,0.8944399952888489,0.8954899907112122,0
2025-07-30 07:40:00+00:00,0.8954899907112122,0.8955199718475342,0.8943899869918823,0.895359992980957,0
2025-07-30 07:45:00+00:00,0.8953999876976013,0.8955000042915344,0.8944399952888489,0.8951799869537354,0
2025-07-30 07:50:00+00:00,0.8952100276947021,0.8953499794006348,0.8942999839782715,0.8952500224113464,0
2025-07-30 07:55:00+00:00,0.8952299952507019,0.8952699899673462,0.8942300081253052,0.8951799869537354,0
2025-07-30 08:00:00+00:00,0.8951299786567688,0.8954499959945679,0.8943899869918823,0.8954100012779236,0
2025-07-30 08:05:00+00:00,0.8953999876976013,0.895579993724823,0.8944500088691711,0.8953400254249573,0
2025-07-30 08:10:00+00:00,0.8953400254249573,0.8954499959945679,0.8944100141525269,0.8952100276947021,0
2025-07-30 08:15:00+00:00,0.8952299952507019,0.8952400088310242,0.8941699862480164,0.8950099945068359,0
2025-07-30 08:20:00+00:00,0.895039975643158,0.8952500224113464,0.8940500020980835,0.8949800133705139,0
2025-07-30 08:25:00+00:00,0.8949900269508362,0.8951799869537354,0.8941699862480164,0.8951399922370911,0
2025-07-30 08:30:00+00:00,0.8951500058174133,0.8951699733734131,0.8940399885177612,0.8949800133705139,0
2025-07-30 08:35:00+00:00,0.8949900269508362,0.8950999975204468,0.8940500020980835,0.8950700163841248,0
2025-07-30 08:40:00+00:00,0.8950499892234802,0.8953099846839905,0.8942099809646606,0.8952999711036682,0
2025-07-30 08:45:00+00:00,0.8953199982643127,0.8954499959945679,0.8943600058555603,0.8954300284385681,0
2025-07-30 08:50:00+00:00,0.8953800201416016,0.8955199718475342,0.8945299983024597,0.8954600095748901,0
2025-07-30 08:55:00+00:00,0.8954799771308899,0.8955199718475342,0.8945900201797485,0.895389974117279,0
2025-07-30 09:00:00+00:00,0.8953700065612793,0.8954799771308899,0.8944299817085266,0.8954600095748901,0
2025-07-30 09:05:00+00:00,0.8954499959945679,0.8957099914550781,0.8945900201797485,0.895609974861145,0
2025-07-30 09:10:00+00:00,0.8956699967384338,0.8956900238990784,0.8945900201797485,0.895550012588501,0
2025-07-30 09:15:00+00:00,0.8955100178718567,0.895579993724823,0.8945500254631042,0.8955100178718567,0
2025-07-30 09:20:00+00:00,0.8955399990081787,0.8957499861717224,0.894599974155426,0.8956699967384338,0
2025-07-30 09:25:00+00:00,0.8956699967384338,0.8957800269126892,0.894819974899292,0.8956300020217896,0
2025-07-30 09:30:00+00:00,0.8956199884414673,0.8956599831581116,0.8945500254631042,0.8953400254249573,0
2025-07-30 09:35:00+00:00,0.895359992980957,0.8954700231552124,0.8943300247192383,0.8953999876976013,0
2025-07-30 09:40:00+00:00,0.8953400254249573,0.8955100178718567,0.8945099711418152,0.895359992980957,0
2025-07-30 09:45:00+00:00,0.8953400254249573,0.8954799771308899,0.8944699764251709,0.8953800201416016,0
2025-07-30 09:50:00+00:00,0.8954200148582458,0.8954899907112122,0.8944000005722046,0.8954600095748901,0
2025-07-30 09:55:00+00:00,0.8954399824142456,0.8956599831581116,0.894599974155426,0.8956300020217896,0
2025-07-30 10:00:00+00:00,0.8956000208854675,0.8957700133323669,0.8945900201797485,0.8956900238990784,0
2025-07-30 10:05:00+00:00,0.8956699967384338,0.8956999778747559,0.8945000171661377,0.8953999876976013,0
2025-07-30 10:10:00+00:00,0.8954300284385681,0.8954700231552124,0.8945299983024597,0.8952900171279907,0
2025-07-30 10:15:00+00:00,0.8952999711036682,0.8955199718475342,0.8943399786949158,0.8953700065612793,0
2025-07-30 10:20:00+00:00,0.8953400254249573,0.895550012588501,0.8944699764251709,0.8954899907112122,0
2025-07-30 10:25:00+00:00,0.8954499959945679,0.8955199718475342,0.8945599794387817,0.8954700231552124,0
2025-07-30 10:30:00+00:00,0.8954300284385681,0.8956500291824341,0.8945599794387817,0.895550012588501,0
2025-07-30 10:35:00+00:00,0.8955199718475342,0.8955600261688232,0.89410001039505,0.8951399922370911,0
2025-07-30 10:40:00+00:00,0.8951799869537354,0.8954100012779236,0.8944200277328491,0.8952999711036682,0
2025-07-30 10:45:00+00:00,0.8953099846839905,0.8954300284385681,0.894029974937439,0.8949999809265137,0
2025-07-30 10:50:00+00:00,0.8950899839401245,0.8951699733734131,0.8941400051116943,0.895039975643158,0
2025-07-30 10:55:00+00:00,0.8950200080871582,0.8951399922370911,0.8941699862480164,0.8949599862098694,0
2025-07-30 11:00:00+00:00,0.8948900103569031,0.8951200246810913,0.8939800262451172,0.8950300216674805,0
2025-07-30 11:05:00+00:00,0.895039975643158,0.8950799703598022,0.8940600156784058,0.8948900103569031,0
2025-07-30 11:10:00+00:00,0.8949499726295471,0.8952599763870239,0.8940399885177612,0.8949499726295471,0
2025-07-30 11:15:00+00:00,0.8949000239372253,0.8949800133705139,0.8938999772071838,0.8947799801826477,0
2025-07-30 11:20:00+00:00,0.8947700262069702,0.8948900103569031,0.8938999772071838,0.894760012626648,0
2025-07-30 11:25:00+00:00,0.8947799801826477,0.8949199914932251,0.8939599990844727,0.894819974899292,0
2025-07-30 11:30:00+00:00,0.8947299718856812,0.894819974899292,0.8938300013542175,0.8946899771690369,0
2025-07-30 11:35:00+00:00,0.8946999907493591,0.894819974899292,0.8934900164604187,0.8945900201797485,0
2025-07-30 11:40:00+00:00,0.8946499824523926,0.8947299718856812,0.8936399817466736,0.8944500088691711,0
2025-07-30 11:45:00+00:00,0.8944600224494934,0.8945800065994263,0.8935499787330627,0.8944200277328491,0
2025-07-30 11:50:00+00:00,0.8943700194358826,0.8944600224494934,0.8934199810028076,0.8942700028419495,0
2025-07-30 11:55:00+00:00,0.8942599892616272,0.8944399952888489,0.8932300209999084,0.8943700194358826,0
2025-07-30 12:00:00+00:00,0.8944399952888489,0.8946499824523926,0.8936100006103516,0.8945299983024597,0
2025-07-30 12:05:00+00:00,0.8944799900054932,0.894819974899292,0.8936399817466736,0.8943799734115601,0
2025-07-30 12:10:00+00:00,0.8944399952888489,0.8944500088691711,0.8933200240135193,0.8942199945449829,0
2025-07-30 12:15:00+00:00,0.89410001039505,0.8942800164222717,0.8931800127029419,0.8941400051116943,0
2025-07-30 12:20:00+00:00,0.89410001039505,0.8943099975585938,0.8932899832725525,0.8941199779510498,0
2025-07-30 12:25:00+00:00,0.89410001039505,0.8941900134086609,0.8931499719619751,0.8940899968147278,0
2025-07-30 12:30:00+00:00,0.8938500285148621,0.8941699862480164,0.8926900029182434,0.893589973449707,0
2025-07-30 12:35:00+00:00,0.8936499953269958,0.8940100073814392,0.8926900029182434,0.8937399983406067,0
2025-07-30 12:40:00+00:00,0.893779993057251,0.8938800096511841,0.8927500247955322,0.8936600089073181,0
2025-07-30 12:45:00+00:00,0.893589973449707,0.8938800096511841,0.8925600051879883,0.893310010433197,0
2025-07-30 12:50:00+00:00,0.8932399749755859,0.893310010433197,0.891979992389679,0.8928800225257874,0
2025-07-30 12:55:00+00:00,0.8928700089454651,0.8929200172424316,0.891700029373169,0.8926100134849548,0
2025-07-30 13:00:00+00:00,0.8926500082015991,0.8927800059318542,0.8916900157928467,0.892520010471344,0
2025-07-30 13:05:00+00:00,0.892520010471344,0.8925899863243103,0.8912400007247925,0.8920000195503235,0
2025-07-30 13:10:00+00:00,0.8919600248336792,0.8921300172805786,0.8911399841308594,0.8917800188064575,0
2025-07-30 13:15:00+00:00,0.891789972782135,0.8921300172805786,0.8907700181007385,0.8919600248336792,0
2025-07-30 13:20:00+00:00,0.8919199705123901,0.8920400142669678,0.8909299969673157,0.891789972782135,0
2025-07-30 13:25:00+00:00,0.8916900157928467,0.8920400142669678,0.8908299803733826,0.891539990901947,0
2025-07-30 13:30:00+00:00,0.8915299773216248,0.8920699954032898,0.8906000256538391,0.8917700052261353,0
2025-07-30 13:35:00+00:00,0.891759991645813,0.8921300172805786,0.890779972076416,0.8919399976730347,0
2025-07-30 13:40:00+00:00,0.8918700218200684,0.892009973526001,0.8910499811172485,0.8914099931716919,0
2025-07-30 13:45:00+00:00,0.8915500044822693,0.8919299840927124,0.8907399773597717,0.8916800022125244,0
2025-07-30 13:50:00+00:00,0.8916100263595581,0.8917999863624573,0.8904500007629395,0.8913499712944031,0
2025-07-30 13:55:00+00:00,0.8913999795913696,0.8914200067520142,0.8898800015449524,0.8909000158309937,0
2025-07-30 14:00:00+00:00,0.8908900022506714,0.8913599848747253,0.8900499939918518,0.8908799886703491,0
2025-07-30 14:05:00+00:00,0.8907899856567383,0.8914399743080139,0.8899099826812744,0.8912699818611145,0
2025-07-30 14:10:00+00:00,0.8912299871444702,0.8918899893760681,0.8903700113296509,0.8918399810791016,0
2025-07-30 14:15:00+00:00,0.891789972782135,0.8921200037002563,0.8907600045204163,0.8920400142669678,0
2025-07-30 14:20:00+00:00,0.8920000195503235,0.8922200202941895,0.8911600112915039,0.8921099901199341,0
2025-07-30 14:25:00+00:00,0.8920699954032898,0.8921999931335449,0.8910599946975708,0.8919900059700012,0
2025-07-30 14:30:00+00:00,0.8918899893760681,0.892270028591156,0.8911600112915039,0.8917199969291687,0
2025-07-30 14:35:00+00:00,0.8916400074958801,0.8919199705123901,0.8908699750900269,0.8917099833488464,0
2025-07-30 14:40:00+00:00,0.8915299773216248,0.8918099999427795,0.8906800150871277,0.8916400074958801,0
2025-07-30 14:45:00+00:00,0.8915600180625916,0.8920900225639343,0.8907399773597717,0.892009973526001,0
2025-07-30 14:50:00+00:00,0.8920400142669678,0.8920599818229675,0.8906400203704834,0.8916299939155579,0
2025-07-30 14:55:00+00:00,0.8916100263595581,0.892270028591156,0.8909800052642822,0.8920699954032898,0
2025-07-30 15:00:00+00:00,0.8921200037002563,0.8922399878501892,0.891040027141571,0.8917400240898132,0
2025-07-30 15:05:00+00:00,0.891730010509491,0.8918399810791016,0.8906400203704834,0.8917499780654907,0
2025-07-30 15:10:00+00:00,0.8917999863624573,0.8920400142669678,0.8908600211143494,0.8918099999427795,0
2025-07-30 15:15:00+00:00,0.8917700052261353,0.8919100165367126,0.890720009803772,0.891730010509491,0
2025-07-30 15:20:00+00:00,0.8916900157928467,0.8917499780654907,0.8906999826431274,0.891510009765625,0
2025-07-30 15:25:00+00:00,0.8914700150489807,0.8915899991989136,0.8903800249099731,0.8911100029945374,0
2025-07-30 15:30:00+00:00,0.8911100029945374,0.8912000060081482,0.8901100158691406,0.8909900188446045,0
2025-07-30 15:35:00+00:00,0.8909299969673157,0.8910800218582153,0.889989972114563,0.8909199833869934,0
2025-07-30 15:40:00+00:00,0.8909400105476379,0.891260027885437,0.8901100158691406,0.8909900188446045,0
2025-07-30 15:45:00+00:00,0.8910700082778931,0.8911700248718262,0.8901399970054626,0.8910300135612488,0
2025-07-30 15:50:00+00:00,0.8910499811172485,0.8911399841308594,0.8900600075721741,0.8909199833869934,0
2025-07-30 15:55:00+00:00,0.8908699750900269,0.8911399841308594,0.8900899887084961,0.8910899758338928,0
2025-07-30 16:00:00+00:00,0.8910499811172485,0.8913499712944031,0.8900600075721741,0.8913099765777588,0
2025-07-30 16:05:00+00:00,0.8912500143051147,0.8914099931716919,0.8901399970054626,0.8910700082778931,0
2025-07-30 16:10:00+00:00,0.8911700248718262,0.8913699984550476,0.8911299705505371,0.891260027885437,0
2025-07-30 16:15:00+00:00,0.891219973564148,0.8914099931716919,0.8903300166130066,0.8913000226020813,0
2025-07-30 16:20:00+00:00,0.891290009021759,0.8914700150489807,0.8904600143432617,0.8913900256156921,0
2025-07-30 16:25:00+00:00,0.8913499712944031,0.8916500210762024,0.8906999826431274,0.8915799856185913,0
2025-07-30 16:30:00+00:00,0.8916199803352356,0.8916500210762024,0.890500009059906,0.8914399743080139,0
2025-07-30 16:35:00+00:00,0.8914300203323364,0.891539990901947,0.8903999924659729,0.8913400173187256,0
2025-07-30 16:40:00+00:00,0.8913000226020813,0.8913499712944031,0.8901699781417847,0.8913300037384033,0
2025-07-30 16:45:00+00:00,0.891319990158081,0.8913800120353699,0.89028000831604,0.8913400173187256,0
2025-07-30 16:50:00+00:00,0.8913599848747253,0.8915299773216248,0.8904200196266174,0.8914300203323364,0
2025-07-30 16:55:00+00:00,0.8914200067520142,0.891539990901947,0.8905500173568726,0.8914700150489807,0
2025-07-30 17:00:00+00:00,0.8914499878883362,0.8916800022125244,0.8905199766159058,0.8916800022125244,0
2025-07-30 17:05:00+00:00,0.8916599750518799,0.8917499780654907,0.8906400203704834,0.8915500044822693,0
2025-07-30 17:10:00+00:00,0.8915600180625916,0.8917700052261353,0.8907399773597717,0.8917199969291687,0
2025-07-30 17:15:00+00:00,0.891759991645813,0.8918300271034241,0.8908100128173828,0.8916599750518799,0
2025-07-30 17:20:00+00:00,0.8916500210762024,0.8918499946594238,0.8907099962234497,0.8916699886322021,0
2025-07-30 17:25:00+00:00,0.8916299939155579,0.8917700052261353,0.8906800150871277,0.8916299939155579,0
2025-07-30 17:30:00+00:00,0.8916199803352356,0.8917400240898132,0.8905199766159058,0.8916000127792358,0
2025-07-30 17:35:00+00:00,0.8916400074958801,0.8918499946594238,0.8907700181007385,0.8917700052261353,0
2025-07-30 17:40:00+00:00,0.8917700052261353,0.8919399976730347,0.8908900022506714,0.8918700218200684,0
2025-07-30 17:45:00+00:00,0.8919299840927124,0.8921399712562561,0.8910300135612488,0.8920599818229675,0
2025-07-30 17:50:00+00:00,0.892009973526001,0.892300009727478,0.8912299871444702,0.8921399712562561,0
2025-07-30 17:55:00+00:00,0.8921399712562561,0.8924199938774109,0.8913000226020813,0.8915899991989136,0
2025-07-30 18:00:00+00:00,0.8915799856185913,0.8928999900817871,0.8911200165748596,0.8921399712562561,0
2025-07-30 18:05:00+00:00,0.8921499848365784,0.8923100233078003,0.8909900188446045,0.8919699788093567,0
2025-07-30 18:10:00+00:00,0.8919699788093567,0.8923699855804443,0.8914099931716919,0.8918799757957458,0
2025-07-30 18:15:00+00:00,0.8919000029563904,0.8920800089836121,0.8909299969673157,0.891979992389679,0
2025-07-30 18:20:00+00:00,0.8919600248336792,0.8920300006866455,0.8908699750900269,0.8916599750518799,0
2025-07-30 18:25:00+00:00,0.891700029373169,0.892009973526001,0.8908200263977051,0.8918899893760681,0
2025-07-30 18:30:00+00:00,0.8918799757957458,0.8922299742698669,0.8909800052642822,0.8921399712562561,0
2025-07-30 18:35:00+00:00,0.8921499848365784,0.8928200006484985,0.8909000158309937,0.8912799954414368,0
2025-07-30 18:40:00+00:00,0.8911899924278259,0.8913900256156921,0.890250027179718,0.890999972820282,0
2025-07-30 18:45:00+00:00,0.8909599781036377,0.8912100195884705,0.8899099826812744,0.8901399970054626,0
2025-07-30 18:50:00+00:00,0.8902300000190735,0.8902599811553955,0.88850998878479,0.8894400000572205,0
2025-07-30 18:55:00+00:00,0.8894400000572205,0.8898900151252747,0.887939989566803,0.8884299993515015,0
2025-07-30 19:00:00+00:00,0.8884599804878235,0.8888199925422668,0.8875300288200378,0.8883600234985352,0
2025-07-30 19:05:00+00:00,0.8883000016212463,0.888729989528656,0.8873599767684937,0.8884999752044678,0
2025-07-30 19:10:00+00:00,0.8885599970817566,0.8892599940299988,0.8880100250244141,0.888979971408844,0
2025-07-30 19:15:00+00:00,0.8889200091362,0.8894299864768982,0.888159990310669,0.8893200159072876,0
2025-07-30 19:20:00+00:00,0.8892599940299988,0.8893100023269653,0.8878499865531921,0.8887199759483337,0
2025-07-30 19:25:00+00:00,0.8887400031089783,0.8891400098800659,0.8879299759864807,0.8889999985694885,0
2025-07-30 19:30:00+00:00,0.8889600038528442,0.88919997215271,0.8881700038909912,0.8890799880027771,0
2025-07-30 19:35:00+00:00,0.8890699744224548,0.8895099759101868,0.8881700038909912,0.8894299864768982,0
2025-07-30 19:40:00+00:00,0.8894799947738647,0.8899199962615967,0.8887400031089783,0.8896499872207642,0
2025-07-30 19:45:00+00:00,0.8895999789237976,0.8898299932479858,0.888759970664978,0.8897500038146973,0
2025-07-30 19:50:00+00:00,0.8897500038146973,0.8899999856948853,0.8888900279998779,0.8898500204086304,0
2025-07-30 19:55:00+00:00,0.8898400068283081,0.8900200128555298,0.8889700174331665,0.8898199796676636,0
2025-07-30 20:00:00+00:00,0.8899000287055969,0.890209972858429,0.8889099955558777,0.8901200294494629,0
2025-07-30 20:05:00+00:00,0.8901100158691406,0.8908100128173828,0.8895800113677979,0.8907899856567383,0
2025-07-30 20:10:00+00:00,0.8907399773597717,0.8910999894142151,0.8900099992752075,0.8910899758338928,0
2025-07-30 20:15:00+00:00,0.8910800218582153,0.8912500143051147,0.8901399970054626,0.8910999894142151,0
2025-07-30 20:20:00+00:00,0.8910499811172485,0.8913300037384033,0.8901000022888184,0.8911399841308594,0
2025-07-30 20:25:00+00:00,0.8911499977111816,0.8912100195884705,0.8902000188827515,0.8909400105476379,0
2025-07-30 20:30:00+00:00,0.8909000158309937,0.891040027141571,0.8899099826812744,0.8908600211143494,0
2025-07-30 20:35:00+00:00,0.8909199833869934,0.8910700082778931,0.8898400068283081,0.8907300233840942,0
2025-07-30 20:40:00+00:00,0.8908399939537048,0.8908799886703491,0.889769971370697,0.8905699849128723,0
2025-07-30 20:45:00+00:00,0.8906199932098389,0.8906999826431274,0.889490008354187,0.8903899788856506,0
2025-07-30 20:50:00+00:00,0.8903200030326843,0.8904500007629395,0.889270007610321,0.8900899887084961,0
2025-07-30 20:55:00+00:00,0.8899800181388855,0.8901500105857849,0.8889200091362,0.8891100287437439,0
2025-07-30 21:00:00+00:00,0.8891199827194214,0.8893399834632874,0.8886200189590454,0.8889300227165222,0
2025-07-30 21:05:00+00:00,0.8892499804496765,0.8896999955177307,0.8889899849891663,0.8894000053405762,0
2025-07-30 21:10:00+00:00,0.8890200257301331,0.8898800015449524,0.8890200257301331,0.8898699879646301,0
2025-07-30 21:15:00+00:00,0.8894299864768982,0.889959990978241,0.8893499970436096,0.8895400166511536,0
2025-07-30 21:20:00+00:00,0.8893600106239319,0.8899800181388855,0.8892099857330322,0.8898599743843079,0
2025-07-30 21:25:00+00:00,0.8894199728965759,0.8898599743843079,0.889240026473999,0.889769971370697,0
2025-07-30 21:30:00+00:00,0.8896099925041199,0.889930009841919,0.88919997215271,0.8892899751663208,0
2025-07-30 21:35:00+00:00,0.8896899819374084,0.8898100256919861,0.8889300227165222,0.8893100023269653,0
2025-07-30 21:40:00+00:00,0.8892999887466431,0.8896899819374084,0.8887900114059448,0.8896600008010864,0
2025-07-30 21:45:00+00:00,0.8896499872207642,0.8897899985313416,0.8891299962997437,0.889490008354187,0
2025-07-30 21:50:00+00:00,0.8894799947738647,0.8899099826812744,0.8891000151634216,0.8899099826812744,0
2025-07-30 21:55:00+00:00,0.8897799849510193,0.8899999856948853,0.8892899751663208,0.8898400068283081,0
2025-07-30 22:00:00+00:00,0.8899700045585632,0.8905100226402283,0.8894400000572205,0.8903200030326843,0
2025-07-30 22:05:00+00:00,0.8903300166130066,0.8904500007629395,0.8893399834632874,0.8900200128555298,0
2025-07-30 22:10:00+00:00,0.8900200128555298,0.8904200196266174,0.8893499970436096,0.8902000188827515,0
2025-07-30 22:15:00+00:00,0.8902199864387512,0.8904200196266174,0.8893899917602539,0.89028000831604,0
2025-07-30 22:20:00+00:00,0.8901500105857849,0.8904100060462952,0.8895300030708313,0.890209972858429,0
2025-07-30 22:25:00+00:00,0.8903599977493286,0.8904799818992615,0.8895400166511536,0.8903099894523621,0
2025-07-30 22:30:00+00:00,0.8903099894523621,0.8907399773597717,0.8896099925041199,0.89069002866745,0
2025-07-30 22:35:00+00:00,0.8904600143432617,0.89069002866745,0.8897799849510193,0.8906700015068054,0
2025-07-30 22:40:00+00:00,0.890529990196228,0.890999972820282,0.8899099826812744,0.8909000158309937,0
2025-07-30 22:45:00+00:00,0.8907600045204163,0.8910599946975708,0.8900600075721741,0.8909500241279602,0
2025-07-30 22:50:00+00:00,0.8908299803733826,0.8911100029945374,0.8901200294494629,0.8910800218582153,0
2025-07-30 22:55:00+00:00,0.8909000158309937,0.8912500143051147,0.890250027179718,0.8910300135612488,0
2025-07-30 23:00:00+00:00,0.8910300135612488,0.8912400007247925,0.8901500105857849,0.8908799886703491,0
2025-07-30 23:05:00+00:00,0.8910800218582153,0.8910800218582153,0.8900600075721741,0.890779972076416,0
2025-07-30 23:10:00+00:00,0.8907899856567383,0.8910499811172485,0.8899099826812744,0.8908100128173828,0
2025-07-30 23:15:00+00:00,0.8908100128173828,0.8910800218582153,0.8900899887084961,0.8908100128173828,0
2025-07-30 23:20:00+00:00,0.890749990940094,0.8910499811172485,0.8900200128555298,0.8910499811172485,0
2025-07-30 23:25:00+00:00,0.8908600211143494,0.8911299705505371,0.890209972858429,0.8908799886703491,0
2025-07-30 23:30:00+00:00,0.8908799886703491,0.8911299705505371,0.890209972858429,0.8909400105476379,0
2025-07-30 23:35:00+00:00,0.8909299969673157,0.8912500143051147,0.8901100158691406,0.8910800218582153,0
2025-07-30 23:40:00+00:00,0.8912000060081482,0.8914300203323364,0.8904899954795837,0.891219973564148,0
2025-07-30 23:45:00+00:00,0.8914099931716919,0.8914499878883362,0.8904899954795837,0.8912000060081482,0
2025-07-30 23:50:00+00:00,0.8912299871444702,0.8915500044822693,0.890529990196228,0.8913499712944031,0
2025-07-30 23:55:00+00:00,0.891260027885437,0.8914499878883362,0.8904200196266174,0.8909100294113159,0
2025-07-31 00:00:00+00:00,0.8909199833869934,0.8913400173187256,0.8901600241661072,0.8912400007247925,0
2025-07-31 00:05:00+00:00,0.891219973564148,0.8913000226020813,0.8903399705886841,0.8912000060081482,0
2025-07-31 00:10:00+00:00,0.8912000060081482,0.891260027885437,0.8903800249099731,0.8910499811172485,0
2025-07-31 00:15:00+00:00,0.8909199833869934,0.8911200165748596,0.889989972114563,0.8909400105476379,0
2025-07-31 00:20:00+00:00,0.8909299969673157,0.8911399841308594,0.8899700045585632,0.8909800052642822,0
2025-07-31 00:25:00+00:00,0.8910800218582153,0.8911299705505371,0.8900499939918518,0.8908600211143494,0
2025-07-31 00:30:00+00:00,0.8907700181007385,0.8911200165748596,0.8899499773979187,0.8909900188446045,0
2025-07-31 00:35:00+00:00,0.8909900188446045,0.8911899924278259,0.890209972858429,0.890999972820282,0
2025-07-31 00:40:00+00:00,0.890999972820282,0.891260027885437,0.8902400135993958,0.8912000060081482,0
2025-07-31 00:45:00+00:00,0.8910700082778931,0.891219973564148,0.8902400135993958,0.8910899758338928,0
2025-07-31 00:50:00+00:00,0.8909800052642822,0.8911499977111816,0.8901699781417847,0.8910099864006042,0
2025-07-31 00:55:00+00:00,0.8909900188446045,0.8910499811172485,0.889930009841919,0.8909299969673157,0
2025-07-31 01:00:00+00:00,0.8908399939537048,0.890999972820282,0.8896600008010864,0.8903899788856506,0
2025-07-31 01:05:00+00:00,0.8903399705886841,0.8905199766159058,0.8892599940299988,0.890209972858429,0
2025-07-31 01:10:00+00:00,0.8902000188827515,0.8904600143432617,0.889490008354187,0.8904200196266174,0
2025-07-31 01:15:00+00:00,0.8903099894523621,0.89069002866745,0.889490008354187,0.8905799984931946,0
2025-07-31 01:20:00+00:00,0.8905699849128723,0.891290009021759,0.8896499872207642,0.891290009021759,0
2025-07-31 01:25:00+00:00,0.8911600112915039,0.8913699984550476,0.8900799751281738,0.8911600112915039,0
2025-07-31 01:30:00+00:00,0.8909400105476379,0.8917400240898132,0.8906800150871277,0.8914099931716919,0
2025-07-31 01:35:00+00:00,0.8913800120353699,0.8916299939155579,0.8906300067901611,0.8916100263595581,0
2025-07-31 01:40:00+00:00,0.8916000127792358,0.8916500210762024,0.8905699849128723,0.8915299773216248,0
2025-07-31 01:45:00+00:00,0.8913699984550476,0.8916500210762024,0.89055997133255,0.891569972038269,0
2025-07-31 01:50:00+00:00,0.891539990901947,0.8917400240898132,0.8906099796295166,0.891700029373169,0
2025-07-31 01:55:00+00:00,0.8916800022125244,0.8921399712562561,0.8908299803733826,0.8920800089836121,0
2025-07-31 02:00:00+00:00,0.8920900225639343,0.8921999931335449,0.891219973564148,0.8920900225639343,0
2025-07-31 02:05:00+00:00,0.8920699954032898,0.8923699855804443,0.8910599946975708,0.8921999931335449,0
2025-07-31 02:10:00+00:00,0.8921800255775452,0.8923599720001221,0.8914099931716919,0.8921399712562561,0
2025-07-31 02:15:00+00:00,0.8921300172805786,0.8922399878501892,0.8911799788475037,0.8918700218200684,0
2025-07-31 02:20:00+00:00,0.8918399810791016,0.8920999765396118,0.8907600045204163,0.8918300271034241,0
2025-07-31 02:25:00+00:00,0.8918099999427795,0.8918200135231018,0.890749990940094,0.8916100263595581,0
2025-07-31 02:30:00+00:00,0.8914399743080139,0.8916500210762024,0.8906700015068054,0.8915600180625916,0
2025-07-31 02:35:00+00:00,0.8913800120353699,0.8917400240898132,0.89055997133255,0.8915899991989136,0
2025-07-31 02:40:00+00:00,0.8916000127792358,0.8917400240898132,0.8906800150871277,0.8915500044822693,0
2025-07-31 02:45:00+00:00,0.891539990901947,0.8919500112533569,0.8908600211143494,0.8919199705123901,0
2025-07-31 02:50:00+00:00,0.8918200135231018,0.8921700119972229,0.890999972820282,0.8920300006866455,0
2025-07-31 02:55:00+00:00,0.8919000029563904,0.8922200202941895,0.8911600112915039,0.8921099901199341,0
2025-07-31 03:00:00+00:00,0.8921200037002563,0.892270028591156,0.8911200165748596,0.8918499946594238,0
2025-07-31 03:05:00+00:00,0.892009973526001,0.8920199871063232,0.8910199999809265,0.8918700218200684,0
2025-07-31 03:10:00+00:00,0.8918600082397461,0.8918899893760681,0.8909100294113159,0.8916900157928467,0
2025-07-31 03:15:00+00:00,0.8918099999427795,0.8919000029563904,0.8909500241279602,0.8916800022125244,0
2025-07-31 03:20:00+00:00,0.8916599750518799,0.8919100165367126,0.8909000158309937,0.8917499780654907,0
2025-07-31 03:25:00+00:00,0.8917199969291687,0.8923100233078003,0.8910999894142151,0.8921200037002563,0
2025-07-31 03:30:00+00:00,0.8921399712562561,0.8923900127410889,0.8913499712944031,0.8923799991607666,0
2025-07-31 03:35:00+00:00,0.8922399878501892,0.892490029335022,0.8914200067520142,0.8922200202941895,0
2025-07-31 03:40:00+00:00,0.8921200037002563,0.8924300074577332,0.891480028629303,0.8922500014305115,0
2025-07-31 03:45:00+00:00,0.8922200202941895,0.8924000263214111,0.8914399743080139,0.8922899961471558,0
2025-07-31 03:50:00+00:00,0.892270028591156,0.8923699855804443,0.8914999961853027,0.8922500014305115,0
2025-07-31 03:55:00+00:00,0.8922399878501892,0.8924199938774109,0.891510009765625,0.8924199938774109,0
2025-07-31 04:00:00+00:00,0.8923299908638,0.892579972743988,0.8915600180625916,0.892490029335022,0
2025-07-31 04:05:00+00:00,0.8924499750137329,0.892549991607666,0.891569972038269,0.8923699855804443,0
2025-07-31 04:10:00+00:00,0.8923400044441223,0.8925600051879883,0.891700029373169,0.8920400142669678,0
2025-07-31 04:15:00+00:00,0.8921200037002563,0.8921700119972229,0.8912400007247925,0.8921200037002563,0
2025-07-31 04:20:00+00:00,0.8920599818229675,0.8924400210380554,0.8914700150489807,0.8921300172805786,0
2025-07-31 04:25:00+00:00,0.8921399712562561,0.8922299742698669,0.8913400173187256,0.8919600248336792,0
2025-07-31 04:30:00+00:00,0.892009973526001,0.8931800127029419,0.8917999863624573,0.892579972743988,0
2025-07-31 04:35:00+00:00,0.8925700187683105,0.8928899765014648,0.8917400240898132,0.8928200006484985,0
2025-07-31 04:40:00+00:00,0.892799973487854,0.8931000232696533,0.8921800255775452,0.8929799795150757,0
2025-07-31 04:45:00+00:00,0.8930100202560425,0.8933200240135193,0.8922600150108337,0.8932200074195862,0
2025-07-31 04:50:00+00:00,0.8931999802589417,0.8933699727058411,0.8924599885940552,0.8933299779891968,0
2025-07-31 04:55:00+00:00,0.8932600021362305,0.8934900164604187,0.8925399780273438,0.8934500217437744,0
2025-07-31 05:00:00+00:00,0.8933500051498413,0.8937299847602844,0.8926600217819214,0.8934599757194519,0
2025-07-31 05:05:00+00:00,0.8934299945831299,0.8934699892997742,0.8924400210380554,0.8932300209999084,0
2025-07-31 05:10:00+00:00,0.8931800127029419,0.8935199975967407,0.8925099968910217,0.8935099840164185,0
2025-07-31 05:15:00+00:00,0.8934900164604187,0.8936300277709961,0.8925999999046326,0.8932600021362305,0
2025-07-31 05:20:00+00:00,0.8933500051498413,0.8935499787330627,0.892549991607666,0.8934199810028076,0
2025-07-31 05:25:00+00:00,0.8934299945831299,0.8935199975967407,0.8924599885940552,0.8931999802589417,0
2025-07-31 05:30:00+00:00,0.8931099772453308,0.8932999968528748,0.8923400044441223,0.8931599855422974,0
2025-07-31 05:35:00+00:00,0.8931300044059753,0.8933799862861633,0.8923299908638,0.8933600187301636,0
2025-07-31 05:40:00+00:00,0.8933500051498413,0.8936499953269958,0.8926399946212769,0.8934500217437744,0
2025-07-31 05:45:00+00:00,0.8935199975967407,0.8935499787330627,0.8926100134849548,0.8934199810028076,0
2025-07-31 05:50:00+00:00,0.893339991569519,0.8936899900436401,0.8927500247955322,0.8935700058937073,0
2025-07-31 05:55:00+00:00,0.8935800194740295,0.8937399983406067,0.8928599953651428,0.893559992313385,0
2025-07-31 06:00:00+00:00,0.8935199975967407,0.893809974193573,0.8926600217819214,0.8937399983406067,0
2025-07-31 06:05:00+00:00,0.8937199711799622,0.8937600255012512,0.8928499817848206,0.8936200141906738,0
2025-07-31 06:10:00+00:00,0.8935800194740295,0.8938800096511841,0.8929600119590759,0.893589973449707,0
2025-07-31 06:15:00+00:00,0.8936600089073181,0.8940100073814392,0.89274001121521,0.8939700126647949,0
2025-07-31 06:20:00+00:00,0.8939700126647949,0.8944299817085266,0.8933799862861633,0.8942899703979492,0
2025-07-31 06:25:00+00:00,0.8942499756813049,0.8944399952888489,0.8935999870300293,0.8943300247192383,0
2025-07-31 06:30:00+00:00,0.8942700028419495,0.8943300247192383,0.8931300044059753,0.8940200209617615,0
2025-07-31 06:35:00+00:00,0.8939599990844727,0.894029974937439,0.8929499983787537,0.8939200043678284,0
2025-07-31 06:40:00+00:00,0.8938900232315063,0.8940200209617615,0.8928999900817871,0.8936600089073181,0
2025-07-31 06:45:00+00:00,0.8936399817466736,0.8939800262451172,0.8929399847984314,0.8939099907875061,0
2025-07-31 06:50:00+00:00,0.8939200043678284,0.8941299915313721,0.8931199908256531,0.8940600156784058,0
2025-07-31 06:55:00+00:00,0.8940100073814392,0.8942899703979492,0.893280029296875,0.8941199779510498,0
2025-07-31 07:00:00+00:00,0.89410001039505,0.8941699862480164,0.8931199908256531,0.8940799832344055,0
2025-07-31 07:05:00+00:00,0.8940500020980835,0.8942499756813049,0.8932700157165527,0.8939599990844727,0
2025-07-31 07:10:00+00:00,0.8939499855041504,0.8940799832344055,0.8932499885559082,0.8938000202178955,0
2025-07-31 07:15:00+00:00,0.893809974193573,0.8938500285148621,0.8930100202560425,0.8938199877738953,0
2025-07-31 07:20:00+00:00,0.893779993057251,0.8939200043678284,0.892989993095398,0.8938199877738953,0
2025-07-31 07:25:00+00:00,0.8938400149345398,0.8939399719238281,0.8929299712181091,0.8936700224876404,0
2025-07-31 07:30:00+00:00,0.8936300277709961,0.8940500020980835,0.8929100036621094,0.8939499855041504,0
2025-07-31 07:35:00+00:00,0.8939300179481506,0.894029974937439,0.89301997423172,0.8938300013542175,0
2025-07-31 07:40:00+00:00,0.8937600255012512,0.8940100073814392,0.8930699825286865,0.8938199877738953,0
2025-07-31 07:45:00+00:00,0.893809974193573,0.8941299915313721,0.8930400013923645,0.8938800096511841,0
2025-07-31 07:50:00+00:00,0.8939200043678284,0.8940399885177612,0.8930299878120422,0.8939399719238281,0
2025-07-31 07:55:00+00:00,0.8939300179481506,0.8942899703979492,0.8934000134468079,0.89410001039505,0
2025-07-31 08:00:00+00:00,0.8940600156784058,0.8941100239753723,0.8931099772453308,0.893750011920929,0
2025-07-31 08:05:00+00:00,0.8938300013542175,0.8941400051116943,0.8931800127029419,0.8940899968147278,0
2025-07-31 08:10:00+00:00,0.8940899968147278,0.8942000269889832,0.893310010433197,0.8939599990844727,0
2025-07-31 08:15:00+00:00,0.8939999938011169,0.8940399885177612,0.8928599953651428,0.8936300277709961,0
2025-07-31 08:20:00+00:00,0.8936899900436401,0.8938000202178955,0.8928800225257874,0.8934800028800964,0
2025-07-31 08:25:00+00:00,0.8934699892997742,0.8936399817466736,0.892769992351532,0.8933899998664856,0
2025-07-31 08:30:00+00:00,0.8934400081634521,0.8938000202178955,0.8926699757575989,0.8936700224876404,0
2025-07-31 08:35:00+00:00,0.8936799764633179,0.8937699794769287,0.8926699757575989,0.8933899998664856,0
2025-07-31 08:40:00+00:00,0.8934100270271301,0.8934599757194519,0.8925899863243103,0.8933200240135193,0
2025-07-31 08:45:00+00:00,0.8933299779891968,0.8934999704360962,0.892520010471344,0.893280029296875,0
2025-07-31 08:50:00+00:00,0.8932700157165527,0.8933799862861633,0.8923900127410889,0.8933500051498413,0
2025-07-31 08:55:00+00:00,0.8932999968528748,0.8936499953269958,0.8928499817848206,0.893530011177063,0
2025-07-31 09:00:00+00:00,0.8935099840164185,0.893589973449707,0.8923900127410889,0.8930400013923645,0
2025-07-31 09:05:00+00:00,0.8931000232696533,0.8932200074195862,0.8923500180244446,0.893060028553009,0
2025-07-31 09:10:00+00:00,0.8930799961090088,0.8932999968528748,0.8924400210380554,0.8931900262832642,0
2025-07-31 09:15:00+00:00,0.8931800127029419,0.8932600021362305,0.892270028591156,0.89301997423172,0
2025-07-31 09:20:00+00:00,0.892989993095398,0.8931999802589417,0.8921499848365784,0.8931599855422974,0
2025-07-31 09:25:00+00:00,0.8931699991226196,0.8932200074195862,0.892270028591156,0.8929399847984314,0
2025-07-31 09:30:00+00:00,0.8930000066757202,0.893060028553009,0.8921800255775452,0.8929299712181091,0
2025-07-31 09:35:00+00:00,0.8928800225257874,0.8929700255393982,0.8919699788093567,0.8927299976348877,0
2025-07-31 09:40:00+00:00,0.8927000164985657,0.8929399847984314,0.8918099999427795,0.8928599953651428,0
2025-07-31 09:45:00+00:00,0.8928599953651428,0.8929100036621094,0.8920699954032898,0.8928200006484985,0
2025-07-31 09:50:00+00:00,0.8928200006484985,0.89301997423172,0.8921200037002563,0.8928700089454651,0
2025-07-31 09:55:00+00:00,0.8928700089454651,0.8929600119590759,0.8918700218200684,0.8927299976348877,0
2025-07-31 10:00:00+00:00,0.892769992351532,0.8928899765014648,0.8920000195503235,0.8927199840545654,0
2025-07-31 10:05:00+00:00,0.89274001121521,0.8928099870681763,0.8919699788093567,0.8926799893379211,0
2025-07-31 10:10:00+00:00,0.8926900029182434,0.8927000164985657,0.8917099833488464,0.8923500180244446,0
2025-07-31 10:15:00+00:00,0.8923199772834778,0.8925099968910217,0.8915799856185913,0.8923599720001221,0
2025-07-31 10:20:00+00:00,0.8923900127410889,0.8924400210380554,0.8914899826049805,0.8921999931335449,0
2025-07-31 10:25:00+00:00,0.8921899795532227,0.892270028591156,0.8913499712944031,0.8920300006866455,0
2025-07-31 10:30:00+00:00,0.8920000195503235,0.8920699954032898,0.890779972076416,0.8914700150489807,0
2025-07-31 10:35:00+00:00,0.8914499878883362,0.891700029373169,0.8907300233840942,0.8915799856185913,0
2025-07-31 10:40:00+00:00,0.8916199803352356,0.8917999863624573,0.8909000158309937,0.891759991645813,0
2025-07-31 10:45:00+00:00,0.8917700052261353,0.8918600082397461,0.8908799886703491,0.891759991645813,0
2025-07-31 10:50:00+00:00,0.891730010509491,0.8917800188064575,0.890749990940094,0.8915500044822693,0
2025-07-31 10:55:00+00:00,0.8915299773216248,0.8916500210762024,0.8906700015068054,0.8914200067520142,0
2025-07-31 11:00:00+00:00,0.8914600014686584,0.8917099833488464,0.8907099962234497,0.8916299939155579,0
2025-07-31 11:05:00+00:00,0.8915899991989136,0.8916900157928467,0.8907300233840942,0.8915500044822693,0
2025-07-31 11:10:00+00:00,0.8914899826049805,0.8917400240898132,0.8907399773597717,0.891569972038269,0
2025-07-31 11:15:00+00:00,0.891569972038269,0.891700029373169,0.8908500075340271,0.8916000127792358,0
2025-07-31 11:20:00+00:00,0.8916100263595581,0.8916800022125244,0.8906199932098389,0.8911899924278259,0
2025-07-31 11:25:00+00:00,0.8911600112915039,0.8915899991989136,0.89069002866745,0.8915500044822693,0
2025-07-31 11:30:00+00:00,0.8915299773216248,0.8918499946594238,0.8908500075340271,0.891700029373169,0
2025-07-31 11:35:00+00:00,0.8917199969291687,0.8918799757957458,0.8909599781036377,0.8917400240898132,0
2025-07-31 11:40:00+00:00,0.891730010509491,0.8918300271034241,0.8909599781036377,0.8916400074958801,0
2025-07-31 11:45:00+00:00,0.8916699886322021,0.8917800188064575,0.8908799886703491,0.8916500210762024,0
2025-07-31 11:50:00+00:00,0.8916500210762024,0.8916800022125244,0.8907399773597717,0.8916199803352356,0
2025-07-31 11:55:00+00:00,0.8916100263595581,0.8918600082397461,0.8909500241279602,0.891700029373169,0
2025-07-31 12:00:00+00:00,0.8916699886322021,0.8918899893760681,0.8909599781036377,0.891700029373169,0
2025-07-31 12:05:00+00:00,0.8916599750518799,0.8919100165367126,0.89069002866745,0.8915299773216248,0
2025-07-31 12:10:00+00:00,0.8915500044822693,0.8920800089836121,0.8911799788475037,0.8917499780654907,0
2025-07-31 12:15:00+00:00,0.8917400240898132,0.8918799757957458,0.8908200263977051,0.8913800120353699,0
2025-07-31 12:20:00+00:00,0.8913699984550476,0.8918899893760681,0.8907399773597717,0.8918799757957458,0
2025-07-31 12:25:00+00:00,0.8918700218200684,0.8919600248336792,0.8911600112915039,0.8914899826049805,0
2025-07-31 12:30:00+00:00,0.8915299773216248,0.8917099833488464,0.8904899954795837,0.8913400173187256,0
2025-07-31 12:35:00+00:00,0.8913499712944031,0.8915200233459473,0.8905100226402283,0.891319990158081,0
2025-07-31 12:40:00+00:00,0.8913499712944031,0.8915799856185913,0.8908100128173828,0.8910899758338928,0
2025-07-31 12:45:00+00:00,0.8910899758338928,0.8911499977111816,0.8899400234222412,0.89055997133255,0
2025-07-31 12:50:00+00:00,0.8905500173568726,0.8908500075340271,0.889680027961731,0.8906999826431274,0
2025-07-31 12:55:00+00:00,0.8906999826431274,0.8909400105476379,0.8899700045585632,0.8906000256538391,0
2025-07-31 13:00:00+00:00,0.8905100226402283,0.8908100128173828,0.8898400068283081,0.8906400203704834,0
2025-07-31 13:05:00+00:00,0.8906400203704834,0.89069002866745,0.8895699977874756,0.890209972858429,0
2025-07-31 13:10:00+00:00,0.8902199864387512,0.8902999758720398,0.8893100023269653,0.890030026435852,0
2025-07-31 13:15:00+00:00,0.8900399804115295,0.8901500105857849,0.8891000151634216,0.8899800181388855,0
2025-07-31 13:20:00+00:00,0.8899700045585632,0.8900799751281738,0.8891500234603882,0.8898400068283081,0
2025-07-31 13:25:00+00:00,0.8898699879646301,0.8900499939918518,0.8891000151634216,0.8899700045585632,0
2025-07-31 13:30:00+00:00,0.8899700045585632,0.8901000022888184,0.8891699910163879,0.8897500038146973,0
2025-07-31 13:35:00+00:00,0.889739990234375,0.8901299834251404,0.8890100121498108,0.889989972114563,0
2025-07-31 13:40:00+00:00,0.8900099992752075,0.8906400203704834,0.8893899917602539,0.8905799984931946,0
2025-07-31 13:45:00+00:00,0.8905799984931946,0.8908200263977051,0.8898699879646301,0.8906700015068054,0
2025-07-31 13:50:00+00:00,0.8906199932098389,0.8910099864006042,0.8899999856948853,0.8907700181007385,0
2025-07-31 13:55:00+00:00,0.8907899856567383,0.8912699818611145,0.8903700113296509,0.8910499811172485,0
2025-07-31 14:00:00+00:00,0.8910499811172485,0.8912000060081482,0.890209972858429,0.8907099962234497,0
2025-07-31 14:05:00+00:00,0.8907600045204163,0.8909500241279602,0.889989972114563,0.8905799984931946,0
2025-07-31 14:10:00+00:00,0.8905699849128723,0.890749990940094,0.889710009098053,0.8906000256538391,0
2025-07-31 14:15:00+00:00,0.8905699849128723,0.890999972820282,0.8898800015449524,0.8908600211143494,0
2025-07-31 14:20:00+00:00,0.8908500075340271,0.8909500241279602,0.8895800113677979,0.8902400135993958,0
2025-07-31 14:25:00+00:00,0.8902400135993958,0.8905199766159058,0.889549970626831,0.8904500007629395,0
2025-07-31 14:30:00+00:00,0.8903999924659729,0.8907300233840942,0.8897299766540527,0.8906199932098389,0
2025-07-31 14:35:00+00:00,0.8905799984931946,0.890779972076416,0.8896899819374084,0.8905199766159058,0
2025-07-31 14:40:00+00:00,0.890500009059906,0.8906300067901611,0.8898000121116638,0.8906000256538391,0
2025-07-31 14:45:00+00:00,0.8906000256538391,0.8909000158309937,0.8898500204086304,0.8907399773597717,0
2025-07-31 14:50:00+00:00,0.8907300233840942,0.8908799886703491,0.8893399834632874,0.8899999856948853,0
2025-07-31 14:55:00+00:00,0.8899800181388855,0.890030026435852,0.8888999819755554,0.8898500204086304,0
2025-07-31 15:00:00+00:00,0.8898500204086304,0.8902599811553955,0.8892099857330322,0.8901399970054626,0
2025-07-31 15:05:00+00:00,0.8901399970054626,0.89055997133255,0.8893600106239319,0.8904100060462952,0
2025-07-31 15:10:00+00:00,0.8904299736022949,0.8904799818992615,0.8893399834632874,0.8900700211524963,0
2025-07-31 15:15:00+00:00,0.8900700211524963,0.8901799917221069,0.8893200159072876,0.8901100158691406,0
2025-07-31 15:20:00+00:00,0.8901399970054626,0.8902300000190735,0.8889200091362,0.8896099925041199,0
2025-07-31 15:25:00+00:00,0.8895900249481201,0.889710009098053,0.8887799978256226,0.8896300196647644,0
2025-07-31 15:30:00+00:00,0.8896499872207642,0.8901200294494629,0.8889099955558777,0.8900200128555298,0
2025-07-31 15:35:00+00:00,0.8900099992752075,0.8906599879264832,0.8895999789237976,0.8905100226402283,0
2025-07-31 15:40:00+00:00,0.890529990196228,0.8907099962234497,0.889460027217865,0.8900399804115295,0
2025-07-31 15:45:00+00:00,0.889989972114563,0.8900600075721741,0.8891000151634216,0.8897299766540527,0
2025-07-31 15:50:00+00:00,0.889739990234375,0.8900099992752075,0.8889899849891663,0.889959990978241,0
2025-07-31 15:55:00+00:00,0.889930009841919,0.8900799751281738,0.88919997215271,0.889959990978241,0
2025-07-31 16:00:00+00:00,0.8899199962615967,0.8900600075721741,0.8890500068664551,0.8897899985313416,0
2025-07-31 16:05:00+00:00,0.8897799849510193,0.8900700211524963,0.8891000151634216,0.8898800015449524,0
2025-07-31 16:10:00+00:00,0.8898400068283081,0.889930009841919,0.8888599872589111,0.8898900151252747,0
2025-07-31 16:15:00+00:00,0.8898599743843079,0.8899800181388855,0.8890500068664551,0.8898800015449524,0
2025-07-31 16:20:00+00:00,0.8898299932479858,0.8901799917221069,0.8890799880027771,0.8901100158691406,0
2025-07-31 16:25:00+00:00,0.8901200294494629,0.890209972858429,0.8893200159072876,0.8901299834251404,0
2025-07-31 16:30:00+00:00,0.8901500105857849,0.8903800249099731,0.8893700242042542,0.8902900218963623,0
2025-07-31 16:35:00+00:00,0.89028000831604,0.8906099796295166,0.889680027961731,0.8904799818992615,0
2025-07-31 16:40:00+00:00,0.8905100226402283,0.890720009803772,0.889739990234375,0.8905699849128723,0
2025-07-31 16:45:00+00:00,0.890529990196228,0.8907099962234497,0.8896700143814087,0.8906300067901611,0
2025-07-31 16:50:00+00:00,0.8906499743461609,0.8906999826431274,0.8897299766540527,0.8906300067901611,0
2025-07-31 16:55:00+00:00,0.8906099796295166,0.8906599879264832,0.8897200226783752,0.8904600143432617,0
2025-07-31 17:00:00+00:00,0.8905100226402283,0.8906000256538391,0.8895800113677979,0.8904200196266174,0
2025-07-31 17:05:00+00:00,0.8904100060462952,0.8905100226402283,0.8896399736404419,0.8904799818992615,0
2025-07-31 17:10:00+00:00,0.8904500007629395,0.8905900120735168,0.889680027961731,0.89055997133255,0
2025-07-31 17:15:00+00:00,0.8905100226402283,0.8905900120735168,0.8896700143814087,0.8904399871826172,0
2025-07-31 17:20:00+00:00,0.8903999924659729,0.890470027923584,0.889460027217865,0.8901600241661072,0
2025-07-31 17:25:00+00:00,0.8901900053024292,0.8902400135993958,0.8892999887466431,0.890030026435852,0
2025-07-31 17:30:00+00:00,0.890030026435852,0.8900799751281738,0.8891699910163879,0.8899099826812744,0
2025-07-31 17:35:00+00:00,0.8898699879646301,0.8900799751281738,0.88919997215271,0.889930009841919,0
2025-07-31 17:40:00+00:00,0.8899400234222412,0.8902599811553955,0.8894199728965759,0.8901500105857849,0
2025-07-31 17:45:00+00:00,0.8901900053024292,0.8903099894523621,0.8892999887466431,0.8900099992752075,0
2025-07-31 17:50:00+00:00,0.889989972114563,0.8900700211524963,0.8891199827194214,0.8898900151252747,0
2025-07-31 17:55:00+00:00,0.8899000287055969,0.8900099992752075,0.8891299962997437,0.889959990978241,0
2025-07-31 18:00:00+00:00,0.8899800181388855,0.8900799751281738,0.8891800045967102,0.8900200128555298,0
2025-07-31 18:05:00+00:00,0.8900200128555298,0.890250027179718,0.8893200159072876,0.890209972858429,0
2025-07-31 18:10:00+00:00,0.8902400135993958,0.8902599811553955,0.8899800181388855,0.8900899887084961,0
2025-07-31 18:15:00+00:00,0.8900499939918518,0.8902699947357178,0.8892499804496765,0.8902300000190735,0
2025-07-31 18:20:00+00:00,0.8902400135993958,0.8906199932098389,0.8896700143814087,0.8905100226402283,0
2025-07-31 18:25:00+00:00,0.8904399871826172,0.8906199932098389,0.8896899819374084,0.8905400037765503,0
2025-07-31 18:30:00+00:00,0.8905100226402283,0.8908100128173828,0.889769971370697,0.890749990940094,0
2025-07-31 18:35:00+00:00,0.8907099962234497,0.8909900188446045,0.8901200294494629,0.8908399939537048,0
2025-07-31 18:40:00+00:00,0.8908100128173828,0.8908799886703491,0.8900600075721741,0.8908100128173828,0
2025-07-31 18:45:00+00:00,0.890749990940094,0.8908500075340271,0.8899199962615967,0.8906099796295166,0
2025-07-31 18:50:00+00:00,0.8906199932098389,0.8906700015068054,0.8897200226783752,0.890500009059906,0
2025-07-31 18:55:00+00:00,0.8904600143432617,0.890529990196228,0.889680027961731,0.8902999758720398,0
2025-07-31 19:00:00+00:00,0.8902999758720398,0.890529990196228,0.8895900249481201,0.8903200030326843,0
2025-07-31 19:05:00+00:00,0.8903399705886841,0.8906000256538391,0.8896099925041199,0.890529990196228,0
2025-07-31 19:10:00+00:00,0.8905199766159058,0.8906000256538391,0.889739990234375,0.8903899788856506,0
2025-07-31 19:15:00+00:00,0.8903599977493286,0.8903899788856506,0.8895400166511536,0.8903499841690063,0
2025-07-31 19:20:00+00:00,0.8903099894523621,0.8904100060462952,0.889519989490509,0.8902999758720398,0
2025-07-31 19:25:00+00:00,0.89028000831604,0.8903499841690063,0.8895300030708313,0.8901600241661072,0
2025-07-31 19:30:00+00:00,0.8901900053024292,0.8903200030326843,0.8894100189208984,0.89028000831604,0
2025-07-31 19:35:00+00:00,0.8902699947357178,0.8903599977493286,0.8894299864768982,0.8902000188827515,0
2025-07-31 19:40:00+00:00,0.8901299834251404,0.8903399705886841,0.8894500136375427,0.8903200030326843,0
2025-07-31 19:45:00+00:00,0.8902999758720398,0.8906599879264832,0.8895599842071533,0.8906099796295166,0
2025-07-31 19:50:00+00:00,0.8905900120735168,0.8907099962234497,0.8894400000572205,0.8901699781417847,0
2025-07-31 19:55:00+00:00,0.8901600241661072,0.8903599977493286,0.8894500136375427,0.89028000831604,0
2025-07-31 20:00:00+00:00,0.8901299834251404,0.8904600143432617,0.8893300294876099,0.8902400135993958,0
2025-07-31 20:05:00+00:00,0.8903800249099731,0.8904899954795837,0.889460027217865,0.890209972858429,0
2025-07-31 20:10:00+00:00,0.890209972858429,0.8903700113296509,0.8893100023269653,0.8899700045585632,0
2025-07-31 20:15:00+00:00,0.8900899887084961,0.8901200294494629,0.8891000151634216,0.8899099826812744,0
2025-07-31 20:20:00+00:00,0.890030026435852,0.8901299834251404,0.8891800045967102,0.8899999856948853,0
2025-07-31 20:25:00+00:00,0.890030026435852,0.8901600241661072,0.8892599940299988,0.8897600173950195,0
2025-07-31 20:30:00+00:00,0.8897299766540527,0.8899499773979187,0.8888900279998779,0.8897600173950195,0
2025-07-31 20:35:00+00:00,0.8897500038146973,0.8901699781417847,0.8888999819755554,0.8901200294494629,0
2025-07-31 20:40:00+00:00,0.8900099992752075,0.8901399970054626,0.8890900015830994,0.8898900151252747,0
2025-07-31 20:45:00+00:00,0.8899000287055969,0.8900799751281738,0.8890299797058105,0.889989972114563,0
2025-07-31 20:50:00+00:00,0.889769971370697,0.890030026435852,0.8891000151634216,0.8899800181388855,0
2025-07-31 20:55:00+00:00,0.8897799849510193,0.8901699781417847,0.8892099857330322,0.8894699811935425,0
2025-07-31 21:00:00+00:00,0.889460027217865,0.8896300196647644,0.8889899849891663,0.8891800045967102,0
2025-07-31 21:05:00+00:00,0.8892300128936768,0.889739990234375,0.8890500068664551,0.8896700143814087,0
2025-07-31 21:10:00+00:00,0.889680027961731,0.8902300000190735,0.8890299797058105,0.8901799917221069,0
2025-07-31 21:15:00+00:00,0.8898699879646301,0.8901699781417847,0.8890100121498108,0.889739990234375,0
2025-07-31 21:20:00+00:00,0.8896399736404419,0.8898800015449524,0.8892300128936768,0.8898199796676636,0
2025-07-31 21:25:00+00:00,0.8896200060844421,0.8898800015449524,0.8892300128936768,0.8897500038146973,0
2025-07-31 21:30:00+00:00,0.8898599743843079,0.8899700045585632,0.8890699744224548,0.889959990978241,0
2025-07-31 21:35:00+00:00,0.8898400068283081,0.8899800181388855,0.888949990272522,0.8898500204086304,0
2025-07-31 21:40:00+00:00,0.8896399736404419,0.8899499773979187,0.8887400031089783,0.889460027217865,0
2025-07-31 21:45:00+00:00,0.8895800113677979,0.889930009841919,0.8890299797058105,0.8898000121116638,0
2025-07-31 21:50:00+00:00,0.8896499872207642,0.8899099826812744,0.8890900015830994,0.8898500204086304,0
2025-07-31 21:55:00+00:00,0.8898699879646301,0.8899000287055969,0.8891900181770325,0.8898699879646301,0
2025-07-31 22:00:00+00:00,0.8898299932479858,0.8901500105857849,0.8890799880027771,0.889930009841919,0
2025-07-31 22:05:00+00:00,0.8898900151252747,0.8899700045585632,0.8888999819755554,0.8897299766540527,0
2025-07-31 22:10:00+00:00,0.889710009098053,0.8901399970054626,0.8889200091362,0.8900099992752075,0
2025-07-31 22:15:00+00:00,0.8899800181388855,0.8901900053024292,0.8891299962997437,0.890030026435852,0
2025-07-31 22:20:00+00:00,0.8900600075721741,0.8902000188827515,0.8890399932861328,0.8899999856948853,0
2025-07-31 22:25:00+00:00,0.8899700045585632,0.8902199864387512,0.8892499804496765,0.8900700211524963,0
2025-07-31 22:30:00+00:00,0.8900799751281738,0.8903399705886841,0.8892499804496765,0.8901399970054626,0
2025-07-31 22:35:00+00:00,0.890209972858429,0.8902300000190735,0.8892199993133545,0.8901200294494629,0
2025-07-31 22:40:00+00:00,0.8899800181388855,0.8902400135993958,0.8891400098800659,0.8901600241661072,0
2025-07-31 22:45:00+00:00,0.8901600241661072,0.8904200196266174,0.8893499970436096,0.8902599811553955,0
2025-07-31 22:50:00+00:00,0.890250027179718,0.8905900120735168,0.8895999789237976,0.8905100226402283,0
2025-07-31 22:55:00+00:00,0.8905100226402283,0.8911899924278259,0.8896399736404419,0.8909900188446045,0
2025-07-31 23:00:00+00:00,0.8910499811172485,0.8913800120353699,0.8901799917221069,0.8908699750900269,0
2025-07-31 23:05:00+00:00,0.8908100128173828,0.8910700082778931,0.8898000121116638,0.8909199833869934,0
2025-07-31 23:10:00+00:00,0.8909199833869934,0.8910700082778931,0.8899999856948853,0.8906499743461609,0
2025-07-31 23:15:00+00:00,0.8905500173568726,0.8906800150871277,0.8896899819374084,0.8905100226402283,0
2025-07-31 23:20:00+00:00,0.8905400037765503,0.890749990940094,0.8896999955177307,0.8906599879264832,0
2025-07-31 23:25:00+00:00,0.8906499743461609,0.8909400105476379,0.889769971370697,0.8908600211143494,0
2025-07-31 23:30:00+00:00,0.8908500075340271,0.8910800218582153,0.8899099826812744,0.8909900188446045,0
2025-07-31 23:35:00+00:00,0.891040027141571,0.8910599946975708,0.8900899887084961,0.8909599781036377,0
2025-07-31 23:40:00+00:00,0.8910099864006042,0.8910800218582153,0.8900899887084961,0.8909199833869934,0
2025-07-31 23:45:00+00:00,0.8909800052642822,0.8911200165748596,0.8900799751281738,0.8909199833869934,0
2025-07-31 23:50:00+00:00,0.890999972820282,0.8910899758338928,0.8900799751281738,0.8909199833869934,0
2025-07-31 23:55:00+00:00,0.8909100294113159,0.8909400105476379,0.8899000287055969,0.89069002866745,0
2025-08-01 00:00:00+00:00,0.8906199932098389,0.8907600045204163,0.8894000053405762,0.8902199864387512,0
2025-08-01 00:05:00+00:00,0.8902300000190735,0.8906000256538391,0.8895800113677979,0.890500009059906,0
2025-08-01 00:10:00+00:00,0.890500009059906,0.8906199932098389,0.8896099925041199,0.8902999758720398,0
2025-08-01 00:15:00+00:00,0.8903800249099731,0.89069002866745,0.8893700242042542,0.8906199932098389,0
2025-08-01 00:20:00+00:00,0.8906099796295166,0.8907399773597717,0.8893200159072876,0.8902900218963623,0
2025-08-01 00:25:00+00:00,0.8903099894523621,0.8905500173568726,0.8894500136375427,0.8904899954795837,0
2025-08-01 00:30:00+00:00,0.8904399871826172,0.89069002866745,0.8894799947738647,0.8906300067901611,0
2025-08-01 00:35:00+00:00,0.8906099796295166,0.8906700015068054,0.8896099925041199,0.8905699849128723,0
2025-08-01 00:40:00+00:00,0.8905199766159058,0.8907899856567383,0.889680027961731,0.8906599879264832,0
2025-08-01 00:45:00+00:00,0.8906499743461609,0.8907899856567383,0.8896600008010864,0.8905500173568726,0
2025-08-01 00:50:00+00:00,0.8904299736022949,0.8908299803733826,0.8896700143814087,0.8905799984931946,0
2025-08-01 00:55:00+00:00,0.8904899954795837,0.8905900120735168,0.8895099759101868,0.890500009059906,0
2025-08-01 01:00:00+00:00,0.8904899954795837,0.8910199999809265,0.889519989490509,0.890749990940094,0
2025-08-01 01:05:00+00:00,0.8907399773597717,0.8911299705505371,0.8900499939918518,0.8910999894142151,0
2025-08-01 01:10:00+00:00,0.8910999894142151,0.891319990158081,0.8902999758720398,0.8911100029945374,0
2025-08-01 01:15:00+00:00,0.8911600112915039,0.8914300203323364,0.8903399705886841,0.891260027885437,0
2025-08-01 01:20:00+00:00,0.8912500143051147,0.8915899991989136,0.8904899954795837,0.8914200067520142,0
2025-08-01 01:25:00+00:00,0.8914600014686584,0.8916199803352356,0.8906199932098389,0.8914899826049805,0
2025-08-01 01:30:00+00:00,0.8914999961853027,0.891510009765625,0.8904200196266174,0.8911799788475037,0
2025-08-01 01:35:00+00:00,0.8910899758338928,0.8913699984550476,0.8900600075721741,0.8908900022506714,0
2025-08-01 01:40:00+00:00,0.8908200263977051,0.8909900188446045,0.8898100256919861,0.8907300233840942,0
2025-08-01 01:45:00+00:00,0.8906599879264832,0.8909100294113159,0.8898500204086304,0.8908299803733826,0
2025-08-01 01:50:00+00:00,0.8908500075340271,0.8909299969673157,0.8896099925041199,0.8904600143432617,0
2025-08-01 01:55:00+00:00,0.8905100226402283,0.8910099864006042,0.8899099826812744,0.8908299803733826,0
2025-08-01 02:00:00+00:00,0.8908699750900269,0.8911799788475037,0.8899499773979187,0.8907700181007385,0
2025-08-01 02:05:00+00:00,0.8908600211143494,0.8910099864006042,0.8899099826812744,0.8906199932098389,0
2025-08-01 02:10:00+00:00,0.8906999826431274,0.8908299803733826,0.8897500038146973,0.8906999826431274,0
2025-08-01 02:15:00+00:00,0.8907600045204163,0.8908799886703491,0.8897899985313416,0.89069002866745,0
2025-08-01 02:20:00+00:00,0.8906499743461609,0.8909599781036377,0.8898500204086304,0.8909199833869934,0
2025-08-01 02:25:00+00:00,0.8909000158309937,0.8911700248718262,0.8901000022888184,0.8911200165748596,0
2025-08-01 02:30:00+00:00,0.8910599946975708,0.8911499977111816,0.8900399804115295,0.8909400105476379,0
2025-08-01 02:35:00+00:00,0.8910099864006042,0.8912100195884705,0.8901699781417847,0.8911700248718262,0
2025-08-01 02:40:00+00:00,0.8911600112915039,0.8911899924278259,0.8901399970054626,0.89096999168396,0
2025-08-01 02:45:00+00:00,0.89096999168396,0.8910099864006042,0.889959990978241,0.890999972820282,0
2025-08-01 02:50:00+00:00,0.8909500241279602,0.891040027141571,0.8899400234222412,0.8907999992370605,0
2025-08-01 02:55:00+00:00,0.8908399939537048,0.891040027141571,0.8900700211524963,0.8910099864006042,0
2025-08-01 03:00:00+00:00,0.8909900188446045,0.8914600014686584,0.8901799917221069,0.8913999795913696,0
2025-08-01 03:05:00+00:00,0.8913499712944031,0.891979992389679,0.8908100128173828,0.8918300271034241,0
2025-08-01 03:10:00+00:00,0.8917999863624573,0.8919900059700012,0.8909800052642822,0.8918300271034241,0
2025-08-01 03:15:00+00:00,0.8918600082397461,0.891979992389679,0.890749990940094,0.8915799856185913,0
2025-08-01 03:20:00+00:00,0.8916000127792358,0.8917199969291687,0.8906099796295166,0.8914700150489807,0
2025-08-01 03:25:00+00:00,0.8914700150489807,0.8916299939155579,0.8906199932098389,0.891569972038269,0
2025-08-01 03:30:00+00:00,0.8915500044822693,0.8916800022125244,0.8903800249099731,0.8914600014686584,0
2025-08-01 03:35:00+00:00,0.8914499878883362,0.8917099833488464,0.8904500007629395,0.891539990901947,0
2025-08-01 03:40:00+00:00,0.891480028629303,0.8916699886322021,0.8906000256538391,0.8916199803352356,0
2025-08-01 03:45:00+00:00,0.8915299773216248,0.8919500112533569,0.8907600045204163,0.8919000029563904,0
2025-08-01 03:50:00+00:00,0.8918899893760681,0.8919600248336792,0.8909199833869934,0.8916800022125244,0
2025-08-01 03:55:00+00:00,0.8916900157928467,0.8918399810791016,0.8907099962234497,0.8915600180625916,0
2025-08-01 04:00:00+00:00,0.8914700150489807,0.8919000029563904,0.8905400037765503,0.8918399810791016,0
2025-08-01 04:05:00+00:00,0.891730010509491,0.8917800188064575,0.8907700181007385,0.891569972038269,0
2025-08-01 04:10:00+00:00,0.8916000127792358,0.8917800188064575,0.8907700181007385,0.891480028629303,0
2025-08-01 04:15:00+00:00,0.891539990901947,0.8916800022125244,0.8904500007629395,0.8914099931716919,0
2025-08-01 04:20:00+00:00,0.891480028629303,0.8916500210762024,0.890500009059906,0.8915200233459473,0
2025-08-01 04:25:00+00:00,0.8914600014686584,0.8916299939155579,0.8906599879264832,0.8914999961853027,0
2025-08-01 04:30:00+00:00,0.891480028629303,0.8916900157928467,0.8905900120735168,0.8916500210762024,0
2025-08-01 04:35:00+00:00,0.8915799856185913,0.8917800188064575,0.8907300233840942,0.891700029373169,0
2025-08-01 04:40:00+00:00,0.8916599750518799,0.891730010509491,0.8906800150871277,0.891510009765625,0
2025-08-01 04:45:00+00:00,0.8914700150489807,0.8915899991989136,0.8905400037765503,0.8914200067520142,0
2025-08-01 04:50:00+00:00,0.8913900256156921,0.8916599750518799,0.8905900120735168,0.8915799856185913,0
2025-08-01 04:55:00+00:00,0.8916199803352356,0.8916400074958801,0.8906400203704834,0.891539990901947,0
2025-08-01 05:00:00+00:00,0.8914700150489807,0.8916000127792358,0.89055997133255,0.8914399743080139,0
2025-08-01 05:05:00+00:00,0.8914899826049805,0.8918700218200684,0.8906400203704834,0.8917700052261353,0
2025-08-01 05:10:00+00:00,0.8918200135231018,0.8918200135231018,0.89055997133255,0.8913999795913696,0
2025-08-01 05:15:00+00:00,0.8913499712944031,0.891510009765625,0.8905100226402283,0.8914200067520142,0
2025-08-01 05:20:00+00:00,0.8913900256156921,0.8917099833488464,0.8904799818992615,0.8916699886322021,0
2025-08-01 05:25:00+00:00,0.8916299939155579,0.8917099833488464,0.8905799984931946,0.8914999961853027,0
2025-08-01 05:30:00+00:00,0.8914999961853027,0.8917099833488464,0.8906599879264832,0.891510009765625,0
2025-08-01 05:35:00+00:00,0.891510009765625,0.8917099833488464,0.8906300067901611,0.8915299773216248,0
2025-08-01 05:40:00+00:00,0.8914999961853027,0.8915600180625916,0.8904600143432617,0.8914200067520142,0
2025-08-01 05:45:00+00:00,0.8914200067520142,0.8916599750518799,0.8904500007629395,0.8915600180625916,0
2025-08-01 05:50:00+00:00,0.8914899826049805,0.8919100165367126,0.8906599879264832,0.8917999863624573,0
2025-08-01 05:55:00+00:00,0.8918099999427795,0.8919900059700012,0.89055997133255,0.8913099765777588,0
2025-08-01 06:00:00+00:00,0.8913099765777588,0.891730010509491,0.8903099894523621,0.8916599750518799,0
2025-08-01 06:05:00+00:00,0.8916100263595581,0.8916599750518799,0.890500009059906,0.8915500044822693,0
2025-08-01 06:10:00+00:00,0.8915500044822693,0.891700029373169,0.8905500173568726,0.8914200067520142,0
2025-08-01 06:15:00+00:00,0.8914099931716919,0.8917800188064575,0.8905900120735168,0.891730010509491,0
2025-08-01 06:20:00+00:00,0.8917499780654907,0.8919199705123901,0.8907300233840942,0.8916199803352356,0
2025-08-01 06:25:00+00:00,0.8916400074958801,0.8918300271034241,0.8906300067901611,0.8917400240898132,0
2025-08-01 06:30:00+00:00,0.891730010509491,0.8918200135231018,0.8902699947357178,0.8913900256156921,0
2025-08-01 06:35:00+00:00,0.8913499712944031,0.8917199969291687,0.8906300067901611,0.8916599750518799,0
2025-08-01 06:40:00+00:00,0.8916299939155579,0.8920599818229675,0.8908600211143494,0.8917099833488464,0
2025-08-01 06:45:00+00:00,0.8916800022125244,0.8918700218200684,0.8907999992370605,0.8917999863624573,0
2025-08-01 06:50:00+00:00,0.8917700052261353,0.8918200135231018,0.8906999826431274,0.8915899991989136,0
2025-08-01 06:55:00+00:00,0.891569972038269,0.8917199969291687,0.8907600045204163,0.8916100263595581,0
2025-08-01 07:00:00+00:00,0.8916699886322021,0.8917499780654907,0.8906400203704834,0.8914600014686584,0
2025-08-01 07:05:00+00:00,0.8913900256156921,0.8915799856185913,0.8904100060462952,0.8912100195884705,0
2025-08-01 07:10:00+00:00,0.8911600112915039,0.8916500210762024,0.8906099796295166,0.8912299871444702,0
2025-08-01 07:15:00+00:00,0.8911200165748596,0.891569972038269,0.8903399705886841,0.8913900256156921,0
2025-08-01 07:20:00+00:00,0.8913800120353699,0.8916500210762024,0.8904500007629395,0.8914499878883362,0
2025-08-01 07:25:00+00:00,0.8914899826049805,0.891730010509491,0.8907700181007385,0.8915600180625916,0
2025-08-01 07:30:00+00:00,0.8915600180625916,0.8916500210762024,0.8903599977493286,0.8913099765777588,0
2025-08-01 07:35:00+00:00,0.8912400007247925,0.8916500210762024,0.8905699849128723,0.8915200233459473,0
2025-08-01 07:40:00+00:00,0.8914899826049805,0.8917999863624573,0.8907300233840942,0.891759991645813,0
2025-08-01 07:45:00+00:00,0.8917700052261353,0.8919100165367126,0.8907600045204163,0.8918799757957458,0
2025-08-01 07:50:00+00:00,0.8918300271034241,0.8919900059700012,0.8908600211143494,0.8917800188064575,0
2025-08-01 07:55:00+00:00,0.8917400240898132,0.8920300006866455,0.8910300135612488,0.8918399810791016,0
2025-08-01 08:00:00+00:00,0.8918200135231018,0.8918700218200684,0.8907600045204163,0.8918099999427795,0
2025-08-01 08:05:00+00:00,0.8918399810791016,0.8919600248336792,0.8907600045204163,0.8918200135231018,0
2025-08-01 08:10:00+00:00,0.8917400240898132,0.8919699788093567,0.8908500075340271,0.8918200135231018,0
2025-08-01 08:15:00+00:00,0.8918399810791016,0.8921899795532227,0.8909900188446045,0.8921200037002563,0
2025-08-01 08:20:00+00:00,0.8920599818229675,0.8921200037002563,0.890999972820282,0.891979992389679,0
2025-08-01 08:25:00+00:00,0.8919699788093567,0.8920599818229675,0.890779972076416,0.891759991645813,0
2025-08-01 08:30:00+00:00,0.891730010509491,0.8919299840927124,0.8906800150871277,0.8914899826049805,0
2025-08-01 08:35:00+00:00,0.8914300203323364,0.891730010509491,0.8906199932098389,0.8914700150489807,0
2025-08-01 08:40:00+00:00,0.891480028629303,0.891569972038269,0.890529990196228,0.891480028629303,0
2025-08-01 08:45:00+00:00,0.8914999961853027,0.891730010509491,0.8906000256538391,0.8915200233459473,0
2025-08-01 08:50:00+00:00,0.891539990901947,0.8916599750518799,0.8903300166130066,0.8911100029945374,0
2025-08-01 08:55:00+00:00,0.8910599946975708,0.8913099765777588,0.8903300166130066,0.8911399841308594,0
2025-08-01 09:00:00+00:00,0.8911299705505371,0.891219973564148,0.8901600241661072,0.8911499977111816,0
2025-08-01 09:05:00+00:00,0.8910899758338928,0.8912699818611145,0.890209972858429,0.8912000060081482,0
2025-08-01 09:10:00+00:00,0.8911799788475037,0.891219973564148,0.890209972858429,0.8910099864006042,0
2025-08-01 09:15:00+00:00,0.890999972820282,0.8910599946975708,0.8900099992752075,0.8910300135612488,0
2025-08-01 09:20:00+00:00,0.8910099864006042,0.8910800218582153,0.8899099826812744,0.8908399939537048,0
2025-08-01 09:25:00+00:00,0.8907700181007385,0.8908600211143494,0.8898500204086304,0.89069002866745,0
2025-08-01 09:30:00+00:00,0.8907300233840942,0.8909100294113159,0.8897799849510193,0.8908100128173828,0
2025-08-01 09:35:00+00:00,0.8907999992370605,0.8910499811172485,0.8900399804115295,0.8910199999809265,0
2025-08-01 09:40:00+00:00,0.8909500241279602,0.8910999894142151,0.8901200294494629,0.8909000158309937,0
2025-08-01 09:45:00+00:00,0.8909199833869934,0.8910700082778931,0.8899400234222412,0.8909400105476379,0
2025-08-01 09:50:00+00:00,0.8909500241279602,0.8910199999809265,0.8899199962615967,0.8906599879264832,0
2025-08-01 09:55:00+00:00,0.8906300067901611,0.8911799788475037,0.890030026435852,0.8910899758338928,0
2025-08-01 10:00:00+00:00,0.8910199999809265,0.8913400173187256,0.8901399970054626,0.891219973564148,0
2025-08-01 10:05:00+00:00,0.8911700248718262,0.8914099931716919,0.8902900218963623,0.8913300037384033,0
2025-08-01 10:10:00+00:00,0.891319990158081,0.8914300203323364,0.8903999924659729,0.8912699818611145,0
2025-08-01 10:15:00+00:00,0.891260027885437,0.891319990158081,0.8902900218963623,0.8912100195884705,0
2025-08-01 10:20:00+00:00,0.8911899924278259,0.8913900256156921,0.8903300166130066,0.891219973564148,0
2025-08-01 10:25:00+00:00,0.891219973564148,0.8913900256156921,0.8903800249099731,0.891290009021759,0
2025-08-01 10:30:00+00:00,0.8912799954414368,0.8915600180625916,0.8903999924659729,0.8914499878883362,0
2025-08-01 10:35:00+00:00,0.8913800120353699,0.8916500210762024,0.8904899954795837,0.8915299773216248,0
2025-08-01 10:40:00+00:00,0.891510009765625,0.8915899991989136,0.8904399871826172,0.8914300203323364,0
2025-08-01 10:45:00+00:00,0.8914700150489807,0.8914999961853027,0.8903800249099731,0.8912400007247925,0
2025-08-01 10:50:00+00:00,0.8912299871444702,0.8913099765777588,0.8902999758720398,0.8912699818611145,0
2025-08-01 10:55:00+00:00,0.8912699818611145,0.891319990158081,0.8903200030326843,0.891260027885437,0
2025-08-01 11:00:00+00:00,0.8912699818611145,0.891539990901947,0.8902699947357178,0.8914600014686584,0
2025-08-01 11:05:00+00:00,0.8913999795913696,0.891539990901947,0.8905100226402283,0.8914200067520142,0
2025-08-01 11:10:00+00:00,0.8914600014686584,0.8919500112533569,0.8907099962234497,0.8916800022125244,0
2025-08-01 11:15:00+00:00,0.891730010509491,0.8919399976730347,0.8907899856567383,0.8917700052261353,0
2025-08-01 11:20:00+00:00,0.8917700052261353,0.8920300006866455,0.891040027141571,0.8918700218200684,0
2025-08-01 11:25:00+00:00,0.8918600082397461,0.8920800089836121,0.8910700082778931,0.8918600082397461,0
2025-08-01 11:30:00+00:00,0.8917999863624573,0.8918799757957458,0.8907099962234497,0.891510009765625,0
2025-08-01 11:35:00+00:00,0.8914899826049805,0.8916100263595581,0.8904899954795837,0.8913999795913696,0
2025-08-01 11:40:00+00:00,0.8913900256156921,0.8914200067520142,0.8904100060462952,0.8911899924278259,0
2025-08-01 11:45:00+00:00,0.8912400007247925,0.8913699984550476,0.8903200030326843,0.8912100195884705,0
2025-08-01 11:50:00+00:00,0.891260027885437,0.8913900256156921,0.8902300000190735,0.890999972820282,0
2025-08-01 11:55:00+00:00,0.8910599946975708,0.8911899924278259,0.8901900053024292,0.8910099864006042,0
2025-08-01 12:00:00+00:00,0.8909000158309937,0.8910099864006042,0.8898699879646301,0.8908799886703491,0
2025-08-01 12:05:00+00:00,0.8908600211143494,0.8911700248718262,0.8898699879646301,0.8909500241279602,0
2025-08-01 12:10:00+00:00,0.8909800052642822,0.891290009021759,0.8902900218963623,0.8911799788475037,0
2025-08-01 12:15:00+00:00,0.8911399841308594,0.8913400173187256,0.8902000188827515,0.8909199833869934,0
2025-08-01 12:20:00+00:00,0.8909900188446045,0.8911100029945374,0.889769971370697,0.8906099796295166,0
2025-08-01 12:25:00+00:00,0.8905500173568726,0.890720009803772,0.8896399736404419,0.8901799917221069,0
2025-08-01 12:30:00+00:00,0.8901799917221069,0.8949900269508362,0.8901000022888184,0.8946400284767151,0
2025-08-01 12:35:00+00:00,0.894599974155426,0.8954300284385681,0.893530011177063,0.8940799832344055,0
2025-08-01 12:40:00+00:00,0.8941100239753723,0.8948100209236145,0.8934599757194519,0.894540011882782,0
2025-08-01 12:45:00+00:00,0.8944699764251709,0.8948299884796143,0.8936300277709961,0.8941599726676941,0
2025-08-01 12:50:00+00:00,0.8940899968147278,0.8942800164222717,0.892769992351532,0.8939300179481506,0
2025-08-01 12:55:00+00:00,0.8939200043678284,0.8942800164222717,0.8925600051879883,0.89410001039505,0
2025-08-01 13:00:00+00:00,0.8940399885177612,0.8943700194358826,0.892520010471344,0.8934699892997742,0
2025-08-01 13:05:00+00:00,0.8934500217437744,0.8941699862480164,0.8924499750137329,0.8936799764633179,0
2025-08-01 13:10:00+00:00,0.8935700058937073,0.8945000171661377,0.8934199810028076,0.8944900035858154,0
2025-08-01 13:15:00+00:00,0.8945000171661377,0.8945800065994263,0.8930699825286865,0.8931300044059753,0
2025-08-01 13:20:00+00:00,0.8931199908256531,0.8937199711799622,0.8923900127410889,0.8936600089073181,0
2025-08-01 13:25:00+00:00,0.8935800194740295,0.8938699960708618,0.8925300240516663,0.8936799764633179,0
2025-08-01 13:30:00+00:00,0.8935400247573853,0.8937699794769287,0.8917099833488464,0.8927099704742432,0
2025-08-01 13:35:00+00:00,0.8926900029182434,0.8931900262832642,0.8914899826049805,0.8924199938774109,0
2025-08-01 13:40:00+00:00,0.8923799991607666,0.8925600051879883,0.8909299969673157,0.8915500044822693,0
2025-08-01 13:45:00+00:00,0.8914999961853027,0.891789972782135,0.8903700113296509,0.8914700150489807,0
2025-08-01 13:50:00+00:00,0.8914700150489807,0.8916500210762024,0.8896999955177307,0.8908699750900269,0
2025-08-01 13:55:00+00:00,0.8908299803733826,0.8910899758338928,0.889930009841919,0.8908100128173828,0
2025-08-01 14:00:00+00:00,0.8908200263977051,0.891510009765625,0.8894400000572205,0.8901100158691406,0
2025-08-01 14:05:00+00:00,0.8900600075721741,0.8909100294113159,0.889680027961731,0.8907700181007385,0
2025-08-01 14:10:00+00:00,0.890749990940094,0.8910800218582153,0.8896999955177307,0.8903999924659729,0
2025-08-01 14:15:00+00:00,0.8904200196266174,0.8918499946594238,0.889769971370697,0.8916800022125244,0
2025-08-01 14:20:00+00:00,0.891730010509491,0.8923100233078003,0.8910099864006042,0.8920699954032898,0
2025-08-01 14:25:00+00:00,0.89205002784729,0.8921300172805786,0.8909800052642822,0.8917499780654907,0
2025-08-01 14:30:00+00:00,0.8916299939155579,0.891789972782135,0.8901699781417847,0.8914399743080139,0
2025-08-01 14:35:00+00:00,0.8914899826049805,0.8916100263595581,0.8903999924659729,0.8913400173187256,0
2025-08-01 14:40:00+00:00,0.8912400007247925,0.8914300203323364,0.8902300000190735,0.8907600045204163,0
2025-08-01 14:45:00+00:00,0.8909299969673157,0.8912799954414368,0.889930009841919,0.8910700082778931,0
2025-08-01 14:50:00+00:00,0.8910599946975708,0.8911200165748596,0.8899499773979187,0.8905500173568726,0
2025-08-01 14:55:00+00:00,0.8906499743461609,0.8910800218582153,0.8898599743843079,0.8909599781036377,0
2025-08-01 15:00:00+00:00,0.8909900188446045,0.8914499878883362,0.889989972114563,0.8911299705505371,0
2025-08-01 15:05:00+00:00,0.8911200165748596,0.8915799856185913,0.890500009059906,0.8913999795913696,0
2025-08-01 15:10:00+00:00,0.8913999795913696,0.8916599750518799,0.89055997133255,0.8913900256156921,0
2025-08-01 15:15:00+00:00,0.8913800120353699,0.8916500210762024,0.8903399705886841,0.8911700248718262,0
2025-08-01 15:20:00+00:00,0.8910800218582153,0.8913099765777588,0.889930009841919,0.8907099962234497,0
2025-08-01 15:25:00+00:00,0.89069002866745,0.8907899856567383,0.8894299864768982,0.8904299736022949,0
2025-08-01 15:30:00+00:00,0.8904600143432617,0.8905400037765503,0.8894500136375427,0.8902699947357178,0
2025-08-01 15:35:00+00:00,0.8903399705886841,0.8908299803733826,0.8894699811935425,0.8906599879264832,0
2025-08-01 15:40:00+00:00,0.8906599879264832,0.8911299705505371,0.8898599743843079,0.891040027141571,0
2025-08-01 15:45:00+00:00,0.8910300135612488,0.8912799954414368,0.8901299834251404,0.8912100195884705,0
2025-08-01 15:50:00+00:00,0.8912100195884705,0.8914999961853027,0.8903700113296509,0.8913699984550476,0
2025-08-01 15:55:00+00:00,0.8913599848747253,0.891510009765625,0.89028000831604,0.8910700082778931,0
2025-08-01 16:00:00+00:00,0.8910099864006042,0.8912500143051147,0.8900899887084961,0.8909000158309937,0
2025-08-01 16:05:00+00:00,0.8908299803733826,0.8911399841308594,0.8898299932479858,0.8911200165748596,0
2025-08-01 16:10:00+00:00,0.8910800218582153,0.8912299871444702,0.8901900053024292,0.8908500075340271,0
2025-08-01 16:15:00+00:00,0.8908100128173828,0.891319990158081,0.8899000287055969,0.8912500143051147,0
2025-08-01 16:20:00+00:00,0.8912400007247925,0.8913499712944031,0.8901399970054626,0.8909299969673157,0
2025-08-01 16:25:00+00:00,0.89096999168396,0.8910800218582153,0.8899999856948853,0.8906700015068054,0
2025-08-01 16:30:00+00:00,0.8906599879264832,0.8908100128173828,0.889739990234375,0.8906599879264832,0
2025-08-01 16:35:00+00:00,0.8906199932098389,0.8906700015068054,0.8894400000572205,0.890500009059906,0
2025-08-01 16:40:00+00:00,0.8904500007629395,0.89069002866745,0.8896099925041199,0.8904899954795837,0
2025-08-01 16:45:00+00:00,0.8904600143432617,0.8907300233840942,0.8895800113677979,0.8906300067901611,0
2025-08-01 16:50:00+00:00,0.8906199932098389,0.8908600211143494,0.8895999789237976,0.8905100226402283,0
2025-08-01 16:55:00+00:00,0.890500009059906,0.8905199766159058,0.8894000053405762,0.8903099894523621,0
2025-08-01 17:00:00+00:00,0.8902900218963623,0.8904100060462952,0.8888400197029114,0.8895699977874756,0
2025-08-01 17:05:00+00:00,0.889549970626831,0.8895699977874756,0.8883799910545349,0.8893700242042542,0
2025-08-01 17:10:00+00:00,0.8893499970436096,0.8895000219345093,0.8883600234985352,0.8890699744224548,0
2025-08-01 17:15:00+00:00,0.8890500068664551,0.8892300128936768,0.887969970703125,0.8891400098800659,0
2025-08-01 17:20:00+00:00,0.8890799880027771,0.8893100023269653,0.8882700204849243,0.8892999887466431,0
2025-08-01 17:25:00+00:00,0.8892300128936768,0.8893399834632874,0.8880299925804138,0.8890600204467773,0
2025-08-01 17:30:00+00:00,0.8890600204467773,0.8895599842071533,0.8882899880409241,0.8892800211906433,0
2025-08-01 17:35:00+00:00,0.8892800211906433,0.8893499970436096,0.88823002576828,0.8891100287437439,0
2025-08-01 17:40:00+00:00,0.8890699744224548,0.889460027217865,0.8883799910545349,0.8891100287437439,0
2025-08-01 17:45:00+00:00,0.8891900181770325,0.889549970626831,0.8883200287818909,0.8894699811935425,0
2025-08-01 17:50:00+00:00,0.8895400166511536,0.8898800015449524,0.8887500166893005,0.8898000121116638,0
2025-08-01 17:55:00+00:00,0.889769971370697,0.8898199796676636,0.8887500166893005,0.8896600008010864,0
2025-08-01 18:00:00+00:00,0.8896399736404419,0.8898000121116638,0.8884900212287903,0.889460027217865,0
2025-08-01 18:05:00+00:00,0.8894000053405762,0.889549970626831,0.8884900212287903,0.8894199728965759,0
2025-08-01 18:10:00+00:00,0.8894000053405762,0.8897899985313416,0.8885800242424011,0.8895900249481201,0
2025-08-01 18:15:00+00:00,0.8896399736404419,0.8898199796676636,0.888700008392334,0.889739990234375,0
2025-08-01 18:20:00+00:00,0.889710009098053,0.8898199796676636,0.888729989528656,0.8896899819374084,0
2025-08-01 18:25:00+00:00,0.8896200060844421,0.8899700045585632,0.8889300227165222,0.8898500204086304,0
2025-08-01 18:30:00+00:00,0.889930009841919,0.890250027179718,0.888979971408844,0.8902300000190735,0
2025-08-01 18:35:00+00:00,0.8902199864387512,0.890470027923584,0.8893100023269653,0.890250027179718,0
2025-08-01 18:40:00+00:00,0.8902999758720398,0.8905500173568726,0.889460027217865,0.890529990196228,0
2025-08-01 18:45:00+00:00,0.8905199766159058,0.8905699849128723,0.889549970626831,0.8901900053024292,0
2025-08-01 18:50:00+00:00,0.8902199864387512,0.890250027179718,0.8889600038528442,0.8898900151252747,0
2025-08-01 18:55:00+00:00,0.8898800015449524,0.8900700211524963,0.8888700008392334,0.8897299766540527,0
2025-08-01 19:00:00+00:00,0.8897600173950195,0.8898400068283081,0.888729989528656,0.889710009098053,0
2025-08-01 19:05:00+00:00,0.8896899819374084,0.8900700211524963,0.8887799978256226,0.8899400234222412,0
2025-08-01 19:10:00+00:00,0.8898400068283081,0.8900399804115295,0.8890200257301331,0.8899700045585632,0
2025-08-01 19:15:00+00:00,0.889959990978241,0.890250027179718,0.8890399932861328,0.8902000188827515,0
2025-08-01 19:20:00+00:00,0.890209972858429,0.8902199864387512,0.8885700106620789,0.889549970626831,0
2025-08-01 19:25:00+00:00,0.8895999789237976,0.8896999955177307,0.8886399865150452,0.8896399736404419,0
2025-08-01 19:30:00+00:00,0.8896399736404419,0.8902400135993958,0.8885800242424011,0.8901699781417847,0
2025-08-01 19:35:00+00:00,0.890209972858429,0.8904899954795837,0.889270007610321,0.8904399871826172,0
2025-08-01 19:40:00+00:00,0.8903800249099731,0.8908399939537048,0.8897299766540527,0.890720009803772,0
2025-08-01 19:45:00+00:00,0.890720009803772,0.8910499811172485,0.8897299766540527,0.8908699750900269,0
2025-08-01 19:50:00+00:00,0.8909000158309937,0.8910999894142151,0.8898800015449524,0.891040027141571,0
2025-08-01 19:55:00+00:00,0.8909400105476379,0.8912100195884705,0.8900399804115295,0.8907999992370605,0
2025-08-01 20:00:00+00:00,0.8907899856567383,0.8911100029945374,0.8899700045585632,0.8910099864006042,0
2025-08-01 20:05:00+00:00,0.8909500241279602,0.8913900256156921,0.890250027179718,0.8912100195884705,0
2025-08-01 20:10:00+00:00,0.8912100195884705,0.8913999795913696,0.8902699947357178,0.891319990158081,0
2025-08-01 20:15:00+00:00,0.8912799954414368,0.8914600014686584,0.8902300000190735,0.8913999795913696,0
2025-08-01 20:20:00+00:00,0.8913400173187256,0.891539990901947,0.8903499841690063,0.891260027885437,0
2025-08-01 20:25:00+00:00,0.8912799954414368,0.8915200233459473,0.8905500173568726,0.891480028629303,0
2025-08-01 20:30:00+00:00,0.8913800120353699,0.8922100067138672,0.8906300067901611,0.8920999765396118,0
2025-08-01 20:35:00+00:00,0.8920199871063232,0.8922399878501892,0.8909599781036377,0.8917999863624573,0
2025-08-01 20:40:00+00:00,0.8917099833488464,0.8918200135231018,0.8905699849128723,0.8916699886322021,0
2025-08-01 20:45:00+00:00,0.8916000127792358,0.8918399810791016,0.8906999826431274,0.891480028629303,0
2025-08-01 20:50:00+00:00,0.8913999795913696,0.8919699788093567,0.8908699750900269,0.8918700218200684,0
2025-08-01 20:55:00+00:00,0.8918600082397461,0.8920599818229675,0.8906599879264832,0.891730010509491,0
2025-08-01 21:00:00+00:00,0.8913300037384033,0.8913300037384033,0.8913300037384033,0.8913300037384033,0
2025-08-01 21:05:00+00:00,0.8913300037384033,0.8913300037384033,0.8913300037384033,0.8913300037384033,0
2025-08-01 21:10:00+00:00,0.8913300037384033,0.8913300037384033,0.8913300037384033,0.8913300037384033,0
2025-08-01 21:15:00+00:00,0.8913300037384033,0.8913300037384033,0.8913300037384033,0.8913300037384033,0
2025-08-01 21:20:00+00:00,0.8913300037384033,0.8913300037384033,0.8913300037384033,0.8913300037384033,0
2025-08-01 21:25:00+00:00,0.8913300037384033,0.8913300037384033,0.8913300037384033,0.8913300037384033,0
2025-08-03 23:00:00+00:00,0.8909299969673157,0.8910499811172485,0.8899800181388855,0.89096999168396,0
2025-08-03 23:05:00+00:00,0.89096999168396,0.891040027141571,0.8899099826812744,0.8908399939537048,0
2025-08-03 23:10:00+00:00,0.8908399939537048,0.89096999168396,0.889989972114563,0.8909299969673157,0
2025-08-03 23:15:00+00:00,0.8909100294113159,0.8910099864006042,0.8899700045585632,0.8909100294113159,0
2025-08-03 23:20:00+00:00,0.8909400105476379,0.89096999168396,0.8898400068283081,0.8908600211143494,0
2025-08-03 23:25:00+00:00,0.8908399939537048,0.8909299969673157,0.8899499773979187,0.8908699750900269,0
2025-08-03 23:30:00+00:00,0.8908699750900269,0.8910599946975708,0.8899700045585632,0.8909299969673157,0
2025-08-03 23:35:00+00:00,0.8909299969673157,0.8911399841308594,0.8899199962615967,0.8909400105476379,0
2025-08-03 23:40:00+00:00,0.8909000158309937,0.8911700248718262,0.8901399970054626,0.8910800218582153,0
2025-08-03 23:45:00+00:00,0.8910999894142151,0.8913800120353699,0.890250027179718,0.8913300037384033,0
2025-08-03 23:50:00+00:00,0.891319990158081,0.8915799856185913,0.8903700113296509,0.8914600014686584,0
2025-08-03 23:55:00+00:00,0.8914499878883362,0.8914999961853027,0.890500009059906,0.8912000060081482,0
2025-08-04 00:00:00+00:00,0.8911299705505371,0.8916900157928467,0.8904500007629395,0.8916900157928467,0
2025-08-04 00:05:00+00:00,0.8916400074958801,0.8921700119972229,0.8909199833869934,0.8921300172805786,0
2025-08-04 00:10:00+00:00,0.8920699954032898,0.8921999931335449,0.8911200165748596,0.8917499780654907,0
2025-08-04 00:15:00+00:00,0.8917099833488464,0.8920300006866455,0.8909299969673157,0.8919000029563904,0
2025-08-04 00:20:00+00:00,0.8919399976730347,0.8921200037002563,0.8908799886703491,0.891730010509491,0
2025-08-04 00:25:00+00:00,0.8916500210762024,0.8919699788093567,0.8907700181007385,0.8919299840927124,0
2025-08-04 00:30:00+00:00,0.8919299840927124,0.8920000195503235,0.8906400203704834,0.8914099931716919,0
2025-08-04 00:35:00+00:00,0.8914899826049805,0.8918600082397461,0.8905799984931946,0.8918200135231018,0
2025-08-04 00:40:00+00:00,0.8918499946594238,0.8921300172805786,0.89096999168396,0.8918499946594238,0
2025-08-04 00:45:00+00:00,0.8918499946594238,0.8921899795532227,0.8908900022506714,0.8921700119972229,0
2025-08-04 00:50:00+00:00,0.8921599984169006,0.8929200172424316,0.891569972038269,0.8928400278091431,0
2025-08-04 00:55:00+00:00,0.8928499817848206,0.8929200172424316,0.8913099765777588,0.8926500082015991,0
2025-08-04 01:00:00+00:00,0.8927099704742432,0.8931699991226196,0.8919399976730347,0.8927599787712097,0
2025-08-04 01:05:00+00:00,0.89274001121521,0.8928800225257874,0.891219973564148,0.891979992389679,0
2025-08-04 01:10:00+00:00,0.8919199705123901,0.8923599720001221,0.8910999894142151,0.8922100067138672,0
2025-08-04 01:15:00+00:00,0.8922100067138672,0.8926900029182434,0.8913400173187256,0.8922500014305115,0
2025-08-04 01:20:00+00:00,0.8922899961471558,0.8924300074577332,0.8914099931716919,0.8923299908638,0
2025-08-04 01:25:00+00:00,0.8923299908638,0.892769992351532,0.8916400074958801,0.8927000164985657,0
2025-08-04 01:30:00+00:00,0.8927099704742432,0.8931300044059753,0.8919699788093567,0.8929299712181091,0
2025-08-04 01:35:00+00:00,0.8928499817848206,0.8932300209999084,0.8920400142669678,0.8930699825286865,0
2025-08-04 01:40:00+00:00,0.8930100202560425,0.8932499885559082,0.8920699954032898,0.8931499719619751,0
2025-08-04 01:45:00+00:00,0.8931300044059753,0.8934599757194519,0.8921700119972229,0.8931900262832642,0
2025-08-04 01:50:00+00:00,0.893280029296875,0.8934500217437744,0.8923299908638,0.893310010433197,0
2025-08-04 01:55:00+00:00,0.8932099938392639,0.8934400081634521,0.8921499848365784,0.8932099938392639,0
2025-08-04 02:00:00+00:00,0.8931900262832642,0.8932700157165527,0.8920900225639343,0.8928700089454651,0
2025-08-04 02:05:00+00:00,0.8928700089454651,0.8929399847984314,0.8916800022125244,0.8926600217819214,0
2025-08-04 02:10:00+00:00,0.8926299810409546,0.8928599953651428,0.8916500210762024,0.892769992351532,0
2025-08-04 02:15:00+00:00,0.89274001121521,0.8928800225257874,0.8917999863624573,0.8927099704742432,0
2025-08-04 02:20:00+00:00,0.8927199840545654,0.8928899765014648,0.8915299773216248,0.8923900127410889,0
2025-08-04 02:25:00+00:00,0.8922899961471558,0.8924999833106995,0.8913499712944031,0.8923199772834778,0
2025-08-04 02:30:00+00:00,0.8922600150108337,0.8924099802970886,0.8913699984550476,0.8923699855804443,0
2025-08-04 02:35:00+00:00,0.8923400044441223,0.8924400210380554,0.8912100195884705,0.892300009727478,0
2025-08-04 02:40:00+00:00,0.8922299742698669,0.8924400210380554,0.8913999795913696,0.8924000263214111,0
2025-08-04 02:45:00+00:00,0.8923599720001221,0.8924400210380554,0.8913300037384033,0.8921899795532227,0
2025-08-04 02:50:00+00:00,0.8922299742698669,0.8923799991607666,0.8913099765777588,0.8922500014305115,0
2025-08-04 02:55:00+00:00,0.8922899961471558,0.8923900127410889,0.8912799954414368,0.892270028591156,0
2025-08-04 03:00:00+00:00,0.8921899795532227,0.8926799893379211,0.8913800120353699,0.8925600051879883,0
2025-08-04 03:05:00+00:00,0.892520010471344,0.8926900029182434,0.8914300203323364,0.892579972743988,0
2025-08-04 03:10:00+00:00,0.8926100134849548,0.892769992351532,0.8918099999427795,0.8925899863243103,0
2025-08-04 03:15:00+00:00,0.8925600051879883,0.8928200006484985,0.8917199969291687,0.892799973487854,0
2025-08-04 03:20:00+00:00,0.892799973487854,0.8928200006484985,0.8918099999427795,0.89274001121521,0
2025-08-04 03:25:00+00:00,0.8927099704742432,0.8927900195121765,0.8918099999427795,0.8926600217819214,0
2025-08-04 03:30:00+00:00,0.8927299976348877,0.8927900195121765,0.891539990901947,0.892490029335022,0
2025-08-04 03:35:00+00:00,0.8924599885940552,0.8925099968910217,0.8914200067520142,0.8924300074577332,0
2025-08-04 03:40:00+00:00,0.8924499750137329,0.8928200006484985,0.8918600082397461,0.8926299810409546,0
2025-08-04 03:45:00+00:00,0.8926699757575989,0.8928800225257874,0.891730010509491,0.8928400278091431,0
2025-08-04 03:50:00+00:00,0.8928400278091431,0.8929700255393982,0.8918600082397461,0.8928800225257874,0
2025-08-04 03:55:00+00:00,0.8929100036621094,0.8930000066757202,0.8919500112533569,0.892799973487854,0
2025-08-04 04:00:00+00:00,0.8928400278091431,0.8931699991226196,0.8918700218200684,0.8930500149726868,0
2025-08-04 04:05:00+00:00,0.8931099772453308,0.8932600021362305,0.8921099901199341,0.8932099938392639,0
2025-08-04 04:10:00+00:00,0.8932099938392639,0.8932999968528748,0.892300009727478,0.893090009689331,0
2025-08-04 04:15:00+00:00,0.8930299878120422,0.8931300044059753,0.8920800089836121,0.892989993095398,0
2025-08-04 04:20:00+00:00,0.8930400013923645,0.8931000232696533,0.8919000029563904,0.8928099870681763,0
2025-08-04 04:25:00+00:00,0.89274001121521,0.8929799795150757,0.8919500112533569,0.8928700089454651,0
2025-08-04 04:30:00+00:00,0.8928300142288208,0.893060028553009,0.8920300006866455,0.892989993095398,0
2025-08-04 04:35:00+00:00,0.8929499983787537,0.8931400179862976,0.8920900225639343,0.8929200172424316,0
2025-08-04 04:40:00+00:00,0.8929700255393982,0.8930000066757202,0.8919199705123901,0.8928400278091431,0
2025-08-04 04:45:00+00:00,0.8929700255393982,0.89301997423172,0.8920300006866455,0.8928800225257874,0
2025-08-04 04:50:00+00:00,0.8928700089454651,0.8928899765014648,0.8918300271034241,0.8927500247955322,0
2025-08-04 04:55:00+00:00,0.8927299976348877,0.8929200172424316,0.8919900059700012,0.8928099870681763,0
2025-08-04 05:00:00+00:00,0.8927900195121765,0.8928200006484985,0.8916800022125244,0.8926699757575989,0
2025-08-04 05:05:00+00:00,0.8926299810409546,0.8928099870681763,0.891700029373169,0.8925700187683105,0
2025-08-04 05:10:00+00:00,0.8925600051879883,0.892769992351532,0.891759991645813,0.8927599787712097,0
2025-08-04 05:15:00+00:00,0.8927599787712097,0.8928200006484985,0.8917199969291687,0.8927599787712097,0
2025-08-04 05:20:00+00:00,0.8927199840545654,0.8929600119590759,0.8918899893760681,0.8928599953651428,0
2025-08-04 05:25:00+00:00,0.8929299712181091,0.8929499983787537,0.8919399976730347,0.892799973487854,0
2025-08-04 05:30:00+00:00,0.8927900195121765,0.892989993095398,0.8919100165367126,0.8929200172424316,0
2025-08-04 05:35:00+00:00,0.8929100036621094,0.8929700255393982,0.8918600082397461,0.8928499817848206,0
2025-08-04 05:40:00+00:00,0.8928800225257874,0.8930000066757202,0.8918700218200684,0.89274001121521,0
2025-08-04 05:45:00+00:00,0.8927599787712097,0.8928099870681763,0.8917999863624573,0.8925899863243103,0
2025-08-04 05:50:00+00:00,0.8925700187683105,0.8926900029182434,0.8916699886322021,0.892549991607666,0
2025-08-04 05:55:00+00:00,0.8926100134849548,0.8929799795150757,0.8918399810791016,0.8929299712181091,0
2025-08-04 06:00:00+00:00,0.8928599953651428,0.8929200172424316,0.8917099833488464,0.8926900029182434,0
2025-08-04 06:05:00+00:00,0.8926699757575989,0.8929399847984314,0.8919000029563904,0.8928899765014648,0
2025-08-04 06:10:00+00:00,0.8928700089454651,0.8931000232696533,0.891979992389679,0.8928599953651428,0
2025-08-04 06:15:00+00:00,0.892799973487854,0.893060028553009,0.8919100165367126,0.8930400013923645,0
2025-08-04 06:20:00+00:00,0.89301997423172,0.893060028553009,0.8916800022125244,0.8925099968910217,0
2025-08-04 06:25:00+00:00,0.892490029335022,0.8925300240516663,0.891260027885437,0.8923299908638,0
2025-08-04 06:30:00+00:00,0.8923199772834778,0.8926399946212769,0.8914600014686584,0.8925600051879883,0
2025-08-04 06:35:00+00:00,0.8924700021743774,0.8926100134849548,0.8916000127792358,0.8925600051879883,0
2025-08-04 06:40:00+00:00,0.8925700187683105,0.8927800059318542,0.8917099833488464,0.8926900029182434,0
2025-08-04 06:45:00+00:00,0.8926299810409546,0.8927099704742432,0.8917199969291687,0.8926100134849548,0
2025-08-04 06:50:00+00:00,0.8926399946212769,0.8928300142288208,0.8917800188064575,0.8926200270652771,0
2025-08-04 06:55:00+00:00,0.8926200270652771,0.892799973487854,0.8918200135231018,0.8924999833106995,0
2025-08-04 07:00:00+00:00,0.8923900127410889,0.8928400278091431,0.8916699886322021,0.8926799893379211,0
2025-08-04 07:05:00+00:00,0.8927299976348877,0.8927599787712097,0.891700029373169,0.8926799893379211,0
2025-08-04 07:10:00+00:00,0.8926699757575989,0.8928599953651428,0.8918499946594238,0.8925600051879883,0
2025-08-04 07:15:00+00:00,0.8925399780273438,0.8927500247955322,0.8915899991989136,0.8923199772834778,0
2025-08-04 07:20:00+00:00,0.8922200202941895,0.8924400210380554,0.8911299705505371,0.89205002784729,0
2025-08-04 07:25:00+00:00,0.892009973526001,0.8922299742698669,0.8911700248718262,0.8920400142669678,0
2025-08-04 07:30:00+00:00,0.89205002784729,0.8922799825668335,0.8911399841308594,0.8921999931335449,0
2025-08-04 07:35:00+00:00,0.8921800255775452,0.8923500180244446,0.8910800218582153,0.8920199871063232,0
2025-08-04 07:40:00+00:00,0.892009973526001,0.8921099901199341,0.891040027141571,0.89205002784729,0
2025-08-04 07:45:00+00:00,0.8920400142669678,0.8921999931335449,0.8911799788475037,0.8920900225639343,0
2025-08-04 07:50:00+00:00,0.8920300006866455,0.892490029335022,0.8913499712944031,0.8924400210380554,0
2025-08-04 07:55:00+00:00,0.8924099802970886,0.8927199840545654,0.8915500044822693,0.8923199772834778,0
2025-08-04 08:00:00+00:00,0.8922600150108337,0.8923400044441223,0.8910999894142151,0.8921700119972229,0
2025-08-04 08:05:00+00:00,0.8921899795532227,0.8922899961471558,0.8911399841308594,0.8921099901199341,0
2025-08-04 08:10:00+00:00,0.8921300172805786,0.8923900127410889,0.891260027885437,0.8920999765396118,0
2025-08-04 08:15:00+00:00,0.8920800089836121,0.8923100233078003,0.8912500143051147,0.8922399878501892,0
2025-08-04 08:20:00+00:00,0.8922500014305115,0.8923799991607666,0.8912000060081482,0.8922200202941895,0
2025-08-04 08:25:00+00:00,0.8922299742698669,0.8923299908638,0.8911499977111816,0.89205002784729,0
2025-08-04 08:30:00+00:00,0.8919900059700012,0.8920999765396118,0.891040027141571,0.8918799757957458,0
2025-08-04 08:35:00+00:00,0.8919000029563904,0.8922399878501892,0.8911100029945374,0.8921999931335449,0
2025-08-04 08:40:00+00:00,0.8921899795532227,0.8922600150108337,0.891219973564148,0.8922100067138672,0
2025-08-04 08:45:00+00:00,0.8921099901199341,0.8925399780273438,0.8912299871444702,0.8924700021743774,0
2025-08-04 08:50:00+00:00,0.892490029335022,0.8928800225257874,0.8916500210762024,0.892799973487854,0
2025-08-04 08:55:00+00:00,0.8928300142288208,0.8928899765014648,0.8918799757957458,0.8928300142288208,0
2025-08-04 09:00:00+00:00,0.8928400278091431,0.8928700089454651,0.8918099999427795,0.8927299976348877,0
2025-08-04 09:05:00+00:00,0.8927599787712097,0.8930799961090088,0.8919699788093567,0.89301997423172,0
2025-08-04 09:10:00+00:00,0.8930100202560425,0.893310010433197,0.8922799825668335,0.8932700157165527,0
2025-08-04 09:15:00+00:00,0.8932399749755859,0.8934299945831299,0.8923400044441223,0.893310010433197,0
2025-08-04 09:20:00+00:00,0.893339991569519,0.8935099840164185,0.8923299908638,0.8933600187301636,0
2025-08-04 09:25:00+00:00,0.8933600187301636,0.8934800028800964,0.8924800157546997,0.8934100270271301,0
2025-08-04 09:30:00+00:00,0.8934000134468079,0.8934800028800964,0.8924199938774109,0.893280029296875,0
2025-08-04 09:35:00+00:00,0.8932899832725525,0.8935099840164185,0.8924999833106995,0.8934699892997742,0
2025-08-04 09:40:00+00:00,0.8934599757194519,0.8935199975967407,0.8925300240516663,0.8932999968528748,0
2025-08-04 09:45:00+00:00,0.8932600021362305,0.8933600187301636,0.892270028591156,0.8931699991226196,0
2025-08-04 09:50:00+00:00,0.8932099938392639,0.8932300209999084,0.8921499848365784,0.893060028553009,0
2025-08-04 09:55:00+00:00,0.892989993095398,0.8930799961090088,0.8920999765396118,0.8927000164985657,0
2025-08-04 10:00:00+00:00,0.8926600217819214,0.8928200006484985,0.8917700052261353,0.8927599787712097,0
2025-08-04 10:05:00+00:00,0.89274001121521,0.8928300142288208,0.8917800188064575,0.8926699757575989,0
2025-08-04 10:10:00+00:00,0.8926399946212769,0.8927299976348877,0.8917199969291687,0.892579972743988,0
2025-08-04 10:15:00+00:00,0.8926100134849548,0.8926299810409546,0.8916400074958801,0.8924800157546997,0
2025-08-04 10:20:00+00:00,0.892490029335022,0.892490029335022,0.8913300037384033,0.8922299742698669,0
2025-08-04 10:25:00+00:00,0.8922200202941895,0.8924599885940552,0.8914600014686584,0.8924000263214111,0
2025-08-04 10:30:00+00:00,0.8923900127410889,0.892579972743988,0.891480028629303,0.8923199772834778,0
2025-08-04 10:35:00+00:00,0.8923199772834778,0.8924400210380554,0.8912799954414368,0.8922200202941895,0
2025-08-04 10:40:00+00:00,0.8922299742698669,0.8924199938774109,0.8914499878883362,0.8922399878501892,0
2025-08-04 10:45:00+00:00,0.8921999931335449,0.8924999833106995,0.8913400173187256,0.8924700021743774,0
2025-08-04 10:50:00+00:00,0.8924499750137329,0.8928099870681763,0.891730010509491,0.8927299976348877,0
2025-08-04 10:55:00+00:00,0.8926500082015991,0.8928400278091431,0.8918200135231018,0.8927299976348877,0
2025-08-04 11:00:00+00:00,0.89274001121521,0.8928499817848206,0.8917400240898132,0.8928099870681763,0
2025-08-04 11:05:00+00:00,0.89274001121521,0.8928899765014648,0.8916000127792358,0.8925300240516663,0
2025-08-04 11:10:00+00:00,0.8925099968910217,0.8926900029182434,0.8916199803352356,0.8926699757575989,0
2025-08-04 11:15:00+00:00,0.8926200270652771,0.8928700089454651,0.8916900157928467,0.892799973487854,0
2025-08-04 11:20:00+00:00,0.8927299976348877,0.8929700255393982,0.8919399976730347,0.892769992351532,0
2025-08-04 11:25:00+00:00,0.892799973487854,0.8928300142288208,0.891730010509491,0.8927500247955322,0
2025-08-04 11:30:00+00:00,0.892799973487854,0.8928999900817871,0.8918399810791016,0.8926600217819214,0
2025-08-04 11:35:00+00:00,0.8926399946212769,0.8927500247955322,0.8917199969291687,0.8926299810409546,0
2025-08-04 11:40:00+00:00,0.8926299810409546,0.8927299976348877,0.8917400240898132,0.8925899863243103,0
2025-08-04 11:45:00+00:00,0.8925899863243103,0.892799973487854,0.8916500210762024,0.8927199840545654,0
2025-08-04 11:50:00+00:00,0.8927299976348877,0.8928999900817871,0.8918799757957458,0.8928599953651428,0
2025-08-04 11:55:00+00:00,0.8928499817848206,0.8930100202560425,0.8919900059700012,0.8928800225257874,0
2025-08-04 12:00:00+00:00,0.8928700089454651,0.8930699825286865,0.8919600248336792,0.8927800059318542,0
2025-08-04 12:05:00+00:00,0.892799973487854,0.8930100202560425,0.8919500112533569,0.892769992351532,0
2025-08-04 12:10:00+00:00,0.892769992351532,0.8929799795150757,0.8919100165367126,0.8928599953651428,0
2025-08-04 12:15:00+00:00,0.8928499817848206,0.8931400179862976,0.892009973526001,0.8928899765014648,0
2025-08-04 12:20:00+00:00,0.8928599953651428,0.8932099938392639,0.8921899795532227,0.8931499719619751,0
2025-08-04 12:25:00+00:00,0.8930299878120422,0.8932499885559082,0.8921599984169006,0.8931400179862976,0
2025-08-04 12:30:00+00:00,0.8932099938392639,0.8932999968528748,0.8922399878501892,0.8932200074195862,0
2025-08-04 12:35:00+00:00,0.8932300209999084,0.8932700157165527,0.8922100067138672,0.8931599855422974,0
2025-08-04 12:40:00+00:00,0.8931599855422974,0.8932399749755859,0.8922200202941895,0.8930000066757202,0
2025-08-04 12:45:00+00:00,0.892989993095398,0.8930799961090088,0.8918399810791016,0.8927900195121765,0
2025-08-04 12:50:00+00:00,0.8927599787712097,0.8928599953651428,0.8918399810791016,0.8926699757575989,0
2025-08-04 12:55:00+00:00,0.8926900029182434,0.892769992351532,0.8918200135231018,0.8925999999046326,0
2025-08-04 13:00:00+00:00,0.892520010471344,0.8927299976348877,0.8916599750518799,0.8926399946212769,0
2025-08-04 13:05:00+00:00,0.8925999999046326,0.8928499817848206,0.8917800188064575,0.8928099870681763,0
2025-08-04 13:10:00+00:00,0.8928099870681763,0.8929200172424316,0.8918300271034241,0.8927599787712097,0
2025-08-04 13:15:00+00:00,0.8927599787712097,0.8928899765014648,0.8918200135231018,0.892579972743988,0
2025-08-04 13:20:00+00:00,0.8925600051879883,0.8929299712181091,0.8915799856185913,0.8928999900817871,0
2025-08-04 13:25:00+00:00,0.8928499817848206,0.8930000066757202,0.892009973526001,0.8927599787712097,0
2025-08-04 13:30:00+00:00,0.8926799893379211,0.8929299712181091,0.8918499946594238,0.89274001121521,0
2025-08-04 13:35:00+00:00,0.8927099704742432,0.892769992351532,0.8914399743080139,0.892300009727478,0
2025-08-04 13:40:00+00:00,0.8923599720001221,0.8925399780273438,0.8913499712944031,0.8922299742698669,0
2025-08-04 13:45:00+00:00,0.8921599984169006,0.8923199772834778,0.8911399841308594,0.8920999765396118,0
2025-08-04 13:50:00+00:00,0.8921499848365784,0.8922500014305115,0.8911100029945374,0.8919600248336792,0
2025-08-04 13:55:00+00:00,0.8919399976730347,0.8921599984169006,0.891789972782135,0.8918300271034241,0
2025-08-04 14:00:00+00:00,0.8918399810791016,0.8922100067138672,0.8909299969673157,0.8920699954032898,0
2025-08-04 14:05:00+00:00,0.89205002784729,0.8924499750137329,0.8910800218582153,0.891979992389679,0
2025-08-04 14:10:00+00:00,0.891979992389679,0.891979992389679,0.8908900022506714,0.8919000029563904,0
2025-08-04 14:15:00+00:00,0.8918600082397461,0.8921899795532227,0.8910300135612488,0.8920800089836121,0
2025-08-04 14:20:00+00:00,0.8920599818229675,0.8922100067138672,0.8912000060081482,0.8921800255775452,0
2025-08-04 14:25:00+00:00,0.8921599984169006,0.8924000263214111,0.8914200067520142,0.8922600150108337,0
2025-08-04 14:30:00+00:00,0.8921899795532227,0.892579972743988,0.891319990158081,0.8923799991607666,0
2025-08-04 14:35:00+00:00,0.8923900127410889,0.8925999999046326,0.8915799856185913,0.8924300074577332,0
2025-08-04 14:40:00+00:00,0.8924400210380554,0.8925700187683105,0.8914700150489807,0.8920999765396118,0
2025-08-04 14:45:00+00:00,0.8920800089836121,0.8921499848365784,0.8910300135612488,0.892009973526001,0
2025-08-04 14:50:00+00:00,0.8919199705123901,0.8920199871063232,0.8907099962234497,0.8913999795913696,0
2025-08-04 14:55:00+00:00,0.8913900256156921,0.8915500044822693,0.8903499841690063,0.8910999894142151,0
2025-08-04 15:00:00+00:00,0.8910999894142151,0.8915299773216248,0.8904299736022949,0.891510009765625,0
2025-08-04 15:05:00+00:00,0.8914600014686584,0.891510009765625,0.8903700113296509,0.8914399743080139,0
2025-08-04 15:10:00+00:00,0.8914200067520142,0.8915200233459473,0.8904299736022949,0.8913099765777588,0
2025-08-04 15:15:00+00:00,0.8913000226020813,0.8913900256156921,0.8901699781417847,0.8912400007247925,0
2025-08-04 15:20:00+00:00,0.8911799788475037,0.8912699818611145,0.8900799751281738,0.891040027141571,0
2025-08-04 15:25:00+00:00,0.8910300135612488,0.8911499977111816,0.8899800181388855,0.89096999168396,0
2025-08-04 15:30:00+00:00,0.8908900022506714,0.8910800218582153,0.8899499773979187,0.8908900022506714,0
2025-08-04 15:35:00+00:00,0.8908399939537048,0.89096999168396,0.8897200226783752,0.8907700181007385,0
2025-08-04 15:40:00+00:00,0.8907999992370605,0.8909100294113159,0.8896399736404419,0.8908200263977051,0
2025-08-04 15:45:00+00:00,0.8907999992370605,0.8909199833869934,0.8898299932479858,0.8907899856567383,0
2025-08-04 15:50:00+00:00,0.8908200263977051,0.8909100294113159,0.8897799849510193,0.8907099962234497,0
2025-08-04 15:55:00+00:00,0.8906999826431274,0.8907600045204163,0.889710009098053,0.8905500173568726,0
2025-08-04 16:00:00+00:00,0.8904899954795837,0.8906999826431274,0.8896399736404419,0.8904899954795837,0
2025-08-04 16:05:00+00:00,0.8904299736022949,0.8906300067901611,0.8896099925041199,0.890500009059906,0
2025-08-04 16:10:00+00:00,0.8905100226402283,0.8907999992370605,0.8898100256919861,0.8905900120735168,0
2025-08-04 16:15:00+00:00,0.8906499743461609,0.8907999992370605,0.8897299766540527,0.8906800150871277,0
2025-08-04 16:20:00+00:00,0.8906700015068054,0.8907999992370605,0.8897299766540527,0.89069002866745,0
2025-08-04 16:25:00+00:00,0.8906999826431274,0.8908699750900269,0.8899099826812744,0.8907600045204163,0
2025-08-04 16:30:00+00:00,0.8907399773597717,0.8907899856567383,0.889739990234375,0.8907300233840942,0
2025-08-04 16:35:00+00:00,0.8906599879264832,0.8908900022506714,0.8897899985313416,0.8907899856567383,0
2025-08-04 16:40:00+00:00,0.890749990940094,0.8908299803733826,0.8897600173950195,0.8906099796295166,0
2025-08-04 16:45:00+00:00,0.8906700015068054,0.8908299803733826,0.8897600173950195,0.890720009803772,0
2025-08-04 16:50:00+00:00,0.8906400203704834,0.8908100128173828,0.889739990234375,0.89069002866745,0
2025-08-04 16:55:00+00:00,0.8906199932098389,0.8907300233840942,0.8894699811935425,0.8904399871826172,0
2025-08-04 17:00:00+00:00,0.8904200196266174,0.890529990196228,0.8893200159072876,0.8903800249099731,0
2025-08-04 17:05:00+00:00,0.890470027923584,0.8905199766159058,0.8894199728965759,0.8903499841690063,0
2025-08-04 17:10:00+00:00,0.8902599811553955,0.8904399871826172,0.8894799947738647,0.8903599977493286,0
2025-08-04 17:15:00+00:00,0.8903899788856506,0.8904600143432617,0.8894400000572205,0.8903899788856506,0
2025-08-04 17:20:00+00:00,0.8904500007629395,0.890470027923584,0.8893600106239319,0.8903599977493286,0
2025-08-04 17:25:00+00:00,0.890250027179718,0.890470027923584,0.8894500136375427,0.8903899788856506,0
2025-08-04 17:30:00+00:00,0.8903599977493286,0.8904399871826172,0.8894400000572205,0.89028000831604,0
2025-08-04 17:35:00+00:00,0.8902900218963623,0.8903800249099731,0.8894100189208984,0.890250027179718,0
2025-08-04 17:40:00+00:00,0.8902999758720398,0.8903899788856506,0.8893899917602539,0.8903099894523621,0
2025-08-04 17:45:00+00:00,0.8902999758720398,0.8903800249099731,0.8892499804496765,0.8901900053024292,0
2025-08-04 17:50:00+00:00,0.890209972858429,0.8903300166130066,0.8892899751663208,0.8900899887084961,0
2025-08-04 17:55:00+00:00,0.8900700211524963,0.8902300000190735,0.8891199827194214,0.8900099992752075,0
2025-08-04 18:00:00+00:00,0.8900600075721741,0.8902999758720398,0.8892599940299988,0.8902000188827515,0
2025-08-04 18:05:00+00:00,0.8901500105857849,0.8903700113296509,0.8892999887466431,0.8903499841690063,0
2025-08-04 18:10:00+00:00,0.8902999758720398,0.8904600143432617,0.8894500136375427,0.8903899788856506,0
2025-08-04 18:15:00+00:00,0.8903700113296509,0.890529990196228,0.8895000219345093,0.8905100226402283,0
2025-08-04 18:20:00+00:00,0.8904600143432617,0.8906499743461609,0.889710009098053,0.8905799984931946,0
2025-08-04 18:25:00+00:00,0.8905699849128723,0.8906400203704834,0.8895000219345093,0.8903399705886841,0
2025-08-04 18:30:00+00:00,0.8904100060462952,0.8904600143432617,0.8895300030708313,0.8903200030326843,0
2025-08-04 18:35:00+00:00,0.8903800249099731,0.8903999924659729,0.8894500136375427,0.8903200030326843,0
2025-08-04 18:40:00+00:00,0.8902900218963623,0.8904299736022949,0.8893700242042542,0.8903700113296509,0
2025-08-04 18:45:00+00:00,0.8903300166130066,0.8904500007629395,0.8894400000572205,0.8903800249099731,0
2025-08-04 18:50:00+00:00,0.8903899788856506,0.8904399871826172,0.8894100189208984,0.8902999758720398,0
2025-08-04 18:55:00+00:00,0.8903300166130066,0.8904399871826172,0.8893600106239319,0.8904100060462952,0
2025-08-04 19:00:00+00:00,0.8903999924659729,0.8905900120735168,0.889519989490509,0.890470027923584,0
2025-08-04 19:05:00+00:00,0.8904600143432617,0.8904899954795837,0.8894000053405762,0.8904100060462952,0
2025-08-04 19:10:00+00:00,0.8903700113296509,0.8904100060462952,0.8894100189208984,0.8902599811553955,0
2025-08-04 19:15:00+00:00,0.890250027179718,0.8905500173568726,0.8894400000572205,0.8905199766159058,0
2025-08-04 19:20:00+00:00,0.8904799818992615,0.8907399773597717,0.8896399736404419,0.8907099962234497,0
2025-08-04 19:25:00+00:00,0.8906999826431274,0.8907600045204163,0.8897799849510193,0.890720009803772,0
2025-08-04 19:30:00+00:00,0.8907099962234497,0.890779972076416,0.8897200226783752,0.8906499743461609,0
2025-08-04 19:35:00+00:00,0.8906199932098389,0.89069002866745,0.8896700143814087,0.8905500173568726,0
2025-08-04 19:40:00+00:00,0.8905799984931946,0.8906999826431274,0.889739990234375,0.8906499743461609,0
2025-08-04 19:45:00+00:00,0.8906599879264832,0.8907099962234497,0.8896099925041199,0.8904500007629395,0
2025-08-04 19:50:00+00:00,0.8904500007629395,0.8906099796295166,0.8895800113677979,0.890500009059906,0
2025-08-04 19:55:00+00:00,0.890500009059906,0.890749990940094,0.8896099925041199,0.8907099962234497,0
2025-08-04 20:00:00+00:00,0.89069002866745,0.8907899856567383,0.8897899985313416,0.8906499743461609,0
2025-08-04 20:05:00+00:00,0.8906300067901611,0.8908799886703491,0.8896700143814087,0.8908500075340271,0
2025-08-04 20:10:00+00:00,0.8908500075340271,0.8910700082778931,0.8899999856948853,0.8909299969673157,0
2025-08-04 20:15:00+00:00,0.8909400105476379,0.8911399841308594,0.8900899887084961,0.891040027141571,0
2025-08-04 20:20:00+00:00,0.8909900188446045,0.8910899758338928,0.8899700045585632,0.8909199833869934,0
2025-08-04 20:25:00+00:00,0.8909000158309937,0.890999972820282,0.889930009841919,0.8908500075340271,0
2025-08-04 20:30:00+00:00,0.8907899856567383,0.8909400105476379,0.8898299932479858,0.8907399773597717,0
2025-08-04 20:35:00+00:00,0.8907399773597717,0.8907899856567383,0.8897299766540527,0.890779972076416,0
2025-08-04 20:40:00+00:00,0.890720009803772,0.8908699750900269,0.8898599743843079,0.8908299803733826,0
2025-08-04 20:45:00+00:00,0.8907600045204163,0.8910199999809265,0.8899800181388855,0.8909199833869934,0
2025-08-04 20:50:00+00:00,0.8909299969673157,0.8912400007247925,0.8902599811553955,0.891219973564148,0
2025-08-04 20:55:00+00:00,0.8910899758338928,0.8912400007247925,0.8901399970054626,0.8904799818992615,0
2025-08-04 21:00:00+00:00,0.8909199833869934,0.8909199833869934,0.8894100189208984,0.8898299932479858,0
2025-08-04 21:05:00+00:00,0.8902400135993958,0.8904899954795837,0.889930009841919,0.8901000022888184,0
2025-08-04 21:10:00+00:00,0.8902599811553955,0.8920400142669678,0.8900899887084961,0.8903099894523621,0
2025-08-04 21:15:00+00:00,0.8902900218963623,0.891700029373169,0.8896600008010864,0.8902900218963623,0
2025-08-04 21:20:00+00:00,0.8902300000190735,0.8917199969291687,0.8902199864387512,0.8904200196266174,0
2025-08-04 21:25:00+00:00,0.8903700113296509,0.8920199871063232,0.8900700211524963,0.8903800249099731,0
2025-08-04 21:30:00+00:00,0.8903999924659729,0.8915600180625916,0.8901799917221069,0.8912100195884705,0
2025-08-04 21:35:00+00:00,0.8911499977111816,0.8913300037384033,0.890500009059906,0.8908200263977051,0
2025-08-04 21:40:00+00:00,0.8907899856567383,0.891260027885437,0.8903499841690063,0.8908900022506714,0
2025-08-04 21:45:00+00:00,0.8910899758338928,0.8911600112915039,0.8904299736022949,0.8909599781036377,0
2025-08-04 21:50:00+00:00,0.8910599946975708,0.8911399841308594,0.8903200030326843,0.8908699750900269,0
2025-08-04 21:55:00+00:00,0.8907999992370605,0.8911299705505371,0.8902199864387512,0.890749990940094,0
2025-08-04 22:00:00+00:00,0.8907700181007385,0.8912400007247925,0.8903200030326843,0.8910599946975708,0
2025-08-04 22:05:00+00:00,0.8910899758338928,0.8913000226020813,0.8903499841690063,0.8912299871444702,0
2025-08-04 22:10:00+00:00,0.8911700248718262,0.8913000226020813,0.8902699947357178,0.8912500143051147,0
2025-08-04 22:15:00+00:00,0.8911499977111816,0.891319990158081,0.8902900218963623,0.8911399841308594,0
2025-08-04 22:20:00+00:00,0.8911600112915039,0.8912799954414368,0.8902999758720398,0.8911100029945374,0
2025-08-04 22:25:00+00:00,0.8912500143051147,0.8913000226020813,0.8903700113296509,0.8911200165748596,0
2025-08-04 22:30:00+00:00,0.8910499811172485,0.8911600112915039,0.8901200294494629,0.8910999894142151,0
2025-08-04 22:35:00+00:00,0.8910599946975708,0.8912299871444702,0.8902699947357178,0.8911399841308594,0
2025-08-04 22:40:00+00:00,0.8910099864006042,0.8913800120353699,0.8903200030326843,0.8913400173187256,0
2025-08-04 22:45:00+00:00,0.8913400173187256,0.8913999795913696,0.8902900218963623,0.891219973564148,0
2025-08-04 22:50:00+00:00,0.8911799788475037,0.8912699818611145,0.8901200294494629,0.8912100195884705,0
2025-08-04 22:55:00+00:00,0.8912400007247925,0.891260027885437,0.8901900053024292,0.8911499977111816,0
2025-08-04 23:00:00+00:00,0.8911499977111816,0.8913000226020813,0.8900899887084961,0.891040027141571,0
2025-08-04 23:05:00+00:00,0.8910899758338928,0.891319990158081,0.8902300000190735,0.8912500143051147,0
2025-08-04 23:10:00+00:00,0.8911499977111816,0.891319990158081,0.8903200030326843,0.8911899924278259,0
2025-08-04 23:15:00+00:00,0.8911600112915039,0.8912799954414368,0.8902300000190735,0.8911499977111816,0
2025-08-04 23:20:00+00:00,0.8911200165748596,0.8912799954414368,0.8901699781417847,0.891219973564148,0
2025-08-04 23:25:00+00:00,0.891260027885437,0.8913000226020813,0.8902900218963623,0.8912400007247925,0
2025-08-04 23:30:00+00:00,0.8912400007247925,0.8913599848747253,0.8902999758720398,0.8913099765777588,0
2025-08-04 23:35:00+00:00,0.891290009021759,0.8913999795913696,0.8904500007629395,0.8913000226020813,0
2025-08-04 23:40:00+00:00,0.8913300037384033,0.8915200233459473,0.8905199766159058,0.8913699984550476,0
2025-08-04 23:45:00+00:00,0.8914399743080139,0.8914700150489807,0.8904399871826172,0.8913800120353699,0
2025-08-04 23:50:00+00:00,0.8914399743080139,0.8916299939155579,0.8906300067901611,0.8914499878883362,0
2025-08-04 23:55:00+00:00,0.8913800120353699,0.8915299773216248,0.8905799984931946,0.8913699984550476,0
2025-08-05 00:00:00+00:00,0.8913599848747253,0.8916000127792358,0.8904500007629395,0.891569972038269,0
2025-08-05 00:05:00+00:00,0.891539990901947,0.8917400240898132,0.8905500173568726,0.8914600014686584,0
2025-08-05 00:10:00+00:00,0.8914399743080139,0.8914700150489807,0.8903499841690063,0.891260027885437,0
2025-08-05 00:15:00+00:00,0.8912000060081482,0.8912799954414368,0.8900899887084961,0.8908699750900269,0
2025-08-05 00:20:00+00:00,0.8908600211143494,0.8909100294113159,0.8899199962615967,0.8906800150871277,0
2025-08-05 00:25:00+00:00,0.8906700015068054,0.8909800052642822,0.8897600173950195,0.8909000158309937,0
2025-08-05 00:30:00+00:00,0.8909199833869934,0.8913099765777588,0.8899700045585632,0.8913000226020813,0
2025-08-05 00:35:00+00:00,0.8912400007247925,0.8914099931716919,0.8903700113296509,0.8912799954414368,0
2025-08-05 00:40:00+00:00,0.8913000226020813,0.8915600180625916,0.8906099796295166,0.8914200067520142,0
2025-08-05 00:45:00+00:00,0.8914600014686584,0.8916199803352356,0.8905199766159058,0.8914399743080139,0
2025-08-05 00:50:00+00:00,0.8914899826049805,0.8915299773216248,0.8902000188827515,0.8910499811172485,0
2025-08-05 00:55:00+00:00,0.8910300135612488,0.8913099765777588,0.8901799917221069,0.8910300135612488,0
2025-08-05 01:00:00+00:00,0.8910700082778931,0.8911899924278259,0.890030026435852,0.8907899856567383,0
2025-08-05 01:05:00+00:00,0.8908500075340271,0.8912299871444702,0.8898299932479858,0.8911100029945374,0
2025-08-05 01:10:00+00:00,0.8911499977111816,0.8912100195884705,0.8900600075721741,0.8909100294113159,0
2025-08-05 01:15:00+00:00,0.8908900022506714,0.8909199833869934,0.8896300196647644,0.8906099796295166,0
2025-08-05 01:20:00+00:00,0.8906199932098389,0.89069002866745,0.8896099925041199,0.8905100226402283,0
2025-08-05 01:25:00+00:00,0.890500009059906,0.8908799886703491,0.8898000121116638,0.8907600045204163,0
2025-08-05 01:30:00+00:00,0.890749990940094,0.891040027141571,0.8898599743843079,0.8909100294113159,0
2025-08-05 01:35:00+00:00,0.8908799886703491,0.8910099864006042,0.889959990978241,0.8909000158309937,0
2025-08-05 01:40:00+00:00,0.8909299969673157,0.8911399841308594,0.8901000022888184,0.8908900022506714,0
2025-08-05 01:45:00+00:00,0.89096999168396,0.8910800218582153,0.8898000121116638,0.89069002866745,0
2025-08-05 01:50:00+00:00,0.8906999826431274,0.8908399939537048,0.8897500038146973,0.890749990940094,0
2025-08-05 01:55:00+00:00,0.89069002866745,0.890779972076416,0.8895900249481201,0.8906099796295166,0
2025-08-05 02:00:00+00:00,0.8905699849128723,0.8906199932098389,0.8893899917602539,0.890250027179718,0
2025-08-05 02:05:00+00:00,0.8902400135993958,0.8904500007629395,0.8894400000572205,0.8902999758720398,0
2025-08-05 02:10:00+00:00,0.8902599811553955,0.8904600143432617,0.889460027217865,0.8901900053024292,0
2025-08-05 02:15:00+00:00,0.890209972858429,0.8903099894523621,0.8892599940299988,0.8901299834251404,0
2025-08-05 02:20:00+00:00,0.8901600241661072,0.8904799818992615,0.8893200159072876,0.8903800249099731,0
2025-08-05 02:25:00+00:00,0.8903599977493286,0.8904500007629395,0.8895300030708313,0.890209972858429,0
2025-08-05 02:30:00+00:00,0.890209972858429,0.8902900218963623,0.8891100287437439,0.8900700211524963,0
2025-08-05 02:35:00+00:00,0.890030026435852,0.8901699781417847,0.8891800045967102,0.8900099992752075,0
2025-08-05 02:40:00+00:00,0.8900399804115295,0.8902900218963623,0.8893399834632874,0.8901299834251404,0
2025-08-05 02:45:00+00:00,0.8902000188827515,0.8903300166130066,0.8892999887466431,0.890209972858429,0
2025-08-05 02:50:00+00:00,0.8902199864387512,0.890470027923584,0.8894199728965759,0.8903899788856506,0
2025-08-05 02:55:00+00:00,0.8903999924659729,0.8905799984931946,0.8895699977874756,0.89055997133255,0
2025-08-05 03:00:00+00:00,0.8905500173568726,0.8906499743461609,0.8896499872207642,0.8905699849128723,0
2025-08-05 03:05:00+00:00,0.89055997133255,0.89069002866745,0.8896899819374084,0.8906499743461609,0
2025-08-05 03:10:00+00:00,0.8906099796295166,0.8906800150871277,0.889739990234375,0.8906300067901611,0
2025-08-05 03:15:00+00:00,0.89055997133255,0.8906999826431274,0.8897299766540527,0.8906000256538391,0
2025-08-05 03:20:00+00:00,0.8905400037765503,0.8906599879264832,0.8895599842071533,0.8904799818992615,0
2025-08-05 03:25:00+00:00,0.8905400037765503,0.8906099796295166,0.889549970626831,0.89055997133255,0
2025-08-05 03:30:00+00:00,0.8904799818992615,0.8906999826431274,0.8896099925041199,0.8904899954795837,0
2025-08-05 03:35:00+00:00,0.8904600143432617,0.8906599879264832,0.8896600008010864,0.8906099796295166,0
2025-08-05 03:40:00+00:00,0.8906000256538391,0.8907300233840942,0.8898199796676636,0.8905799984931946,0
2025-08-05 03:45:00+00:00,0.8905900120735168,0.8906300067901611,0.8896399736404419,0.89055997133255,0
2025-08-05 03:50:00+00:00,0.8905400037765503,0.8906099796295166,0.8895400166511536,0.8903999924659729,0
2025-08-05 03:55:00+00:00,0.8903499841690063,0.8903999924659729,0.8891800045967102,0.8900899887084961,0
2025-08-05 04:00:00+00:00,0.8901000022888184,0.8901200294494629,0.8891199827194214,0.8900899887084961,0
2025-08-05 04:05:00+00:00,0.8900799751281738,0.8901699781417847,0.8891199827194214,0.8900399804115295,0
2025-08-05 04:10:00+00:00,0.889989972114563,0.8903300166130066,0.8892499804496765,0.8902400135993958,0
2025-08-05 04:15:00+00:00,0.8901900053024292,0.8903599977493286,0.8892300128936768,0.890209972858429,0
2025-08-05 04:20:00+00:00,0.8902000188827515,0.8903800249099731,0.8892899751663208,0.8903599977493286,0
2025-08-05 04:25:00+00:00,0.8902599811553955,0.890470027923584,0.8894400000572205,0.8904600143432617,0
2025-08-05 04:30:00+00:00,0.8904500007629395,0.8905199766159058,0.8894299864768982,0.8903800249099731,0
2025-08-05 04:35:00+00:00,0.8903200030326843,0.8906300067901611,0.8894400000572205,0.8905699849128723,0
2025-08-05 04:40:00+00:00,0.890529990196228,0.8908399939537048,0.8897500038146973,0.890779972076416,0
2025-08-05 04:45:00+00:00,0.890749990940094,0.8911700248718262,0.8899199962615967,0.8911200165748596,0
2025-08-05 04:50:00+00:00,0.8910899758338928,0.8912699818611145,0.8902000188827515,0.8912699818611145,0
2025-08-05 04:55:00+00:00,0.891260027885437,0.8913599848747253,0.8903899788856506,0.8911200165748596,0
2025-08-05 05:00:00+00:00,0.8911100029945374,0.8911499977111816,0.8900600075721741,0.8908699750900269,0
2025-08-05 05:05:00+00:00,0.8909100294113159,0.8909500241279602,0.8899700045585632,0.8908600211143494,0
2025-08-05 05:10:00+00:00,0.8908900022506714,0.89096999168396,0.8900200128555298,0.8909400105476379,0
2025-08-05 05:15:00+00:00,0.8909299969673157,0.8909299969673157,0.8897799849510193,0.8905799984931946,0
2025-08-05 05:20:00+00:00,0.8906000256538391,0.8908500075340271,0.8897799849510193,0.8907700181007385,0
2025-08-05 05:25:00+00:00,0.8907300233840942,0.8908299803733826,0.8898500204086304,0.8907999992370605,0
2025-08-05 05:30:00+00:00,0.8907899856567383,0.8909500241279602,0.8899700045585632,0.8908399939537048,0
2025-08-05 05:35:00+00:00,0.8908299803733826,0.89096999168396,0.8897899985313416,0.8907399773597717,0
2025-08-05 05:40:00+00:00,0.8907600045204163,0.8909000158309937,0.8898199796676636,0.890749990940094,0
2025-08-05 05:45:00+00:00,0.8907600045204163,0.89096999168396,0.8899000287055969,0.8907700181007385,0
2025-08-05 05:50:00+00:00,0.8907600045204163,0.8909199833869934,0.8898299932479858,0.8909199833869934,0
2025-08-05 05:55:00+00:00,0.8909000158309937,0.89096999168396,0.8898400068283081,0.8907099962234497,0
2025-08-05 06:00:00+00:00,0.8905799984931946,0.8909299969673157,0.8895400166511536,0.8905799984931946,0
2025-08-05 06:05:00+00:00,0.8905900120735168,0.8908100128173828,0.8897200226783752,0.8905100226402283,0
2025-08-05 06:10:00+00:00,0.890470027923584,0.890779972076416,0.8896899819374084,0.8907399773597717,0
2025-08-05 06:15:00+00:00,0.8906700015068054,0.8910499811172485,0.8898000121116638,0.8910099864006042,0
2025-08-05 06:20:00+00:00,0.891040027141571,0.891480028629303,0.8902599811553955,0.8913599848747253,0
2025-08-05 06:25:00+00:00,0.8913699984550476,0.8916000127792358,0.8905500173568726,0.8913800120353699,0
2025-08-05 06:30:00+00:00,0.8913099765777588,0.8914200067520142,0.8901000022888184,0.891040027141571,0
2025-08-05 06:35:00+00:00,0.8910599946975708,0.8911499977111816,0.8901600241661072,0.8910199999809265,0
2025-08-05 06:40:00+00:00,0.8909599781036377,0.8911600112915039,0.8901000022888184,0.8908900022506714,0
2025-08-05 06:45:00+00:00,0.8908500075340271,0.8910499811172485,0.8898500204086304,0.8905199766159058,0
2025-08-05 06:50:00+00:00,0.8905100226402283,0.8906800150871277,0.8896200060844421,0.890529990196228,0
2025-08-05 06:55:00+00:00,0.8904899954795837,0.8906300067901611,0.8896200060844421,0.8904299736022949,0
2025-08-05 07:00:00+00:00,0.8904100060462952,0.89096999168396,0.8895300030708313,0.8908699750900269,0
2025-08-05 07:05:00+00:00,0.8908600211143494,0.8912400007247925,0.8898500204086304,0.8910099864006042,0
2025-08-05 07:10:00+00:00,0.8909599781036377,0.8911299705505371,0.8900799751281738,0.890779972076416,0
2025-08-05 07:15:00+00:00,0.8907399773597717,0.891319990158081,0.8900200128555298,0.891219973564148,0
2025-08-05 07:20:00+00:00,0.891219973564148,0.8913699984550476,0.8901100158691406,0.8909500241279602,0
2025-08-05 07:25:00+00:00,0.8909500241279602,0.8911799788475037,0.8902999758720398,0.8910899758338928,0
2025-08-05 07:30:00+00:00,0.8911100029945374,0.8911899924278259,0.889959990978241,0.8908399939537048,0
2025-08-05 07:35:00+00:00,0.8907999992370605,0.89096999168396,0.8897600173950195,0.8906499743461609,0
2025-08-05 07:40:00+00:00,0.8906300067901611,0.8909400105476379,0.8898900151252747,0.8907399773597717,0
2025-08-05 07:45:00+00:00,0.8907999992370605,0.8908100128173828,0.889460027217865,0.8900799751281738,0
2025-08-05 07:50:00+00:00,0.8901000022888184,0.8901900053024292,0.8890900015830994,0.8900799751281738,0
2025-08-05 07:55:00+00:00,0.8900600075721741,0.8903399705886841,0.8893499970436096,0.8901500105857849,0
2025-08-05 08:00:00+00:00,0.8901000022888184,0.8902900218963623,0.8891800045967102,0.8901000022888184,0
2025-08-05 08:05:00+00:00,0.8900099992752075,0.8903899788856506,0.8893499970436096,0.8902900218963623,0
2025-08-05 08:10:00+00:00,0.8902999758720398,0.8903999924659729,0.8892599940299988,0.89028000831604,0
2025-08-05 08:15:00+00:00,0.89028000831604,0.8903999924659729,0.8892999887466431,0.8902400135993958,0
2025-08-05 08:20:00+00:00,0.8902699947357178,0.8907300233840942,0.8896099925041199,0.8906199932098389,0
2025-08-05 08:25:00+00:00,0.8906599879264832,0.890749990940094,0.8898199796676636,0.8906700015068054,0
2025-08-05 08:30:00+00:00,0.8906300067901611,0.8909000158309937,0.889739990234375,0.8908500075340271,0
2025-08-05 08:35:00+00:00,0.8908399939537048,0.8910800218582153,0.8898400068283081,0.8907099962234497,0
2025-08-05 08:40:00+00:00,0.8906599879264832,0.8908600211143494,0.8898900151252747,0.8905900120735168,0
2025-08-05 08:45:00+00:00,0.890529990196228,0.890779972076416,0.8895300030708313,0.8905199766159058,0
2025-08-05 08:50:00+00:00,0.890500009059906,0.8908799886703491,0.8895900249481201,0.8908200263977051,0
2025-08-05 08:55:00+00:00,0.8908500075340271,0.8909800052642822,0.8899700045585632,0.8908500075340271,0
2025-08-05 09:00:00+00:00,0.8908399939537048,0.8910199999809265,0.889959990978241,0.8908500075340271,0
2025-08-05 09:05:00+00:00,0.8909000158309937,0.8911600112915039,0.8901000022888184,0.8910199999809265,0
2025-08-05 09:10:00+00:00,0.8909900188446045,0.8911200165748596,0.8900099992752075,0.8909199833869934,0
2025-08-05 09:15:00+00:00,0.890999972820282,0.8913000226020813,0.8900799751281738,0.8911799788475037,0
2025-08-05 09:20:00+00:00,0.8911799788475037,0.8914300203323364,0.8903200030326843,0.8913000226020813,0
2025-08-05 09:25:00+00:00,0.8912799954414368,0.891510009765625,0.890500009059906,0.8913900256156921,0
2025-08-05 09:30:00+00:00,0.8914200067520142,0.8915200233459473,0.8905100226402283,0.8914399743080139,0
2025-08-05 09:35:00+00:00,0.8914200067520142,0.8916199803352356,0.8905400037765503,0.8915200233459473,0
2025-08-05 09:40:00+00:00,0.8915200233459473,0.8915600180625916,0.8905100226402283,0.8914300203323364,0
2025-08-05 09:45:00+00:00,0.8914300203323364,0.8916800022125244,0.8905500173568726,0.8915899991989136,0
2025-08-05 09:50:00+00:00,0.8915899991989136,0.8917099833488464,0.8906300067901611,0.8916199803352356,0
2025-08-05 09:55:00+00:00,0.8915600180625916,0.8916599750518799,0.8905699849128723,0.8914499878883362,0
2025-08-05 10:00:00+00:00,0.8913999795913696,0.8917999863624573,0.8904600143432617,0.891759991645813,0
2025-08-05 10:05:00+00:00,0.8917499780654907,0.8918399810791016,0.89055997133255,0.8914099931716919,0
2025-08-05 10:10:00+00:00,0.8913900256156921,0.8916699886322021,0.8906000256538391,0.891569972038269,0
2025-08-05 10:15:00+00:00,0.8914999961853027,0.8916699886322021,0.8905699849128723,0.891510009765625,0
2025-08-05 10:20:00+00:00,0.891510009765625,0.8915799856185913,0.8905400037765503,0.8915600180625916,0
2025-08-05 10:25:00+00:00,0.891510009765625,0.891759991645813,0.8906700015068054,0.8913999795913696,0
2025-08-05 10:30:00+00:00,0.8914899826049805,0.8916000127792358,0.8904500007629395,0.891510009765625,0
2025-08-05 10:35:00+00:00,0.891569972038269,0.8916699886322021,0.8906700015068054,0.8916100263595581,0
2025-08-05 10:40:00+00:00,0.891539990901947,0.8916699886322021,0.890720009803772,0.8916299939155579,0
2025-08-05 10:45:00+00:00,0.8916400074958801,0.8917099833488464,0.8905199766159058,0.8914300203323364,0
2025-08-05 10:50:00+00:00,0.8913900256156921,0.8915600180625916,0.8905100226402283,0.891480028629303,0
2025-08-05 10:55:00+00:00,0.8914099931716919,0.891569972038269,0.8905900120735168,0.8913099765777588,0
2025-08-05 11:00:00+00:00,0.8913000226020813,0.8913900256156921,0.8903200030326843,0.8911399841308594,0
2025-08-05 11:05:00+00:00,0.8911299705505371,0.8911600112915039,0.8901000022888184,0.8909800052642822,0
2025-08-05 11:10:00+00:00,0.8909500241279602,0.8911799788475037,0.8902000188827515,0.8910800218582153,0
2025-08-05 11:15:00+00:00,0.8911299705505371,0.8911700248718262,0.8900700211524963,0.8911100029945374,0
2025-08-05 11:20:00+00:00,0.8911399841308594,0.8913599848747253,0.89028000831604,0.891290009021759,0
2025-08-05 11:25:00+00:00,0.8912799954414368,0.891319990158081,0.8902900218963623,0.8912100195884705,0
2025-08-05 11:30:00+00:00,0.8912100195884705,0.8914999961853027,0.8903200030326843,0.8914499878883362,0
2025-08-05 11:35:00+00:00,0.8914300203323364,0.891539990901947,0.8901200294494629,0.8910999894142151,0
2025-08-05 11:40:00+00:00,0.8910800218582153,0.8913300037384033,0.8903200030326843,0.8911499977111816,0
2025-08-05 11:45:00+00:00,0.8911399841308594,0.891260027885437,0.8901299834251404,0.8909400105476379,0
2025-08-05 11:50:00+00:00,0.8909800052642822,0.8911100029945374,0.8900799751281738,0.8910899758338928,0
2025-08-05 11:55:00+00:00,0.8910499811172485,0.8913499712944031,0.8903899788856506,0.8912299871444702,0
2025-08-05 12:00:00+00:00,0.8912100195884705,0.8913300037384033,0.8902000188827515,0.8912400007247925,0
2025-08-05 12:05:00+00:00,0.8912400007247925,0.8917199969291687,0.8906199932098389,0.8916400074958801,0
2025-08-05 12:10:00+00:00,0.8917199969291687,0.8918399810791016,0.890779972076416,0.891700029373169,0
2025-08-05 12:15:00+00:00,0.8916400074958801,0.8918600082397461,0.8905699849128723,0.8917099833488464,0
2025-08-05 12:20:00+00:00,0.8917199969291687,0.8917800188064575,0.8905500173568726,0.8915799856185913,0
2025-08-05 12:25:00+00:00,0.891539990901947,0.8918399810791016,0.8907899856567383,0.8917400240898132,0
2025-08-05 12:30:00+00:00,0.8916800022125244,0.8918200135231018,0.8905900120735168,0.8914399743080139,0
2025-08-05 12:35:00+00:00,0.8914499878883362,0.8918200135231018,0.89069002866745,0.8916900157928467,0
2025-08-05 12:40:00+00:00,0.8916299939155579,0.8919500112533569,0.8907999992370605,0.8918600082397461,0
2025-08-05 12:45:00+00:00,0.8918099999427795,0.8920400142669678,0.8908299803733826,0.8918300271034241,0
2025-08-05 12:50:00+00:00,0.8918200135231018,0.8919000029563904,0.8907300233840942,0.891789972782135,0
2025-08-05 12:55:00+00:00,0.891759991645813,0.8921899795532227,0.8911499977111816,0.8920300006866455,0
2025-08-05 13:00:00+00:00,0.892009973526001,0.8923699855804443,0.891040027141571,0.8921999931335449,0
2025-08-05 13:05:00+00:00,0.8922500014305115,0.8924599885940552,0.8913099765777588,0.8921599984169006,0
2025-08-05 13:10:00+00:00,0.8922100067138672,0.8925999999046326,0.8915299773216248,0.8925300240516663,0
2025-08-05 13:15:00+00:00,0.892520010471344,0.892549991607666,0.8913900256156921,0.8923299908638,0
2025-08-05 13:20:00+00:00,0.8923199772834778,0.89274001121521,0.8915500044822693,0.8926500082015991,0
2025-08-05 13:25:00+00:00,0.8926900029182434,0.8928599953651428,0.8918600082397461,0.8927900195121765,0
2025-08-05 13:30:00+00:00,0.8927500247955322,0.8928499817848206,0.8912699818611145,0.8921300172805786,0
2025-08-05 13:35:00+00:00,0.8921399712562561,0.8921700119972229,0.8907300233840942,0.8917199969291687,0
2025-08-05 13:40:00+00:00,0.891730010509491,0.8918600082397461,0.8907600045204163,0.8914200067520142,0
2025-08-05 13:45:00+00:00,0.8914399743080139,0.8916900157928467,0.890500009059906,0.8911100029945374,0
2025-08-05 13:50:00+00:00,0.8910599946975708,0.8911499977111816,0.8900899887084961,0.8911299705505371,0
2025-08-05 13:55:00+00:00,0.8911100029945374,0.8912699818611145,0.890250027179718,0.8912000060081482,0
2025-08-05 14:00:00+00:00,0.8910999894142151,0.8914999961853027,0.8896700143814087,0.8912500143051147,0
2025-08-05 14:05:00+00:00,0.8912699818611145,0.8915299773216248,0.8902000188827515,0.8911100029945374,0
2025-08-05 14:10:00+00:00,0.8911399841308594,0.8911600112915039,0.8900499939918518,0.8909900188446045,0
2025-08-05 14:15:00+00:00,0.8909800052642822,0.8913099765777588,0.8901299834251404,0.8909299969673157,0
2025-08-05 14:20:00+00:00,0.8910099864006042,0.8911200165748596,0.8899700045585632,0.89096999168396,0
2025-08-05 14:25:00+00:00,0.8909599781036377,0.8911399841308594,0.889989972114563,0.8909900188446045,0
2025-08-05 14:30:00+00:00,0.8909900188446045,0.8910099864006042,0.8899400234222412,0.8906199932098389,0
2025-08-05 14:35:00+00:00,0.8906599879264832,0.8908399939537048,0.8895999789237976,0.8908100128173828,0
2025-08-05 14:40:00+00:00,0.8908100128173828,0.8909500241279602,0.8898900151252747,0.8906800150871277,0
2025-08-05 14:45:00+00:00,0.8906499743461609,0.890779972076416,0.8895000219345093,0.8903099894523621,0
2025-08-05 14:50:00+00:00,0.8903200030326843,0.8906400203704834,0.8894299864768982,0.8905400037765503,0
2025-08-05 14:55:00+00:00,0.8904799818992615,0.8908399939537048,0.8898699879646301,0.89069002866745,0
2025-08-05 15:00:00+00:00,0.8907300233840942,0.891510009765625,0.8897500038146973,0.8914999961853027,0
2025-08-05 15:05:00+00:00,0.8914899826049805,0.8916000127792358,0.8902599811553955,0.891219973564148,0
2025-08-05 15:10:00+00:00,0.8912100195884705,0.8915299773216248,0.89028000831604,0.8914899826049805,0
2025-08-05 15:15:00+00:00,0.8914399743080139,0.8914899826049805,0.8902000188827515,0.8911499977111816,0
2025-08-05 15:20:00+00:00,0.8911499977111816,0.8914600014686584,0.8903200030326843,0.8913099765777588,0
2025-08-05 15:25:00+00:00,0.891260027885437,0.8913999795913696,0.8903499841690063,0.8913099765777588,0
2025-08-05 15:30:00+00:00,0.8913000226020813,0.8914499878883362,0.8903599977493286,0.8911799788475037,0
2025-08-05 15:35:00+00:00,0.8911700248718262,0.891260027885437,0.8901000022888184,0.8910499811172485,0
2025-08-05 15:40:00+00:00,0.8909800052642822,0.8911100029945374,0.8901000022888184,0.8910300135612488,0
2025-08-05 15:45:00+00:00,0.8910700082778931,0.8912000060081482,0.8900600075721741,0.8909100294113159,0
2025-08-05 15:50:00+00:00,0.8909500241279602,0.891260027885437,0.8901900053024292,0.8911799788475037,0
2025-08-05 15:55:00+00:00,0.8911899924278259,0.8916400074958801,0.8906599879264832,0.8915899991989136,0
2025-08-05 16:00:00+00:00,0.8916000127792358,0.8916800022125244,0.8906599879264832,0.8916500210762024,0
2025-08-05 16:05:00+00:00,0.8916400074958801,0.8916500210762024,0.8904899954795837,0.891480028629303,0
2025-08-05 16:10:00+00:00,0.8915299773216248,0.891730010509491,0.8905400037765503,0.8914499878883362,0
2025-08-05 16:15:00+00:00,0.891480028629303,0.891700029373169,0.8906400203704834,0.8916100263595581,0
2025-08-05 16:20:00+00:00,0.8915799856185913,0.8919299840927124,0.890779972076416,0.8918700218200684,0
2025-08-05 16:25:00+00:00,0.8918600082397461,0.8919699788093567,0.8909000158309937,0.8919600248336792,0
2025-08-05 16:30:00+00:00,0.8919000029563904,0.892490029335022,0.890999972820282,0.8922799825668335,0
2025-08-05 16:35:00+00:00,0.8922899961471558,0.8923799991607666,0.8910800218582153,0.892009973526001,0
2025-08-05 16:40:00+00:00,0.892009973526001,0.8921399712562561,0.8911499977111816,0.8920699954032898,0
2025-08-05 16:45:00+00:00,0.8921099901199341,0.8921099901199341,0.8909400105476379,0.8918700218200684,0
2025-08-05 16:50:00+00:00,0.8918200135231018,0.8920999765396118,0.8910700082778931,0.8919900059700012,0
2025-08-05 16:55:00+00:00,0.891979992389679,0.8921999931335449,0.8911700248718262,0.8920999765396118,0
2025-08-05 17:00:00+00:00,0.8920199871063232,0.8922100067138672,0.8912100195884705,0.8921700119972229,0
2025-08-05 17:05:00+00:00,0.8921300172805786,0.8922399878501892,0.8911200165748596,0.8922100067138672,0
2025-08-05 17:10:00+00:00,0.8921800255775452,0.8922600150108337,0.8911899924278259,0.8921800255775452,0
2025-08-05 17:15:00+00:00,0.8921300172805786,0.8922600150108337,0.8913000226020813,0.8921499848365784,0
2025-08-05 17:20:00+00:00,0.8920900225639343,0.8922600150108337,0.8911200165748596,0.8919399976730347,0
2025-08-05 17:25:00+00:00,0.8919600248336792,0.8921200037002563,0.8911799788475037,0.8920599818229675,0
2025-08-05 17:30:00+00:00,0.8920699954032898,0.8921200037002563,0.8910899758338928,0.8920699954032898,0
2025-08-05 17:35:00+00:00,0.8920599818229675,0.8922299742698669,0.8911700248718262,0.8921700119972229,0
2025-08-05 17:40:00+00:00,0.8921200037002563,0.8922899961471558,0.8912000060081482,0.8922200202941895,0
2025-08-05 17:45:00+00:00,0.8921499848365784,0.8922299742698669,0.891040027141571,0.8920000195503235,0
2025-08-05 17:50:00+00:00,0.8920199871063232,0.8921800255775452,0.8911399841308594,0.8920599818229675,0
2025-08-05 17:55:00+00:00,0.8921200037002563,0.8921899795532227,0.8912299871444702,0.8920999765396118,0
2025-08-05 18:00:00+00:00,0.8921099901199341,0.8921599984169006,0.8911799788475037,0.8920300006866455,0
2025-08-05 18:05:00+00:00,0.8919399976730347,0.8920599818229675,0.8909400105476379,0.8918399810791016,0
2025-08-05 18:10:00+00:00,0.8918200135231018,0.8919600248336792,0.8909400105476379,0.8918099999427795,0
2025-08-05 18:15:00+00:00,0.8918600082397461,0.8920000195503235,0.8909299969673157,0.8919500112533569,0
2025-08-05 18:20:00+00:00,0.8919500112533569,0.8921499848365784,0.8910999894142151,0.8920800089836121,0
2025-08-05 18:25:00+00:00,0.8920599818229675,0.8921800255775452,0.8911700248718262,0.8920999765396118,0
2025-08-05 18:30:00+00:00,0.8920599818229675,0.8921800255775452,0.8911299705505371,0.891979992389679,0
2025-08-05 18:35:00+00:00,0.892009973526001,0.8920999765396118,0.8910199999809265,0.8920300006866455,0
2025-08-05 18:40:00+00:00,0.8920000195503235,0.8921099901199341,0.891040027141571,0.8918399810791016,0
2025-08-05 18:45:00+00:00,0.8918799757957458,0.8919000029563904,0.8906499743461609,0.8916400074958801,0
2025-08-05 18:50:00+00:00,0.8916199803352356,0.891730010509491,0.8906599879264832,0.8915799856185913,0
2025-08-05 18:55:00+00:00,0.891510009765625,0.8916199803352356,0.89055997133255,0.891510009765625,0
2025-08-05 19:00:00+00:00,0.8915299773216248,0.8916100263595581,0.8906000256538391,0.8914499878883362,0
2025-08-05 19:05:00+00:00,0.8913999795913696,0.8915299773216248,0.890470027923584,0.8913499712944031,0
2025-08-05 19:10:00+00:00,0.8913499712944031,0.8914300203323364,0.890500009059906,0.891290009021759,0
2025-08-05 19:15:00+00:00,0.891290009021759,0.8914300203323364,0.8904200196266174,0.8913699984550476,0
2025-08-05 19:20:00+00:00,0.8913599848747253,0.8913900256156921,0.8903099894523621,0.8912100195884705,0
2025-08-05 19:25:00+00:00,0.8912000060081482,0.8914399743080139,0.8903999924659729,0.8914099931716919,0
2025-08-05 19:30:00+00:00,0.8914200067520142,0.8915500044822693,0.8904600143432617,0.8914999961853027,0
2025-08-05 19:35:00+00:00,0.8914899826049805,0.8916199803352356,0.8906000256538391,0.8914899826049805,0
2025-08-05 19:40:00+00:00,0.891510009765625,0.8915899991989136,0.8905799984931946,0.8915299773216248,0
2025-08-05 19:45:00+00:00,0.8915600180625916,0.8916400074958801,0.8906499743461609,0.8915799856185913,0
2025-08-05 19:50:00+00:00,0.8915899991989136,0.8916699886322021,0.8905900120735168,0.8914499878883362,0
2025-08-05 19:55:00+00:00,0.8914899826049805,0.8915299773216248,0.890209972858429,0.8909299969673157,0
2025-08-05 20:00:00+00:00,0.8908299803733826,0.8910999894142151,0.8899700045585632,0.891040027141571,0
2025-08-05 20:05:00+00:00,0.891040027141571,0.891219973564148,0.8901799917221069,0.8912000060081482,0
2025-08-05 20:10:00+00:00,0.8911899924278259,0.8912799954414368,0.8900700211524963,0.8911299705505371,0
2025-08-05 20:15:00+00:00,0.8910999894142151,0.8913499712944031,0.8903599977493286,0.8912799954414368,0
2025-08-05 20:20:00+00:00,0.8913000226020813,0.8915299773216248,0.8903999924659729,0.8914899826049805,0
2025-08-05 20:25:00+00:00,0.891510009765625,0.8916100263595581,0.8906099796295166,0.8915500044822693,0
2025-08-05 20:30:00+00:00,0.891480028629303,0.8916000127792358,0.8906800150871277,0.891480028629303,0
2025-08-05 20:35:00+00:00,0.8915200233459473,0.8916100263595581,0.8904600143432617,0.8913800120353699,0
2025-08-05 20:40:00+00:00,0.8913699984550476,0.8915200233459473,0.8905400037765503,0.8914300203323364,0
2025-08-05 20:45:00+00:00,0.8914999961853027,0.8916500210762024,0.8904500007629395,0.8913300037384033,0
2025-08-05 20:50:00+00:00,0.8913800120353699,0.891569972038269,0.8903899788856506,0.8912299871444702,0
2025-08-05 20:55:00+00:00,0.8912000060081482,0.8913800120353699,0.8903700113296509,0.8909000158309937,0
2025-08-05 21:00:00+00:00,0.8908799886703491,0.8910199999809265,0.8899700045585632,0.890030026435852,0
2025-08-05 21:05:00+00:00,0.8903300166130066,0.8903899788856506,0.8899800181388855,0.8901500105857849,0
2025-08-05 21:10:00+00:00,0.8902900218963623,0.8912100195884705,0.8901000022888184,0.8908399939537048,0
2025-08-05 21:15:00+00:00,0.8911200165748596,0.891219973564148,0.8905500173568726,0.8910199999809265,0
2025-08-05 21:20:00+00:00,0.8911600112915039,0.8914300203323364,0.89055997133255,0.891319990158081,0
2025-08-05 21:25:00+00:00,0.891319990158081,0.8914099931716919,0.8906199932098389,0.8910700082778931,0
2025-08-05 21:30:00+00:00,0.8912000060081482,0.8913099765777588,0.8906199932098389,0.8913000226020813,0
2025-08-05 21:35:00+00:00,0.891290009021759,0.8913300037384033,0.8906199932098389,0.8913300037384033,0
2025-08-05 21:40:00+00:00,0.8912299871444702,0.8913800120353699,0.8906599879264832,0.890779972076416,0
2025-08-05 21:45:00+00:00,0.8910899758338928,0.8910999894142151,0.8902999758720398,0.8906700015068054,0
2025-08-05 21:50:00+00:00,0.890779972076416,0.89096999168396,0.8900899887084961,0.8908100128173828,0
2025-08-05 21:55:00+00:00,0.8908200263977051,0.8909900188446045,0.8901100158691406,0.8908699750900269,0
2025-08-05 22:00:00+00:00,0.8909199833869934,0.8912400007247925,0.8903200030326843,0.8910700082778931,0
2025-08-05 22:05:00+00:00,0.8910800218582153,0.8912000060081482,0.890209972858429,0.8910800218582153,0
2025-08-05 22:10:00+00:00,0.8910800218582153,0.8911899924278259,0.8902000188827515,0.8910999894142151,0
2025-08-05 22:15:00+00:00,0.8910499811172485,0.891290009021759,0.8901299834251404,0.8910899758338928,0
2025-08-05 22:20:00+00:00,0.8910999894142151,0.8912299871444702,0.890250027179718,0.8912100195884705,0
2025-08-05 22:25:00+00:00,0.8911399841308594,0.8912699818611145,0.8902199864387512,0.8912100195884705,0
2025-08-05 22:30:00+00:00,0.891219973564148,0.891290009021759,0.890250027179718,0.8912299871444702,0
2025-08-05 22:35:00+00:00,0.8912000060081482,0.8912500143051147,0.8901200294494629,0.8910499811172485,0
2025-08-05 22:40:00+00:00,0.8910800218582153,0.8912299871444702,0.8901699781417847,0.891219973564148,0
2025-08-05 22:45:00+00:00,0.8911499977111816,0.8913599848747253,0.8902599811553955,0.891260027885437,0
2025-08-05 22:50:00+00:00,0.8912400007247925,0.8913099765777588,0.8902999758720398,0.8912400007247925,0
2025-08-05 22:55:00+00:00,0.8912299871444702,0.8913099765777588,0.8902199864387512,0.8911100029945374,0
2025-08-05 23:00:00+00:00,0.8909800052642822,0.8912799954414368,0.8900799751281738,0.8909500241279602,0
2025-08-05 23:05:00+00:00,0.8910599946975708,0.891290009021759,0.8901799917221069,0.891290009021759,0
2025-08-05 23:10:00+00:00,0.8912400007247925,0.8914099931716919,0.8904299736022949,0.8913400173187256,0
2025-08-05 23:15:00+00:00,0.8913400173187256,0.8914899826049805,0.8904399871826172,0.8913300037384033,0
2025-08-05 23:20:00+00:00,0.891290009021759,0.8913400173187256,0.8903599977493286,0.891260027885437,0
2025-08-05 23:25:00+00:00,0.8912500143051147,0.891319990158081,0.8902599811553955,0.8912000060081482,0
2025-08-05 23:30:00+00:00,0.8912000060081482,0.8913099765777588,0.89028000831604,0.8911899924278259,0
2025-08-05 23:35:00+00:00,0.8911499977111816,0.891319990158081,0.8902300000190735,0.8912699818611145,0
2025-08-05 23:40:00+00:00,0.891260027885437,0.8914700150489807,0.8904299736022949,0.8914399743080139,0
2025-08-05 23:45:00+00:00,0.8913599848747253,0.891569972038269,0.8904200196266174,0.8913800120353699,0
2025-08-05 23:50:00+00:00,0.8913599848747253,0.891480028629303,0.8903899788856506,0.8914099931716919,0
2025-08-05 23:55:00+00:00,0.8914099931716919,0.8914999961853027,0.8905699849128723,0.8911499977111816,0
2025-08-06 00:00:00+00:00,0.8911600112915039,0.8917099833488464,0.8904500007629395,0.8916699886322021,0
2025-08-06 00:05:00+00:00,0.8916400074958801,0.8920900225639343,0.8910300135612488,0.8920699954032898,0
2025-08-06 00:10:00+00:00,0.8920599818229675,0.8921099901199341,0.8910999894142151,0.892009973526001,0
2025-08-06 00:15:00+00:00,0.8919600248336792,0.8924099802970886,0.891219973564148,0.8920699954032898,0
2025-08-06 00:20:00+00:00,0.8920900225639343,0.8921899795532227,0.8910899758338928,0.8919199705123901,0
2025-08-06 00:25:00+00:00,0.891979992389679,0.8920900225639343,0.8910800218582153,0.8920300006866455,0
2025-08-06 00:30:00+00:00,0.8919600248336792,0.8922100067138672,0.8911200165748596,0.8920999765396118,0
2025-08-06 00:35:00+00:00,0.8920900225639343,0.8923100233078003,0.8911899924278259,0.8922600150108337,0
2025-08-06 00:40:00+00:00,0.8922299742698669,0.8923199772834778,0.8913599848747253,0.8922500014305115,0
2025-08-06 00:45:00+00:00,0.8922299742698669,0.8923299908638,0.8913099765777588,0.8922299742698669,0
2025-08-06 00:50:00+00:00,0.8921899795532227,0.892300009727478,0.8911100029945374,0.8921399712562561,0
2025-08-06 00:55:00+00:00,0.89205002784729,0.8922100067138672,0.8911299705505371,0.8920300006866455,0
2025-08-06 01:00:00+00:00,0.8920199871063232,0.892270028591156,0.8911600112915039,0.8921499848365784,0
2025-08-06 01:05:00+00:00,0.8921200037002563,0.8921999931335449,0.8911600112915039,0.8919299840927124,0
2025-08-06 01:10:00+00:00,0.8920000195503235,0.8921099901199341,0.8910099864006042,0.8919500112533569,0
2025-08-06 01:15:00+00:00,0.8919399976730347,0.8920400142669678,0.89096999168396,0.8917700052261353,0
2025-08-06 01:20:00+00:00,0.8918200135231018,0.8919199705123901,0.8909199833869934,0.8917199969291687,0
2025-08-06 01:25:00+00:00,0.8917700052261353,0.8918399810791016,0.890779972076416,0.891759991645813,0
2025-08-06 01:30:00+00:00,0.8916800022125244,0.8919699788093567,0.8908799886703491,0.8919199705123901,0
2025-08-06 01:35:00+00:00,0.8919000029563904,0.8920900225639343,0.8909000158309937,0.8920300006866455,0
2025-08-06 01:40:00+00:00,0.892009973526001,0.8922600150108337,0.8912299871444702,0.8922299742698669,0
2025-08-06 01:45:00+00:00,0.8922100067138672,0.8923400044441223,0.891219973564148,0.8922100067138672,0
2025-08-06 01:50:00+00:00,0.8921999931335449,0.8923699855804443,0.8913499712944031,0.8923199772834778,0
2025-08-06 01:55:00+00:00,0.8923500180244446,0.8924000263214111,0.8913400173187256,0.8923299908638,0
2025-08-06 02:00:00+00:00,0.8922500014305115,0.8923799991607666,0.8911700248718262,0.8921899795532227,0
2025-08-06 02:05:00+00:00,0.8921899795532227,0.8925600051879883,0.8913099765777588,0.892520010471344,0
2025-08-06 02:10:00+00:00,0.892490029335022,0.8928300142288208,0.8916000127792358,0.8927000164985657,0
2025-08-06 02:15:00+00:00,0.8927199840545654,0.8928200006484985,0.891789972782135,0.8927099704742432,0
2025-08-06 02:20:00+00:00,0.8927000164985657,0.8930299878120422,0.8919399976730347,0.8928099870681763,0
2025-08-06 02:25:00+00:00,0.8927500247955322,0.8928899765014648,0.8918799757957458,0.8928700089454651,0
2025-08-06 02:30:00+00:00,0.8928400278091431,0.8928899765014648,0.8916500210762024,0.8928300142288208,0
2025-08-06 02:35:00+00:00,0.892799973487854,0.89301997423172,0.8919100165367126,0.8927900195121765,0
2025-08-06 02:40:00+00:00,0.8927900195121765,0.8928800225257874,0.8919699788093567,0.8927800059318542,0
2025-08-06 02:45:00+00:00,0.892769992351532,0.8928899765014648,0.8917999863624573,0.8927299976348877,0
2025-08-06 02:50:00+00:00,0.8927099704742432,0.8928499817848206,0.8918200135231018,0.8927800059318542,0
2025-08-06 02:55:00+00:00,0.8928099870681763,0.8928800225257874,0.8918899893760681,0.8928300142288208,0
2025-08-06 03:00:00+00:00,0.8928300142288208,0.893060028553009,0.892009973526001,0.8929799795150757,0
2025-08-06 03:05:00+00:00,0.892989993095398,0.8931900262832642,0.8922399878501892,0.8931300044059753,0
2025-08-06 03:10:00+00:00,0.8931199908256531,0.8931499719619751,0.8921499848365784,0.89301997423172,0
2025-08-06 03:15:00+00:00,0.8930400013923645,0.8931599855422974,0.8920900225639343,0.8930500149726868,0
2025-08-06 03:20:00+00:00,0.8930400013923645,0.8934400081634521,0.8921399712562561,0.8934299945831299,0
2025-08-06 03:25:00+00:00,0.8934199810028076,0.8935099840164185,0.8924700021743774,0.8934800028800964,0
2025-08-06 03:30:00+00:00,0.8934699892997742,0.8937100172042847,0.8925899863243103,0.8936399817466736,0
2025-08-06 03:35:00+00:00,0.8936700224876404,0.8936899900436401,0.8925700187683105,0.8934299945831299,0
2025-08-06 03:40:00+00:00,0.8934199810028076,0.8935499787330627,0.8924400210380554,0.8934100270271301,0
2025-08-06 03:45:00+00:00,0.8934100270271301,0.8935199975967407,0.8924999833106995,0.8934699892997742,0
2025-08-06 03:50:00+00:00,0.8934599757194519,0.8935400247573853,0.8924999833106995,0.8935099840164185,0
2025-08-06 03:55:00+00:00,0.8934699892997742,0.8936600089073181,0.8926200270652771,0.8934199810028076,0
2025-08-06 04:00:00+00:00,0.8933500051498413,0.893750011920929,0.8924300074577332,0.8936200141906738,0
2025-08-06 04:05:00+00:00,0.893559992313385,0.8936600089073181,0.8926699757575989,0.8936200141906738,0
2025-08-06 04:10:00+00:00,0.893559992313385,0.8936700224876404,0.8925600051879883,0.8935700058937073,0
2025-08-06 04:15:00+00:00,0.893530011177063,0.8937299847602844,0.8925300240516663,0.8936499953269958,0
2025-08-06 04:20:00+00:00,0.8936700224876404,0.8938599824905396,0.8926799893379211,0.8937100172042847,0
2025-08-06 04:25:00+00:00,0.893779993057251,0.8938300013542175,0.8927099704742432,0.8936899900436401,0
2025-08-06 04:30:00+00:00,0.8936600089073181,0.8938400149345398,0.8927299976348877,0.8938300013542175,0
2025-08-06 04:35:00+00:00,0.8938400149345398,0.8939999938011169,0.8929399847984314,0.8938300013542175,0
2025-08-06 04:40:00+00:00,0.8938300013542175,0.8939700126647949,0.8928899765014648,0.8938800096511841,0
2025-08-06 04:45:00+00:00,0.8938599824905396,0.8942099809646606,0.8930299878120422,0.8941799998283386,0
2025-08-06 04:50:00+00:00,0.8941299915313721,0.8942000269889832,0.8931099772453308,0.894070029258728,0
2025-08-06 04:55:00+00:00,0.8940399885177612,0.8942199945449829,0.893280029296875,0.894029974937439,0
2025-08-06 05:00:00+00:00,0.8940899968147278,0.8941900134086609,0.8929499983787537,0.8939200043678284,0
2025-08-06 05:05:00+00:00,0.8938199877738953,0.8940100073814392,0.8929200172424316,0.8938699960708618,0
2025-08-06 05:10:00+00:00,0.8938599824905396,0.8938900232315063,0.8928400278091431,0.8936799764633179,0
2025-08-06 05:15:00+00:00,0.8936700224876404,0.8937699794769287,0.8928099870681763,0.8936600089073181,0
2025-08-06 05:20:00+00:00,0.8937100172042847,0.8937900066375732,0.8927900195121765,0.8936700224876404,0
2025-08-06 05:25:00+00:00,0.8937000036239624,0.8937299847602844,0.8927299976348877,0.8936200141906738,0
2025-08-06 05:30:00+00:00,0.8936100006103516,0.8936799764633179,0.8925399780273438,0.8933699727058411,0
2025-08-06 05:35:00+00:00,0.8933500051498413,0.8934800028800964,0.8923699855804443,0.8934500217437744,0
2025-08-06 05:40:00+00:00,0.8933899998664856,0.893530011177063,0.8925600051879883,0.893530011177063,0
2025-08-06 05:45:00+00:00,0.8934800028800964,0.893559992313385,0.8924599885940552,0.8934299945831299,0
2025-08-06 05:50:00+00:00,0.8934999704360962,0.893530011177063,0.8924000263214111,0.8932999968528748,0
2025-08-06 05:55:00+00:00,0.8932499885559082,0.8934000134468079,0.8924400210380554,0.8933299779891968,0
2025-08-06 06:00:00+00:00,0.8932399749755859,0.8934999704360962,0.8923599720001221,0.893310010433197,0
2025-08-06 06:05:00+00:00,0.8932499885559082,0.8933899998664856,0.8924499750137329,0.8933600187301636,0
2025-08-06 06:10:00+00:00,0.8932999968528748,0.8934299945831299,0.8923599720001221,0.8932700157165527,0
2025-08-06 06:15:00+00:00,0.8932600021362305,0.8934299945831299,0.8923400044441223,0.8932099938392639,0
2025-08-06 06:20:00+00:00,0.8932600021362305,0.893310010433197,0.8922299742698669,0.8931999802589417,0
2025-08-06 06:25:00+00:00,0.8931900262832642,0.8935099840164185,0.8923400044441223,0.8933799862861633,0
2025-08-06 06:30:00+00:00,0.8933699727058411,0.8935800194740295,0.892490029335022,0.8934800028800964,0
2025-08-06 06:35:00+00:00,0.8934199810028076,0.8936700224876404,0.8922600150108337,0.8934400081634521,0
2025-08-06 06:40:00+00:00,0.8934299945831299,0.8935999870300293,0.8926299810409546,0.8934000134468079,0
2025-08-06 06:45:00+00:00,0.8934000134468079,0.8934599757194519,0.8924099802970886,0.8933500051498413,0
2025-08-06 06:50:00+00:00,0.8932899832725525,0.8935099840164185,0.8924300074577332,0.8934900164604187,0
2025-08-06 06:55:00+00:00,0.8934299945831299,0.8935800194740295,0.8925600051879883,0.8934299945831299,0
2025-08-06 07:00:00+00:00,0.8934299945831299,0.8934400081634521,0.8923500180244446,0.8932700157165527,0
2025-08-06 07:05:00+00:00,0.8932899832725525,0.8934400081634521,0.892300009727478,0.8933299779891968,0
2025-08-06 07:10:00+00:00,0.8933200240135193,0.8934800028800964,0.8925099968910217,0.893310010433197,0
2025-08-06 07:15:00+00:00,0.8933699727058411,0.893559992313385,0.8924999833106995,0.8934500217437744,0
2025-08-06 07:20:00+00:00,0.8934999704360962,0.8936899900436401,0.8926299810409546,0.893530011177063,0
2025-08-06 07:25:00+00:00,0.8935800194740295,0.8940799832344055,0.8928999900817871,0.8940600156784058,0
2025-08-06 07:30:00+00:00,0.8939700126647949,0.8940799832344055,0.8929200172424316,0.8938699960708618,0
2025-08-06 07:35:00+00:00,0.8938300013542175,0.8940500020980835,0.8930100202560425,0.8938900232315063,0
2025-08-06 07:40:00+00:00,0.8939499855041504,0.8940500020980835,0.8929799795150757,0.8938500285148621,0
2025-08-06 07:45:00+00:00,0.8939300179481506,0.8940500020980835,0.8929600119590759,0.8938800096511841,0
2025-08-06 07:50:00+00:00,0.8939200043678284,0.8940600156784058,0.8930100202560425,0.8939399719238281,0
2025-08-06 07:55:00+00:00,0.8939399719238281,0.8940399885177612,0.8930400013923645,0.8938300013542175,0
2025-08-06 08:00:00+00:00,0.8938199877738953,0.8939399719238281,0.8928200006484985,0.8938800096511841,0
2025-08-06 08:05:00+00:00,0.8938199877738953,0.8939899802207947,0.8929700255393982,0.8939300179481506,0
2025-08-06 08:10:00+00:00,0.8938699960708618,0.8940200209617615,0.8928899765014648,0.893750011920929,0
2025-08-06 08:15:00+00:00,0.8937199711799622,0.8938199877738953,0.8925999999046326,0.8935800194740295,0
2025-08-06 08:20:00+00:00,0.893530011177063,0.8937600255012512,0.8926500082015991,0.8937000036239624,0
2025-08-06 08:25:00+00:00,0.8937399983406067,0.8937699794769287,0.89274001121521,0.8936700224876404,0
2025-08-06 08:30:00+00:00,0.893589973449707,0.8937000036239624,0.8926399946212769,0.8934800028800964,0
2025-08-06 08:35:00+00:00,0.8934699892997742,0.8935700058937073,0.892490029335022,0.8933799862861633,0
2025-08-06 08:40:00+00:00,0.8933799862861633,0.8935800194740295,0.892579972743988,0.8934199810028076,0
2025-08-06 08:45:00+00:00,0.8934599757194519,0.893589973449707,0.8925999999046326,0.8934900164604187,0
2025-08-06 08:50:00+00:00,0.8934500217437744,0.8937000036239624,0.892579972743988,0.8936399817466736,0
2025-08-06 08:55:00+00:00,0.893589973449707,0.8938300013542175,0.8928300142288208,0.8936899900436401,0
2025-08-06 09:00:00+00:00,0.8936600089073181,0.893809974193573,0.8927800059318542,0.8937399983406067,0
2025-08-06 09:05:00+00:00,0.8936899900436401,0.8937699794769287,0.8927800059318542,0.8936200141906738,0
2025-08-06 09:10:00+00:00,0.8936899900436401,0.8939200043678284,0.8928400278091431,0.8938599824905396,0
2025-08-06 09:15:00+00:00,0.8938999772071838,0.8939999938011169,0.8930299878120422,0.8938400149345398,0
2025-08-06 09:20:00+00:00,0.8938699960708618,0.894070029258728,0.8929799795150757,0.8939999938011169,0
2025-08-06 09:25:00+00:00,0.8939899802207947,0.8940500020980835,0.8930000066757202,0.8938599824905396,0
2025-08-06 09:30:00+00:00,0.893809974193573,0.8939800262451172,0.8929399847984314,0.8938999772071838,0
2025-08-06 09:35:00+00:00,0.8938500285148621,0.8940200209617615,0.8930299878120422,0.8939800262451172,0
2025-08-06 09:40:00+00:00,0.8939599990844727,0.8940600156784058,0.8931199908256531,0.8939499855041504,0
2025-08-06 09:45:00+00:00,0.8939599990844727,0.8939999938011169,0.8929700255393982,0.8939300179481506,0
2025-08-06 09:50:00+00:00,0.8939300179481506,0.8939599990844727,0.8929600119590759,0.8938900232315063,0
2025-08-06 09:55:00+00:00,0.8938599824905396,0.8940100073814392,0.8930100202560425,0.8938199877738953,0
2025-08-06 10:00:00+00:00,0.8937399983406067,0.8938500285148621,0.892769992351532,0.8937299847602844,0
2025-08-06 10:05:00+00:00,0.8937199711799622,0.8938999772071838,0.8926200270652771,0.8936799764633179,0
2025-08-06 10:10:00+00:00,0.8936100006103516,0.8939200043678284,0.8929299712181091,0.8937900066375732,0
2025-08-06 10:15:00+00:00,0.8938300013542175,0.894070029258728,0.8928999900817871,0.8940600156784058,0
2025-08-06 10:20:00+00:00,0.8940200209617615,0.8942000269889832,0.8931099772453308,0.8940600156784058,0
2025-08-06 10:25:00+00:00,0.8940100073814392,0.8942199945449829,0.8931499719619751,0.8940899968147278,0
2025-08-06 10:30:00+00:00,0.89410001039505,0.8942000269889832,0.8931400179862976,0.8940899968147278,0
2025-08-06 10:35:00+00:00,0.8940500020980835,0.8941500186920166,0.8931599855422974,0.894070029258728,0
2025-08-06 10:40:00+00:00,0.8941100239753723,0.8942700028419495,0.8932099938392639,0.8941799998283386,0
2025-08-06 10:45:00+00:00,0.8941699862480164,0.8946099877357483,0.893310010433197,0.894599974155426,0
2025-08-06 10:50:00+00:00,0.8945599794387817,0.8948100209236145,0.8937600255012512,0.8946899771690369,0
2025-08-06 10:55:00+00:00,0.894760012626648,0.8948900103569031,0.8939099907875061,0.8946599960327148,0
2025-08-06 11:00:00+00:00,0.8946599960327148,0.894760012626648,0.8934699892997742,0.8943899869918823,0
2025-08-06 11:05:00+00:00,0.8943799734115601,0.8943899869918823,0.8933600187301636,0.8943600058555603,0
2025-08-06 11:10:00+00:00,0.8943600058555603,0.8946300148963928,0.893589973449707,0.894599974155426,0
2025-08-06 11:15:00+00:00,0.8945599794387817,0.8947100043296814,0.893589973449707,0.894349992275238,0
2025-08-06 11:20:00+00:00,0.8942999839782715,0.8946099877357483,0.8935499787330627,0.8944000005722046,0
2025-08-06 11:25:00+00:00,0.8944500088691711,0.8944699764251709,0.8934500217437744,0.8944200277328491,0
2025-08-06 11:30:00+00:00,0.8944100141525269,0.8945599794387817,0.8932200074195862,0.8942999839782715,0
2025-08-06 11:35:00+00:00,0.8943300247192383,0.894599974155426,0.8934500217437744,0.894569993019104,0
2025-08-06 11:40:00+00:00,0.8944900035858154,0.8947200179100037,0.8936200141906738,0.8946700096130371,0
2025-08-06 11:45:00+00:00,0.8946400284767151,0.8946999907493591,0.8936600089073181,0.8946800231933594,0
2025-08-06 11:50:00+00:00,0.8946300148963928,0.8948100209236145,0.8936899900436401,0.8947200179100037,0
2025-08-06 11:55:00+00:00,0.8947499990463257,0.8949199914932251,0.893809974193573,0.8947799801826477,0
2025-08-06 12:00:00+00:00,0.8947700262069702,0.8949499726295471,0.8937000036239624,0.8946499824523926,0
2025-08-06 12:05:00+00:00,0.894599974155426,0.89478999376297,0.893779993057251,0.8946899771690369,0
2025-08-06 12:10:00+00:00,0.8947200179100037,0.8947399854660034,0.8936100006103516,0.8942899703979492,0
2025-08-06 12:15:00+00:00,0.8942999839782715,0.8946700096130371,0.8934900164604187,0.8946599960327148,0
2025-08-06 12:20:00+00:00,0.8946200013160706,0.8948299884796143,0.8937100172042847,0.8947399854660034,0
2025-08-06 12:25:00+00:00,0.8946999907493591,0.8947700262069702,0.8937900066375732,0.894540011882782,0
2025-08-06 12:30:00+00:00,0.8944900035858154,0.8945800065994263,0.8935700058937073,0.8944299817085266,0
2025-08-06 12:35:00+00:00,0.8944299817085266,0.8944600224494934,0.8931300044059753,0.8939800262451172,0
2025-08-06 12:40:00+00:00,0.8940500020980835,0.8940500020980835,0.8926799893379211,0.8936300277709961,0
2025-08-06 12:45:00+00:00,0.893559992313385,0.8938599824905396,0.8927099704742432,0.8936499953269958,0
2025-08-06 12:50:00+00:00,0.8937100172042847,0.8938400149345398,0.8927500247955322,0.8936899900436401,0
2025-08-06 12:55:00+00:00,0.8936399817466736,0.8941900134086609,0.8931000232696533,0.8940200209617615,0
2025-08-06 13:00:00+00:00,0.8939499855041504,0.894070029258728,0.8930000066757202,0.8939999938011169,0
2025-08-06 13:05:00+00:00,0.8939999938011169,0.8940500020980835,0.892989993095398,0.8939300179481506,0
2025-08-06 13:10:00+00:00,0.8939200043678284,0.8942599892616272,0.8929600119590759,0.8941799998283386,0
2025-08-06 13:15:00+00:00,0.8941599726676941,0.8944299817085266,0.8932999968528748,0.8943700194358826,0
2025-08-06 13:20:00+00:00,0.8943799734115601,0.8944500088691711,0.8933500051498413,0.8942499756813049,0
2025-08-06 13:25:00+00:00,0.8941799998283386,0.8942899703979492,0.8931000232696533,0.8938300013542175,0
2025-08-06 13:30:00+00:00,0.893809974193573,0.8939800262451172,0.8929100036621094,0.8938599824905396,0
2025-08-06 13:35:00+00:00,0.8938000202178955,0.894029974937439,0.8929600119590759,0.8939399719238281,0
2025-08-06 13:40:00+00:00,0.8938900232315063,0.8940399885177612,0.8929799795150757,0.8940100073814392,0
2025-08-06 13:45:00+00:00,0.8940100073814392,0.8940399885177612,0.8928899765014648,0.8938999772071838,0
2025-08-06 13:50:00+00:00,0.8938400149345398,0.8941400051116943,0.8931199908256531,0.8940100073814392,0
2025-08-06 13:55:00+00:00,0.8940100073814392,0.8941799998283386,0.8926699757575989,0.8937199711799622,0
2025-08-06 14:00:00+00:00,0.8937100172042847,0.8938000202178955,0.8925300240516663,0.8934900164604187,0
2025-08-06 14:05:00+00:00,0.8934800028800964,0.8937000036239624,0.8923699855804443,0.893310010433197,0
2025-08-06 14:10:00+00:00,0.8932899832725525,0.8934299945831299,0.892270028591156,0.8931499719619751,0
2025-08-06 14:15:00+00:00,0.8931000232696533,0.8932300209999084,0.8921800255775452,0.8930299878120422,0
2025-08-06 14:20:00+00:00,0.8930299878120422,0.8932700157165527,0.8921399712562561,0.8931000232696533,0
2025-08-06 14:25:00+00:00,0.8931000232696533,0.8931599855422974,0.8921599984169006,0.8931199908256531,0
2025-08-06 14:30:00+00:00,0.8930799961090088,0.8931499719619751,0.8915299773216248,0.8927500247955322,0
2025-08-06 14:35:00+00:00,0.8927000164985657,0.8931000232696533,0.8918600082397461,0.8930100202560425,0
2025-08-06 14:40:00+00:00,0.8930000066757202,0.8931000232696533,0.8920999765396118,0.8927800059318542,0
2025-08-06 14:45:00+00:00,0.89274001121521,0.8928599953651428,0.8918799757957458,0.8927299976348877,0
2025-08-06 14:50:00+00:00,0.89274001121521,0.893060028553009,0.8919900059700012,0.8929799795150757,0
2025-08-06 14:55:00+00:00,0.892989993095398,0.8930299878120422,0.8918700218200684,0.8929100036621094,0
2025-08-06 15:00:00+00:00,0.8929600119590759,0.8930500149726868,0.8920199871063232,0.8929299712181091,0
2025-08-06 15:05:00+00:00,0.8928899765014648,0.8931999802589417,0.89205002784729,0.8931000232696533,0
2025-08-06 15:10:00+00:00,0.8930500149726868,0.8932200074195862,0.8920300006866455,0.89301997423172,0
2025-08-06 15:15:00+00:00,0.8930100202560425,0.8932600021362305,0.8921800255775452,0.8931599855422974,0
2025-08-06 15:20:00+00:00,0.8931499719619751,0.8932399749755859,0.8921499848365784,0.8929399847984314,0
2025-08-06 15:25:00+00:00,0.89301997423172,0.8932600021362305,0.8922600150108337,0.8930699825286865,0
2025-08-06 15:30:00+00:00,0.8930699825286865,0.8932200074195862,0.8921200037002563,0.89301997423172,0
2025-08-06 15:35:00+00:00,0.892989993095398,0.8931300044059753,0.8920000195503235,0.8928800225257874,0
2025-08-06 15:40:00+00:00,0.8928499817848206,0.8931400179862976,0.8921300172805786,0.8931000232696533,0
2025-08-06 15:45:00+00:00,0.8931099772453308,0.8934900164604187,0.8923199772834778,0.8934100270271301,0
2025-08-06 15:50:00+00:00,0.8934299945831299,0.8936899900436401,0.8926399946212769,0.8935199975967407,0
2025-08-06 15:55:00+00:00,0.8935099840164185,0.8936700224876404,0.8926600217819214,0.8934299945831299,0
2025-08-06 16:00:00+00:00,0.8933899998664856,0.893530011177063,0.8925099968910217,0.8932700157165527,0
2025-08-06 16:05:00+00:00,0.893339991569519,0.8935499787330627,0.8925300240516663,0.8934400081634521,0
2025-08-06 16:10:00+00:00,0.8934800028800964,0.8935999870300293,0.8925700187683105,0.8935400247573853,0
2025-08-06 16:15:00+00:00,0.8934800028800964,0.8936899900436401,0.8925399780273438,0.8936600089073181,0
2025-08-06 16:20:00+00:00,0.8936300277709961,0.893809974193573,0.8927500247955322,0.8936700224876404,0
2025-08-06 16:25:00+00:00,0.8937299847602844,0.893750011920929,0.8926299810409546,0.8937100172042847,0
2025-08-06 16:30:00+00:00,0.8936700224876404,0.8937900066375732,0.8926399946212769,0.8937299847602844,0
2025-08-06 16:35:00+00:00,0.8937699794769287,0.8938599824905396,0.8928499817848206,0.8936700224876404,0
2025-08-06 16:40:00+00:00,0.8935999870300293,0.8937699794769287,0.8927500247955322,0.8935099840164185,0
2025-08-06 16:45:00+00:00,0.8934599757194519,0.8935499787330627,0.8924199938774109,0.8933799862861633,0
2025-08-06 16:50:00+00:00,0.8933500051498413,0.8933799862861633,0.8923299908638,0.8932499885559082,0
2025-08-06 16:55:00+00:00,0.8932200074195862,0.8934599757194519,0.8920699954032898,0.8931000232696533,0
2025-08-06 17:00:00+00:00,0.8930299878120422,0.8936200141906738,0.8921300172805786,0.893559992313385,0
2025-08-06 17:05:00+00:00,0.8935199975967407,0.8935700058937073,0.8924800157546997,0.8934699892997742,0
2025-08-06 17:10:00+00:00,0.8934599757194519,0.8936399817466736,0.8926100134849548,0.8933799862861633,0
2025-08-06 17:15:00+00:00,0.8934500217437744,0.8936700224876404,0.8924999833106995,0.8936399817466736,0
2025-08-06 17:20:00+00:00,0.8936300277709961,0.8937399983406067,0.8926200270652771,0.8935099840164185,0
2025-08-06 17:25:00+00:00,0.8934999704360962,0.8936600089073181,0.8926699757575989,0.8936399817466736,0
2025-08-06 17:30:00+00:00,0.8935800194740295,0.8937900066375732,0.8927299976348877,0.8936100006103516,0
2025-08-06 17:35:00+00:00,0.8935999870300293,0.893750011920929,0.892549991607666,0.8936300277709961,0
2025-08-06 17:40:00+00:00,0.8936600089073181,0.893779993057251,0.89274001121521,0.8937399983406067,0
2025-08-06 17:45:00+00:00,0.8936799764633179,0.8938000202178955,0.892799973487854,0.8937199711799622,0
2025-08-06 17:50:00+00:00,0.8936499953269958,0.8937699794769287,0.8926900029182434,0.8936100006103516,0
2025-08-06 17:55:00+00:00,0.8935700058937073,0.8936600089073181,0.8925999999046326,0.8934199810028076,0
2025-08-06 18:00:00+00:00,0.8934400081634521,0.893530011177063,0.892549991607666,0.8934500217437744,0
2025-08-06 18:05:00+00:00,0.8934800028800964,0.8937900066375732,0.8925700187683105,0.8937699794769287,0
2025-08-06 18:10:00+00:00,0.8937100172042847,0.8939300179481506,0.8928800225257874,0.8938800096511841,0
2025-08-06 18:15:00+00:00,0.8938000202178955,0.8939099907875061,0.8928599953651428,0.893779993057251,0
2025-08-06 18:20:00+00:00,0.8937299847602844,0.8939399719238281,0.8928300142288208,0.8938599824905396,0
2025-08-06 18:25:00+00:00,0.8938800096511841,0.8939200043678284,0.8928999900817871,0.8938599824905396,0
2025-08-06 18:30:00+00:00,0.8937900066375732,0.8940200209617615,0.8929499983787537,0.8939399719238281,0
2025-08-06 18:35:00+00:00,0.8938800096511841,0.8940200209617615,0.8929799795150757,0.8938599824905396,0
2025-08-06 18:40:00+00:00,0.8938500285148621,0.894029974937439,0.8930400013923645,0.8938699960708618,0
2025-08-06 18:45:00+00:00,0.8938999772071838,0.8938999772071838,0.892799973487854,0.8938500285148621,0
2025-08-06 18:50:00+00:00,0.8938000202178955,0.8938999772071838,0.8928599953651428,0.8938000202178955,0
2025-08-06 18:55:00+00:00,0.893779993057251,0.8938400149345398,0.8928099870681763,0.8937100172042847,0
2025-08-06 19:00:00+00:00,0.8937600255012512,0.8939499855041504,0.8928800225257874,0.8938599824905396,0
2025-08-06 19:05:00+00:00,0.893779993057251,0.8939300179481506,0.8929499983787537,0.8938300013542175,0
2025-08-06 19:10:00+00:00,0.8938400149345398,0.8939999938011169,0.8930400013923645,0.8939399719238281,0
2025-08-06 19:15:00+00:00,0.8939599990844727,0.8941500186920166,0.8930400013923645,0.8941400051116943,0
2025-08-06 19:20:00+00:00,0.89410001039505,0.8942099809646606,0.8932099938392639,0.8941299915313721,0
2025-08-06 19:25:00+00:00,0.8941299915313721,0.8942999839782715,0.893310010433197,0.8941900134086609,0
2025-08-06 19:30:00+00:00,0.8942199945449829,0.8943099975585938,0.8932899832725525,0.8941799998283386,0
2025-08-06 19:35:00+00:00,0.8941100239753723,0.8941799998283386,0.8931099772453308,0.8941199779510498,0
2025-08-06 19:40:00+00:00,0.8940799832344055,0.8941400051116943,0.8930299878120422,0.8938199877738953,0
2025-08-06 19:45:00+00:00,0.8938199877738953,0.8938800096511841,0.89274001121521,0.8936499953269958,0
2025-08-06 19:50:00+00:00,0.8936100006103516,0.8937600255012512,0.8927900195121765,0.8935999870300293,0
2025-08-06 19:55:00+00:00,0.8935700058937073,0.8937299847602844,0.89274001121521,0.8936399817466736,0
2025-08-06 20:00:00+00:00,0.8936600089073181,0.8937100172042847,0.8926399946212769,0.8934599757194519,0
2025-08-06 20:05:00+00:00,0.8934800028800964,0.893589973449707,0.8924599885940552,0.8934599757194519,0
2025-08-06 20:10:00+00:00,0.8934400081634521,0.8936600089073181,0.892579972743988,0.8936200141906738,0
2025-08-06 20:15:00+00:00,0.8936499953269958,0.8936799764633179,0.8927000164985657,0.8936300277709961,0
2025-08-06 20:20:00+00:00,0.893589973449707,0.8936899900436401,0.8925399780273438,0.8936100006103516,0
2025-08-06 20:25:00+00:00,0.8935999870300293,0.8936600089073181,0.8925999999046326,0.8935800194740295,0
2025-08-06 20:30:00+00:00,0.8935099840164185,0.893589973449707,0.892520010471344,0.8934100270271301,0
2025-08-06 20:35:00+00:00,0.8934500217437744,0.893559992313385,0.8924499750137329,0.8934500217437744,0
2025-08-06 20:40:00+00:00,0.8934000134468079,0.8935099840164185,0.8923900127410889,0.8932600021362305,0
2025-08-06 20:45:00+00:00,0.8932700157165527,0.8934199810028076,0.8923199772834778,0.8932499885559082,0
2025-08-06 20:50:00+00:00,0.8932099938392639,0.8933500051498413,0.8923500180244446,0.8932899832725525,0
2025-08-06 20:55:00+00:00,0.893280029296875,0.8936600089073181,0.8925099968910217,0.8935999870300293,0
2025-08-06 21:00:00+00:00,0.893090009689331,0.893779993057251,0.8923299908638,0.8926699757575989,0
2025-08-06 21:05:00+00:00,0.8927099704742432,0.8932999968528748,0.892579972743988,0.8931800127029419,0
2025-08-06 21:10:00+00:00,0.8938400149345398,0.8938500285148621,0.892549991607666,0.892549991607666,0
2025-08-06 21:15:00+00:00,0.892579972743988,0.8936799764633179,0.8925700187683105,0.8933500051498413,0
2025-08-06 21:20:00+00:00,0.8927500247955322,0.8934800028800964,0.8924800157546997,0.8928700089454651,0
2025-08-06 21:25:00+00:00,0.8928999900817871,0.8934299945831299,0.8925999999046326,0.8929299712181091,0
2025-08-06 21:30:00+00:00,0.8929299712181091,0.8932200074195862,0.8923799991607666,0.8925099968910217,0
2025-08-06 21:35:00+00:00,0.8925300240516663,0.893280029296875,0.8925099968910217,0.8932499885559082,0
2025-08-06 21:40:00+00:00,0.8926799893379211,0.8932099938392639,0.8924300074577332,0.8930000066757202,0
2025-08-06 21:45:00+00:00,0.8928700089454651,0.8930699825286865,0.8924300074577332,0.8928499817848206,0
2025-08-06 21:50:00+00:00,0.8928400278091431,0.8930000066757202,0.8922100067138672,0.8926500082015991,0
2025-08-06 21:55:00+00:00,0.8926500082015991,0.8929799795150757,0.8922600150108337,0.8927000164985657,0
2025-08-06 22:00:00+00:00,0.8927800059318542,0.8935099840164185,0.892490029335022,0.8932600021362305,0
2025-08-06 22:05:00+00:00,0.8932600021362305,0.8935099840164185,0.8925300240516663,0.8933299779891968,0
2025-08-06 22:10:00+00:00,0.8933600187301636,0.8935199975967407,0.8925899863243103,0.8934800028800964,0
2025-08-06 22:15:00+00:00,0.8934999704360962,0.8935999870300293,0.892579972743988,0.8934000134468079,0
2025-08-06 22:20:00+00:00,0.893559992313385,0.893750011920929,0.8927099704742432,0.8936100006103516,0
2025-08-06 22:25:00+00:00,0.893559992313385,0.8938900232315063,0.8929100036621094,0.8936799764633179,0
2025-08-06 22:30:00+00:00,0.8938000202178955,0.8939399719238281,0.8929399847984314,0.8938000202178955,0
2025-08-06 22:35:00+00:00,0.8937900066375732,0.8939399719238281,0.89301997423172,0.8938999772071838,0
2025-08-06 22:40:00+00:00,0.8938900232315063,0.8939200043678284,0.8928999900817871,0.8938400149345398,0
2025-08-06 22:45:00+00:00,0.8937399983406067,0.8938800096511841,0.8928400278091431,0.8935400247573853,0
2025-08-06 22:50:00+00:00,0.8935400247573853,0.8937000036239624,0.8927599787712097,0.8936399817466736,0
2025-08-06 22:55:00+00:00,0.8936300277709961,0.8937299847602844,0.8928300142288208,0.8937100172042847,0
2025-08-06 23:00:00+00:00,0.8934699892997742,0.8937100172042847,0.8927199840545654,0.893589973449707,0
2025-08-06 23:05:00+00:00,0.893589973449707,0.8938199877738953,0.8928099870681763,0.893750011920929,0
2025-08-06 23:10:00+00:00,0.8936300277709961,0.8938400149345398,0.8928200006484985,0.8936499953269958,0
2025-08-06 23:15:00+00:00,0.8936499953269958,0.8938599824905396,0.8929299712181091,0.8936899900436401,0
2025-08-06 23:20:00+00:00,0.8937000036239624,0.8937399983406067,0.8926600217819214,0.8935499787330627,0
2025-08-06 23:25:00+00:00,0.8935800194740295,0.8936799764633179,0.8927199840545654,0.8933899998664856,0
2025-08-06 23:30:00+00:00,0.8933500051498413,0.8934900164604187,0.892490029335022,0.8933899998664856,0
2025-08-06 23:35:00+00:00,0.8932600021362305,0.8934400081634521,0.892520010471344,0.8933799862861633,0
2025-08-06 23:40:00+00:00,0.8933699727058411,0.8934000134468079,0.8922799825668335,0.8931599855422974,0
2025-08-06 23:45:00+00:00,0.8932200074195862,0.8932999968528748,0.8921300172805786,0.8931000232696533,0
2025-08-06 23:50:00+00:00,0.8931599855422974,0.8932200074195862,0.8921999931335449,0.8929799795150757,0
2025-08-06 23:55:00+00:00,0.8930500149726868,0.8931000232696533,0.8920900225639343,0.8929200172424316,0
2025-08-07 00:00:00+00:00,0.8927900195121765,0.8931599855422974,0.8919000029563904,0.8930299878120422,0
2025-08-07 00:05:00+00:00,0.8930500149726868,0.8930799961090088,0.8917999863624573,0.8928899765014648,0
2025-08-07 00:10:00+00:00,0.8928800225257874,0.89301997423172,0.8920400142669678,0.8928700089454651,0
2025-08-07 00:15:00+00:00,0.8928300142288208,0.8930299878120422,0.891979992389679,0.8928899765014648,0
2025-08-07 00:20:00+00:00,0.8929700255393982,0.8931800127029419,0.8920800089836121,0.8931800127029419,0
2025-08-07 00:25:00+00:00,0.893060028553009,0.8933600187301636,0.8924499750137329,0.8932300209999084,0
2025-08-07 00:30:00+00:00,0.8931900262832642,0.893339991569519,0.892270028591156,0.8932399749755859,0
2025-08-07 00:35:00+00:00,0.8932399749755859,0.8934100270271301,0.8922799825668335,0.8932700157165527,0
2025-08-07 00:40:00+00:00,0.8933299779891968,0.8933699727058411,0.8923199772834778,0.8931400179862976,0
2025-08-07 00:45:00+00:00,0.8931199908256531,0.8933699727058411,0.8923599720001221,0.8931199908256531,0
2025-08-07 00:50:00+00:00,0.8932200074195862,0.8932300209999084,0.8920999765396118,0.892989993095398,0
2025-08-07 00:55:00+00:00,0.8928899765014648,0.8930699825286865,0.8920000195503235,0.8927099704742432,0
2025-08-07 01:00:00+00:00,0.8926900029182434,0.8929600119590759,0.8917400240898132,0.892799973487854,0
2025-08-07 01:05:00+00:00,0.8928599953651428,0.8933799862861633,0.8920300006866455,0.8932499885559082,0
2025-08-07 01:10:00+00:00,0.8931999802589417,0.8932899832725525,0.8921700119972229,0.8931000232696533,0
2025-08-07 01:15:00+00:00,0.8931099772453308,0.8932399749755859,0.892270028591156,0.8932300209999084,0
2025-08-07 01:20:00+00:00,0.893090009689331,0.8934500217437744,0.8923199772834778,0.8932899832725525,0
2025-08-07 01:25:00+00:00,0.8934199810028076,0.8935800194740295,0.8926699757575989,0.8935499787330627,0
2025-08-07 01:30:00+00:00,0.8935199975967407,0.8939700126647949,0.892769992351532,0.8936200141906738,0
2025-08-07 01:35:00+00:00,0.8935400247573853,0.8938900232315063,0.892799973487854,0.8938199877738953,0
2025-08-07 01:40:00+00:00,0.8937699794769287,0.8942899703979492,0.893090009689331,0.8942000269889832,0
2025-08-07 01:45:00+00:00,0.8942499756813049,0.8946999907493591,0.8934800028800964,0.8946300148963928,0
2025-08-07 01:50:00+00:00,0.8946099877357483,0.8947200179100037,0.8936100006103516,0.8944699764251709,0
2025-08-07 01:55:00+00:00,0.8943600058555603,0.8945199847221375,0.8934800028800964,0.8942700028419495,0
2025-08-07 02:00:00+00:00,0.8943899869918823,0.8944799900054932,0.8934900164604187,0.894349992275238,0
2025-08-07 02:05:00+00:00,0.8943300247192383,0.8945900201797485,0.8933500051498413,0.894349992275238,0
2025-08-07 02:10:00+00:00,0.8944799900054932,0.8945900201797485,0.893559992313385,0.8942700028419495,0
2025-08-07 02:15:00+00:00,0.8943799734115601,0.8944500088691711,0.8932700157165527,0.8940899968147278,0
2025-08-07 02:20:00+00:00,0.8941599726676941,0.8942800164222717,0.8931199908256531,0.8941799998283386,0
2025-08-07 02:25:00+00:00,0.8941100239753723,0.8942400217056274,0.89301997423172,0.8938400149345398,0
2025-08-07 02:30:00+00:00,0.893779993057251,0.8939700126647949,0.8929700255393982,0.8938300013542175,0
2025-08-07 02:35:00+00:00,0.8937600255012512,0.8939499855041504,0.8928999900817871,0.8937100172042847,0
2025-08-07 02:40:00+00:00,0.8937900066375732,0.8938900232315063,0.8929299712181091,0.8937199711799622,0
2025-08-07 02:45:00+00:00,0.8936399817466736,0.8938300013542175,0.8928499817848206,0.8935800194740295,0
2025-08-07 02:50:00+00:00,0.8937199711799622,0.8937299847602844,0.8926100134849548,0.8936700224876404,0
2025-08-07 02:55:00+00:00,0.8935800194740295,0.8937699794769287,0.8927800059318542,0.8936899900436401,0
2025-08-07 03:00:00+00:00,0.893559992313385,0.893750011920929,0.8928200006484985,0.8935400247573853,0
2025-08-07 03:05:00+00:00,0.8936100006103516,0.8936899900436401,0.8926699757575989,0.8936600089073181,0
2025-08-07 03:10:00+00:00,0.8936600089073181,0.893809974193573,0.8928499817848206,0.8936899900436401,0
2025-08-07 03:15:00+00:00,0.8936799764633179,0.8938000202178955,0.8924599885940552,0.8935499787330627,0
2025-08-07 03:20:00+00:00,0.893530011177063,0.8939599990844727,0.8928400278091431,0.8937900066375732,0
2025-08-07 03:25:00+00:00,0.8938999772071838,0.8939300179481506,0.8928999900817871,0.8938000202178955,0
2025-08-07 03:30:00+00:00,0.8936799764633179,0.8944600224494934,0.8929200172424316,0.894349992275238,0
2025-08-07 03:35:00+00:00,0.8942800164222717,0.8943899869918823,0.8932099938392639,0.8938900232315063,0
2025-08-07 03:40:00+00:00,0.8940200209617615,0.8940600156784058,0.893060028553009,0.8937399983406067,0
2025-08-07 03:45:00+00:00,0.8937399983406067,0.894070029258728,0.8929200172424316,0.8939499855041504,0
2025-08-07 03:50:00+00:00,0.8939300179481506,0.8942199945449829,0.8931800127029419,0.8942000269889832,0
2025-08-07 03:55:00+00:00,0.8941900134086609,0.8942599892616272,0.8932600021362305,0.8941400051116943,0
2025-08-07 04:00:00+00:00,0.8942199945449829,0.8945500254631042,0.893339991569519,0.8943700194358826,0
2025-08-07 04:05:00+00:00,0.8943700194358826,0.8944399952888489,0.8933200240135193,0.8942899703979492,0
2025-08-07 04:10:00+00:00,0.8942300081253052,0.8945900201797485,0.893589973449707,0.8942099809646606,0
2025-08-07 04:15:00+00:00,0.8942899703979492,0.8944299817085266,0.893339991569519,0.8943799734115601,0
2025-08-07 04:20:00+00:00,0.8942999839782715,0.8945900201797485,0.8936200141906738,0.8945599794387817,0
2025-08-07 04:25:00+00:00,0.8944799900054932,0.8946599960327148,0.8936799764633179,0.894540011882782,0
2025-08-07 04:30:00+00:00,0.8944600224494934,0.8947700262069702,0.8936799764633179,0.8945500254631042,0
2025-08-07 04:35:00+00:00,0.8946300148963928,0.8947200179100037,0.8936899900436401,0.8946200013160706,0
2025-08-07 04:40:00+00:00,0.8946200013160706,0.8947299718856812,0.8936799764633179,0.8946200013160706,0
2025-08-07 04:45:00+00:00,0.8946300148963928,0.8947100043296814,0.8937000036239624,0.8945599794387817,0
2025-08-07 04:50:00+00:00,0.8945199847221375,0.8946599960327148,0.8936899900436401,0.8945299983024597,0
2025-08-07 04:55:00+00:00,0.8945099711418152,0.8947399854660034,0.8937100172042847,0.8946099877357483,0
2025-08-07 05:00:00+00:00,0.8947200179100037,0.894760012626648,0.8937399983406067,0.8946999907493591,0
2025-08-07 05:05:00+00:00,0.8945800065994263,0.8947100043296814,0.8936899900436401,0.8944900035858154,0
2025-08-07 05:10:00+00:00,0.8944900035858154,0.8946400284767151,0.8936100006103516,0.8942599892616272,0
2025-08-07 05:15:00+00:00,0.8942400217056274,0.8944100141525269,0.8934100270271301,0.8944100141525269,0
2025-08-07 05:20:00+00:00,0.8943099975585938,0.8944900035858154,0.8934599757194519,0.8942899703979492,0
2025-08-07 05:25:00+00:00,0.894320011138916,0.894569993019104,0.8936499953269958,0.894540011882782,0
2025-08-07 05:30:00+00:00,0.8944500088691711,0.8946400284767151,0.8935999870300293,0.8945599794387817,0
2025-08-07 05:35:00+00:00,0.8946400284767151,0.8946999907493591,0.8936899900436401,0.8946300148963928,0
2025-08-07 05:40:00+00:00,0.8946099877357483,0.8947700262069702,0.8937399983406067,0.894760012626648,0
2025-08-07 05:45:00+00:00,0.8946800231933594,0.8947799801826477,0.8938400149345398,0.8947100043296814,0
2025-08-07 05:50:00+00:00,0.8946099877357483,0.8949400186538696,0.8938500285148621,0.8948500156402588,0
2025-08-07 05:55:00+00:00,0.8947200179100037,0.8949900269508362,0.8939999938011169,0.8948799967765808,0
2025-08-07 06:00:00+00:00,0.8948500156402588,0.8950499892234802,0.8939899802207947,0.8950499892234802,0
2025-08-07 06:05:00+00:00,0.8950200080871582,0.8951399922370911,0.8941100239753723,0.895039975643158,0
2025-08-07 06:10:00+00:00,0.895110011100769,0.8952599763870239,0.8942400217056274,0.8951500058174133,0
2025-08-07 06:15:00+00:00,0.8950700163841248,0.8953700065612793,0.8942700028419495,0.8952199816703796,0
2025-08-07 06:20:00+00:00,0.8951600193977356,0.8954399824142456,0.8945099711418152,0.8954100012779236,0
2025-08-07 06:25:00+00:00,0.895330011844635,0.8959100246429443,0.8946999907493591,0.8956199884414673,0
2025-08-07 06:30:00+00:00,0.8956400156021118,0.8957899808883667,0.8947799801826477,0.8956800103187561,0
2025-08-07 06:35:00+00:00,0.8957599997520447,0.8958600163459778,0.8948100209236145,0.8956800103187561,0
2025-08-07 06:40:00+00:00,0.8956000208854675,0.8958100080490112,0.8948799967765808,0.8955600261688232,0
2025-08-07 06:45:00+00:00,0.8955699801445007,0.8957899808883667,0.8947799801826477,0.8956400156021118,0
2025-08-07 06:50:00+00:00,0.8955600261688232,0.8956800103187561,0.8945500254631042,0.8953400254249573,0
2025-08-07 06:55:00+00:00,0.8954200148582458,0.8955000042915344,0.8943899869918823,0.895330011844635,0
2025-08-07 07:00:00+00:00,0.8954600095748901,0.8955299854278564,0.8944600224494934,0.8955000042915344,0
2025-08-07 07:05:00+00:00,0.8955100178718567,0.8956000208854675,0.8946700096130371,0.8954399824142456,0
2025-08-07 07:10:00+00:00,0.8955399990081787,0.895609974861145,0.8945099711418152,0.8955600261688232,0
2025-08-07 07:15:00+00:00,0.8955399990081787,0.8958699703216553,0.8947299718856812,0.8956999778747559,0
2025-08-07 07:20:00+00:00,0.8957800269126892,0.8959400057792664,0.8947799801826477,0.8959100246429443,0
2025-08-07 07:25:00+00:00,0.8959000110626221,0.8959199786186218,0.8949400186538696,0.8957800269126892,0
2025-08-07 07:30:00+00:00,0.8957099914550781,0.895829975605011,0.8947499990463257,0.8956199884414673,0
2025-08-07 07:35:00+00:00,0.8955299854278564,0.8959100246429443,0.8949199914932251,0.8957499861717224,0
2025-08-07 07:40:00+00:00,0.8957499861717224,0.8962699770927429,0.8951799869537354,0.8960899710655212,0
2025-08-07 07:45:00+00:00,0.8959900140762329,0.8966100215911865,0.8951500058174133,0.8966100215911865,0
2025-08-07 07:50:00+00:00,0.8965100049972534,0.8970500230789185,0.8957200050354004,0.8966599702835083,0
2025-08-07 07:55:00+00:00,0.8967400193214417,0.897059977054596,0.8960599899291992,0.8970100283622742,0
2025-08-07 08:00:00+00:00,0.8969299793243408,0.8976500034332275,0.8961600065231323,0.897570013999939,0
2025-08-07 08:05:00+00:00,0.8974699974060059,0.8975499868392944,0.8961099982261658,0.8969500064849854,0
2025-08-07 08:10:00+00:00,0.8968700170516968,0.897059977054596,0.8959400057792664,0.8968899846076965,0
2025-08-07 08:15:00+00:00,0.8968799710273743,0.8968999981880188,0.8957800269126892,0.8967099785804749,0
2025-08-07 08:20:00+00:00,0.8966299891471863,0.8967400193214417,0.8956599831581116,0.8964999914169312,0
2025-08-07 08:25:00+00:00,0.8965299725532532,0.8967099785804749,0.8956400156021118,0.8964700102806091,0
2025-08-07 08:30:00+00:00,0.8965700268745422,0.8967300057411194,0.8955900073051453,0.8967000246047974,0
2025-08-07 08:35:00+00:00,0.8967000246047974,0.8969399929046631,0.8957899808883667,0.8968499898910522,0
2025-08-07 08:40:00+00:00,0.8968899846076965,0.8969200253486633,0.8958399891853333,0.8968300223350525,0
2025-08-07 08:45:00+00:00,0.8967300057411194,0.8970100283622742,0.8960300087928772,0.8969100117683411,0
2025-08-07 08:50:00+00:00,0.8969699740409851,0.8970699906349182,0.8959000110626221,0.89683997631073,0
2025-08-07 08:55:00+00:00,0.89683997631073,0.8968799710273743,0.8958100080490112,0.8967599868774414,0
2025-08-07 09:00:00+00:00,0.8967700004577637,0.896809995174408,0.8956400156021118,0.8964200019836426,0
2025-08-07 09:05:00+00:00,0.8965100049972534,0.8966100215911865,0.8956300020217896,0.8965700268745422,0
2025-08-07 09:10:00+00:00,0.8965399861335754,0.8966400027275085,0.8956699967384338,0.89656001329422,0
2025-08-07 09:15:00+00:00,0.8965700268745422,0.8966500163078308,0.8956800103187561,0.8964700102806091,0
2025-08-07 09:20:00+00:00,0.8964300155639648,0.8966299891471863,0.8956300020217896,0.8964800238609314,0
2025-08-07 09:25:00+00:00,0.8964300155639648,0.8965700268745422,0.895550012588501,0.8963299989700317,0
2025-08-07 09:30:00+00:00,0.8962200284004211,0.8963900208473206,0.8954399824142456,0.8962399959564209,0
2025-08-07 09:35:00+00:00,0.8961600065231323,0.8962799906730652,0.8952400088310242,0.8961799740791321,0
2025-08-07 09:40:00+00:00,0.8960999846458435,0.8962699770927429,0.8952699899673462,0.8961700201034546,0
2025-08-07 09:45:00+00:00,0.8961600065231323,0.8962900042533875,0.8952900171279907,0.8961799740791321,0
2025-08-07 09:50:00+00:00,0.896049976348877,0.8962500095367432,0.8950799703598022,0.8960000276565552,0
2025-08-07 09:55:00+00:00,0.8959299921989441,0.8960999846458435,0.8950799703598022,0.8958899974822998,0
2025-08-07 10:00:00+00:00,0.8958699703216553,0.8961399793624878,0.8948699831962585,0.8960000276565552,0
2025-08-07 10:05:00+00:00,0.8960800170898438,0.8962799906730652,0.8952400088310242,0.8961499929428101,0
2025-08-07 10:10:00+00:00,0.8961300253868103,0.8962500095367432,0.8951900005340576,0.8960899710655212,0
2025-08-07 10:15:00+00:00,0.8961899876594543,0.8963199853897095,0.8953199982643127,0.8962900042533875,0
2025-08-07 10:20:00+00:00,0.8962000012397766,0.8963299989700317,0.8953099846839905,0.8960199952125549,0
2025-08-07 10:25:00+00:00,0.8960899710655212,0.8961300253868103,0.8950499892234802,0.8956599831581116,0
2025-08-07 10:30:00+00:00,0.8956500291824341,0.8959100246429443,0.8948799967765808,0.8957899808883667,0
2025-08-07 10:35:00+00:00,0.8956800103187561,0.8958799839019775,0.8949099779129028,0.8956599831581116,0
2025-08-07 10:40:00+00:00,0.8956800103187561,0.8959400057792664,0.8949900269508362,0.8956999778747559,0
2025-08-07 10:45:00+00:00,0.8957300186157227,0.8959400057792664,0.8949300050735474,0.8958699703216553,0
2025-08-07 10:50:00+00:00,0.8958699703216553,0.8960000276565552,0.8949599862098694,0.8959800004959106,0
2025-08-07 10:55:00+00:00,0.8958799839019775,0.896120011806488,0.8951699733734131,0.8958200216293335,0
2025-08-07 11:00:00+00:00,0.8959299921989441,0.896340012550354,0.89478999376297,0.895550012588501,0
2025-08-07 11:05:00+00:00,0.8955399990081787,0.8956800103187561,0.8946599960327148,0.8955600261688232,0
2025-08-07 11:10:00+00:00,0.8955699801445007,0.8957599997520447,0.8947799801826477,0.8957399725914001,0
2025-08-07 11:15:00+00:00,0.8956599831581116,0.8959699869155884,0.8948400020599365,0.8958200216293335,0
2025-08-07 11:20:00+00:00,0.895799994468689,0.8959800004959106,0.8948100209236145,0.8956699967384338,0
2025-08-07 11:25:00+00:00,0.8956199884414673,0.8960099816322327,0.8950499892234802,0.8958799839019775,0
2025-08-07 11:30:00+00:00,0.8957700133323669,0.8960999846458435,0.8949599862098694,0.8958200216293335,0
2025-08-07 11:35:00+00:00,0.8958899974822998,0.8959699869155884,0.8948900103569031,0.8957599997520447,0
2025-08-07 11:40:00+00:00,0.8956900238990784,0.8959299921989441,0.8949300050735474,0.895609974861145,0
2025-08-07 11:45:00+00:00,0.895609974861145,0.8959500193595886,0.8948299884796143,0.8959299921989441,0
2025-08-07 11:50:00+00:00,0.8959000110626221,0.8961700201034546,0.895110011100769,0.8959299921989441,0
2025-08-07 11:55:00+00:00,0.896049976348877,0.8961700201034546,0.8951699733734131,0.8960400223731995,0
2025-08-07 12:00:00+00:00,0.896049976348877,0.896340012550354,0.8951900005340576,0.8963199853897095,0
2025-08-07 12:05:00+00:00,0.8962200284004211,0.8963800072669983,0.8953199982643127,0.8962299823760986,0
2025-08-07 12:10:00+00:00,0.8961099982261658,0.8963900208473206,0.8954200148582458,0.8959199786186218,0
2025-08-07 12:15:00+00:00,0.8959299921989441,0.8963500261306763,0.8952699899673462,0.8963299989700317,0
2025-08-07 12:20:00+00:00,0.8962399959564209,0.8965299725532532,0.8955299854278564,0.896369993686676,0
2025-08-07 12:25:00+00:00,0.8963900208473206,0.8965200185775757,0.8954700231552124,0.8961099982261658,0
2025-08-07 12:30:00+00:00,0.896049976348877,0.896619975566864,0.8954200148582458,0.8962200284004211,0
2025-08-07 12:35:00+00:00,0.8963599801063538,0.8964899778366089,0.8953099846839905,0.8963199853897095,0
2025-08-07 12:40:00+00:00,0.8963299989700317,0.896340012550354,0.8950999975204468,0.8960400223731995,0
2025-08-07 12:45:00+00:00,0.8960300087928772,0.8963500261306763,0.8952199816703796,0.8960999846458435,0
2025-08-07 12:50:00+00:00,0.8962399959564209,0.8966500163078308,0.8956199884414673,0.8964499831199646,0
2025-08-07 12:55:00+00:00,0.89656001329422,0.896589994430542,0.8954700231552124,0.8963000178337097,0
2025-08-07 13:00:00+00:00,0.8962100148200989,0.8965799808502197,0.8955299854278564,0.8965700268745422,0
2025-08-07 13:05:00+00:00,0.89656001329422,0.8966900110244751,0.8955699801445007,0.8965100049972534,0
2025-08-07 13:10:00+00:00,0.8965100049972534,0.8967400193214417,0.8957700133323669,0.8965700268745422,0
2025-08-07 13:15:00+00:00,0.896619975566864,0.8967400193214417,0.8956900238990784,0.896340012550354,0
2025-08-07 13:20:00+00:00,0.8964200019836426,0.8964499831199646,0.8952100276947021,0.8960099816322327,0
2025-08-07 13:25:00+00:00,0.8960999846458435,0.8964700102806091,0.8953099846839905,0.8964499831199646,0
2025-08-07 13:30:00+00:00,0.8963900208473206,0.8966599702835083,0.8956500291824341,0.8963900208473206,0
2025-08-07 13:35:00+00:00,0.896369993686676,0.8966000080108643,0.895359992980957,0.8963199853897095,0
2025-08-07 13:40:00+00:00,0.8962600231170654,0.8965799808502197,0.8955100178718567,0.8964599967002869,0
2025-08-07 13:45:00+00:00,0.8964700102806091,0.896589994430542,0.8954899907112122,0.8961300253868103,0
2025-08-07 13:50:00+00:00,0.8960999846458435,0.8963500261306763,0.8952500224113464,0.8960899710655212,0
2025-08-07 13:55:00+00:00,0.8960800170898438,0.8961099982261658,0.8950600028038025,0.8958500027656555,0
2025-08-07 14:00:00+00:00,0.8959400057792664,0.8959699869155884,0.8949199914932251,0.8957599997520447,0
2025-08-07 14:05:00+00:00,0.8956300020217896,0.8959400057792664,0.894819974899292,0.8953499794006348,0
2025-08-07 14:10:00+00:00,0.8954600095748901,0.8956300020217896,0.8944500088691711,0.8953999876976013,0
2025-08-07 14:15:00+00:00,0.8953999876976013,0.895550012588501,0.8943700194358826,0.895330011844635,0
2025-08-07 14:20:00+00:00,0.8952299952507019,0.8954799771308899,0.8944000005722046,0.8952800035476685,0
2025-08-07 14:25:00+00:00,0.8953099846839905,0.8955900073051453,0.8945900201797485,0.8955699801445007,0
2025-08-07 14:30:00+00:00,0.8956400156021118,0.8957499861717224,0.8945800065994263,0.8954200148582458,0
2025-08-07 14:35:00+00:00,0.895330011844635,0.8954499959945679,0.8942599892616272,0.8950999975204468,0
2025-08-07 14:40:00+00:00,0.8949999809265137,0.8952100276947021,0.8941400051116943,0.8950300216674805,0
2025-08-07 14:45:00+00:00,0.8949199914932251,0.895039975643158,0.8938400149345398,0.8946999907493591,0
2025-08-07 14:50:00+00:00,0.8946800231933594,0.8947799801826477,0.893559992313385,0.8944200277328491,0
2025-08-07 14:55:00+00:00,0.8943300247192383,0.894540011882782,0.8930500149726868,0.8938500285148621,0
2025-08-07 15:00:00+00:00,0.8938400149345398,0.8939200043678284,0.8926900029182434,0.8932700157165527,0
2025-08-07 15:05:00+00:00,0.8933500051498413,0.8937000036239624,0.89274001121521,0.8934900164604187,0
2025-08-07 15:10:00+00:00,0.8937000036239624,0.8938199877738953,0.8928400278091431,0.893750011920929,0
2025-08-07 15:15:00+00:00,0.893750011920929,0.8938699960708618,0.8928300142288208,0.8937000036239624,0
2025-08-07 15:20:00+00:00,0.8936799764633179,0.894029974937439,0.8929600119590759,0.8939599990844727,0
2025-08-07 15:25:00+00:00,0.8939200043678284,0.8941500186920166,0.8931800127029419,0.8940500020980835,0
2025-08-07 15:30:00+00:00,0.8939700126647949,0.8940899968147278,0.8929299712181091,0.8939800262451172,0
2025-08-07 15:35:00+00:00,0.8939800262451172,0.8942099809646606,0.8932399749755859,0.8939999938011169,0
2025-08-07 15:40:00+00:00,0.8941100239753723,0.8942199945449829,0.8932499885559082,0.8939399719238281,0
2025-08-07 15:45:00+00:00,0.8939300179481506,0.894070029258728,0.8930500149726868,0.8936100006103516,0
2025-08-07 15:50:00+00:00,0.8935700058937073,0.8938599824905396,0.8928499817848206,0.8938599824905396,0
2025-08-07 15:55:00+00:00,0.8938699960708618,0.8939499855041504,0.8927599787712097,0.8937000036239624,0
2025-08-07 16:00:00+00:00,0.8936200141906738,0.8938699960708618,0.8926699757575989,0.8937299847602844,0
2025-08-07 16:05:00+00:00,0.8937100172042847,0.8937199711799622,0.8927099704742432,0.8935999870300293,0
2025-08-07 16:10:00+00:00,0.893530011177063,0.8938300013542175,0.8927599787712097,0.8937100172042847,0
2025-08-07 16:15:00+00:00,0.8936100006103516,0.8937900066375732,0.8927299976348877,0.8935700058937073,0
2025-08-07 16:20:00+00:00,0.8936300277709961,0.8940100073814392,0.8927500247955322,0.8938999772071838,0
2025-08-07 16:25:00+00:00,0.8939800262451172,0.8941599726676941,0.8931699991226196,0.8939599990844727,0
2025-08-07 16:30:00+00:00,0.8939499855041504,0.8941100239753723,0.8931099772453308,0.8938800096511841,0
2025-08-07 16:35:00+00:00,0.8938000202178955,0.8939099907875061,0.8929299712181091,0.893750011920929,0
2025-08-07 16:40:00+00:00,0.8936600089073181,0.8938000202178955,0.8927599787712097,0.8936700224876404,0
2025-08-07 16:45:00+00:00,0.8935800194740295,0.8937900066375732,0.892769992351532,0.8937900066375732,0
2025-08-07 16:50:00+00:00,0.893779993057251,0.8939099907875061,0.8928300142288208,0.8938500285148621,0
2025-08-07 16:55:00+00:00,0.8937900066375732,0.8939599990844727,0.8930100202560425,0.8938400149345398,0
2025-08-07 17:00:00+00:00,0.8939399719238281,0.894029974937439,0.8929799795150757,0.893750011920929,0
2025-08-07 17:05:00+00:00,0.8937299847602844,0.8938999772071838,0.8928999900817871,0.8937199711799622,0
2025-08-07 17:10:00+00:00,0.8936700224876404,0.893809974193573,0.8928599953651428,0.8934400081634521,0
2025-08-07 17:15:00+00:00,0.8934500217437744,0.8936899900436401,0.8926100134849548,0.8935199975967407,0
2025-08-07 17:20:00+00:00,0.8935400247573853,0.8939200043678284,0.8928999900817871,0.8938500285148621,0
2025-08-07 17:25:00+00:00,0.8937699794769287,0.8939300179481506,0.8929799795150757,0.893809974193573,0
2025-08-07 17:30:00+00:00,0.8937199711799622,0.894029974937439,0.8928700089454651,0.8939300179481506,0
2025-08-07 17:35:00+00:00,0.8940200209617615,0.8941900134086609,0.8931900262832642,0.8941199779510498,0
2025-08-07 17:40:00+00:00,0.89410001039505,0.8942800164222717,0.893280029296875,0.8942000269889832,0
2025-08-07 17:45:00+00:00,0.8941900134086609,0.8942300081253052,0.8932099938392639,0.8941299915313721,0
2025-08-07 17:50:00+00:00,0.8941799998283386,0.8943700194358826,0.8933500051498413,0.8942899703979492,0
2025-08-07 17:55:00+00:00,0.8942800164222717,0.8943399786949158,0.893339991569519,0.8939899802207947,0
2025-08-07 18:00:00+00:00,0.8941400051116943,0.8942300081253052,0.8932600021362305,0.8942000269889832,0
2025-08-07 18:05:00+00:00,0.8942099809646606,0.8942300081253052,0.893280029296875,0.8940899968147278,0
2025-08-07 18:10:00+00:00,0.8940600156784058,0.8942999839782715,0.8933299779891968,0.8942599892616272,0
2025-08-07 18:15:00+00:00,0.8941599726676941,0.8942800164222717,0.893310010433197,0.8942099809646606,0
2025-08-07 18:20:00+00:00,0.8942400217056274,0.8942800164222717,0.8932700157165527,0.8942000269889832,0
2025-08-07 18:25:00+00:00,0.8942099809646606,0.8944200277328491,0.893310010433197,0.8943099975585938,0
2025-08-07 18:30:00+00:00,0.8942599892616272,0.8944000005722046,0.8933500051498413,0.8942099809646606,0
2025-08-07 18:35:00+00:00,0.89410001039505,0.8943399786949158,0.8933500051498413,0.8941500186920166,0
2025-08-07 18:40:00+00:00,0.8942199945449829,0.8942899703979492,0.8932899832725525,0.8940200209617615,0
2025-08-07 18:45:00+00:00,0.8940100073814392,0.8941900134086609,0.8931300044059753,0.8941500186920166,0
2025-08-07 18:50:00+00:00,0.8941500186920166,0.894349992275238,0.893280029296875,0.8942099809646606,0
2025-08-07 18:55:00+00:00,0.8942000269889832,0.8944600224494934,0.8933799862861633,0.8944200277328491,0
2025-08-07 19:00:00+00:00,0.8944100141525269,0.8944799900054932,0.8935199975967407,0.894349992275238,0
2025-08-07 19:05:00+00:00,0.8942700028419495,0.8943399786949158,0.893280029296875,0.8942099809646606,0
2025-08-07 19:10:00+00:00,0.8941900134086609,0.8943399786949158,0.8933500051498413,0.894320011138916,0
2025-08-07 19:15:00+00:00,0.8942199945449829,0.8944000005722046,0.893339991569519,0.8943899869918823,0
2025-08-07 19:20:00+00:00,0.8942800164222717,0.8945199847221375,0.8933799862861633,0.8942999839782715,0
2025-08-07 19:25:00+00:00,0.8942099809646606,0.8944900035858154,0.8932600021362305,0.8944900035858154,0
2025-08-07 19:30:00+00:00,0.8944100141525269,0.8949400186538696,0.8938400149345398,0.894819974899292,0
2025-08-07 19:35:00+00:00,0.8948000073432922,0.8951699733734131,0.8942499756813049,0.8950099945068359,0
2025-08-07 19:40:00+00:00,0.8950799703598022,0.8956000208854675,0.8945599794387817,0.8955900073051453,0
2025-08-07 19:45:00+00:00,0.895579993724823,0.8956400156021118,0.8945800065994263,0.8953499794006348,0
2025-08-07 19:50:00+00:00,0.8952599763870239,0.8954899907112122,0.8944500088691711,0.8954300284385681,0
2025-08-07 19:55:00+00:00,0.8953499794006348,0.8955600261688232,0.8945599794387817,0.8954899907112122,0
2025-08-07 20:00:00+00:00,0.8954799771308899,0.8958699703216553,0.8946499824523926,0.8957399725914001,0
2025-08-07 20:05:00+00:00,0.8958200216293335,0.8960599899291992,0.8951299786567688,0.8958799839019775,0
2025-08-07 20:10:00+00:00,0.8958899974822998,0.8961399793624878,0.8950600028038025,0.8958399891853333,0
2025-08-07 20:15:00+00:00,0.895829975605011,0.8963000178337097,0.8949900269508362,0.8962000012397766,0
2025-08-07 20:20:00+00:00,0.8962799906730652,0.8964300155639648,0.8954600095748901,0.8962600231170654,0
2025-08-07 20:25:00+00:00,0.8963199853897095,0.8965799808502197,0.8953700065612793,0.896369993686676,0
2025-08-07 20:30:00+00:00,0.896340012550354,0.8966299891471863,0.8955900073051453,0.8965200185775757,0
2025-08-07 20:35:00+00:00,0.8964899778366089,0.8966299891471863,0.8955299854278564,0.8964300155639648,0
2025-08-07 20:40:00+00:00,0.8964200019836426,0.8964899778366089,0.895550012588501,0.8961700201034546,0
2025-08-07 20:45:00+00:00,0.8962100148200989,0.8965100049972534,0.8954399824142456,0.896340012550354,0
2025-08-07 20:50:00+00:00,0.8962100148200989,0.8965299725532532,0.8955299854278564,0.8965299725532532,0
2025-08-07 20:55:00+00:00,0.8963800072669983,0.8967000246047974,0.8958899974822998,0.8960800170898438,0
2025-08-07 21:00:00+00:00,0.8960800170898438,0.8960800170898438,0.8949999809265137,0.8953499794006348,0
2025-08-07 21:05:00+00:00,0.8949800133705139,0.8957700133323669,0.8942099809646606,0.895039975643158,0
2025-08-07 21:10:00+00:00,0.8950700163841248,0.8956699967384338,0.8944500088691711,0.895330011844635,0
2025-08-07 21:15:00+00:00,0.8953199982643127,0.8965799808502197,0.8949000239372253,0.8958699703216553,0
2025-08-07 21:20:00+00:00,0.8953999876976013,0.8958399891853333,0.8951600193977356,0.8954300284385681,0
2025-08-07 21:25:00+00:00,0.8954100012779236,0.8958100080490112,0.8952100276947021,0.8955199718475342,0
2025-08-07 21:30:00+00:00,0.8955100178718567,0.8959299921989441,0.895039975643158,0.8956300020217896,0
2025-08-07 21:35:00+00:00,0.8958899974822998,0.8958899974822998,0.8952900171279907,0.8958100080490112,0
2025-08-07 21:40:00+00:00,0.8959100246429443,0.8959199786186218,0.8952500224113464,0.895799994468689,0
2025-08-07 21:45:00+00:00,0.8959400057792664,0.8960899710655212,0.8951399922370911,0.895829975605011,0
2025-08-07 21:50:00+00:00,0.895829975605011,0.8959599733352661,0.8950200080871582,0.8957099914550781,0
2025-08-07 21:55:00+00:00,0.8956400156021118,0.8962399959564209,0.8952100276947021,0.8958100080490112,0
2025-08-07 22:00:00+00:00,0.8959699869155884,0.8967199921607971,0.8955299854278564,0.8965399861335754,0
2025-08-07 22:05:00+00:00,0.8965299725532532,0.896589994430542,0.8955299854278564,0.896589994430542,0
2025-08-07 22:10:00+00:00,0.8964800238609314,0.8966299891471863,0.895609974861145,0.8965799808502197,0
2025-08-07 22:15:00+00:00,0.8964300155639648,0.8966100215911865,0.8956300020217896,0.89656001329422,0
2025-08-07 22:20:00+00:00,0.8964899778366089,0.896589994430542,0.895550012588501,0.8964599967002869,0
2025-08-07 22:25:00+00:00,0.8963299989700317,0.8965200185775757,0.895550012588501,0.8964499831199646,0
2025-08-07 22:30:00+00:00,0.8963500261306763,0.8965200185775757,0.8954899907112122,0.8964099884033203,0
2025-08-07 22:35:00+00:00,0.896340012550354,0.8964400291442871,0.8952699899673462,0.8963299989700317,0
2025-08-07 22:40:00+00:00,0.8962600231170654,0.8964999914169312,0.8954499959945679,0.8964899778366089,0
2025-08-07 22:45:00+00:00,0.8964899778366089,0.8964999914169312,0.8955299854278564,0.8964899778366089,0
2025-08-07 22:50:00+00:00,0.8964300155639648,0.8965399861335754,0.8954200148582458,0.8963299989700317,0
2025-08-07 22:55:00+00:00,0.8962500095367432,0.8963500261306763,0.8952599763870239,0.8962699770927429,0
2025-08-07 23:00:00+00:00,0.8960199952125549,0.8962100148200989,0.8951500058174133,0.8961899876594543,0
2025-08-07 23:05:00+00:00,0.8961600065231323,0.8963800072669983,0.8953099846839905,0.8963199853897095,0
2025-08-07 23:10:00+00:00,0.8963000178337097,0.8963900208473206,0.8954799771308899,0.8962000012397766,0
2025-08-07 23:15:00+00:00,0.896120011806488,0.8963099718093872,0.895330011844635,0.8962600231170654,0
2025-08-07 23:20:00+00:00,0.8962699770927429,0.896340012550354,0.8953400254249573,0.8962900042533875,0
2025-08-07 23:25:00+00:00,0.8962799906730652,0.8964200019836426,0.8954700231552124,0.8963800072669983,0
2025-08-07 23:30:00+00:00,0.896399974822998,0.8964999914169312,0.8954600095748901,0.8963800072669983,0
2025-08-07 23:35:00+00:00,0.896340012550354,0.8964599967002869,0.895359992980957,0.8963800072669983,0
2025-08-07 23:40:00+00:00,0.896369993686676,0.8965399861335754,0.8955699801445007,0.8964400291442871,0
2025-08-07 23:45:00+00:00,0.8964599967002869,0.8964700102806091,0.895359992980957,0.896399974822998,0
2025-08-07 23:50:00+00:00,0.8964300155639648,0.8964499831199646,0.8954700231552124,0.8962399959564209,0
2025-08-07 23:55:00+00:00,0.8962699770927429,0.8963599801063538,0.8950799703598022,0.8960099816322327,0
2025-08-08 00:00:00+00:00,0.8959800004959106,0.8961799740791321,0.8949499726295471,0.8959800004959106,0
2025-08-08 00:05:00+00:00,0.8960199952125549,0.8963800072669983,0.8949800133705139,0.8963800072669983,0
2025-08-08 00:10:00+00:00,0.896340012550354,0.8966599702835083,0.895609974861145,0.8966000080108643,0
2025-08-08 00:15:00+00:00,0.8966100215911865,0.8966900110244751,0.895579993724823,0.8964899778366089,0
2025-08-08 00:20:00+00:00,0.8964800238609314,0.8964999914169312,0.8952599763870239,0.8961799740791321,0
2025-08-08 00:25:00+00:00,0.8962000012397766,0.8962600231170654,0.8949599862098694,0.8959500193595886,0
2025-08-08 00:30:00+00:00,0.8958799839019775,0.8961399793624878,0.8950499892234802,0.8958699703216553,0
2025-08-08 00:35:00+00:00,0.8958500027656555,0.8958899974822998,0.8948100209236145,0.8956400156021118,0
2025-08-08 00:40:00+00:00,0.8956800103187561,0.8958200216293335,0.8948400020599365,0.8957499861717224,0
2025-08-08 00:45:00+00:00,0.8957200050354004,0.8959900140762329,0.8946999907493591,0.8959199786186218,0
2025-08-08 00:50:00+00:00,0.8958699703216553,0.8959400057792664,0.8947700262069702,0.8956699967384338,0
2025-08-08 00:55:00+00:00,0.8956599831581116,0.8958899974822998,0.8949300050735474,0.8958600163459778,0
2025-08-08 01:00:00+00:00,0.8958100080490112,0.8960400223731995,0.8949699997901917,0.8957800269126892,0
2025-08-08 01:05:00+00:00,0.8958699703216553,0.8959599733352661,0.8949400186538696,0.8958699703216553,0
2025-08-08 01:10:00+00:00,0.8958600163459778,0.8960300087928772,0.8950200080871582,0.895829975605011,0
2025-08-08 01:15:00+00:00,0.8957700133323669,0.8958799839019775,0.8947299718856812,0.8956199884414673,0
2025-08-08 01:20:00+00:00,0.895579993724823,0.8956800103187561,0.8942700028419495,0.8952400088310242,0
2025-08-08 01:25:00+00:00,0.8951699733734131,0.8954700231552124,0.8942599892616272,0.8954499959945679,0
2025-08-08 01:30:00+00:00,0.8953700065612793,0.8956199884414673,0.894569993019104,0.8954799771308899,0
2025-08-08 01:35:00+00:00,0.8954300284385681,0.895579993724823,0.8944000005722046,0.8955199718475342,0
2025-08-08 01:40:00+00:00,0.8954799771308899,0.8955900073051453,0.8945199847221375,0.8952800035476685,0
2025-08-08 01:45:00+00:00,0.8952500224113464,0.8953999876976013,0.8942499756813049,0.8953199982643127,0
2025-08-08 01:50:00+00:00,0.8952699899673462,0.8955699801445007,0.8944000005722046,0.895550012588501,0
2025-08-08 01:55:00+00:00,0.8955199718475342,0.8957300186157227,0.8946700096130371,0.8956400156021118,0
2025-08-08 02:00:00+00:00,0.8956300020217896,0.8958699703216553,0.8947299718856812,0.895829975605011,0
2025-08-08 02:05:00+00:00,0.8958500027656555,0.8961099982261658,0.895039975643158,0.8959400057792664,0
2025-08-08 02:10:00+00:00,0.8959400057792664,0.8961600065231323,0.8950200080871582,0.8960700035095215,0
2025-08-08 02:15:00+00:00,0.8960599899291992,0.8963299989700317,0.8952299952507019,0.8962200284004211,0
2025-08-08 02:20:00+00:00,0.8961600065231323,0.8962799906730652,0.8952000141143799,0.8961300253868103,0
2025-08-08 02:25:00+00:00,0.8960700035095215,0.8962299823760986,0.8952100276947021,0.8960800170898438,0
2025-08-08 02:30:00+00:00,0.8960700035095215,0.8962399959564209,0.8950499892234802,0.8961799740791321,0
2025-08-08 02:35:00+00:00,0.8962200284004211,0.8963900208473206,0.8950799703598022,0.8963299989700317,0
2025-08-08 02:40:00+00:00,0.8962799906730652,0.896369993686676,0.8952900171279907,0.8962299823760986,0
2025-08-08 02:45:00+00:00,0.8961499929428101,0.8963000178337097,0.8951799869537354,0.8961399793624878,0
2025-08-08 02:50:00+00:00,0.8960999846458435,0.8962500095367432,0.8952299952507019,0.8962000012397766,0
2025-08-08 02:55:00+00:00,0.8961499929428101,0.8963099718093872,0.8953099846839905,0.8961600065231323,0
2025-08-08 03:00:00+00:00,0.8960999846458435,0.8961700201034546,0.895110011100769,0.8959299921989441,0
2025-08-08 03:05:00+00:00,0.8958399891853333,0.8959599733352661,0.8948699831962585,0.8958100080490112,0
2025-08-08 03:10:00+00:00,0.8957499861717224,0.8958500027656555,0.8948799967765808,0.8957399725914001,0
2025-08-08 03:15:00+00:00,0.8957899808883667,0.8958200216293335,0.8948299884796143,0.8957399725914001,0
2025-08-08 03:20:00+00:00,0.8957700133323669,0.8958200216293335,0.8948400020599365,0.8956400156021118,0
2025-08-08 03:25:00+00:00,0.8957099914550781,0.8959500193595886,0.894860029220581,0.8959000110626221,0
2025-08-08 03:30:00+00:00,0.8958100080490112,0.8960199952125549,0.8949900269508362,0.8959699869155884,0
2025-08-08 03:35:00+00:00,0.8958799839019775,0.8959699869155884,0.8948400020599365,0.8959199786186218,0
2025-08-08 03:40:00+00:00,0.8959400057792664,0.8960899710655212,0.8951699733734131,0.8960099816322327,0
2025-08-08 03:45:00+00:00,0.8959900140762329,0.896120011806488,0.8950600028038025,0.8960800170898438,0
2025-08-08 03:50:00+00:00,0.896049976348877,0.8961099982261658,0.8949400186538696,0.8959000110626221,0
2025-08-08 03:55:00+00:00,0.8959400057792664,0.8960599899291992,0.8950700163841248,0.8958600163459778,0
2025-08-08 04:00:00+00:00,0.8959299921989441,0.8959900140762329,0.8949099779129028,0.8959199786186218,0
2025-08-08 04:05:00+00:00,0.8958799839019775,0.896120011806488,0.8949000239372253,0.8959400057792664,0
2025-08-08 04:10:00+00:00,0.8960099816322327,0.896120011806488,0.8951200246810913,0.8960199952125549,0
2025-08-08 04:15:00+00:00,0.8960000276565552,0.8961300253868103,0.895039975643158,0.8959699869155884,0
2025-08-08 04:20:00+00:00,0.8960700035095215,0.8962799906730652,0.8951399922370911,0.8960099816322327,0
2025-08-08 04:25:00+00:00,0.8959900140762329,0.8961700201034546,0.8950099945068359,0.8959699869155884,0
2025-08-08 04:30:00+00:00,0.8959500193595886,0.8960599899291992,0.8949300050735474,0.8959900140762329,0
2025-08-08 04:35:00+00:00,0.8960000276565552,0.8961700201034546,0.8951699733734131,0.8961399793624878,0
2025-08-08 04:40:00+00:00,0.8960599899291992,0.8962100148200989,0.8952100276947021,0.8961499929428101,0
2025-08-08 04:45:00+00:00,0.8961799740791321,0.8962500095367432,0.8952800035476685,0.8962000012397766,0
2025-08-08 04:50:00+00:00,0.8961799740791321,0.8963199853897095,0.8952000141143799,0.8961300253868103,0
2025-08-08 04:55:00+00:00,0.8961499929428101,0.8961700201034546,0.8952000141143799,0.8960599899291992,0
2025-08-08 05:00:00+00:00,0.8960700035095215,0.8963099718093872,0.8951600193977356,0.8962299823760986,0
2025-08-08 05:05:00+00:00,0.8962000012397766,0.8963099718093872,0.8951500058174133,0.8960400223731995,0
2025-08-08 05:10:00+00:00,0.8960000276565552,0.896120011806488,0.8951399922370911,0.8959699869155884,0
2025-08-08 05:15:00+00:00,0.8959599733352661,0.8959800004959106,0.8948900103569031,0.8958100080490112,0
2025-08-08 05:20:00+00:00,0.8957899808883667,0.8959500193595886,0.8948799967765808,0.8958899974822998,0
2025-08-08 05:25:00+00:00,0.8958699703216553,0.8959400057792664,0.8949400186538696,0.8959199786186218,0
2025-08-08 05:30:00+00:00,0.8959299921989441,0.8960800170898438,0.8950600028038025,0.8958699703216553,0
2025-08-08 05:35:00+00:00,0.8958200216293335,0.8960899710655212,0.8950099945068359,0.8959800004959106,0
2025-08-08 05:40:00+00:00,0.8959199786186218,0.8959500193595886,0.8949400186538696,0.8957899808883667,0
2025-08-08 05:45:00+00:00,0.895799994468689,0.8960099816322327,0.8949699997901917,0.8959800004959106,0
2025-08-08 05:50:00+00:00,0.8959299921989441,0.896340012550354,0.8953099846839905,0.8961899876594543,0
2025-08-08 05:55:00+00:00,0.8961799740791321,0.8962699770927429,0.8952000141143799,0.896049976348877,0
2025-08-08 06:00:00+00:00,0.8959800004959106,0.8962200284004211,0.8948799967765808,0.8961499929428101,0
2025-08-08 06:05:00+00:00,0.8960899710655212,0.8961700201034546,0.8951500058174133,0.8961700201034546,0
2025-08-08 06:10:00+00:00,0.8961499929428101,0.896369993686676,0.8954300284385681,0.8961899876594543,0
2025-08-08 06:15:00+00:00,0.8962399959564209,0.89656001329422,0.895389974117279,0.8964300155639648,0
2025-08-08 06:20:00+00:00,0.8964400291442871,0.8964899778366089,0.8954499959945679,0.8963099718093872,0
2025-08-08 06:25:00+00:00,0.8962399959564209,0.8964200019836426,0.8954399824142456,0.8963299989700317,0
2025-08-08 06:30:00+00:00,0.8962600231170654,0.8964499831199646,0.8953800201416016,0.896340012550354,0
2025-08-08 06:35:00+00:00,0.896369993686676,0.8964499831199646,0.8953199982643127,0.8962200284004211,0
2025-08-08 06:40:00+00:00,0.8961799740791321,0.8964099884033203,0.8951799869537354,0.8963099718093872,0
2025-08-08 06:45:00+00:00,0.8962900042533875,0.8964400291442871,0.895389974117279,0.8963900208473206,0
2025-08-08 06:50:00+00:00,0.896340012550354,0.8965399861335754,0.8954700231552124,0.8965399861335754,0
2025-08-08 06:55:00+00:00,0.8965100049972534,0.8967099785804749,0.895799994468689,0.8965200185775757,0
2025-08-08 07:00:00+00:00,0.8965299725532532,0.8971199989318848,0.8957300186157227,0.8970900177955627,0
2025-08-08 07:05:00+00:00,0.8970699906349182,0.8973399996757507,0.8962000012397766,0.897159993648529,0
2025-08-08 07:10:00+00:00,0.8970699906349182,0.8971800208091736,0.8959100246429443,0.8968799710273743,0
2025-08-08 07:15:00+00:00,0.8968600034713745,0.897130012512207,0.8960000276565552,0.8969399929046631,0
2025-08-08 07:20:00+00:00,0.8970400094985962,0.8970500230789185,0.8959500193595886,0.8969699740409851,0
2025-08-08 07:25:00+00:00,0.8969399929046631,0.8970699906349182,0.8959800004959106,0.8969799876213074,0
2025-08-08 07:30:00+00:00,0.8969799876213074,0.897059977054596,0.8960300087928772,0.8969299793243408,0
2025-08-08 07:35:00+00:00,0.8968300223350525,0.8969900012016296,0.8958899974822998,0.8968899846076965,0
2025-08-08 07:40:00+00:00,0.8969299793243408,0.8970100283622742,0.8959400057792664,0.896589994430542,0
2025-08-08 07:45:00+00:00,0.8966699838638306,0.8967800140380859,0.8956500291824341,0.8966100215911865,0
2025-08-08 07:50:00+00:00,0.8966299891471863,0.89683997631073,0.8956900238990784,0.8967900276184082,0
2025-08-08 07:55:00+00:00,0.8967400193214417,0.8968600034713745,0.8958200216293335,0.8966599702835083,0
2025-08-08 08:00:00+00:00,0.8966599702835083,0.8967800140380859,0.8956500291824341,0.8964300155639648,0
2025-08-08 08:05:00+00:00,0.8963500261306763,0.8967900276184082,0.8956500291824341,0.8967199921607971,0
2025-08-08 08:10:00+00:00,0.8966599702835083,0.897059977054596,0.8959500193595886,0.8969399929046631,0
2025-08-08 08:15:00+00:00,0.8968899846076965,0.8970000147819519,0.8959100246429443,0.8969200253486633,0
2025-08-08 08:20:00+00:00,0.8968899846076965,0.8970400094985962,0.8959400057792664,0.8968899846076965,0
2025-08-08 08:25:00+00:00,0.89683997631073,0.8969100117683411,0.8958399891853333,0.8966500163078308,0
2025-08-08 08:30:00+00:00,0.8965799808502197,0.8966500163078308,0.8953700065612793,0.8960999846458435,0
2025-08-08 08:35:00+00:00,0.8960800170898438,0.8961099982261658,0.8947399854660034,0.8957499861717224,0
2025-08-08 08:40:00+00:00,0.8957300186157227,0.8958200216293335,0.8947700262069702,0.8956800103187561,0
2025-08-08 08:45:00+00:00,0.8957499861717224,0.895829975605011,0.8946200013160706,0.8953999876976013,0
2025-08-08 08:50:00+00:00,0.895389974117279,0.8955399990081787,0.8944600224494934,0.8954100012779236,0
2025-08-08 08:55:00+00:00,0.8953199982643127,0.8955299854278564,0.8944799900054932,0.8954799771308899,0
2025-08-08 09:00:00+00:00,0.8954899907112122,0.8955699801445007,0.8944399952888489,0.8954399824142456,0
2025-08-08 09:05:00+00:00,0.8954300284385681,0.8956300020217896,0.8945599794387817,0.8955600261688232,0
2025-08-08 09:10:00+00:00,0.895609974861145,0.895609974861145,0.8944699764251709,0.8954899907112122,0
2025-08-08 09:15:00+00:00,0.8954200148582458,0.8955000042915344,0.8944299817085266,0.8953099846839905,0
2025-08-08 09:20:00+00:00,0.8952299952507019,0.8954600095748901,0.894320011138916,0.8952199816703796,0
2025-08-08 09:25:00+00:00,0.8951399922370911,0.8953099846839905,0.8943700194358826,0.8952699899673462,0
2025-08-08 09:30:00+00:00,0.8952900171279907,0.8954600095748901,0.8943799734115601,0.8952100276947021,0
2025-08-08 09:35:00+00:00,0.8952299952507019,0.8954600095748901,0.8944500088691711,0.8953800201416016,0
2025-08-08 09:40:00+00:00,0.8952800035476685,0.8954200148582458,0.8944600224494934,0.8952400088310242,0
2025-08-08 09:45:00+00:00,0.8953099846839905,0.8955100178718567,0.8944299817085266,0.8954799771308899,0
2025-08-08 09:50:00+00:00,0.8954899907112122,0.8956599831581116,0.8946099877357483,0.895609974861145,0
2025-08-08 09:55:00+00:00,0.8955100178718567,0.8957200050354004,0.8946999907493591,0.8955299854278564,0
2025-08-08 10:00:00+00:00,0.8955199718475342,0.8955299854278564,0.8944799900054932,0.8953800201416016,0
2025-08-08 10:05:00+00:00,0.895389974117279,0.8957599997520447,0.894599974155426,0.8956800103187561,0
2025-08-08 10:10:00+00:00,0.8956900238990784,0.8956900238990784,0.8945299983024597,0.8955199718475342,0
2025-08-08 10:15:00+00:00,0.8955000042915344,0.895550012588501,0.8943899869918823,0.895359992980957,0
2025-08-08 10:20:00+00:00,0.8952900171279907,0.8954899907112122,0.8945199847221375,0.8954799771308899,0
2025-08-08 10:25:00+00:00,0.8954799771308899,0.8955100178718567,0.8944699764251709,0.8953800201416016,0
2025-08-08 10:30:00+00:00,0.8954499959945679,0.8956000208854675,0.894569993019104,0.895579993724823,0
2025-08-08 10:35:00+00:00,0.8955199718475342,0.8956000208854675,0.8946300148963928,0.895579993724823,0
2025-08-08 10:40:00+00:00,0.8955699801445007,0.8957099914550781,0.8946800231933594,0.8956900238990784,0
2025-08-08 10:45:00+00:00,0.8956800103187561,0.8958399891853333,0.8948500156402588,0.8957300186157227,0
2025-08-08 10:50:00+00:00,0.8957499861717224,0.896049976348877,0.8950099945068359,0.8960199952125549,0
2025-08-08 10:55:00+00:00,0.8960099816322327,0.896049976348877,0.8949099779129028,0.8956900238990784,0
2025-08-08 11:00:00+00:00,0.8957499861717224,0.8957700133323669,0.8947700262069702,0.8957300186157227,0
2025-08-08 11:05:00+00:00,0.8957300186157227,0.8957899808883667,0.8947700262069702,0.8956199884414673,0
2025-08-08 11:10:00+00:00,0.8956699967384338,0.8959000110626221,0.8949599862098694,0.895829975605011,0
2025-08-08 11:15:00+00:00,0.8957700133323669,0.8959100246429443,0.8948699831962585,0.8958500027656555,0
2025-08-08 11:20:00+00:00,0.8959000110626221,0.8959199786186218,0.8944900035858154,0.8954499959945679,0
2025-08-08 11:25:00+00:00,0.8954700231552124,0.8957200050354004,0.8947499990463257,0.8956699967384338,0
2025-08-08 11:30:00+00:00,0.8956199884414673,0.8957300186157227,0.8946700096130371,0.8956400156021118,0
2025-08-08 11:35:00+00:00,0.895579993724823,0.8958100080490112,0.894819974899292,0.8957200050354004,0
2025-08-08 11:40:00+00:00,0.8956900238990784,0.8958899974822998,0.894860029220581,0.8958600163459778,0
2025-08-08 11:45:00+00:00,0.8958399891853333,0.8959000110626221,0.8947799801826477,0.8956800103187561,0
2025-08-08 11:50:00+00:00,0.8956800103187561,0.8960099816322327,0.894760012626648,0.8959199786186218,0
2025-08-08 11:55:00+00:00,0.8959299921989441,0.896049976348877,0.8950300216674805,0.8959800004959106,0
2025-08-08 12:00:00+00:00,0.8959699869155884,0.8961499929428101,0.8950999975204468,0.8960400223731995,0
2025-08-08 12:05:00+00:00,0.8959900140762329,0.8961899876594543,0.8950999975204468,0.8960700035095215,0
2025-08-08 12:10:00+00:00,0.8960899710655212,0.8961700201034546,0.8951399922370911,0.8959900140762329,0
2025-08-08 12:15:00+00:00,0.8960199952125549,0.8960700035095215,0.8949800133705139,0.8959000110626221,0
2025-08-08 12:20:00+00:00,0.8958600163459778,0.8959599733352661,0.8949199914932251,0.8958200216293335,0
2025-08-08 12:25:00+00:00,0.895829975605011,0.8962799906730652,0.8949999809265137,0.8962600231170654,0
2025-08-08 12:30:00+00:00,0.8960800170898438,0.8972200155258179,0.8957099914550781,0.8969500064849854,0
2025-08-08 12:35:00+00:00,0.8970400094985962,0.8972600102424622,0.8962100148200989,0.8972600102424622,0
2025-08-08 12:40:00+00:00,0.8972399830818176,0.8973600268363953,0.8960800170898438,0.896809995174408,0
2025-08-08 12:45:00+00:00,0.8967800140380859,0.8970900177955627,0.8959100246429443,0.8969799876213074,0
2025-08-08 12:50:00+00:00,0.8969699740409851,0.8969900012016296,0.8956599831581116,0.8965799808502197,0
2025-08-08 12:55:00+00:00,0.8965100049972534,0.8967900276184082,0.8956999778747559,0.8965700268745422,0
2025-08-08 13:00:00+00:00,0.8964700102806091,0.8968600034713745,0.8956599831581116,0.8965200185775757,0
2025-08-08 13:05:00+00:00,0.8964899778366089,0.896809995174408,0.8956000208854675,0.8966699838638306,0
2025-08-08 13:10:00+00:00,0.8967199921607971,0.8968799710273743,0.8957300186157227,0.8968300223350525,0
2025-08-08 13:15:00+00:00,0.8968200087547302,0.8970299959182739,0.8959599733352661,0.89683997631073,0
2025-08-08 13:20:00+00:00,0.8968300223350525,0.8971099853515625,0.896049976348877,0.8969900012016296,0
2025-08-08 13:25:00+00:00,0.8969799876213074,0.8972499966621399,0.8962200284004211,0.8972200155258179,0
2025-08-08 13:30:00+00:00,0.8971899747848511,0.8974400162696838,0.8962399959564209,0.8972100019454956,0
2025-08-08 13:35:00+00:00,0.8972399830818176,0.8974800109863281,0.8963599801063538,0.897409975528717,0
2025-08-08 13:40:00+00:00,0.8974000215530396,0.8978400230407715,0.8967700004577637,0.8973100185394287,0
2025-08-08 13:45:00+00:00,0.8973100185394287,0.8977000117301941,0.8965499997138977,0.8975899815559387,0
2025-08-08 13:50:00+00:00,0.8975600004196167,0.897599995136261,0.896369993686676,0.8972799777984619,0
2025-08-08 13:55:00+00:00,0.8972399830818176,0.8975399732589722,0.8964999914169312,0.8972700238227844,0
2025-08-08 14:00:00+00:00,0.8972600102424622,0.897350013256073,0.8962100148200989,0.8970800042152405,0
2025-08-08 14:05:00+00:00,0.8971499800682068,0.8976600170135498,0.8963599801063538,0.897570013999939,0
2025-08-08 14:10:00+00:00,0.8975399732589722,0.8976100087165833,0.8965200185775757,0.8974900245666504,0
2025-08-08 14:15:00+00:00,0.897570013999939,0.8976500034332275,0.8966500163078308,0.8974999785423279,0
2025-08-08 14:20:00+00:00,0.8974800109863281,0.8977400064468384,0.8964999914169312,0.8974800109863281,0
2025-08-08 14:25:00+00:00,0.8974900245666504,0.8975600004196167,0.8964800238609314,0.8972700238227844,0
2025-08-08 14:30:00+00:00,0.8973199725151062,0.897570013999939,0.8965100049972534,0.8975399732589722,0
2025-08-08 14:35:00+00:00,0.8975499868392944,0.8975899815559387,0.8963099718093872,0.8971999883651733,0
2025-08-08 14:40:00+00:00,0.8971800208091736,0.8972399830818176,0.8960400223731995,0.8971700072288513,0
2025-08-08 14:45:00+00:00,0.8971199989318848,0.8973299860954285,0.8962600231170654,0.8972600102424622,0
2025-08-08 14:50:00+00:00,0.8972399830818176,0.8974699974060059,0.8962100148200989,0.8971499800682068,0
2025-08-08 14:55:00+00:00,0.8971099853515625,0.8973900079727173,0.8962299823760986,0.8973000049591064,0
2025-08-08 15:00:00+00:00,0.8973299860954285,0.8974199891090393,0.8961899876594543,0.8973100185394287,0
2025-08-08 15:05:00+00:00,0.8973399996757507,0.8978899717330933,0.8966000080108643,0.8978800177574158,0
2025-08-08 15:10:00+00:00,0.8978400230407715,0.8979499936103821,0.8968200087547302,0.8977000117301941,0
2025-08-08 15:15:00+00:00,0.8976399898529053,0.897849977016449,0.8967300057411194,0.897849977016449,0
2025-08-08 15:20:00+00:00,0.8978300094604492,0.897849977016449,0.896589994430542,0.897599995136261,0
2025-08-08 15:25:00+00:00,0.8975800275802612,0.897629976272583,0.8965100049972534,0.8973699808120728,0
2025-08-08 15:30:00+00:00,0.897379994392395,0.8974000215530396,0.8962200284004211,0.8972700238227844,0
2025-08-08 15:35:00+00:00,0.8972399830818176,0.8973399996757507,0.8962699770927429,0.8972700238227844,0
2025-08-08 15:40:00+00:00,0.8973000049591064,0.8976100087165833,0.8964899778366089,0.8974599838256836,0
2025-08-08 15:45:00+00:00,0.8974699974060059,0.8977400064468384,0.89656001329422,0.8976799845695496,0
2025-08-08 15:50:00+00:00,0.8976899981498718,0.8978899717330933,0.8969100117683411,0.897849977016449,0
2025-08-08 15:55:00+00:00,0.8978099822998047,0.8978899717330933,0.8967800140380859,0.8975600004196167,0
2025-08-08 16:00:00+00:00,0.8974499702453613,0.8977599740028381,0.896369993686676,0.8976899981498718,0
2025-08-08 16:05:00+00:00,0.8976799845695496,0.8977400064468384,0.8966500163078308,0.8975499868392944,0
2025-08-08 16:10:00+00:00,0.8975200057029724,0.8976399898529053,0.8964999914169312,0.8973600268363953,0
2025-08-08 16:15:00+00:00,0.8973900079727173,0.8975499868392944,0.8964099884033203,0.8974300026893616,0
2025-08-08 16:20:00+00:00,0.8974300026893616,0.8974699974060059,0.896369993686676,0.8972899913787842,0
2025-08-08 16:25:00+00:00,0.8972799777984619,0.8974800109863281,0.8965299725532532,0.8973900079727173,0
2025-08-08 16:30:00+00:00,0.897409975528717,0.8975300192832947,0.8964700102806091,0.897409975528717,0
2025-08-08 16:35:00+00:00,0.8973699808120728,0.8975499868392944,0.8964499831199646,0.8973699808120728,0
2025-08-08 16:40:00+00:00,0.8973399996757507,0.8974999785423279,0.8964999914169312,0.897379994392395,0
2025-08-08 16:45:00+00:00,0.897379994392395,0.8974999785423279,0.8964700102806091,0.8973600268363953,0
2025-08-08 16:50:00+00:00,0.8973699808120728,0.8974599838256836,0.896369993686676,0.8971999883651733,0
2025-08-08 16:55:00+00:00,0.8972499966621399,0.8973299860954285,0.8962299823760986,0.8972600102424622,0
2025-08-08 17:00:00+00:00,0.8972600102424622,0.8973299860954285,0.8963000178337097,0.8972300291061401,0
2025-08-08 17:05:00+00:00,0.8972100019454956,0.8973299860954285,0.8963099718093872,0.8973000049591064,0
2025-08-08 17:10:00+00:00,0.8972700238227844,0.8973600268363953,0.8963299989700317,0.8973399996757507,0
2025-08-08 17:15:00+00:00,0.8973000049591064,0.8974900245666504,0.8964099884033203,0.8974699974060059,0
2025-08-08 17:20:00+00:00,0.8974499702453613,0.8975600004196167,0.8965200185775757,0.8974900245666504,0
2025-08-08 17:25:00+00:00,0.8974699974060059,0.8974999785423279,0.8964999914169312,0.8972899913787842,0
2025-08-08 17:30:00+00:00,0.8972399830818176,0.8974499702453613,0.896369993686676,0.8973900079727173,0
2025-08-08 17:35:00+00:00,0.8974199891090393,0.8975300192832947,0.8965200185775757,0.8974300026893616,0
2025-08-08 17:40:00+00:00,0.897409975528717,0.8976799845695496,0.8966500163078308,0.8975600004196167,0
2025-08-08 17:45:00+00:00,0.8975399732589722,0.8976899981498718,0.8966500163078308,0.8974300026893616,0
2025-08-08 17:50:00+00:00,0.8974599838256836,0.897629976272583,0.8965499997138977,0.8974300026893616,0
2025-08-08 17:55:00+00:00,0.8974400162696838,0.8976399898529053,0.8967099785804749,0.8973000049591064,0
2025-08-08 18:00:00+00:00,0.897379994392395,0.8975099921226501,0.8964899778366089,0.8973199725151062,0
2025-08-08 18:05:00+00:00,0.8973299860954285,0.8975499868392944,0.8965299725532532,0.8974300026893616,0
2025-08-08 18:10:00+00:00,0.8974199891090393,0.8975200057029724,0.8964499831199646,0.8974699974060059,0
2025-08-08 18:15:00+00:00,0.8974400162696838,0.8976200222969055,0.8966000080108643,0.8975499868392944,0
2025-08-08 18:20:00+00:00,0.8976100087165833,0.897629976272583,0.8965299725532532,0.8974699974060059,0
2025-08-08 18:25:00+00:00,0.8974800109863281,0.8976100087165833,0.8966400027275085,0.8975600004196167,0
2025-08-08 18:30:00+00:00,0.8975099921226501,0.8977199792861938,0.8966599702835083,0.897599995136261,0
2025-08-08 18:35:00+00:00,0.8976200222969055,0.897629976272583,0.8965299725532532,0.8973900079727173,0
2025-08-08 18:40:00+00:00,0.8974000215530396,0.8975300192832947,0.8964999914169312,0.897409975528717,0
2025-08-08 18:45:00+00:00,0.8973900079727173,0.8974800109863281,0.8964899778366089,0.897379994392395,0
2025-08-08 18:50:00+00:00,0.897379994392395,0.897570013999939,0.8965100049972534,0.8975300192832947,0
2025-08-08 18:55:00+00:00,0.8974999785423279,0.8977699875831604,0.8967400193214417,0.8977199792861938,0
2025-08-08 19:00:00+00:00,0.8976699709892273,0.8977599740028381,0.8966500163078308,0.8974499702453613,0
2025-08-08 19:05:00+00:00,0.8974400162696838,0.8975399732589722,0.8965299725532532,0.8974499702453613,0
2025-08-08 19:10:00+00:00,0.8974000215530396,0.8975899815559387,0.8966000080108643,0.8975300192832947,0
2025-08-08 19:15:00+00:00,0.8975300192832947,0.8975899815559387,0.89656001329422,0.8974499702453613,0
2025-08-08 19:20:00+00:00,0.8974400162696838,0.8974800109863281,0.8963299989700317,0.8972499966621399,0
2025-08-08 19:25:00+00:00,0.8972600102424622,0.8972799777984619,0.8961399793624878,0.8970500230789185,0
2025-08-08 19:30:00+00:00,0.8970500230789185,0.8971700072288513,0.8960599899291992,0.8970900177955627,0
2025-08-08 19:35:00+00:00,0.8971400260925293,0.8971499800682068,0.8961499929428101,0.8970400094985962,0
2025-08-08 19:40:00+00:00,0.8970199823379517,0.8971700072288513,0.8969799876213074,0.897059977054596,0
2025-08-08 19:45:00+00:00,0.8970699906349182,0.8971899747848511,0.8961799740791321,0.897130012512207,0
2025-08-08 19:50:00+00:00,0.8970800042152405,0.8973000049591064,0.8962600231170654,0.8972300291061401,0
2025-08-08 19:55:00+00:00,0.8971499800682068,0.8972600102424622,0.8962500095367432,0.8971999883651733,0
2025-08-08 20:00:00+00:00,0.8972399830818176,0.8973100185394287,0.8963000178337097,0.8972600102424622,0
2025-08-08 20:05:00+00:00,0.8972200155258179,0.8973100185394287,0.8962299823760986,0.8971199989318848,0
2025-08-08 20:10:00+00:00,0.8971099853515625,0.8972899913787842,0.896340012550354,0.897130012512207,0
2025-08-08 20:15:00+00:00,0.8972200155258179,0.8972200155258179,0.8961499929428101,0.8969799876213074,0
2025-08-08 20:20:00+00:00,0.8969299793243408,0.8972799777984619,0.8961099982261658,0.8971800208091736,0
2025-08-08 20:25:00+00:00,0.8970999717712402,0.8972700238227844,0.8962699770927429,0.8972100019454956,0
2025-08-08 20:30:00+00:00,0.8971999883651733,0.8972499966621399,0.8962200284004211,0.8971899747848511,0
2025-08-08 20:35:00+00:00,0.8972100019454956,0.8974499702453613,0.8963000178337097,0.8974400162696838,0
2025-08-08 20:40:00+00:00,0.897350013256073,0.8974800109863281,0.8963099718093872,0.8971700072288513,0
2025-08-08 20:45:00+00:00,0.897130012512207,0.8972100019454956,0.8960099816322327,0.8968799710273743,0
2025-08-08 20:50:00+00:00,0.89683997631073,0.8969299793243408,0.8958799839019775,0.8966699838638306,0
2025-08-08 20:55:00+00:00,0.896619975566864,0.8972499966621399,0.8958600163459778,0.8966500163078308,0
2025-08-08 21:00:00+00:00,0.8968799710273743,0.8968799710273743,0.8968799710273743,0.8968799710273743,0
2025-08-08 21:05:00+00:00,0.8968799710273743,0.8968799710273743,0.8968799710273743,0.8968799710273743,0
2025-08-08 21:10:00+00:00,0.8968799710273743,0.8968799710273743,0.8968799710273743,0.8968799710273743,0
2025-08-08 21:15:00+00:00,0.8968799710273743,0.8968799710273743,0.8968799710273743,0.8968799710273743,0
2025-08-08 21:20:00+00:00,0.8968799710273743,0.8968799710273743,0.8968799710273743,0.8968799710273743,0
2025-08-08 21:25:00+00:00,0.8968799710273743,0.8968799710273743,0.8968799710273743,0.8968799710273743,0
2025-08-10 23:00:00+00:00,0.8967700004577637,0.8968499898910522,0.8959199786186218,0.8967199921607971,0
2025-08-10 23:05:00+00:00,0.8967199921607971,0.8967400193214417,0.8956599831581116,0.8966299891471863,0
2025-08-10 23:10:00+00:00,0.8965200185775757,0.8966299891471863,0.8956199884414673,0.8965100049972534,0
2025-08-10 23:15:00+00:00,0.8964400291442871,0.8965299725532532,0.8954600095748901,0.8963800072669983,0
2025-08-10 23:20:00+00:00,0.896340012550354,0.896399974822998,0.8953400254249573,0.8962100148200989,0
2025-08-10 23:25:00+00:00,0.8962500095367432,0.8962799906730652,0.8952800035476685,0.8961499929428101,0
2025-08-10 23:30:00+00:00,0.8961300253868103,0.8962500095367432,0.8952599763870239,0.8961499929428101,0
2025-08-10 23:35:00+00:00,0.8961499929428101,0.896340012550354,0.8952500224113464,0.8962900042533875,0
2025-08-10 23:40:00+00:00,0.8962799906730652,0.896369993686676,0.8953400254249573,0.8962500095367432,0
2025-08-10 23:45:00+00:00,0.8962699770927429,0.8963500261306763,0.8952900171279907,0.8962000012397766,0
2025-08-10 23:50:00+00:00,0.8962600231170654,0.8963500261306763,0.8953099846839905,0.8963199853897095,0
2025-08-10 23:55:00+00:00,0.8962500095367432,0.8964200019836426,0.8952900171279907,0.8961300253868103,0
2025-08-11 00:00:00+00:00,0.8961099982261658,0.8964800238609314,0.8951600193977356,0.8963000178337097,0
2025-08-11 00:05:00+00:00,0.8963800072669983,0.8964899778366089,0.8953099846839905,0.8963900208473206,0
2025-08-11 00:10:00+00:00,0.896369993686676,0.89656001329422,0.8955100178718567,0.8965399861335754,0
2025-08-11 00:15:00+00:00,0.8965200185775757,0.8966299891471863,0.8956999778747559,0.8964200019836426,0
2025-08-11 00:20:00+00:00,0.896399974822998,0.8966599702835083,0.8954700231552124,0.896340012550354,0
2025-08-11 00:25:00+00:00,0.8963299989700317,0.8966000080108643,0.8955000042915344,0.8964200019836426,0
2025-08-11 00:30:00+00:00,0.8964499831199646,0.8964800238609314,0.8954600095748901,0.8963800072669983,0
2025-08-11 00:35:00+00:00,0.896369993686676,0.8965200185775757,0.8954600095748901,0.8964200019836426,0
2025-08-11 00:40:00+00:00,0.896369993686676,0.8964899778366089,0.8954799771308899,0.8964200019836426,0
2025-08-11 00:45:00+00:00,0.8964200019836426,0.8965100049972534,0.8954200148582458,0.8964099884033203,0
2025-08-11 00:50:00+00:00,0.8964400291442871,0.8965100049972534,0.8954200148582458,0.8963199853897095,0
2025-08-11 00:55:00+00:00,0.8963199853897095,0.8965200185775757,0.8954600095748901,0.8964800238609314,0
2025-08-11 01:00:00+00:00,0.8964700102806091,0.896589994430542,0.8955399990081787,0.8965299725532532,0
2025-08-11 01:05:00+00:00,0.8965399861335754,0.8966799974441528,0.8954200148582458,0.8962799906730652,0
2025-08-11 01:10:00+00:00,0.896340012550354,0.8964999914169312,0.8953099846839905,0.8964700102806091,0
2025-08-11 01:15:00+00:00,0.8964200019836426,0.8966599702835083,0.895609974861145,0.8965700268745422,0
2025-08-11 01:20:00+00:00,0.896589994430542,0.8969799876213074,0.895799994468689,0.8969600200653076,0
2025-08-11 01:25:00+00:00,0.8968899846076965,0.8969799876213074,0.8959299921989441,0.8968899846076965,0
2025-08-11 01:30:00+00:00,0.8968899846076965,0.8969900012016296,0.8959400057792664,0.8968600034713745,0
2025-08-11 01:35:00+00:00,0.8968200087547302,0.8970900177955627,0.8960199952125549,0.8969699740409851,0
2025-08-11 01:40:00+00:00,0.8970100283622742,0.8970400094985962,0.8959800004959106,0.8969200253486633,0
2025-08-11 01:45:00+00:00,0.8968999981880188,0.8970900177955627,0.8959500193595886,0.8968999981880188,0
2025-08-11 01:50:00+00:00,0.89683997631073,0.8970900177955627,0.8959400057792664,0.8969699740409851,0
2025-08-11 01:55:00+00:00,0.8969900012016296,0.8970199823379517,0.8959500193595886,0.8968700170516968,0
2025-08-11 02:00:00+00:00,0.89683997631073,0.8971400260925293,0.8959900140762329,0.8970000147819519,0
2025-08-11 02:05:00+00:00,0.8969900012016296,0.8970400094985962,0.8960400223731995,0.8969200253486633,0
2025-08-11 02:10:00+00:00,0.8968899846076965,0.8969399929046631,0.8959100246429443,0.8967400193214417,0
2025-08-11 02:15:00+00:00,0.8967999815940857,0.8968200087547302,0.8958200216293335,0.8967300057411194,0
2025-08-11 02:20:00+00:00,0.8967099785804749,0.8970699906349182,0.8958899974822998,0.8970199823379517,0
2025-08-11 02:25:00+00:00,0.8970100283622742,0.8970500230789185,0.8960099816322327,0.8969399929046631,0
2025-08-11 02:30:00+00:00,0.8969200253486633,0.8969600200653076,0.8959699869155884,0.89683997631073,0
2025-08-11 02:35:00+00:00,0.8967999815940857,0.8969900012016296,0.8959000110626221,0.8967800140380859,0
2025-08-11 02:40:00+00:00,0.8968300223350525,0.8970900177955627,0.8959599733352661,0.8969600200653076,0
2025-08-11 02:45:00+00:00,0.8970400094985962,0.8971199989318848,0.896049976348877,0.8971199989318848,0
2025-08-11 02:50:00+00:00,0.8970100283622742,0.8971099853515625,0.8960199952125549,0.8969600200653076,0
2025-08-11 02:55:00+00:00,0.8968499898910522,0.8970000147819519,0.895829975605011,0.8967900276184082,0
2025-08-11 03:00:00+00:00,0.8968300223350525,0.8969100117683411,0.8959000110626221,0.8966400027275085,0
2025-08-11 03:05:00+00:00,0.8966100215911865,0.8966400027275085,0.8955100178718567,0.8964300155639648,0
2025-08-11 03:10:00+00:00,0.8964700102806091,0.8966000080108643,0.8956000208854675,0.8965399861335754,0
2025-08-11 03:15:00+00:00,0.89656001329422,0.896809995174408,0.8957700133323669,0.8967800140380859,0
2025-08-11 03:20:00+00:00,0.8967900276184082,0.8970999717712402,0.895829975605011,0.8970000147819519,0
2025-08-11 03:25:00+00:00,0.8969699740409851,0.8970400094985962,0.8959800004959106,0.8969799876213074,0
2025-08-11 03:30:00+00:00,0.8969600200653076,0.8970400094985962,0.8960800170898438,0.8967900276184082,0
2025-08-11 03:35:00+00:00,0.8967999815940857,0.8970299959182739,0.8959100246429443,0.8969500064849854,0
2025-08-11 03:40:00+00:00,0.8969699740409851,0.8970400094985962,0.8959900140762329,0.8969699740409851,0
2025-08-11 03:45:00+00:00,0.8969399929046631,0.8970299959182739,0.8959800004959106,0.8968899846076965,0
2025-08-11 03:50:00+00:00,0.8969200253486633,0.8970900177955627,0.8959100246429443,0.8969699740409851,0
2025-08-11 03:55:00+00:00,0.8970299959182739,0.897130012512207,0.8960899710655212,0.8970299959182739,0
2025-08-11 04:00:00+00:00,0.8969299793243408,0.8970400094985962,0.8959900140762329,0.8969699740409851,0
2025-08-11 04:05:00+00:00,0.8969100117683411,0.8970900177955627,0.8959699869155884,0.8970699906349182,0
2025-08-11 04:10:00+00:00,0.8970299959182739,0.8972399830818176,0.8962000012397766,0.897130012512207,0
2025-08-11 04:15:00+00:00,0.8971400260925293,0.8972700238227844,0.8962900042533875,0.8972100019454956,0
2025-08-11 04:20:00+00:00,0.8971400260925293,0.8973600268363953,0.8963099718093872,0.8972200155258179,0
2025-08-11 04:25:00+00:00,0.8971700072288513,0.8972300291061401,0.8961499929428101,0.8970800042152405,0
2025-08-11 04:30:00+00:00,0.8970400094985962,0.8971199989318848,0.8960099816322327,0.8969799876213074,0
2025-08-11 04:35:00+00:00,0.8969900012016296,0.8970999717712402,0.8960999846458435,0.8970199823379517,0
2025-08-11 04:40:00+00:00,0.8970000147819519,0.8970500230789185,0.8959599733352661,0.8968300223350525,0
2025-08-11 04:45:00+00:00,0.8968999981880188,0.8970900177955627,0.8960199952125549,0.8970000147819519,0
2025-08-11 04:50:00+00:00,0.8970400094985962,0.8970999717712402,0.8960099816322327,0.8970199823379517,0
2025-08-11 04:55:00+00:00,0.8970100283622742,0.8971099853515625,0.8961499929428101,0.8971099853515625,0
2025-08-11 05:00:00+00:00,0.8970999717712402,0.8971099853515625,0.8959100246429443,0.896809995174408,0
2025-08-11 05:05:00+00:00,0.8968300223350525,0.8971899747848511,0.8960999846458435,0.8971400260925293,0
2025-08-11 05:10:00+00:00,0.8971800208091736,0.8972499966621399,0.8962799906730652,0.897059977054596,0
2025-08-11 05:15:00+00:00,0.8971400260925293,0.8971700072288513,0.8962200284004211,0.8970699906349182,0
2025-08-11 05:20:00+00:00,0.8970199823379517,0.8971700072288513,0.8960199952125549,0.8969399929046631,0
2025-08-11 05:25:00+00:00,0.8969500064849854,0.8970299959182739,0.8959400057792664,0.8969200253486633,0
2025-08-11 05:30:00+00:00,0.8968799710273743,0.897059977054596,0.8960999846458435,0.8969500064849854,0
2025-08-11 05:35:00+00:00,0.8969699740409851,0.8970199823379517,0.8960099816322327,0.8969200253486633,0
2025-08-11 05:40:00+00:00,0.8969600200653076,0.897059977054596,0.8960400223731995,0.8969399929046631,0
2025-08-11 05:45:00+00:00,0.8968700170516968,0.8970800042152405,0.8960400223731995,0.8970299959182739,0
2025-08-11 05:50:00+00:00,0.8970400094985962,0.897159993648529,0.8961300253868103,0.8970000147819519,0
2025-08-11 05:55:00+00:00,0.8969900012016296,0.8972499966621399,0.8962000012397766,0.8972499966621399,0
2025-08-11 06:00:00+00:00,0.8972300291061401,0.897409975528717,0.8963800072669983,0.897409975528717,0
2025-08-11 06:05:00+00:00,0.897379994392395,0.8975899815559387,0.8964099884033203,0.8975200057029724,0
2025-08-11 06:10:00+00:00,0.8975600004196167,0.8976100087165833,0.896340012550354,0.8973199725151062,0
2025-08-11 06:15:00+00:00,0.8973000049591064,0.897409975528717,0.8963099718093872,0.8973199725151062,0
2025-08-11 06:20:00+00:00,0.8972799777984619,0.8977199792861938,0.8964300155639648,0.8975800275802612,0
2025-08-11 06:25:00+00:00,0.8975300192832947,0.8977299928665161,0.8966799974441528,0.897629976272583,0
2025-08-11 06:30:00+00:00,0.8975899815559387,0.8976600170135498,0.8966900110244751,0.8976100087165833,0
2025-08-11 06:35:00+00:00,0.897599995136261,0.8976399898529053,0.8966500163078308,0.8975099921226501,0
2025-08-11 06:40:00+00:00,0.8974999785423279,0.8977299928665161,0.8966299891471863,0.8976699709892273,0
2025-08-11 06:45:00+00:00,0.8976500034332275,0.8977400064468384,0.8967700004577637,0.8975899815559387,0
2025-08-11 06:50:00+00:00,0.8976200222969055,0.8977000117301941,0.8967099785804749,0.8974499702453613,0
2025-08-11 06:55:00+00:00,0.8974800109863281,0.8975899815559387,0.8964800238609314,0.8974300026893616,0
2025-08-11 07:00:00+00:00,0.8974800109863281,0.897629976272583,0.8964300155639648,0.8972700238227844,0
2025-08-11 07:05:00+00:00,0.8972300291061401,0.8973100185394287,0.8962699770927429,0.8971700072288513,0
2025-08-11 07:10:00+00:00,0.897130012512207,0.8973000049591064,0.8963000178337097,0.8971999883651733,0
2025-08-11 07:15:00+00:00,0.8971700072288513,0.897379994392395,0.8963299989700317,0.8972100019454956,0
2025-08-11 07:20:00+00:00,0.8971999883651733,0.8972200155258179,0.8962699770927429,0.8971400260925293,0
2025-08-11 07:25:00+00:00,0.8970699906349182,0.8972300291061401,0.8961600065231323,0.8971700072288513,0
2025-08-11 07:30:00+00:00,0.8971199989318848,0.897350013256073,0.896369993686676,0.8972700238227844,0
2025-08-11 07:35:00+00:00,0.8972100019454956,0.8974599838256836,0.8962799906730652,0.8974499702453613,0
2025-08-11 07:40:00+00:00,0.8974400162696838,0.8975099921226501,0.8964700102806091,0.8974000215530396,0
2025-08-11 07:45:00+00:00,0.897350013256073,0.8974400162696838,0.8962699770927429,0.8971800208091736,0
2025-08-11 07:50:00+00:00,0.8972499966621399,0.8973299860954285,0.8962100148200989,0.8971099853515625,0
2025-08-11 07:55:00+00:00,0.8970800042152405,0.8972399830818176,0.8962000012397766,0.8970500230789185,0
2025-08-11 08:00:00+00:00,0.8969600200653076,0.897350013256073,0.8963299989700317,0.8970800042152405,0
2025-08-11 08:05:00+00:00,0.8970900177955627,0.8974699974060059,0.8960999846458435,0.8974400162696838,0
2025-08-11 08:10:00+00:00,0.8974199891090393,0.8974999785423279,0.8964499831199646,0.897379994392395,0
2025-08-11 08:15:00+00:00,0.8973699808120728,0.8976399898529053,0.8966599702835083,0.8976200222969055,0
2025-08-11 08:20:00+00:00,0.8975600004196167,0.8977800011634827,0.8966500163078308,0.8976399898529053,0
2025-08-11 08:25:00+00:00,0.8976699709892273,0.897819995880127,0.8966900110244751,0.897819995880127,0
2025-08-11 08:30:00+00:00,0.8977400064468384,0.8978300094604492,0.8967999815940857,0.8976899981498718,0
2025-08-11 08:35:00+00:00,0.8977100253105164,0.8977900147438049,0.8967700004577637,0.8977100253105164,0
2025-08-11 08:40:00+00:00,0.8976899981498718,0.8978300094604492,0.8966900110244751,0.897570013999939,0
2025-08-11 08:45:00+00:00,0.897599995136261,0.8976600170135498,0.896619975566864,0.8974499702453613,0
2025-08-11 08:50:00+00:00,0.8974300026893616,0.8976399898529053,0.8964599967002869,0.8974499702453613,0
2025-08-11 08:55:00+00:00,0.8974800109863281,0.8976699709892273,0.8965399861335754,0.8974999785423279,0
2025-08-11 09:00:00+00:00,0.8974599838256836,0.897629976272583,0.896619975566864,0.897570013999939,0
2025-08-11 09:05:00+00:00,0.8975600004196167,0.897570013999939,0.8965499997138977,0.8974699974060059,0
2025-08-11 09:10:00+00:00,0.8974800109863281,0.8975300192832947,0.89656001329422,0.897409975528717,0
2025-08-11 09:15:00+00:00,0.8973900079727173,0.8974599838256836,0.896399974822998,0.8973699808120728,0
2025-08-11 09:20:00+00:00,0.8973600268363953,0.8974900245666504,0.8964800238609314,0.8973699808120728,0
2025-08-11 09:25:00+00:00,0.897350013256073,0.8973900079727173,0.8963099718093872,0.8973000049591064,0
2025-08-11 09:30:00+00:00,0.8972399830818176,0.8974300026893616,0.8964300155639648,0.897379994392395,0
2025-08-11 09:35:00+00:00,0.8973600268363953,0.8974900245666504,0.8964400291442871,0.897409975528717,0
2025-08-11 09:40:00+00:00,0.897409975528717,0.8974699974060059,0.8964300155639648,0.8974199891090393,0
2025-08-11 09:45:00+00:00,0.897379994392395,0.8976799845695496,0.8966100215911865,0.8976600170135498,0
2025-08-11 09:50:00+00:00,0.8976500034332275,0.8977199792861938,0.8967300057411194,0.8975499868392944,0
2025-08-11 09:55:00+00:00,0.8975399732589722,0.8978599905967712,0.8967199921607971,0.8977699875831604,0
2025-08-11 10:00:00+00:00,0.8978300094604492,0.8978700041770935,0.8968200087547302,0.8977400064468384,0
2025-08-11 10:05:00+00:00,0.8977599740028381,0.8977800011634827,0.896619975566864,0.8975600004196167,0
2025-08-11 10:10:00+00:00,0.8975300192832947,0.8976399898529053,0.8965100049972534,0.8974800109863281,0
2025-08-11 10:15:00+00:00,0.8974499702453613,0.8978899717330933,0.89683997631073,0.8978000283241272,0
2025-08-11 10:20:00+00:00,0.8978300094604492,0.897849977016449,0.8968499898910522,0.8977500200271606,0
2025-08-11 10:25:00+00:00,0.8977500200271606,0.8978400230407715,0.8967700004577637,0.8976899981498718,0
2025-08-11 10:30:00+00:00,0.8976399898529053,0.8978099822998047,0.896809995174408,0.8977699875831604,0
2025-08-11 10:35:00+00:00,0.8977299928665161,0.8979600071907043,0.8968499898910522,0.8978400230407715,0
2025-08-11 10:40:00+00:00,0.8978800177574158,0.8979300260543823,0.8968999981880188,0.8978400230407715,0
2025-08-11 10:45:00+00:00,0.8978000283241272,0.8978899717330933,0.8967599868774414,0.8976500034332275,0
2025-08-11 10:50:00+00:00,0.8976500034332275,0.897819995880127,0.896809995174408,0.897819995880127,0
2025-08-11 10:55:00+00:00,0.8977900147438049,0.8979499936103821,0.8968999981880188,0.8977199792861938,0
2025-08-11 11:00:00+00:00,0.897819995880127,0.8978999853134155,0.8968999981880188,0.8978800177574158,0
2025-08-11 11:05:00+00:00,0.8978800177574158,0.8979600071907043,0.8969100117683411,0.8978800177574158,0
2025-08-11 11:10:00+00:00,0.8978400230407715,0.8979399800300598,0.8967400193214417,0.8977100253105164,0
2025-08-11 11:15:00+00:00,0.8976699709892273,0.8978099822998047,0.8967400193214417,0.8977199792861938,0
2025-08-11 11:20:00+00:00,0.8976600170135498,0.897849977016449,0.8967900276184082,0.8977800011634827,0
2025-08-11 11:25:00+00:00,0.8977800011634827,0.8978400230407715,0.8965799808502197,0.8974699974060059,0
2025-08-11 11:30:00+00:00,0.8975399732589722,0.897599995136261,0.89656001329422,0.8973000049591064,0
2025-08-11 11:35:00+00:00,0.8973299860954285,0.897409975528717,0.8963099718093872,0.8972300291061401,0
2025-08-11 11:40:00+00:00,0.8972300291061401,0.897379994392395,0.8962900042533875,0.8972300291061401,0
2025-08-11 11:45:00+00:00,0.8972100019454956,0.8973000049591064,0.8963199853897095,0.8971800208091736,0
2025-08-11 11:50:00+00:00,0.8971400260925293,0.8972100019454956,0.8959500193595886,0.8970500230789185,0
2025-08-11 11:55:00+00:00,0.8970699906349182,0.8973100185394287,0.8963099718093872,0.8972399830818176,0
2025-08-11 12:00:00+00:00,0.8972300291061401,0.897379994392395,0.8961799740791321,0.8970100283622742,0
2025-08-11 12:05:00+00:00,0.8969900012016296,0.8971199989318848,0.8960400223731995,0.8969600200653076,0
2025-08-11 12:10:00+00:00,0.8969600200653076,0.8970500230789185,0.8958200216293335,0.8967800140380859,0
2025-08-11 12:15:00+00:00,0.8966799974441528,0.8967900276184082,0.8957399725914001,0.8966699838638306,0
2025-08-11 12:20:00+00:00,0.8966500163078308,0.8970400094985962,0.8957800269126892,0.8970100283622742,0
2025-08-11 12:25:00+00:00,0.8970100283622742,0.8970699906349182,0.8957700133323669,0.8967900276184082,0
2025-08-11 12:30:00+00:00,0.8967900276184082,0.8970699906349182,0.8959100246429443,0.8969500064849854,0
2025-08-11 12:35:00+00:00,0.8969200253486633,0.8969799876213074,0.895799994468689,0.8967999815940857,0
2025-08-11 12:40:00+00:00,0.8967499732971191,0.897159993648529,0.8960400223731995,0.8971400260925293,0
2025-08-11 12:45:00+00:00,0.8970800042152405,0.8972700238227844,0.8961399793624878,0.8971199989318848,0
2025-08-11 12:50:00+00:00,0.8970999717712402,0.8972100019454956,0.8961899876594543,0.8971199989318848,0
2025-08-11 12:55:00+00:00,0.8970999717712402,0.8971999883651733,0.8961899876594543,0.8971499800682068,0
2025-08-11 13:00:00+00:00,0.8971099853515625,0.8972100019454956,0.8959599733352661,0.8967599868774414,0
2025-08-11 13:05:00+00:00,0.8967300057411194,0.8968700170516968,0.8957399725914001,0.896619975566864,0
2025-08-11 13:10:00+00:00,0.896619975566864,0.8970999717712402,0.8957800269126892,0.897059977054596,0
2025-08-11 13:15:00+00:00,0.8970699906349182,0.8971099853515625,0.8959699869155884,0.8967700004577637,0
2025-08-11 13:20:00+00:00,0.8967499732971191,0.8967900276184082,0.8956999778747559,0.8966699838638306,0
2025-08-11 13:25:00+00:00,0.8966299891471863,0.8967599868774414,0.8957300186157227,0.8966400027275085,0
2025-08-11 13:30:00+00:00,0.8966900110244751,0.8967599868774414,0.8965399861335754,0.8967099785804749,0
2025-08-11 13:35:00+00:00,0.8967000246047974,0.8969200253486633,0.8958100080490112,0.8967700004577637,0
2025-08-11 13:40:00+00:00,0.8967199921607971,0.897159993648529,0.8959400057792664,0.8970900177955627,0
2025-08-11 13:45:00+00:00,0.8970699906349182,0.8971999883651733,0.8969299793243408,0.8970199823379517,0
2025-08-11 13:50:00+00:00,0.8970000147819519,0.8971099853515625,0.8960800170898438,0.8969500064849854,0
2025-08-11 13:55:00+00:00,0.8969100117683411,0.8972600102424622,0.896120011806488,0.8971999883651733,0
2025-08-11 14:00:00+00:00,0.8971700072288513,0.8972300291061401,0.8962500095367432,0.8969699740409851,0
2025-08-11 14:05:00+00:00,0.8969600200653076,0.8973000049591064,0.8961099982261658,0.897130012512207,0
2025-08-11 14:10:00+00:00,0.8970699906349182,0.8976200222969055,0.8964599967002869,0.8975399732589722,0
2025-08-11 14:15:00+00:00,0.8975200057029724,0.8976200222969055,0.8966100215911865,0.897570013999939,0
2025-08-11 14:20:00+00:00,0.8975300192832947,0.897570013999939,0.8965200185775757,0.8974199891090393,0
2025-08-11 14:25:00+00:00,0.8974000215530396,0.8974400162696838,0.8963000178337097,0.8973600268363953,0
2025-08-11 14:30:00+00:00,0.8972899913787842,0.8974699974060059,0.8964700102806091,0.8973199725151062,0
2025-08-11 14:35:00+00:00,0.8973199725151062,0.8974000215530396,0.8963599801063538,0.8971700072288513,0
2025-08-11 14:40:00+00:00,0.8971400260925293,0.8974800109863281,0.8963000178337097,0.8970999717712402,0
2025-08-11 14:45:00+00:00,0.8971499800682068,0.8971700072288513,0.8959599733352661,0.8968899846076965,0
2025-08-11 14:50:00+00:00,0.89683997631073,0.8969699740409851,0.8959599733352661,0.896619975566864,0
2025-08-11 14:55:00+00:00,0.8966599702835083,0.897159993648529,0.8958200216293335,0.8970400094985962,0
2025-08-11 15:00:00+00:00,0.8970800042152405,0.8972399830818176,0.8961799740791321,0.8969200253486633,0
2025-08-11 15:05:00+00:00,0.8969200253486633,0.8970699906349182,0.8960700035095215,0.8970299959182739,0
2025-08-11 15:10:00+00:00,0.8970199823379517,0.8970800042152405,0.896049976348877,0.8969600200653076,0
2025-08-11 15:15:00+00:00,0.8969399929046631,0.8970500230789185,0.8960700035095215,0.8970500230789185,0
2025-08-11 15:20:00+00:00,0.8970400094985962,0.8972399830818176,0.8961499929428101,0.8971999883651733,0
2025-08-11 15:25:00+00:00,0.8971999883651733,0.8974400162696838,0.8963800072669983,0.8973600268363953,0
2025-08-11 15:30:00+00:00,0.8973600268363953,0.8975600004196167,0.8963299989700317,0.8975300192832947,0
2025-08-11 15:35:00+00:00,0.8975300192832947,0.897629976272583,0.8966100215911865,0.8975300192832947,0
2025-08-11 15:40:00+00:00,0.8974999785423279,0.8976500034332275,0.896619975566864,0.8975800275802612,0
2025-08-11 15:45:00+00:00,0.8975399732589722,0.8976699709892273,0.8966900110244751,0.897570013999939,0
2025-08-11 15:50:00+00:00,0.8975600004196167,0.8977599740028381,0.8967000246047974,0.8976200222969055,0
2025-08-11 15:55:00+00:00,0.8976600170135498,0.8977100253105164,0.8966599702835083,0.8975899815559387,0
2025-08-11 16:00:00+00:00,0.8975800275802612,0.8978899717330933,0.8968700170516968,0.8977400064468384,0
2025-08-11 16:05:00+00:00,0.8977800011634827,0.8980299830436707,0.8968999981880188,0.8979899883270264,0
2025-08-11 16:10:00+00:00,0.8979600071907043,0.8980399966239929,0.8970000147819519,0.8979499936103821,0
2025-08-11 16:15:00+00:00,0.8979099988937378,0.8979600071907043,0.8970199823379517,0.8978899717330933,0
2025-08-11 16:20:00+00:00,0.8978700041770935,0.8980399966239929,0.8969299793243408,0.8980399966239929,0
2025-08-11 16:25:00+00:00,0.8980100154876709,0.8980600237846375,0.897059977054596,0.8980500102043152,0
2025-08-11 16:30:00+00:00,0.8980399966239929,0.8980799913406372,0.8970199823379517,0.8978300094604492,0
2025-08-11 16:35:00+00:00,0.897819995880127,0.8978999853134155,0.8968499898910522,0.8976699709892273,0
2025-08-11 16:40:00+00:00,0.8976799845695496,0.8977000117301941,0.89656001329422,0.8974699974060059,0
2025-08-11 16:45:00+00:00,0.8974800109863281,0.8976699709892273,0.8965499997138977,0.8974599838256836,0
2025-08-11 16:50:00+00:00,0.8974999785423279,0.8977500200271606,0.8966900110244751,0.8974800109863281,0
2025-08-11 16:55:00+00:00,0.8975099921226501,0.8975899815559387,0.8966299891471863,0.8975099921226501,0
2025-08-11 17:00:00+00:00,0.8974999785423279,0.8975899815559387,0.89656001329422,0.8974900245666504,0
2025-08-11 17:05:00+00:00,0.8974900245666504,0.8975600004196167,0.8964200019836426,0.8974300026893616,0
2025-08-11 17:10:00+00:00,0.8974199891090393,0.8974800109863281,0.8963199853897095,0.8972600102424622,0
2025-08-11 17:15:00+00:00,0.8971700072288513,0.8972799777984619,0.8961499929428101,0.8971999883651733,0
2025-08-11 17:20:00+00:00,0.8971899747848511,0.8972899913787842,0.8962600231170654,0.8972499966621399,0
2025-08-11 17:25:00+00:00,0.8972499966621399,0.8973900079727173,0.8963900208473206,0.8973399996757507,0
2025-08-11 17:30:00+00:00,0.8973000049591064,0.8975099921226501,0.8964999914169312,0.8974699974060059,0
2025-08-11 17:35:00+00:00,0.897409975528717,0.8975600004196167,0.8965399861335754,0.897379994392395,0
2025-08-11 17:40:00+00:00,0.8973699808120728,0.8975300192832947,0.896399974822998,0.8974999785423279,0
2025-08-11 17:45:00+00:00,0.8974900245666504,0.8975499868392944,0.8965399861335754,0.8974900245666504,0
2025-08-11 17:50:00+00:00,0.8974800109863281,0.8975499868392944,0.8964800238609314,0.8974699974060059,0
2025-08-11 17:55:00+00:00,0.8975300192832947,0.8975499868392944,0.89656001329422,0.8975399732589722,0
2025-08-11 18:00:00+00:00,0.8974800109863281,0.8976699709892273,0.8966100215911865,0.8975399732589722,0
2025-08-11 18:05:00+00:00,0.897570013999939,0.8976799845695496,0.8966100215911865,0.897570013999939,0
2025-08-11 18:10:00+00:00,0.8976200222969055,0.8976899981498718,0.8966699838638306,0.8975600004196167,0
2025-08-11 18:15:00+00:00,0.8974999785423279,0.897599995136261,0.8966000080108643,0.8974900245666504,0
2025-08-11 18:20:00+00:00,0.8975099921226501,0.897629976272583,0.8966400027275085,0.8975300192832947,0
2025-08-11 18:25:00+00:00,0.8974999785423279,0.8977400064468384,0.8966299891471863,0.8976100087165833,0
2025-08-11 18:30:00+00:00,0.8976100087165833,0.8976600170135498,0.8965700268745422,0.8974999785423279,0
2025-08-11 18:35:00+00:00,0.8974900245666504,0.897570013999939,0.8965799808502197,0.8975300192832947,0
2025-08-11 18:40:00+00:00,0.8974999785423279,0.8975499868392944,0.8964400291442871,0.897379994392395,0
2025-08-11 18:45:00+00:00,0.8973199725151062,0.8974699974060059,0.8964200019836426,0.8974000215530396,0
2025-08-11 18:50:00+00:00,0.897379994392395,0.8975399732589722,0.8965299725532532,0.8974900245666504,0
2025-08-11 18:55:00+00:00,0.8974699974060059,0.8976699709892273,0.8966599702835083,0.8975800275802612,0
2025-08-11 19:00:00+00:00,0.8975899815559387,0.897599995136261,0.8966100215911865,0.8974199891090393,0
2025-08-11 19:05:00+00:00,0.897409975528717,0.8974900245666504,0.8964899778366089,0.8973100185394287,0
2025-08-11 19:10:00+00:00,0.8973199725151062,0.8974800109863281,0.8964599967002869,0.8974400162696838,0
2025-08-11 19:15:00+00:00,0.8974000215530396,0.8975800275802612,0.896589994430542,0.8975200057029724,0
2025-08-11 19:20:00+00:00,0.8974599838256836,0.8974900245666504,0.8964599967002869,0.8973299860954285,0
2025-08-11 19:25:00+00:00,0.8973199725151062,0.897379994392395,0.8963000178337097,0.8972799777984619,0
2025-08-11 19:30:00+00:00,0.8972799777984619,0.8973900079727173,0.896399974822998,0.8973100185394287,0
2025-08-11 19:35:00+00:00,0.8973100185394287,0.8975200057029724,0.8964400291442871,0.8974900245666504,0
2025-08-11 19:40:00+00:00,0.8974400162696838,0.8975399732589722,0.8964999914169312,0.8974000215530396,0
2025-08-11 19:45:00+00:00,0.8973299860954285,0.897409975528717,0.896399974822998,0.8973000049591064,0
2025-08-11 19:50:00+00:00,0.8972899913787842,0.8973699808120728,0.8963099718093872,0.8972700238227844,0
2025-08-11 19:55:00+00:00,0.8972100019454956,0.8973100185394287,0.8962299823760986,0.8972399830818176,0
2025-08-11 20:00:00+00:00,0.8972799777984619,0.8974499702453613,0.8963199853897095,0.897379994392395,0
2025-08-11 20:05:00+00:00,0.8973900079727173,0.8974499702453613,0.896340012550354,0.8973699808120728,0
2025-08-11 20:10:00+00:00,0.8973399996757507,0.8974599838256836,0.8964599967002869,0.8972899913787842,0
2025-08-11 20:15:00+00:00,0.8972899913787842,0.8974499702453613,0.8964400291442871,0.8973100185394287,0
2025-08-11 20:20:00+00:00,0.897350013256073,0.8974199891090393,0.8963199853897095,0.897379994392395,0
2025-08-11 20:25:00+00:00,0.8973399996757507,0.897570013999939,0.89656001329422,0.8974999785423279,0
2025-08-11 20:30:00+00:00,0.8974800109863281,0.8975399732589722,0.8965499997138977,0.8974999785423279,0
2025-08-11 20:35:00+00:00,0.8974199891090393,0.8975300192832947,0.8965499997138977,0.8974699974060059,0
2025-08-11 20:40:00+00:00,0.8974599838256836,0.8975399732589722,0.8964200019836426,0.8972700238227844,0
2025-08-11 20:45:00+00:00,0.897350013256073,0.8974599838256836,0.8964200019836426,0.8974599838256836,0
2025-08-11 20:50:00+00:00,0.8973299860954285,0.8974800109863281,0.8965200185775757,0.8973900079727173,0
2025-08-11 20:55:00+00:00,0.8972600102424622,0.8974999785423279,0.8961700201034546,0.8968300223350525,0
2025-08-11 21:00:00+00:00,0.8970199823379517,0.8970199823379517,0.8959599733352661,0.8966299891471863,0
2025-08-11 21:05:00+00:00,0.8966400027275085,0.8968200087547302,0.8962399959564209,0.8966900110244751,0
2025-08-11 21:10:00+00:00,0.8965799808502197,0.8970400094985962,0.8963099718093872,0.8968499898910522,0
2025-08-11 21:15:00+00:00,0.8968600034713745,0.8972899913787842,0.8965499997138977,0.8969500064849854,0
2025-08-11 21:20:00+00:00,0.8972499966621399,0.8974699974060059,0.8967999815940857,0.8973199725151062,0
2025-08-11 21:25:00+00:00,0.8972499966621399,0.8974800109863281,0.8967700004577637,0.8973000049591064,0
2025-08-11 21:30:00+00:00,0.8972200155258179,0.897350013256073,0.8967499732971191,0.8972899913787842,0
2025-08-11 21:35:00+00:00,0.8973100185394287,0.897350013256073,0.8966299891471863,0.8969799876213074,0
2025-08-11 21:40:00+00:00,0.8972799777984619,0.897350013256073,0.8965700268745422,0.8971800208091736,0
2025-08-11 21:45:00+00:00,0.8971999883651733,0.8972499966621399,0.8965499997138977,0.8969500064849854,0
2025-08-11 21:50:00+00:00,0.8970999717712402,0.8972200155258179,0.8965200185775757,0.8971999883651733,0
2025-08-11 21:55:00+00:00,0.8969500064849854,0.8972899913787842,0.8965200185775757,0.8972200155258179,0
2025-08-11 22:00:00+00:00,0.8972499966621399,0.8976100087165833,0.8966000080108643,0.8974599838256836,0
2025-08-11 22:05:00+00:00,0.8974699974060059,0.8975200057029724,0.8963900208473206,0.8972600102424622,0
2025-08-11 22:10:00+00:00,0.897159993648529,0.8974199891090393,0.8964300155639648,0.8972300291061401,0
2025-08-11 22:15:00+00:00,0.8973600268363953,0.8974000215530396,0.8964599967002869,0.8973199725151062,0
2025-08-11 22:20:00+00:00,0.8973199725151062,0.8973600268363953,0.8964200019836426,0.8972799777984619,0
2025-08-11 22:25:00+00:00,0.897350013256073,0.8973699808120728,0.8964200019836426,0.8973000049591064,0
2025-08-11 22:30:00+00:00,0.8973000049591064,0.897350013256073,0.8963900208473206,0.8971999883651733,0
2025-08-11 22:35:00+00:00,0.8972300291061401,0.8973900079727173,0.8963500261306763,0.8973000049591064,0
2025-08-11 22:40:00+00:00,0.8972799777984619,0.8973100185394287,0.8963199853897095,0.8972899913787842,0
2025-08-11 22:45:00+00:00,0.8972399830818176,0.8972799777984619,0.8963800072669983,0.8971800208091736,0
2025-08-11 22:50:00+00:00,0.897159993648529,0.897350013256073,0.8962799906730652,0.897350013256073,0
2025-08-11 22:55:00+00:00,0.8972499966621399,0.8973699808120728,0.8964400291442871,0.8972399830818176,0
2025-08-11 23:00:00+00:00,0.8972200155258179,0.897409975528717,0.8963500261306763,0.897350013256073,0
2025-08-11 23:05:00+00:00,0.8973000049591064,0.8973900079727173,0.8964300155639648,0.8973299860954285,0
2025-08-11 23:10:00+00:00,0.8973100185394287,0.8974199891090393,0.8964400291442871,0.8973399996757507,0
2025-08-11 23:15:00+00:00,0.8974199891090393,0.8974800109863281,0.8964999914169312,0.897409975528717,0
2025-08-11 23:20:00+00:00,0.8974599838256836,0.8974800109863281,0.8965100049972534,0.8974000215530396,0
2025-08-11 23:25:00+00:00,0.897350013256073,0.8974699974060059,0.8964099884033203,0.8972799777984619,0
2025-08-11 23:30:00+00:00,0.8972899913787842,0.8974300026893616,0.8964700102806091,0.8972200155258179,0
2025-08-11 23:35:00+00:00,0.8972799777984619,0.8973600268363953,0.8963500261306763,0.8972799777984619,0
2025-08-11 23:40:00+00:00,0.8972200155258179,0.8973100185394287,0.8962799906730652,0.8972100019454956,0
2025-08-11 23:45:00+00:00,0.8971800208091736,0.897379994392395,0.8964300155639648,0.8972100019454956,0
2025-08-11 23:50:00+00:00,0.8972600102424622,0.8973399996757507,0.8963500261306763,0.8972799777984619,0
2025-08-11 23:55:00+00:00,0.8972499966621399,0.897350013256073,0.896120011806488,0.8970400094985962,0
2025-08-12 00:00:00+00:00,0.8970500230789185,0.8976799845695496,0.8966400027275085,0.897599995136261,0
2025-08-12 00:05:00+00:00,0.8976200222969055,0.8976799845695496,0.8966799974441528,0.8975600004196167,0
2025-08-12 00:10:00+00:00,0.8975800275802612,0.8978000283241272,0.8967499732971191,0.8977500200271606,0
2025-08-12 00:15:00+00:00,0.8977599740028381,0.8978800177574158,0.8969100117683411,0.8976399898529053,0
2025-08-12 00:20:00+00:00,0.8976600170135498,0.8980600237846375,0.8967800140380859,0.8980299830436707,0
2025-08-12 00:25:00+00:00,0.8980100154876709,0.8981800079345703,0.8969100117683411,0.8977699875831604,0
2025-08-12 00:30:00+00:00,0.8977500200271606,0.8980799913406372,0.8968899846076965,0.8980600237846375,0
2025-08-12 00:35:00+00:00,0.8980500102043152,0.8982700109481812,0.897130012512207,0.898140013217926,0
2025-08-12 00:40:00+00:00,0.8981900215148926,0.8982899785041809,0.8971499800682068,0.8982700109481812,0
2025-08-12 00:45:00+00:00,0.8982399702072144,0.8984100222587585,0.8973100185394287,0.8983700275421143,0
2025-08-12 00:50:00+00:00,0.8982899785041809,0.8984299898147583,0.8973600268363953,0.8981099724769592,0
2025-08-12 00:55:00+00:00,0.8981000185012817,0.898169994354248,0.8969699740409851,0.8980299830436707,0
2025-08-12 01:00:00+00:00,0.8979799747467041,0.8980399966239929,0.8968999981880188,0.8977299928665161,0
2025-08-12 01:05:00+00:00,0.8976899981498718,0.8979099988937378,0.8968499898910522,0.8976500034332275,0
2025-08-12 01:10:00+00:00,0.8976399898529053,0.8977699875831604,0.8966299891471863,0.8975099921226501,0
2025-08-12 01:15:00+00:00,0.8975200057029724,0.8975600004196167,0.8965200185775757,0.8973699808120728,0
2025-08-12 01:20:00+00:00,0.8973600268363953,0.8974499702453613,0.8961499929428101,0.8971800208091736,0
2025-08-12 01:25:00+00:00,0.8970999717712402,0.8972799777984619,0.8962799906730652,0.8971800208091736,0
2025-08-12 01:30:00+00:00,0.8971700072288513,0.8974300026893616,0.8963800072669983,0.897350013256073,0
2025-08-12 01:35:00+00:00,0.897379994392395,0.8977500200271606,0.8965100049972534,0.8977500200271606,0
2025-08-12 01:40:00+00:00,0.8977299928665161,0.8979499936103821,0.8968700170516968,0.897819995880127,0
2025-08-12 01:45:00+00:00,0.8977500200271606,0.8978400230407715,0.8967800140380859,0.8977000117301941,0
2025-08-12 01:50:00+00:00,0.8977199792861938,0.8977800011634827,0.8965299725532532,0.8976100087165833,0
2025-08-12 01:55:00+00:00,0.8975200057029724,0.8977400064468384,0.8967099785804749,0.8976200222969055,0
2025-08-12 02:00:00+00:00,0.897599995136261,0.8977500200271606,0.8967000246047974,0.8976500034332275,0
2025-08-12 02:05:00+00:00,0.8976600170135498,0.8978800177574158,0.8968200087547302,0.8977599740028381,0
2025-08-12 02:10:00+00:00,0.8977500200271606,0.8977900147438049,0.8967999815940857,0.8977599740028381,0
2025-08-12 02:15:00+00:00,0.8977400064468384,0.8980200290679932,0.8968300223350525,0.8979399800300598,0
2025-08-12 02:20:00+00:00,0.8979499936103821,0.8982899785041809,0.8970999717712402,0.8981500267982483,0
2025-08-12 02:25:00+00:00,0.8980900049209595,0.8981900215148926,0.897159993648529,0.8980799913406372,0
2025-08-12 02:30:00+00:00,0.8980600237846375,0.8981500267982483,0.8971899747848511,0.8980100154876709,0
2025-08-12 02:35:00+00:00,0.8980100154876709,0.8981000185012817,0.8970999717712402,0.8978999853134155,0
2025-08-12 02:40:00+00:00,0.8979499936103821,0.8980699777603149,0.8970000147819519,0.8980500102043152,0
2025-08-12 02:45:00+00:00,0.8980200290679932,0.8980699777603149,0.8970400094985962,0.8979099988937378,0
2025-08-12 02:50:00+00:00,0.8979200124740601,0.8983399868011475,0.8971700072288513,0.8982999920845032,0
2025-08-12 02:55:00+00:00,0.8982700109481812,0.8983799815177917,0.8974000215530396,0.8983299732208252,0
2025-08-12 03:00:00+00:00,0.8982599973678589,0.8984599709510803,0.8974000215530396,0.898419976234436,0
2025-08-12 03:05:00+00:00,0.8983299732208252,0.8986999988555908,0.8974999785423279,0.8985599875450134,0
2025-08-12 03:10:00+00:00,0.8985900282859802,0.8986300230026245,0.8975600004196167,0.8985099792480469,0
2025-08-12 03:15:00+00:00,0.8984400033950806,0.8985199928283691,0.8975800275802612,0.8982399702072144,0
2025-08-12 03:20:00+00:00,0.8982999920845032,0.898419976234436,0.8973000049591064,0.8982999920845032,0
2025-08-12 03:25:00+00:00,0.8982399702072144,0.8983200192451477,0.8973600268363953,0.8982700109481812,0
2025-08-12 03:30:00+00:00,0.8982099890708923,0.8985300064086914,0.8975099921226501,0.8984100222587585,0
2025-08-12 03:35:00+00:00,0.8984699845314026,0.8985099792480469,0.8974300026893616,0.8984100222587585,0
2025-08-12 03:40:00+00:00,0.8984000086784363,0.8986799716949463,0.8975600004196167,0.898639976978302,0
2025-08-12 03:45:00+00:00,0.89860999584198,0.8986999988555908,0.897599995136261,0.8983799815177917,0
2025-08-12 03:50:00+00:00,0.898360013961792,0.8984699845314026,0.8973299860954285,0.8981800079345703,0
2025-08-12 03:55:00+00:00,0.8981500267982483,0.8981900215148926,0.8971700072288513,0.8980299830436707,0
2025-08-12 04:00:00+00:00,0.8979300260543823,0.8981599807739258,0.897159993648529,0.8979099988937378,0
2025-08-12 04:05:00+00:00,0.8979799747467041,0.8980399966239929,0.8969500064849854,0.8979600071907043,0
2025-08-12 04:10:00+00:00,0.8979600071907043,0.8980799913406372,0.8969299793243408,0.8978400230407715,0
2025-08-12 04:15:00+00:00,0.8978400230407715,0.8978599905967712,0.8967400193214417,0.8975600004196167,0
2025-08-12 04:20:00+00:00,0.8975099921226501,0.897570013999939,0.896369993686676,0.8972300291061401,0
2025-08-12 04:25:00+00:00,0.8971899747848511,0.8974999785423279,0.8964800238609314,0.8973000049591064,0
2025-08-12 04:30:00+00:00,0.8970999717712402,0.8973000049591064,0.8954700231552124,0.896619975566864,0
2025-08-12 04:35:00+00:00,0.8966400027275085,0.8970000147819519,0.8956800103187561,0.8969100117683411,0
2025-08-12 04:40:00+00:00,0.8969900012016296,0.8972300291061401,0.8960300087928772,0.8971199989318848,0
2025-08-12 04:45:00+00:00,0.8970500230789185,0.8973299860954285,0.896369993686676,0.8972399830818176,0
2025-08-12 04:50:00+00:00,0.8972499966621399,0.8975800275802612,0.8963500261306763,0.8972300291061401,0
2025-08-12 04:55:00+00:00,0.8972499966621399,0.8974400162696838,0.8963099718093872,0.8972700238227844,0
2025-08-12 05:00:00+00:00,0.8973399996757507,0.897599995136261,0.8958200216293335,0.8961700201034546,0
2025-08-12 05:05:00+00:00,0.8961600065231323,0.8961899876594543,0.8949599862098694,0.8959500193595886,0
2025-08-12 05:10:00+00:00,0.8959000110626221,0.8962900042533875,0.895039975643158,0.8959599733352661,0
2025-08-12 05:15:00+00:00,0.8960199952125549,0.8960300087928772,0.8948900103569031,0.8953800201416016,0
2025-08-12 05:20:00+00:00,0.8953700065612793,0.895799994468689,0.8945199847221375,0.895389974117279,0
2025-08-12 05:25:00+00:00,0.8954100012779236,0.8954499959945679,0.8943300247192383,0.8952800035476685,0
2025-08-12 05:30:00+00:00,0.8952500224113464,0.8960000276565552,0.8944100141525269,0.8957200050354004,0
2025-08-12 05:35:00+00:00,0.8957399725914001,0.8959400057792664,0.8947499990463257,0.8956400156021118,0
2025-08-12 05:40:00+00:00,0.8957099914550781,0.8958399891853333,0.8947399854660034,0.895609974861145,0
2025-08-12 05:45:00+00:00,0.8956500291824341,0.8959199786186218,0.8948000073432922,0.8958100080490112,0
2025-08-12 05:50:00+00:00,0.8957700133323669,0.8958699703216553,0.8947399854660034,0.8957200050354004,0
2025-08-12 05:55:00+00:00,0.8956900238990784,0.8957099914550781,0.8941400051116943,0.8951399922370911,0
2025-08-12 06:00:00+00:00,0.8950600028038025,0.8953700065612793,0.8941900134086609,0.8952900171279907,0
2025-08-12 06:05:00+00:00,0.895330011844635,0.895550012588501,0.8944600224494934,0.8953499794006348,0
2025-08-12 06:10:00+00:00,0.8953700065612793,0.8956699967384338,0.8945099711418152,0.8953400254249573,0
2025-08-12 06:15:00+00:00,0.8953800201416016,0.8953800201416016,0.8942800164222717,0.8951699733734131,0
2025-08-12 06:20:00+00:00,0.8951399922370911,0.8955100178718567,0.8944200277328491,0.8954499959945679,0
2025-08-12 06:25:00+00:00,0.8954799771308899,0.8955399990081787,0.894569993019104,0.8954700231552124,0
2025-08-12 06:30:00+00:00,0.8954200148582458,0.8955000042915344,0.8944100141525269,0.895330011844635,0
2025-08-12 06:35:00+00:00,0.8953099846839905,0.8955699801445007,0.8942499756813049,0.8955399990081787,0
2025-08-12 06:40:00+00:00,0.895579993724823,0.8959199786186218,0.8946700096130371,0.895829975605011,0
2025-08-12 06:45:00+00:00,0.8957800269126892,0.8962000012397766,0.8949800133705139,0.8960400223731995,0
2025-08-12 06:50:00+00:00,0.8961099982261658,0.8962100148200989,0.8949599862098694,0.8958899974822998,0
2025-08-12 06:55:00+00:00,0.8958500027656555,0.8959500193595886,0.8947100043296814,0.8956199884414673,0
2025-08-12 07:00:00+00:00,0.8955399990081787,0.8958799839019775,0.8946599960327148,0.895829975605011,0
2025-08-12 07:05:00+00:00,0.8958200216293335,0.8960099816322327,0.8949400186538696,0.8959199786186218,0
2025-08-12 07:10:00+00:00,0.8957800269126892,0.8960000276565552,0.8949900269508362,0.8958600163459778,0
2025-08-12 07:15:00+00:00,0.8957899808883667,0.8958899974822998,0.8948900103569031,0.8956500291824341,0
2025-08-12 07:20:00+00:00,0.8956800103187561,0.8957099914550781,0.8946800231933594,0.8956300020217896,0
2025-08-12 07:25:00+00:00,0.8955900073051453,0.8958399891853333,0.8946700096130371,0.895799994468689,0
2025-08-12 07:30:00+00:00,0.895799994468689,0.8960800170898438,0.8950799703598022,0.8958399891853333,0
2025-08-12 07:35:00+00:00,0.8959100246429443,0.8960099816322327,0.8949099779129028,0.8957700133323669,0
2025-08-12 07:40:00+00:00,0.8957300186157227,0.8958399891853333,0.8948400020599365,0.8957499861717224,0
2025-08-12 07:45:00+00:00,0.8957099914550781,0.8959699869155884,0.8949499726295471,0.8959199786186218,0
2025-08-12 07:50:00+00:00,0.8958799839019775,0.8961399793624878,0.8950700163841248,0.8958799839019775,0
2025-08-12 07:55:00+00:00,0.8958600163459778,0.8960700035095215,0.8949199914932251,0.8958899974822998,0
2025-08-12 08:00:00+00:00,0.8958799839019775,0.8959100246429443,0.8949000239372253,0.8957200050354004,0
2025-08-12 08:05:00+00:00,0.8956999778747559,0.896049976348877,0.8948400020599365,0.8955600261688232,0
2025-08-12 08:10:00+00:00,0.8955699801445007,0.8956800103187561,0.8946200013160706,0.8955699801445007,0
2025-08-12 08:15:00+00:00,0.8955699801445007,0.8958799839019775,0.894819974899292,0.8956900238990784,0
2025-08-12 08:20:00+00:00,0.8956999778747559,0.8957899808883667,0.8946899771690369,0.895579993724823,0
2025-08-12 08:25:00+00:00,0.895550012588501,0.895609974861145,0.8943899869918823,0.895389974117279,0
2025-08-12 08:30:00+00:00,0.8953800201416016,0.8955399990081787,0.8944299817085266,0.895389974117279,0
2025-08-12 08:35:00+00:00,0.895359992980957,0.8954100012779236,0.8942899703979492,0.8951799869537354,0
2025-08-12 08:40:00+00:00,0.8951699733734131,0.8952000141143799,0.8940899968147278,0.8950600028038025,0
2025-08-12 08:45:00+00:00,0.8950700163841248,0.8952199816703796,0.8941799998283386,0.8949599862098694,0
2025-08-12 08:50:00+00:00,0.8950200080871582,0.8952100276947021,0.8941299915313721,0.8951299786567688,0
2025-08-12 08:55:00+00:00,0.8950499892234802,0.8953099846839905,0.8942000269889832,0.8951900005340576,0
2025-08-12 09:00:00+00:00,0.8951799869537354,0.8953800201416016,0.894349992275238,0.895330011844635,0
2025-08-12 09:05:00+00:00,0.8953099846839905,0.8954899907112122,0.8943399786949158,0.895389974117279,0
2025-08-12 09:10:00+00:00,0.8953099846839905,0.8955100178718567,0.8945000171661377,0.8954399824142456,0
2025-08-12 09:15:00+00:00,0.8954700231552124,0.8955600261688232,0.8944799900054932,0.8955100178718567,0
2025-08-12 09:20:00+00:00,0.8954399824142456,0.8955199718475342,0.894540011882782,0.895330011844635,0
2025-08-12 09:25:00+00:00,0.895389974117279,0.8954799771308899,0.8944299817085266,0.8954100012779236,0
2025-08-12 09:30:00+00:00,0.8954200148582458,0.8955299854278564,0.8944200277328491,0.8952800035476685,0
2025-08-12 09:35:00+00:00,0.8952599763870239,0.8953199982643127,0.8940899968147278,0.8949900269508362,0
2025-08-12 09:40:00+00:00,0.8949599862098694,0.8950700163841248,0.8940600156784058,0.8948900103569031,0
2025-08-12 09:45:00+00:00,0.8949199914932251,0.8950200080871582,0.8939899802207947,0.8948799967765808,0
2025-08-12 09:50:00+00:00,0.8949499726295471,0.8950899839401245,0.8938699960708618,0.8950899839401245,0
2025-08-12 09:55:00+00:00,0.8950700163841248,0.8952299952507019,0.8941299915313721,0.8950499892234802,0
2025-08-12 10:00:00+00:00,0.8950099945068359,0.8950999975204468,0.8941799998283386,0.8950600028038025,0
2025-08-12 10:05:00+00:00,0.8949999809265137,0.8952699899673462,0.8941199779510498,0.8952100276947021,0
2025-08-12 10:10:00+00:00,0.8951900005340576,0.8953999876976013,0.8943099975585938,0.8953099846839905,0
2025-08-12 10:15:00+00:00,0.8953099846839905,0.895389974117279,0.8943799734115601,0.8952500224113464,0
2025-08-12 10:20:00+00:00,0.8952000141143799,0.8953199982643127,0.894320011138916,0.8952100276947021,0
2025-08-12 10:25:00+00:00,0.8951799869537354,0.8953400254249573,0.8941799998283386,0.8951799869537354,0
2025-08-12 10:30:00+00:00,0.8951699733734131,0.8952599763870239,0.8941799998283386,0.8951200246810913,0
2025-08-12 10:35:00+00:00,0.8952400088310242,0.8953199982643127,0.8940799832344055,0.8952900171279907,0
2025-08-12 10:40:00+00:00,0.8952299952507019,0.8953400254249573,0.8942999839782715,0.8952199816703796,0
2025-08-12 10:45:00+00:00,0.8952199816703796,0.8953099846839905,0.8941799998283386,0.8950999975204468,0
2025-08-12 10:50:00+00:00,0.8950700163841248,0.8952599763870239,0.8942499756813049,0.8951399922370911,0
2025-08-12 10:55:00+00:00,0.8951299786567688,0.8951600193977356,0.8940100073814392,0.8949400186538696,0
2025-08-12 11:00:00+00:00,0.8948900103569031,0.8950600028038025,0.8939999938011169,0.8949999809265137,0
2025-08-12 11:05:00+00:00,0.8950300216674805,0.8951799869537354,0.894029974937439,0.8950999975204468,0
2025-08-12 11:10:00+00:00,0.8950300216674805,0.8950999975204468,0.8939700126647949,0.8949000239372253,0
2025-08-12 11:15:00+00:00,0.8948699831962585,0.8949699997901917,0.8939899802207947,0.894860029220581,0
2025-08-12 11:20:00+00:00,0.8948500156402588,0.8949699997901917,0.8938900232315063,0.8949099779129028,0
2025-08-12 11:25:00+00:00,0.8949000239372253,0.8949599862098694,0.8939499855041504,0.8949000239372253,0
2025-08-12 11:30:00+00:00,0.894860029220581,0.8949499726295471,0.8938900232315063,0.894760012626648,0
2025-08-12 11:35:00+00:00,0.8947100043296814,0.8950099945068359,0.8938500285148621,0.8949400186538696,0
2025-08-12 11:40:00+00:00,0.8949300050735474,0.8950300216674805,0.8940600156784058,0.8949599862098694,0
2025-08-12 11:45:00+00:00,0.8949699997901917,0.8950200080871582,0.8938500285148621,0.8947499990463257,0
2025-08-12 11:50:00+00:00,0.8947399854660034,0.8948900103569031,0.893809974193573,0.8947700262069702,0
2025-08-12 11:55:00+00:00,0.894819974899292,0.8950700163841248,0.8938800096511841,0.8949099779129028,0
2025-08-12 12:00:00+00:00,0.8948699831962585,0.8952699899673462,0.8942099809646606,0.8951799869537354,0
2025-08-12 12:05:00+00:00,0.8951799869537354,0.8953099846839905,0.8943099975585938,0.8951399922370911,0
2025-08-12 12:10:00+00:00,0.8951500058174133,0.8952599763870239,0.8941500186920166,0.895110011100769,0
2025-08-12 12:15:00+00:00,0.895110011100769,0.8952400088310242,0.89410001039505,0.8951600193977356,0
2025-08-12 12:20:00+00:00,0.8951200246810913,0.8953499794006348,0.8942300081253052,0.8952500224113464,0
2025-08-12 12:25:00+00:00,0.8952599763870239,0.8953499794006348,0.8942800164222717,0.8950999975204468,0
2025-08-12 12:30:00+00:00,0.895039975643158,0.8967700004577637,0.8941500186920166,0.8960300087928772,0
2025-08-12 12:35:00+00:00,0.8960000276565552,0.896809995174408,0.8951299786567688,0.8967499732971191,0
2025-08-12 12:40:00+00:00,0.8967599868774414,0.8970100283622742,0.8957899808883667,0.8965499997138977,0
2025-08-12 12:45:00+00:00,0.8965399861335754,0.8967800140380859,0.8954700231552124,0.8966500163078308,0
2025-08-12 12:50:00+00:00,0.8966400027275085,0.8966900110244751,0.8951299786567688,0.8962799906730652,0
2025-08-12 12:55:00+00:00,0.8963299989700317,0.8965700268745422,0.8954100012779236,0.8963500261306763,0
2025-08-12 13:00:00+00:00,0.896340012550354,0.8965499997138977,0.8953700065612793,0.896049976348877,0
2025-08-12 13:05:00+00:00,0.8960999846458435,0.8961600065231323,0.8945800065994263,0.8956599831581116,0
2025-08-12 13:10:00+00:00,0.8956599831581116,0.8958699703216553,0.8948000073432922,0.895799994468689,0
2025-08-12 13:15:00+00:00,0.8957800269126892,0.8960099816322327,0.8949499726295471,0.8957899808883667,0
2025-08-12 13:20:00+00:00,0.8957300186157227,0.8958500027656555,0.8946200013160706,0.8953800201416016,0
2025-08-12 13:25:00+00:00,0.8953999876976013,0.8955000042915344,0.8943399786949158,0.8952100276947021,0
2025-08-12 13:30:00+00:00,0.895110011100769,0.8955299854278564,0.8942899703979492,0.8954399824142456,0
2025-08-12 13:35:00+00:00,0.8954700231552124,0.8959199786186218,0.8946800231933594,0.8958699703216553,0
2025-08-12 13:40:00+00:00,0.8958200216293335,0.8969299793243408,0.8949699997901917,0.8967900276184082,0
2025-08-12 13:45:00+00:00,0.8967800140380859,0.8973199725151062,0.8959400057792664,0.8966100215911865,0
2025-08-12 13:50:00+00:00,0.896589994430542,0.8966400027275085,0.8954200148582458,0.8964499831199646,0
2025-08-12 13:55:00+00:00,0.8964200019836426,0.8968799710273743,0.8956199884414673,0.8963500261306763,0
2025-08-12 14:00:00+00:00,0.8964300155639648,0.8967000246047974,0.8955399990081787,0.8966799974441528,0
2025-08-12 14:05:00+00:00,0.8967199921607971,0.897059977054596,0.8959199786186218,0.8966400027275085,0
2025-08-12 14:10:00+00:00,0.8965700268745422,0.8967499732971191,0.895359992980957,0.8961700201034546,0
2025-08-12 14:15:00+00:00,0.8961499929428101,0.8963800072669983,0.895359992980957,0.8960800170898438,0
2025-08-12 14:20:00+00:00,0.8961399793624878,0.8966000080108643,0.8952000141143799,0.8964999914169312,0
2025-08-12 14:25:00+00:00,0.8965100049972534,0.8967000246047974,0.8954799771308899,0.896619975566864,0
2025-08-12 14:30:00+00:00,0.896619975566864,0.8969500064849854,0.8959599733352661,0.8968799710273743,0
2025-08-12 14:35:00+00:00,0.8968799710273743,0.8970999717712402,0.8959699869155884,0.8970199823379517,0
2025-08-12 14:40:00+00:00,0.8970100283622742,0.8970699906349182,0.8958200216293335,0.8968899846076965,0
2025-08-12 14:45:00+00:00,0.8968799710273743,0.8973900079727173,0.8961799740791321,0.8973000049591064,0
2025-08-12 14:50:00+00:00,0.8972300291061401,0.8976699709892273,0.8964300155639648,0.8974999785423279,0
2025-08-12 14:55:00+00:00,0.8974499702453613,0.8977400064468384,0.896399974822998,0.8972899913787842,0
2025-08-12 15:00:00+00:00,0.8972700238227844,0.8979600071907043,0.8965499997138977,0.8979300260543823,0
2025-08-12 15:05:00+00:00,0.8978800177574158,0.8981199860572815,0.8970699906349182,0.8979200124740601,0
2025-08-12 15:10:00+00:00,0.8979799747467041,0.8981099724769592,0.897130012512207,0.8980699777603149,0
2025-08-12 15:15:00+00:00,0.8980100154876709,0.898140013217926,0.8969600200653076,0.8980399966239929,0
2025-08-12 15:20:00+00:00,0.8980200290679932,0.8984900116920471,0.8972700238227844,0.8984400033950806,0
2025-08-12 15:25:00+00:00,0.8984299898147583,0.8989199995994568,0.8976600170135498,0.8988500237464905,0
2025-08-12 15:30:00+00:00,0.8988500237464905,0.8990600109100342,0.8977500200271606,0.8986300230026245,0
2025-08-12 15:35:00+00:00,0.8985400199890137,0.8991100192070007,0.8977000117301941,0.8991000056266785,0
2025-08-12 15:40:00+00:00,0.8990899920463562,0.8995699882507324,0.8984100222587585,0.8995100259780884,0
2025-08-12 15:45:00+00:00,0.8995299935340881,0.8995800018310547,0.8984900116920471,0.8993300199508667,0
2025-08-12 15:50:00+00:00,0.899399995803833,0.8994699716567993,0.8982200026512146,0.8991900086402893,0
2025-08-12 15:55:00+00:00,0.8991699814796448,0.8992800116539001,0.8979899883270264,0.8988199830055237,0
2025-08-12 16:00:00+00:00,0.8988100290298462,0.8989599943161011,0.897849977016449,0.8988400101661682,0
2025-08-12 16:05:00+00:00,0.8987699747085571,0.8988699913024902,0.8977000117301941,0.8985900282859802,0
2025-08-12 16:10:00+00:00,0.8985499739646912,0.8987900018692017,0.8977100253105164,0.8986999988555908,0
2025-08-12 16:15:00+00:00,0.8986799716949463,0.8988800048828125,0.8978300094604492,0.8987799882888794,0
2025-08-12 16:20:00+00:00,0.8987699747085571,0.898859977722168,0.8977800011634827,0.8988500237464905,0
2025-08-12 16:25:00+00:00,0.8988100290298462,0.8988500237464905,0.8977599740028381,0.8986600041389465,0
2025-08-12 16:30:00+00:00,0.898639976978302,0.8990200161933899,0.8979399800300598,0.898930013179779,0
2025-08-12 16:35:00+00:00,0.8988500237464905,0.8989999890327454,0.8978999853134155,0.8989099860191345,0
2025-08-12 16:40:00+00:00,0.8988999724388123,0.8990499973297119,0.8978400230407715,0.8987399935722351,0
2025-08-12 16:45:00+00:00,0.8986600041389465,0.8989800214767456,0.8977400064468384,0.8989400267601013,0
2025-08-12 16:50:00+00:00,0.8989400267601013,0.8990399837493896,0.8979899883270264,0.8988199830055237,0
2025-08-12 16:55:00+00:00,0.8987799882888794,0.8988699913024902,0.897819995880127,0.8987699747085571,0
2025-08-12 17:00:00+00:00,0.8987399935722351,0.8988699913024902,0.897849977016449,0.8987500071525574,0
2025-08-12 17:05:00+00:00,0.8987399935722351,0.8989499807357788,0.8979099988937378,0.8989099860191345,0
2025-08-12 17:10:00+00:00,0.8988900184631348,0.8989599943161011,0.8979099988937378,0.8987500071525574,0
2025-08-12 17:15:00+00:00,0.8987399935722351,0.8989199995994568,0.8979200124740601,0.8987299799919128,0
2025-08-12 17:20:00+00:00,0.8987799882888794,0.8990100026130676,0.8979600071907043,0.8989899754524231,0
2025-08-12 17:25:00+00:00,0.8989599943161011,0.8990499973297119,0.8980100154876709,0.8989400267601013,0
2025-08-12 17:30:00+00:00,0.8989199995994568,0.8990899920463562,0.8980299830436707,0.8990100026130676,0
2025-08-12 17:35:00+00:00,0.8990399837493896,0.8991199731826782,0.8980500102043152,0.898930013179779,0
2025-08-12 17:40:00+00:00,0.8989499807357788,0.8990600109100342,0.8981000185012817,0.8990200161933899,0
2025-08-12 17:45:00+00:00,0.8989999890327454,0.8990700244903564,0.8980299830436707,0.8989899754524231,0
2025-08-12 17:50:00+00:00,0.8990300297737122,0.8991400003433228,0.8980000019073486,0.8990499973297119,0
2025-08-12 17:55:00+00:00,0.8991199731826782,0.8991600275039673,0.8981800079345703,0.8991000056266785,0
2025-08-12 18:00:00+00:00,0.8990899920463562,0.8992599844932556,0.8981900215148926,0.8991900086402893,0
2025-08-12 18:05:00+00:00,0.8992099761962891,0.8993800282478333,0.8983500003814697,0.8992999792098999,0
2025-08-12 18:10:00+00:00,0.8993099927902222,0.8993499875068665,0.8983399868011475,0.8992900252342224,0
2025-08-12 18:15:00+00:00,0.8992699980735779,0.8994600176811218,0.8984599709510803,0.8993200063705444,0
2025-08-12 18:20:00+00:00,0.8992599844932556,0.8994799852371216,0.8983700275421143,0.8994600176811218,0
2025-08-12 18:25:00+00:00,0.899399995803833,0.899590015411377,0.8985999822616577,0.8994699716567993,0
2025-08-12 18:30:00+00:00,0.8994600176811218,0.8996400237083435,0.8986200094223022,0.8995800018310547,0
2025-08-12 18:35:00+00:00,0.8995800018310547,0.8996899724006653,0.8986700177192688,0.8994500041007996,0
2025-08-12 18:40:00+00:00,0.8994200229644775,0.899590015411377,0.8985700011253357,0.8995100259780884,0
2025-08-12 18:45:00+00:00,0.8995400071144104,0.8996599912643433,0.8986499905586243,0.8996599912643433,0
2025-08-12 18:50:00+00:00,0.8995699882507324,0.899649977684021,0.8985599875450134,0.899399995803833,0
2025-08-12 18:55:00+00:00,0.8994500041007996,0.899619996547699,0.898360013961792,0.8995699882507324,0
2025-08-12 19:00:00+00:00,0.8995500206947327,0.8997700214385986,0.8994799852371216,0.8997300267219543,0
2025-08-12 19:05:00+00:00,0.8996599912643433,0.8997499942779541,0.898580014705658,0.8996800184249878,0
2025-08-12 19:10:00+00:00,0.8996099829673767,0.8997300267219543,0.8987100124359131,0.8996800184249878,0
2025-08-12 19:15:00+00:00,0.8996599912643433,0.8998299837112427,0.8988400101661682,0.8997399806976318,0
2025-08-12 19:20:00+00:00,0.8996899724006653,0.8997700214385986,0.8986999988555908,0.8995599746704102,0
2025-08-12 19:25:00+00:00,0.8995400071144104,0.8996099829673767,0.8985099792480469,0.8995400071144104,0
2025-08-12 19:30:00+00:00,0.8994500041007996,0.899619996547699,0.898639976978302,0.8994899988174438,0
2025-08-12 19:35:00+00:00,0.8995400071144104,0.8997399806976318,0.8986600041389465,0.8997099995613098,0
2025-08-12 19:40:00+00:00,0.8997399806976318,0.8997799754142761,0.8987500071525574,0.899590015411377,0
2025-08-12 19:45:00+00:00,0.8996300101280212,0.8997099995613098,0.8987200260162354,0.899590015411377,0
2025-08-12 19:50:00+00:00,0.8995000123977661,0.8996099829673767,0.8984599709510803,0.8994100093841553,0
2025-08-12 19:55:00+00:00,0.899429976940155,0.899590015411377,0.898580014705658,0.8995000123977661,0
2025-08-12 20:00:00+00:00,0.8994399905204773,0.8996599912643433,0.8987200260162354,0.8995100259780884,0
2025-08-12 20:05:00+00:00,0.8995100259780884,0.899649977684021,0.8986200094223022,0.8995699882507324,0
2025-08-12 20:10:00+00:00,0.8995400071144104,0.8996800184249878,0.8986899852752686,0.8996800184249878,0
2025-08-12 20:15:00+00:00,0.8996300101280212,0.8997200131416321,0.898639976978302,0.8997099995613098,0
2025-08-12 20:20:00+00:00,0.8996700048446655,0.8997799754142761,0.8987299799919128,0.899649977684021,0
2025-08-12 20:25:00+00:00,0.899619996547699,0.8997300267219543,0.8987299799919128,0.899590015411377,0
2025-08-12 20:30:00+00:00,0.8995500206947327,0.8996999859809875,0.8987500071525574,0.8995699882507324,0
2025-08-12 20:35:00+00:00,0.8996099829673767,0.8996300101280212,0.89860999584198,0.8994600176811218,0
2025-08-12 20:40:00+00:00,0.8994399905204773,0.8995599746704102,0.8985400199890137,0.8994399905204773,0
2025-08-12 20:45:00+00:00,0.8994200229644775,0.8994899988174438,0.8985099792480469,0.8993200063705444,0
2025-08-12 20:50:00+00:00,0.8992599844932556,0.8994500041007996,0.8984400033950806,0.8991600275039673,0
2025-08-12 20:55:00+00:00,0.8993099927902222,0.8994100093841553,0.8982099890708923,0.8989700078964233,0
2025-08-12 21:00:00+00:00,0.8987299799919128,0.8987299799919128,0.897599995136261,0.8981000185012817,0
2025-08-12 21:05:00+00:00,0.8984400033950806,0.8985900282859802,0.8977100253105164,0.8978700041770935,0
2025-08-12 21:10:00+00:00,0.8982999920845032,0.8989899754524231,0.8974999785423279,0.8987900018692017,0
2025-08-12 21:15:00+00:00,0.8988999724388123,0.8993499875068665,0.8984000086784363,0.8991299867630005,0
2025-08-12 21:20:00+00:00,0.8991600275039673,0.8992699980735779,0.8982899785041809,0.8984799981117249,0
2025-08-12 21:25:00+00:00,0.8984699845314026,0.8991199731826782,0.8978599905967712,0.8985400199890137,0
2025-08-12 21:30:00+00:00,0.8982599973678589,0.8988800048828125,0.8977199792861938,0.8987900018692017,0
2025-08-12 21:35:00+00:00,0.8988100290298462,0.8988100290298462,0.8978899717330933,0.8987500071525574,0
2025-08-12 21:40:00+00:00,0.8987100124359131,0.8987900018692017,0.8979899883270264,0.8987500071525574,0
2025-08-12 21:45:00+00:00,0.8987900018692017,0.8988500237464905,0.8980299830436707,0.8985400199890137,0
2025-08-12 21:50:00+00:00,0.8985499739646912,0.8990100026130676,0.8980200290679932,0.8988900184631348,0
2025-08-12 21:55:00+00:00,0.8988900184631348,0.8991900086402893,0.8982200026512146,0.8989400267601013,0
2025-08-12 22:00:00+00:00,0.8988199830055237,0.8994200229644775,0.8984400033950806,0.8992199897766113,0
2025-08-12 22:05:00+00:00,0.899179995059967,0.8993399739265442,0.8983700275421143,0.8992300033569336,0
2025-08-12 22:10:00+00:00,0.8992199897766113,0.8993099927902222,0.8982800245285034,0.8992499709129333,0
2025-08-12 22:15:00+00:00,0.899150013923645,0.8993499875068665,0.8983100056648254,0.8992000222206116,0
2025-08-12 22:20:00+00:00,0.8992400169372559,0.8993099927902222,0.8983399868011475,0.8992599844932556,0
2025-08-12 22:25:00+00:00,0.8992199897766113,0.8992900252342224,0.8982399702072144,0.899179995059967,0
2025-08-12 22:30:00+00:00,0.8991000056266785,0.8992099761962891,0.8982399702072144,0.8989899754524231,0
2025-08-12 22:35:00+00:00,0.8991199731826782,0.8991400003433228,0.8981500267982483,0.8991199731826782,0
2025-08-12 22:40:00+00:00,0.8991299867630005,0.8991299867630005,0.8981000185012817,0.8990300297737122,0
2025-08-12 22:45:00+00:00,0.8989400267601013,0.8991699814796448,0.8981999754905701,0.8991000056266785,0
2025-08-12 22:50:00+00:00,0.8991100192070007,0.8991699814796448,0.898140013217926,0.8990700244903564,0
2025-08-12 22:55:00+00:00,0.8990100026130676,0.8990899920463562,0.8980600237846375,0.8987600207328796,0
2025-08-12 23:00:00+00:00,0.8987900018692017,0.8990899920463562,0.8979399800300598,0.8990399837493896,0
2025-08-12 23:05:00+00:00,0.8990399837493896,0.8990899920463562,0.8981199860572815,0.8989099860191345,0
2025-08-12 23:10:00+00:00,0.8987699747085571,0.8991299867630005,0.8981299996376038,0.8990300297737122,0
2025-08-12 23:15:00+00:00,0.8990300297737122,0.8991199731826782,0.8981599807739258,0.8989999890327454,0
2025-08-12 23:20:00+00:00,0.8990399837493896,0.8991600275039673,0.8981800079345703,0.8990899920463562,0
2025-08-12 23:25:00+00:00,0.8990899920463562,0.899150013923645,0.8980900049209595,0.8990499973297119,0
2025-08-12 23:30:00+00:00,0.8989800214767456,0.8991100192070007,0.8981500267982483,0.8989199995994568,0
2025-08-12 23:35:00+00:00,0.8989700078964233,0.8991600275039673,0.8980900049209595,0.8990700244903564,0
2025-08-12 23:40:00+00:00,0.8991400003433228,0.8992699980735779,0.8982300162315369,0.8992300033569336,0
2025-08-12 23:45:00+00:00,0.8991900086402893,0.8993200063705444,0.8983399868011475,0.8992699980735779,0
2025-08-12 23:50:00+00:00,0.8992900252342224,0.8993099927902222,0.898169994354248,0.8990799784660339,0
2025-08-12 23:55:00+00:00,0.8990499973297119,0.8991400003433228,0.8981299996376038,0.8990899920463562,0
2025-08-13 00:00:00+00:00,0.8990899920463562,0.8992900252342224,0.8981599807739258,0.8992699980735779,0
2025-08-13 00:05:00+00:00,0.8992000222206116,0.8992900252342224,0.8979399800300598,0.8989099860191345,0
2025-08-13 00:10:00+00:00,0.8988800048828125,0.8989499807357788,0.8977900147438049,0.8987799882888794,0
2025-08-13 00:15:00+00:00,0.8988000154495239,0.8989099860191345,0.8978899717330933,0.8988100290298462,0
2025-08-13 00:20:00+00:00,0.8987500071525574,0.8990600109100342,0.8980799913406372,0.8989099860191345,0
2025-08-13 00:25:00+00:00,0.898930013179779,0.8991299867630005,0.8981099724769592,0.8990100026130676,0
2025-08-13 00:30:00+00:00,0.8990600109100342,0.8991600275039673,0.8981099724769592,0.8991100192070007,0
2025-08-13 00:35:00+00:00,0.8990700244903564,0.8991199731826782,0.8979799747467041,0.8989099860191345,0
2025-08-13 00:40:00+00:00,0.8989899754524231,0.8992400169372559,0.8981500267982483,0.8991699814796448,0
2025-08-13 00:45:00+00:00,0.899150013923645,0.8992999792098999,0.8982300162315369,0.8991600275039673,0
2025-08-13 00:50:00+00:00,0.8991100192070007,0.8992300033569336,0.8981599807739258,0.8990100026130676,0
2025-08-13 00:55:00+00:00,0.8990499973297119,0.8992400169372559,0.898140013217926,0.8989700078964233,0
2025-08-13 01:00:00+00:00,0.8989700078964233,0.8992800116539001,0.8981099724769592,0.8991199731826782,0
2025-08-13 01:05:00+00:00,0.8991199731826782,0.899179995059967,0.8980799913406372,0.8988699913024902,0
2025-08-13 01:10:00+00:00,0.898829996585846,0.8990300297737122,0.8979799747467041,0.8988199830055237,0
2025-08-13 01:15:00+00:00,0.8987600207328796,0.8988800048828125,0.8977800011634827,0.8985099792480469,0
2025-08-13 01:20:00+00:00,0.8984799981117249,0.8985499739646912,0.8972600102424622,0.8981900215148926,0
2025-08-13 01:25:00+00:00,0.8982300162315369,0.8982999920845032,0.8970500230789185,0.8979300260543823,0
2025-08-13 01:30:00+00:00,0.8980399966239929,0.8982700109481812,0.8972300291061401,0.8982099890708923,0
2025-08-13 01:35:00+00:00,0.8981900215148926,0.8984100222587585,0.8972200155258179,0.898360013961792,0
2025-08-13 01:40:00+00:00,0.8983100056648254,0.8986200094223022,0.8974599838256836,0.8985400199890137,0
2025-08-13 01:45:00+00:00,0.8985000252723694,0.8986300230026245,0.897629976272583,0.8983200192451477,0
2025-08-13 01:50:00+00:00,0.898360013961792,0.8984699845314026,0.8974300026893616,0.898360013961792,0
2025-08-13 01:55:00+00:00,0.898360013961792,0.8984400033950806,0.8973900079727173,0.8983500003814697,0
2025-08-13 02:00:00+00:00,0.8982899785041809,0.898580014705658,0.8974800109863281,0.8984699845314026,0
2025-08-13 02:05:00+00:00,0.8984900116920471,0.8985900282859802,0.8974599838256836,0.8983700275421143,0
2025-08-13 02:10:00+00:00,0.898360013961792,0.8985099792480469,0.8974900245666504,0.8984500169754028,0
2025-08-13 02:15:00+00:00,0.8984100222587585,0.8985999822616577,0.8976200222969055,0.8985400199890137,0
2025-08-13 02:20:00+00:00,0.8985499739646912,0.8991000056266785,0.8977699875831604,0.8988999724388123,0
2025-08-13 02:25:00+00:00,0.8988999724388123,0.8990899920463562,0.8980500102043152,0.8989199995994568,0
2025-08-13 02:30:00+00:00,0.8989700078964233,0.8992300033569336,0.8982499837875366,0.8992000222206116,0
2025-08-13 02:35:00+00:00,0.8992000222206116,0.8994200229644775,0.8981999754905701,0.8993800282478333,0
2025-08-13 02:40:00+00:00,0.8992999792098999,0.8995699882507324,0.8985300064086914,0.8994699716567993,0
2025-08-13 02:45:00+00:00,0.8994500041007996,0.8995299935340881,0.8984000086784363,0.8994600176811218,0
2025-08-13 02:50:00+00:00,0.899429976940155,0.899649977684021,0.8985900282859802,0.8996300101280212,0
2025-08-13 02:55:00+00:00,0.8996099829673767,0.8996099829673767,0.8984100222587585,0.8993399739265442,0
2025-08-13 03:00:00+00:00,0.8993200063705444,0.8994100093841553,0.8983500003814697,0.8992599844932556,0
2025-08-13 03:05:00+00:00,0.8992699980735779,0.899399995803833,0.8983500003814697,0.8993200063705444,0
2025-08-13 03:10:00+00:00,0.8992699980735779,0.899429976940155,0.8984699845314026,0.8993399739265442,0
2025-08-13 03:15:00+00:00,0.8993399739265442,0.8993600010871887,0.8983399868011475,0.8992499709129333,0
2025-08-13 03:20:00+00:00,0.8992499709129333,0.8992900252342224,0.8982800245285034,0.8992099761962891,0
2025-08-13 03:25:00+00:00,0.8991199731826782,0.8992999792098999,0.8982899785041809,0.899179995059967,0
2025-08-13 03:30:00+00:00,0.899150013923645,0.8992900252342224,0.8982099890708923,0.8992599844932556,0
2025-08-13 03:35:00+00:00,0.8992000222206116,0.8993899822235107,0.8982899785041809,0.8992900252342224,0
2025-08-13 03:40:00+00:00,0.8993099927902222,0.8995699882507324,0.8983500003814697,0.8994799852371216,0
2025-08-13 03:45:00+00:00,0.8994699716567993,0.8994899988174438,0.8985099792480469,0.8992999792098999,0
2025-08-13 03:50:00+00:00,0.8992999792098999,0.8994100093841553,0.8984000086784363,0.8993399739265442,0
2025-08-13 03:55:00+00:00,0.8993200063705444,0.8995100259780884,0.8984500169754028,0.8993499875068665,0
2025-08-13 04:00:00+00:00,0.8993200063705444,0.8993899822235107,0.8982999920845032,0.8993399739265442,0
2025-08-13 04:05:00+00:00,0.8993600010871887,0.8994600176811218,0.8983799815177917,0.8992699980735779,0
2025-08-13 04:10:00+00:00,0.8992900252342224,0.8996400237083435,0.8985300064086914,0.8996000289916992,0
2025-08-13 04:15:00+00:00,0.8996000289916992,0.8997099995613098,0.8987100124359131,0.899649977684021,0
2025-08-13 04:20:00+00:00,0.899619996547699,0.8999000191688538,0.8986700177192688,0.8998500108718872,0
2025-08-13 04:25:00+00:00,0.8998799920082092,0.8999900221824646,0.8989400267601013,0.8998500108718872,0
2025-08-13 04:30:00+00:00,0.8998399972915649,0.899869978427887,0.8988699913024902,0.8996999859809875,0
2025-08-13 04:35:00+00:00,0.8997600078582764,0.899869978427887,0.8988800048828125,0.8997700214385986,0
2025-08-13 04:40:00+00:00,0.8997600078582764,0.899940013885498,0.8988400101661682,0.899869978427887,0
2025-08-13 04:45:00+00:00,0.8998399972915649,0.9000599980354309,0.8989999890327454,0.9000200033187866,0
2025-08-13 04:50:00+00:00,0.8999900221824646,0.9000700116157532,0.8989099860191345,0.8997700214385986,0
2025-08-13 04:55:00+00:00,0.8997300267219543,0.8998299837112427,0.8987399935722351,0.8996899724006653,0
2025-08-13 05:00:00+00:00,0.8996700048446655,0.8998000025749207,0.8987900018692017,0.8996899724006653,0
2025-08-13 05:05:00+00:00,0.8996400237083435,0.8996899724006653,0.8986999988555908,0.8996000289916992,0
2025-08-13 05:10:00+00:00,0.8996000289916992,0.8996800184249878,0.898580014705658,0.8995299935340881,0
2025-08-13 05:15:00+00:00,0.8995500206947327,0.8995699882507324,0.8985000252723694,0.8994399905204773,0
2025-08-13 05:20:00+00:00,0.8994799852371216,0.8996099829673767,0.8985400199890137,0.8995500206947327,0
2025-08-13 05:25:00+00:00,0.8995500206947327,0.8996000289916992,0.8985599875450134,0.8995599746704102,0
2025-08-13 05:30:00+00:00,0.8994899988174438,0.8996400237083435,0.8985999822616577,0.8995800018310547,0
2025-08-13 05:35:00+00:00,0.8995699882507324,0.8996300101280212,0.8985900282859802,0.8995199799537659,0
2025-08-13 05:40:00+00:00,0.8994799852371216,0.8997399806976318,0.8985300064086914,0.8996800184249878,0
2025-08-13 05:45:00+00:00,0.8996099829673767,0.8998500108718872,0.8988400101661682,0.8997499942779541,0
2025-08-13 05:50:00+00:00,0.8996999859809875,0.899869978427887,0.898859977722168,0.8998399972915649,0
2025-08-13 05:55:00+00:00,0.8997600078582764,0.8999999761581421,0.8989400267601013,0.8999099731445312,0
2025-08-13 06:00:00+00:00,0.8999599814414978,0.9000099897384644,0.8986200094223022,0.8997899889945984,0
2025-08-13 06:05:00+00:00,0.8997399806976318,0.8998799920082092,0.8986200094223022,0.8996000289916992,0
2025-08-13 06:10:00+00:00,0.8995800018310547,0.8996599912643433,0.8984900116920471,0.8994699716567993,0
2025-08-13 06:15:00+00:00,0.899399995803833,0.8995199799537659,0.8985700011253357,0.8993300199508667,0
2025-08-13 06:20:00+00:00,0.8993499875068665,0.8997099995613098,0.8984000086784363,0.8996599912643433,0
2025-08-13 06:25:00+00:00,0.8996300101280212,0.8998100161552429,0.898829996585846,0.8997899889945984,0
2025-08-13 06:30:00+00:00,0.8997499942779541,0.9002699851989746,0.8989199995994568,0.9002199769020081,0
2025-08-13 06:35:00+00:00,0.9002299904823303,0.90065997838974,0.8992499709129333,0.9005699753761292,0
2025-08-13 06:40:00+00:00,0.9005500078201294,0.9006900191307068,0.899649977684021,0.9006100296974182,0
2025-08-13 06:45:00+00:00,0.9005900025367737,0.9009600281715393,0.8997200131416321,0.9008200168609619,0
2025-08-13 06:50:00+00:00,0.9008399844169617,0.9012399911880493,0.9000700116157532,0.9010300040245056,0
2025-08-13 06:55:00+00:00,0.9010300040245056,0.9012799859046936,0.8999500274658203,0.9009000062942505,0
2025-08-13 07:00:00+00:00,0.9009199738502502,0.9010999798774719,0.9007400274276733,0.9008700251579285,0
2025-08-13 07:05:00+00:00,0.9009100198745728,0.9012799859046936,0.9001200199127197,0.901229977607727,0
2025-08-13 07:10:00+00:00,0.9012799859046936,0.9017300009727478,0.9002599716186523,0.901669979095459,0
2025-08-13 07:15:00+00:00,0.9016100168228149,0.9016900062561035,0.9006400108337402,0.901229977607727,0
2025-08-13 07:20:00+00:00,0.9012899994850159,0.9015600085258484,0.9003000259399414,0.9014800190925598,0
2025-08-13 07:25:00+00:00,0.9014700055122375,0.9015600085258484,0.9002900123596191,0.9011600017547607,0
2025-08-13 07:30:00+00:00,0.9011399745941162,0.9014899730682373,0.9002699851989746,0.9012799859046936,0
2025-08-13 07:35:00+00:00,0.9012500047683716,0.9014999866485596,0.9003400206565857,0.9014400243759155,0
2025-08-13 07:40:00+00:00,0.9014400243759155,0.9014700055122375,0.9002699851989746,0.901170015335083,0
2025-08-13 07:45:00+00:00,0.9011899828910828,0.9014400243759155,0.9004300236701965,0.9012899994850159,0
2025-08-13 07:50:00+00:00,0.9013199806213379,0.9014999866485596,0.9004300236701965,0.9013400077819824,0
2025-08-13 07:55:00+00:00,0.9012699723243713,0.9015499949455261,0.90038001537323,0.901449978351593,0
2025-08-13 08:00:00+00:00,0.9013599753379822,0.9014899730682373,0.9002500176429749,0.9012100100517273,0
2025-08-13 08:05:00+00:00,0.901229977607727,0.901669979095459,0.9003900289535522,0.901669979095459,0
2025-08-13 08:10:00+00:00,0.9016500115394592,0.9018800258636475,0.9007400274276733,0.9017599821090698,0
2025-08-13 08:15:00+00:00,0.9017699956893921,0.9018300175666809,0.9008299708366394,0.9017099738121033,0
2025-08-13 08:20:00+00:00,0.9017199873924255,0.9017999768257141,0.9007200002670288,0.9014899730682373,0
2025-08-13 08:25:00+00:00,0.9014800190925598,0.901669979095459,0.9005200266838074,0.9016500115394592,0
2025-08-13 08:30:00+00:00,0.9016299843788147,0.9019799828529358,0.9009900093078613,0.9017599821090698,0
2025-08-13 08:35:00+00:00,0.9017699956893921,0.9018800258636475,0.9005699753761292,0.9015100002288818,0
2025-08-13 08:40:00+00:00,0.9015200138092041,0.901639997959137,0.9006500244140625,0.9015499949455261,0
2025-08-13 08:45:00+00:00,0.9015700221061707,0.9017500281333923,0.9006800055503845,0.901449978351593,0
2025-08-13 08:50:00+00:00,0.9014599919319153,0.9016900062561035,0.900600016117096,0.9014899730682373,0
2025-08-13 08:55:00+00:00,0.9015200138092041,0.9015499949455261,0.9005100131034851,0.9014700055122375,0
2025-08-13 09:00:00+00:00,0.9015300273895264,0.9016299843788147,0.9005500078201294,0.9014599919319153,0
2025-08-13 09:05:00+00:00,0.901449978351593,0.9015600085258484,0.9003900289535522,0.9013400077819824,0
2025-08-13 09:10:00+00:00,0.9013299942016602,0.9015600085258484,0.9004999995231628,0.901390016078949,0
2025-08-13 09:15:00+00:00,0.9014300107955933,0.9017300009727478,0.9006500244140625,0.9015600085258484,0
2025-08-13 09:20:00+00:00,0.9015300273895264,0.9017500281333923,0.9007200002670288,0.9016799926757812,0
2025-08-13 09:25:00+00:00,0.9017099738121033,0.9020400047302246,0.9009100198745728,0.9019899964332581,0
2025-08-13 09:30:00+00:00,0.9019799828529358,0.9022499918937683,0.9011499881744385,0.9021499752998352,0
2025-08-13 09:35:00+00:00,0.9021900296211243,0.9023100137710571,0.9011399745941162,0.9022200107574463,0
2025-08-13 09:40:00+00:00,0.9021400213241577,0.9022499918937683,0.9012500047683716,0.9021700024604797,0
2025-08-13 09:45:00+00:00,0.902209997177124,0.9022200107574463,0.9010599851608276,0.9021199941635132,0
2025-08-13 09:50:00+00:00,0.9020699858665466,0.9023500084877014,0.9011099934577942,0.9023200273513794,0
2025-08-13 09:55:00+00:00,0.9023299813270569,0.9024999737739563,0.901390016078949,0.9023699760437012,0
2025-08-13 10:00:00+00:00,0.90242999792099,0.9024500250816345,0.9013500213623047,0.9020299911499023,0
2025-08-13 10:05:00+00:00,0.9020599722862244,0.9021199941635132,0.9010000228881836,0.9019200205802917,0
2025-08-13 10:10:00+00:00,0.9019500017166138,0.9021000266075134,0.9010400176048279,0.9020699858665466,0
2025-08-13 10:15:00+00:00,0.9020900130271912,0.9023000001907349,0.9012399911880493,0.9022600054740906,0
2025-08-13 10:20:00+00:00,0.9022499918937683,0.9022700190544128,0.9011499881744385,0.9020599722862244,0
2025-08-13 10:25:00+00:00,0.9020199775695801,0.9021099805831909,0.900950014591217,0.901889979839325,0
2025-08-13 10:30:00+00:00,0.9018499851226807,0.9020699858665466,0.9010599851608276,0.901960015296936,0
2025-08-13 10:35:00+00:00,0.9019200205802917,0.9020199775695801,0.9009299874305725,0.9018200039863586,0
2025-08-13 10:40:00+00:00,0.9017999768257141,0.9020000100135803,0.9009699821472168,0.9019100069999695,0
2025-08-13 10:45:00+00:00,0.9019200205802917,0.9019500017166138,0.9009699821472168,0.9018499851226807,0
2025-08-13 10:50:00+00:00,0.9017999768257141,0.9018700122833252,0.9008700251579285,0.9017800092697144,0
2025-08-13 10:55:00+00:00,0.9018300175666809,0.9018999934196472,0.9008100032806396,0.9017699956893921,0
2025-08-13 11:00:00+00:00,0.9017599821090698,0.9017900228500366,0.9007899761199951,0.9016500115394592,0
2025-08-13 11:05:00+00:00,0.9016600251197815,0.9017199873924255,0.9004700183868408,0.9015200138092041,0
2025-08-13 11:10:00+00:00,0.9014400243759155,0.9015700221061707,0.9005600214004517,0.9014700055122375,0
2025-08-13 11:15:00+00:00,0.9014099836349487,0.9015300273895264,0.9005399942398071,0.9013599753379822,0
2025-08-13 11:20:00+00:00,0.9014099836349487,0.9015300273895264,0.9004600048065186,0.901419997215271,0
2025-08-13 11:25:00+00:00,0.9014000296592712,0.9015499949455261,0.9004300236701965,0.9014400243759155,0
2025-08-13 11:30:00+00:00,0.901390016078949,0.9015300273895264,0.9005699753761292,0.901390016078949,0
2025-08-13 11:35:00+00:00,0.9013699889183044,0.9014700055122375,0.9003499746322632,0.9013199806213379,0
2025-08-13 11:40:00+00:00,0.9013100266456604,0.9014000296592712,0.9003499746322632,0.9012600183486938,0
2025-08-13 11:45:00+00:00,0.9013000130653381,0.901449978351593,0.9004300236701965,0.9014000296592712,0
2025-08-13 11:50:00+00:00,0.9013800024986267,0.9016199707984924,0.9004999995231628,0.9016000032424927,0
2025-08-13 11:55:00+00:00,0.9015399813652039,0.9018099904060364,0.9007300138473511,0.9016900062561035,0
2025-08-13 12:00:00+00:00,0.9016799926757812,0.9017999768257141,0.9007999897003174,0.9017300009727478,0
2025-08-13 12:05:00+00:00,0.9016900062561035,0.9018399715423584,0.9006800055503845,0.9014599919319153,0
2025-08-13 12:10:00+00:00,0.9014099836349487,0.9017599821090698,0.9005399942398071,0.9016900062561035,0
2025-08-13 12:15:00+00:00,0.901669979095459,0.9017500281333923,0.9006500244140625,0.9014899730682373,0
2025-08-13 12:20:00+00:00,0.9014899730682373,0.9017999768257141,0.9007599949836731,0.9016500115394592,0
2025-08-13 12:25:00+00:00,0.9015899896621704,0.9017699956893921,0.9004200100898743,0.9015300273895264,0
2025-08-13 12:30:00+00:00,0.9015300273895264,0.9015700221061707,0.9002699851989746,0.901199996471405,0
2025-08-13 12:35:00+00:00,0.9011099934577942,0.9013199806213379,0.900160014629364,0.9009799957275391,0
2025-08-13 12:40:00+00:00,0.9009100198745728,0.9009299874305725,0.8998299837112427,0.9007999897003174,0
2025-08-13 12:45:00+00:00,0.9008200168609619,0.9009799957275391,0.8998900055885315,0.9009600281715393,0
2025-08-13 12:50:00+00:00,0.9009199738502502,0.9011800289154053,0.8999699950218201,0.9011300206184387,0
2025-08-13 12:55:00+00:00,0.9010999798774719,0.901390016078949,0.9002799987792969,0.9012100100517273,0
2025-08-13 13:00:00+00:00,0.9012200236320496,0.9014800190925598,0.90038001537323,0.901199996471405,0
2025-08-13 13:05:00+00:00,0.9011600017547607,0.9015100002288818,0.9003300070762634,0.9014000296592712,0
2025-08-13 13:10:00+00:00,0.9014099836349487,0.901419997215271,0.9001200199127197,0.9010400176048279,0
2025-08-13 13:15:00+00:00,0.9010199904441833,0.9012399911880493,0.9000800251960754,0.9010999798774719,0
2025-08-13 13:20:00+00:00,0.9011499881744385,0.9013500213623047,0.9002299904823303,0.9012500047683716,0
2025-08-13 13:25:00+00:00,0.9013400077819824,0.9013400077819824,0.9001200199127197,0.9011499881744385,0
2025-08-13 13:30:00+00:00,0.9012899994850159,0.9014000296592712,0.900409996509552,0.901199996471405,0
2025-08-13 13:35:00+00:00,0.9011899828910828,0.9013599753379822,0.900160014629364,0.9009799957275391,0
2025-08-13 13:40:00+00:00,0.9009900093078613,0.9011499881744385,0.9000899791717529,0.9010599851608276,0
2025-08-13 13:45:00+00:00,0.9010800123214722,0.901199996471405,0.8999500274658203,0.901199996471405,0
2025-08-13 13:50:00+00:00,0.901170015335083,0.901390016078949,0.9002299904823303,0.9012600183486938,0
2025-08-13 13:55:00+00:00,0.9013599753379822,0.9013599753379822,0.9002599716186523,0.901170015335083,0
2025-08-13 14:00:00+00:00,0.9011899828910828,0.9013199806213379,0.900189995765686,0.9011099934577942,0
2025-08-13 14:05:00+00:00,0.9011200070381165,0.9013400077819824,0.8999999761581421,0.9012200236320496,0
2025-08-13 14:10:00+00:00,0.9012600183486938,0.9012600183486938,0.9001100063323975,0.9011800289154053,0
2025-08-13 14:15:00+00:00,0.9011800289154053,0.9015399813652039,0.9005500078201294,0.9014400243759155,0
2025-08-13 14:20:00+00:00,0.901419997215271,0.901889979839325,0.9006699919700623,0.901669979095459,0
2025-08-13 14:25:00+00:00,0.9016299843788147,0.9017900228500366,0.9007499814033508,0.9016799926757812,0
2025-08-13 14:30:00+00:00,0.9016900062561035,0.9019100069999695,0.9009100198745728,0.9018200039863586,0
2025-08-13 14:35:00+00:00,0.9018099904060364,0.9021999835968018,0.9009100198745728,0.9020599722862244,0
2025-08-13 14:40:00+00:00,0.9020699858665466,0.9021199941635132,0.9007999897003174,0.9017599821090698,0
2025-08-13 14:45:00+00:00,0.9017599821090698,0.9018099904060364,0.9007200002670288,0.9016799926757812,0
2025-08-13 14:50:00+00:00,0.9015799760818481,0.9017000198364258,0.900629997253418,0.9015300273895264,0
2025-08-13 14:55:00+00:00,0.9014599919319153,0.9017800092697144,0.9005799889564514,0.9016199707984924,0
2025-08-13 15:00:00+00:00,0.9016100168228149,0.9017000198364258,0.9005299806594849,0.9014099836349487,0
2025-08-13 15:05:00+00:00,0.9014000296592712,0.9015300273895264,0.9003999829292297,0.9013100266456604,0
2025-08-13 15:10:00+00:00,0.9013000130653381,0.9013500213623047,0.8999900221824646,0.9009299874305725,0
2025-08-13 15:15:00+00:00,0.9010400176048279,0.9010599851608276,0.8999199867248535,0.9009699821472168,0
2025-08-13 15:20:00+00:00,0.900950014591217,0.9012699723243713,0.9000599980354309,0.9011600017547607,0
2025-08-13 15:25:00+00:00,0.9011099934577942,0.9014000296592712,0.9002799987792969,0.901170015335083,0
2025-08-13 15:30:00+00:00,0.9011800289154053,0.9013100266456604,0.9003599882125854,0.9012600183486938,0
2025-08-13 15:35:00+00:00,0.9012399911880493,0.9013400077819824,0.9002299904823303,0.9011600017547607,0
2025-08-13 15:40:00+00:00,0.9011200070381165,0.9013500213623047,0.9003000259399414,0.9012600183486938,0
2025-08-13 15:45:00+00:00,0.9012100100517273,0.9012899994850159,0.9002000093460083,0.9011499881744385,0
2025-08-13 15:50:00+00:00,0.9011200070381165,0.9011899828910828,0.9000800251960754,0.9009400010108948,0
2025-08-13 15:55:00+00:00,0.9009400010108948,0.9010199904441833,0.8998500108718872,0.9008100032806396,0
2025-08-13 16:00:00+00:00,0.9007599949836731,0.9010800123214722,0.8999300003051758,0.9010000228881836,0
2025-08-13 16:05:00+00:00,0.9009799957275391,0.9010900259017944,0.9000300168991089,0.9010400176048279,0
2025-08-13 16:10:00+00:00,0.9010099768638611,0.901229977607727,0.9002400040626526,0.9012200236320496,0
2025-08-13 16:15:00+00:00,0.9012100100517273,0.9012899994850159,0.9003599882125854,0.9010000228881836,0
2025-08-13 16:20:00+00:00,0.900950014591217,0.9010800123214722,0.9000899791717529,0.9010099768638611,0
2025-08-13 16:25:00+00:00,0.9010300040245056,0.9012799859046936,0.9002699851989746,0.9011499881744385,0
2025-08-13 16:30:00+00:00,0.9011300206184387,0.901229977607727,0.9002100229263306,0.901170015335083,0
2025-08-13 16:35:00+00:00,0.9011600017547607,0.9013299942016602,0.9003000259399414,0.9013100266456604,0
2025-08-13 16:40:00+00:00,0.9012600183486938,0.9013599753379822,0.9002100229263306,0.9011200070381165,0
2025-08-13 16:45:00+00:00,0.9011600017547607,0.9012399911880493,0.9002500176429749,0.9011300206184387,0
2025-08-13 16:50:00+00:00,0.9011399745941162,0.901229977607727,0.9002400040626526,0.9011399745941162,0
2025-08-13 16:55:00+00:00,0.9010999798774719,0.901199996471405,0.9000599980354309,0.9010199904441833,0
2025-08-13 17:00:00+00:00,0.9009199738502502,0.9010999798774719,0.8999099731445312,0.9009900093078613,0
2025-08-13 17:05:00+00:00,0.9010000228881836,0.9011600017547607,0.8997899889945984,0.9010800123214722,0
2025-08-13 17:10:00+00:00,0.9010699987411499,0.9011399745941162,0.8999099731445312,0.9008299708366394,0
2025-08-13 17:15:00+00:00,0.9007800221443176,0.9008499979972839,0.8998600244522095,0.9006900191307068,0
2025-08-13 17:20:00+00:00,0.9007800221443176,0.9009000062942505,0.8998000025749207,0.9006199836730957,0
2025-08-13 17:25:00+00:00,0.9006999731063843,0.9009000062942505,0.8997499942779541,0.9008299708366394,0
2025-08-13 17:30:00+00:00,0.9007800221443176,0.9009100198745728,0.8998100161552429,0.9006199836730957,0
2025-08-13 17:35:00+00:00,0.9006500244140625,0.9007300138473511,0.8996099829673767,0.9006500244140625,0
2025-08-13 17:40:00+00:00,0.9006400108337402,0.9007099866867065,0.8996700048446655,0.900600016117096,0
2025-08-13 17:45:00+00:00,0.900600016117096,0.9006900191307068,0.8995400071144104,0.9004999995231628,0
2025-08-13 17:50:00+00:00,0.9004600048065186,0.900600016117096,0.8995500206947327,0.9005600214004517,0
2025-08-13 17:55:00+00:00,0.9005100131034851,0.900600016117096,0.8996000289916992,0.9005399942398071,0
2025-08-13 18:00:00+00:00,0.9005100131034851,0.9005799889564514,0.8995100259780884,0.9004499912261963,0
2025-08-13 18:05:00+00:00,0.9004700183868408,0.9005900025367737,0.8995599746704102,0.9005299806594849,0
2025-08-13 18:10:00+00:00,0.9005399942398071,0.900629997253418,0.899590015411377,0.9005200266838074,0
2025-08-13 18:15:00+00:00,0.9004999995231628,0.900629997253418,0.8995699882507324,0.9004600048065186,0
2025-08-13 18:20:00+00:00,0.9004499912261963,0.9006199836730957,0.8995199799537659,0.9006100296974182,0
2025-08-13 18:25:00+00:00,0.9005799889564514,0.9006999731063843,0.8996899724006653,0.9005500078201294,0
2025-08-13 18:30:00+00:00,0.9005699753761292,0.9006900191307068,0.8996800184249878,0.9006400108337402,0
2025-08-13 18:35:00+00:00,0.900629997253418,0.9006699919700623,0.8996999859809875,0.9006400108337402,0
2025-08-13 18:40:00+00:00,0.9006400108337402,0.9006500244140625,0.8995400071144104,0.9004899859428406,0
2025-08-13 18:45:00+00:00,0.9004899859428406,0.9006199836730957,0.8996300101280212,0.9005100131034851,0
2025-08-13 18:50:00+00:00,0.9004999995231628,0.9006900191307068,0.8996000289916992,0.900629997253418,0
2025-08-13 18:55:00+00:00,0.9006500244140625,0.9007400274276733,0.8995299935340881,0.900600016117096,0
2025-08-13 19:00:00+00:00,0.9006100296974182,0.9006900191307068,0.8997499942779541,0.9006100296974182,0
2025-08-13 19:05:00+00:00,0.9005799889564514,0.90065997838974,0.8996099829673767,0.9005200266838074,0
2025-08-13 19:10:00+00:00,0.9004899859428406,0.9006699919700623,0.8996099829673767,0.90065997838974,0
2025-08-13 19:15:00+00:00,0.9006500244140625,0.9008299708366394,0.8998000025749207,0.9007700085639954,0
2025-08-13 19:20:00+00:00,0.9007700085639954,0.9009299874305725,0.8998200297355652,0.9008899927139282,0
2025-08-13 19:25:00+00:00,0.9008899927139282,0.9009199738502502,0.8998799920082092,0.9008100032806396,0
2025-08-13 19:30:00+00:00,0.9007599949836731,0.9007999897003174,0.8996700048446655,0.9006699919700623,0
2025-08-13 19:35:00+00:00,0.9007499814033508,0.9008499979972839,0.8998799920082092,0.9008100032806396,0
2025-08-13 19:40:00+00:00,0.9007899761199951,0.9008299708366394,0.8997799754142761,0.9007099866867065,0
2025-08-13 19:45:00+00:00,0.9006800055503845,0.9007700085639954,0.8997499942779541,0.9005600214004517,0
2025-08-13 19:50:00+00:00,0.9006199836730957,0.9006999731063843,0.899649977684021,0.9005299806594849,0
2025-08-13 19:55:00+00:00,0.9005699753761292,0.90065997838974,0.899619996547699,0.9004899859428406,0
2025-08-13 20:00:00+00:00,0.900409996509552,0.9007099866867065,0.8997600078582764,0.9006199836730957,0
2025-08-13 20:05:00+00:00,0.9006500244140625,0.9007200002670288,0.8997300267219543,0.9005399942398071,0
2025-08-13 20:10:00+00:00,0.9005699753761292,0.90065997838974,0.899619996547699,0.9005100131034851,0
2025-08-13 20:15:00+00:00,0.9004999995231628,0.9007599949836731,0.8998299837112427,0.9007599949836731,0
2025-08-13 20:20:00+00:00,0.9007400274276733,0.9008600115776062,0.8998500108718872,0.9008399844169617,0
2025-08-13 20:25:00+00:00,0.9007599949836731,0.9008899927139282,0.899940013885498,0.9007899761199951,0
2025-08-13 20:30:00+00:00,0.9007099866867065,0.9008299708366394,0.8998900055885315,0.9005799889564514,0
2025-08-13 20:35:00+00:00,0.9006400108337402,0.9006699919700623,0.8996999859809875,0.9005600214004517,0
2025-08-13 20:40:00+00:00,0.9005399942398071,0.9007300138473511,0.8996899724006653,0.9006800055503845,0
2025-08-13 20:45:00+00:00,0.9006699919700623,0.9009699821472168,0.8999800086021423,0.9007599949836731,0
2025-08-13 20:50:00+00:00,0.9007400274276733,0.9008499979972839,0.899869978427887,0.9006500244140625,0
2025-08-13 20:55:00+00:00,0.900629997253418,0.9007800221443176,0.8996999859809875,0.9004300236701965,0
2025-08-13 21:00:00+00:00,0.9001399874687195,0.9001399874687195,0.8995299935340881,0.8996800184249878,0
2025-08-13 21:05:00+00:00,0.8996800184249878,0.8999699950218201,0.8992999792098999,0.8999199867248535,0
2025-08-13 21:10:00+00:00,0.8999000191688538,0.900439977645874,0.8993200063705444,0.8993200063705444,0
2025-08-13 21:15:00+00:00,0.8998200297355652,0.9004499912261963,0.8992999792098999,0.8998000025749207,0
2025-08-13 21:20:00+00:00,0.8998100161552429,0.9002299904823303,0.8994799852371216,0.8998100161552429,0
2025-08-13 21:25:00+00:00,0.8998100161552429,0.9003700017929077,0.8994899988174438,0.8999500274658203,0
2025-08-13 21:30:00+00:00,0.8998500108718872,0.9002299904823303,0.8996400237083435,0.9001399874687195,0
2025-08-13 21:35:00+00:00,0.9000899791717529,0.9002199769020081,0.8992000222206116,0.9000200033187866,0
2025-08-13 21:40:00+00:00,0.9000300168991089,0.9001700282096863,0.8993800282478333,0.8998600244522095,0
2025-08-13 21:45:00+00:00,0.8999099731445312,0.900409996509552,0.8995500206947327,0.8999000191688538,0
2025-08-13 21:50:00+00:00,0.9001399874687195,0.9003999829292297,0.8995199799537659,0.899869978427887,0
2025-08-13 21:55:00+00:00,0.9001799821853638,0.9001799821853638,0.899429976940155,0.8997300267219543,0
2025-08-13 22:00:00+00:00,0.900160014629364,0.9005699753761292,0.8996400237083435,0.9002699851989746,0
2025-08-13 22:05:00+00:00,0.9003999829292297,0.9005100131034851,0.8995500206947327,0.900189995765686,0
2025-08-13 22:10:00+00:00,0.9003000259399414,0.9004700183868408,0.8995000123977661,0.9002299904823303,0
2025-08-13 22:15:00+00:00,0.900160014629364,0.90038001537323,0.8993499875068665,0.9001299738883972,0
2025-08-13 22:20:00+00:00,0.9001700282096863,0.90038001537323,0.8994100093841553,0.9002400040626526,0
2025-08-13 22:25:00+00:00,0.900189995765686,0.9004200100898743,0.8994899988174438,0.9003900289535522,0
2025-08-13 22:30:00+00:00,0.9002799987792969,0.900409996509552,0.8995100259780884,0.9002599716186523,0
2025-08-13 22:35:00+00:00,0.900189995765686,0.9004300236701965,0.8994699716567993,0.9003000259399414,0
2025-08-13 22:40:00+00:00,0.9002500176429749,0.9004600048065186,0.8994600176811218,0.9002799987792969,0
2025-08-13 22:45:00+00:00,0.9002299904823303,0.9004300236701965,0.8995100259780884,0.9002400040626526,0
2025-08-13 22:50:00+00:00,0.9002599716186523,0.9004200100898743,0.8995100259780884,0.9002599716186523,0
2025-08-13 22:55:00+00:00,0.9002500176429749,0.9004700183868408,0.8995699882507324,0.9003300070762634,0
2025-08-13 23:00:00+00:00,0.9002500176429749,0.9003999829292297,0.899399995803833,0.9001500010490417,0
2025-08-13 23:05:00+00:00,0.9001700282096863,0.9003900289535522,0.899399995803833,0.9002799987792969,0
2025-08-13 23:10:00+00:00,0.9002699851989746,0.900409996509552,0.8994699716567993,0.9002400040626526,0
2025-08-13 23:15:00+00:00,0.900189995765686,0.90038001537323,0.8994500041007996,0.9001799821853638,0
2025-08-13 23:20:00+00:00,0.9002599716186523,0.9004700183868408,0.8993300199508667,0.9003199934959412,0
2025-08-13 23:25:00+00:00,0.90038001537323,0.9005600214004517,0.899649977684021,0.9004300236701965,0
2025-08-13 23:30:00+00:00,0.9005299806594849,0.9006699919700623,0.8997899889945984,0.9006199836730957,0
2025-08-13 23:35:00+00:00,0.9005600214004517,0.9007200002670288,0.8996599912643433,0.9006199836730957,0
2025-08-13 23:40:00+00:00,0.900629997253418,0.9008399844169617,0.8998399972915649,0.9007099866867065,0
2025-08-13 23:45:00+00:00,0.9006999731063843,0.9008700251579285,0.8999500274658203,0.9008100032806396,0
2025-08-13 23:50:00+00:00,0.9007200002670288,0.9009000062942505,0.8999699950218201,0.9008299708366394,0
2025-08-13 23:55:00+00:00,0.9009000062942505,0.9010000228881836,0.899940013885498,0.9006800055503845,0
2025-08-14 00:00:00+00:00,0.9007999897003174,0.9012699723243713,0.9002599716186523,0.9010900259017944,0
2025-08-14 00:05:00+00:00,0.9012100100517273,0.9013599753379822,0.9003300070762634,0.9012899994850159,0
2025-08-14 00:10:00+00:00,0.9012200236320496,0.9013599753379822,0.900409996509552,0.9012399911880493,0
2025-08-14 00:15:00+00:00,0.9012600183486938,0.9013599753379822,0.9003700017929077,0.9010199904441833,0
2025-08-14 00:20:00+00:00,0.9009799957275391,0.9011600017547607,0.9000399708747864,0.9008399844169617,0
2025-08-14 00:25:00+00:00,0.9009100198745728,0.9011099934577942,0.9001200199127197,0.900950014591217,0
2025-08-14 00:30:00+00:00,0.9008899927139282,0.9012699723243713,0.9003199934959412,0.9010099768638611,0
2025-08-14 00:35:00+00:00,0.9009799957275391,0.9012600183486938,0.9002799987792969,0.9011300206184387,0
2025-08-14 00:40:00+00:00,0.9011600017547607,0.9011899828910828,0.9000899791717529,0.9007300138473511,0
2025-08-14 00:45:00+00:00,0.9007999897003174,0.9008899927139282,0.8999000191688538,0.9007400274276733,0
2025-08-14 00:50:00+00:00,0.9006699919700623,0.9009100198745728,0.8998799920082092,0.9007200002670288,0
2025-08-14 00:55:00+00:00,0.9008499979972839,0.9010800123214722,0.899869978427887,0.9010599851608276,0
2025-08-14 01:00:00+00:00,0.9009400010108948,0.9014099836349487,0.9003000259399414,0.9012100100517273,0
2025-08-14 01:05:00+00:00,0.9011600017547607,0.9013000130653381,0.9002400040626526,0.9010199904441833,0
2025-08-14 01:10:00+00:00,0.9009699821472168,0.9014000296592712,0.9002500176429749,0.9012699723243713,0
2025-08-14 01:15:00+00:00,0.9012799859046936,0.9013500213623047,0.9003300070762634,0.9011200070381165,0
2025-08-14 01:20:00+00:00,0.9011099934577942,0.901419997215271,0.9002400040626526,0.9013199806213379,0
2025-08-14 01:25:00+00:00,0.9012699723243713,0.9015799760818481,0.9003900289535522,0.9007999897003174,0
2025-08-14 01:30:00+00:00,0.9010099768638611,0.9025300145149231,0.9007400274276733,0.9021300077438354,0
2025-08-14 01:35:00+00:00,0.902239978313446,0.9022499918937683,0.9010499715805054,0.9021900296211243,0
2025-08-14 01:40:00+00:00,0.9021999835968018,0.9022799730300903,0.9012699723243713,0.9020900130271912,0
2025-08-14 01:45:00+00:00,0.9020299911499023,0.9026700258255005,0.9015200138092041,0.9025400280952454,0
2025-08-14 01:50:00+00:00,0.9024500250816345,0.9028300046920776,0.9015700221061707,0.9028300046920776,0
2025-08-14 01:55:00+00:00,0.9027400016784668,0.9028099775314331,0.901639997959137,0.9024999737739563,0
2025-08-14 02:00:00+00:00,0.9024900197982788,0.9025899767875671,0.9015899896621704,0.9024900197982788,0
2025-08-14 02:05:00+00:00,0.90242999792099,0.9025899767875671,0.9016299843788147,0.9023399949073792,0
2025-08-14 02:10:00+00:00,0.902239978313446,0.9024699926376343,0.9014400243759155,0.9022700190544128,0
2025-08-14 02:15:00+00:00,0.9023900032043457,0.9024099707603455,0.901170015335083,0.9016799926757812,0
2025-08-14 02:20:00+00:00,0.9017000198364258,0.9019799828529358,0.9008499979972839,0.9018300175666809,0
2025-08-14 02:25:00+00:00,0.9018200039863586,0.9020199775695801,0.9010099768638611,0.9018300175666809,0
2025-08-14 02:30:00+00:00,0.9017599821090698,0.9018999934196472,0.9009199738502502,0.9017699956893921,0
2025-08-14 02:35:00+00:00,0.9017800092697144,0.9020299911499023,0.9009600281715393,0.901960015296936,0
2025-08-14 02:40:00+00:00,0.9019799828529358,0.9020299911499023,0.9009100198745728,0.9018599987030029,0
2025-08-14 02:45:00+00:00,0.9018399715423584,0.9019799828529358,0.9009799957275391,0.9017300009727478,0
2025-08-14 02:50:00+00:00,0.9017199873924255,0.9018499851226807,0.9008899927139282,0.9017199873924255,0
2025-08-14 02:55:00+00:00,0.9017000198364258,0.9021999835968018,0.9009000062942505,0.9020599722862244,0
2025-08-14 03:00:00+00:00,0.9021700024604797,0.9021700024604797,0.9009400010108948,0.9016100168228149,0
2025-08-14 03:05:00+00:00,0.9016000032424927,0.9017099738121033,0.9007599949836731,0.9014800190925598,0
2025-08-14 03:10:00+00:00,0.9015700221061707,0.9016900062561035,0.9007099866867065,0.9016799926757812,0
2025-08-14 03:15:00+00:00,0.9015799760818481,0.9016900062561035,0.9005500078201294,0.9015499949455261,0
2025-08-14 03:20:00+00:00,0.9014700055122375,0.9018399715423584,0.9007599949836731,0.9015300273895264,0
2025-08-14 03:25:00+00:00,0.9015899896621704,0.9016100168228149,0.9004700183868408,0.9013100266456604,0
2025-08-14 03:30:00+00:00,0.9013100266456604,0.9014400243759155,0.900439977645874,0.9013500213623047,0
2025-08-14 03:35:00+00:00,0.9012799859046936,0.9016299843788147,0.9005299806594849,0.9015700221061707,0
2025-08-14 03:40:00+00:00,0.9014599919319153,0.9016100168228149,0.9005100131034851,0.9013100266456604,0
2025-08-14 03:45:00+00:00,0.9013800024986267,0.9014800190925598,0.9005699753761292,0.9013500213623047,0
2025-08-14 03:50:00+00:00,0.9013199806213379,0.901419997215271,0.9001200199127197,0.9010599851608276,0
2025-08-14 03:55:00+00:00,0.9010900259017944,0.9012799859046936,0.900189995765686,0.9010499715805054,0
2025-08-14 04:00:00+00:00,0.9009600281715393,0.9011399745941162,0.9001799821853638,0.9010800123214722,0
2025-08-14 04:05:00+00:00,0.9010599851608276,0.9011099934577942,0.9001100063323975,0.9008700251579285,0
2025-08-14 04:10:00+00:00,0.9008299708366394,0.9012899994850159,0.9001200199127197,0.9012600183486938,0
2025-08-14 04:15:00+00:00,0.9011899828910828,0.9014400243759155,0.900439977645874,0.9013500213623047,0
2025-08-14 04:20:00+00:00,0.9013699889183044,0.9014099836349487,0.9004300236701965,0.9012600183486938,0
2025-08-14 04:25:00+00:00,0.9012600183486938,0.9013500213623047,0.9002799987792969,0.9010800123214722,0
2025-08-14 04:30:00+00:00,0.9010900259017944,0.9012100100517273,0.9003000259399414,0.9010300040245056,0
2025-08-14 04:35:00+00:00,0.9010800123214722,0.9014700055122375,0.9002500176429749,0.9012799859046936,0
2025-08-14 04:40:00+00:00,0.9012799859046936,0.9014099836349487,0.90038001537323,0.9012799859046936,0
2025-08-14 04:45:00+00:00,0.9011800289154053,0.9014099836349487,0.9003999829292297,0.9011499881744385,0
2025-08-14 04:50:00+00:00,0.9012699723243713,0.9014700055122375,0.900409996509552,0.9013100266456604,0
2025-08-14 04:55:00+00:00,0.9014000296592712,0.9014099836349487,0.90038001537323,0.9010999798774719,0
2025-08-14 05:00:00+00:00,0.9011300206184387,0.9013500213623047,0.9003700017929077,0.9013199806213379,0
2025-08-14 05:05:00+00:00,0.9012399911880493,0.9014300107955933,0.9003900289535522,0.9013000130653381,0
2025-08-14 05:10:00+00:00,0.9012899994850159,0.9014599919319153,0.9005299806594849,0.9014300107955933,0
2025-08-14 05:15:00+00:00,0.9014700055122375,0.9015200138092041,0.9005799889564514,0.9014999866485596,0
2025-08-14 05:20:00+00:00,0.9013699889183044,0.9015499949455261,0.900439977645874,0.9012600183486938,0
2025-08-14 05:25:00+00:00,0.9012399911880493,0.9013400077819824,0.9002100229263306,0.9010800123214722,0
2025-08-14 05:30:00+00:00,0.900950014591217,0.9010900259017944,0.9000200033187866,0.9009600281715393,0
2025-08-14 05:35:00+00:00,0.9010400176048279,0.9011499881744385,0.9001799821853638,0.9011499881744385,0
2025-08-14 05:40:00+00:00,0.9011399745941162,0.901229977607727,0.9001799821853638,0.9012100100517273,0
2025-08-14 05:45:00+00:00,0.901229977607727,0.9013599753379822,0.9003599882125854,0.9010199904441833,0
2025-08-14 05:50:00+00:00,0.9009100198745728,0.9010800123214722,0.8999000191688538,0.9008200168609619,0
2025-08-14 05:55:00+00:00,0.9007400274276733,0.9012699723243713,0.9002000093460083,0.9012399911880493,0
2025-08-14 06:00:00+00:00,0.9011399745941162,0.9012500047683716,0.8999900221824646,0.9006699919700623,0
2025-08-14 06:05:00+00:00,0.9006900191307068,0.9011200070381165,0.8999800086021423,0.9009600281715393,0
2025-08-14 06:10:00+00:00,0.900950014591217,0.9011200070381165,0.9000800251960754,0.9009900093078613,0
2025-08-14 06:15:00+00:00,0.9010000228881836,0.9010900259017944,0.9001399874687195,0.9008499979972839,0
2025-08-14 06:20:00+00:00,0.9008299708366394,0.9008600115776062,0.8995800018310547,0.9008200168609619,0
2025-08-14 06:25:00+00:00,0.9007999897003174,0.9013199806213379,0.9000800251960754,0.9012100100517273,0
2025-08-14 06:30:00+00:00,0.9012100100517273,0.9013199806213379,0.9002299904823303,0.9010400176048279,0
2025-08-14 06:35:00+00:00,0.9009400010108948,0.9012500047683716,0.9001100063323975,0.9011099934577942,0
2025-08-14 06:40:00+00:00,0.9010099768638611,0.9011399745941162,0.8997200131416321,0.9005500078201294,0
2025-08-14 06:45:00+00:00,0.900409996509552,0.90065997838974,0.8996300101280212,0.9003599882125854,0
2025-08-14 06:50:00+00:00,0.9002799987792969,0.9005100131034851,0.8994399905204773,0.9003700017929077,0
2025-08-14 06:55:00+00:00,0.90038001537323,0.9004499912261963,0.8990899920463562,0.8999500274658203,0
2025-08-14 07:00:00+00:00,0.8999199867248535,0.9005600214004517,0.899619996547699,0.9002500176429749,0
2025-08-14 07:05:00+00:00,0.9002699851989746,0.900409996509552,0.8992800116539001,0.9002400040626526,0
2025-08-14 07:10:00+00:00,0.9002599716186523,0.9003099799156189,0.899150013923645,0.9000300168991089,0
2025-08-14 07:15:00+00:00,0.9000499844551086,0.9003900289535522,0.899869978427887,0.9002799987792969,0
2025-08-14 07:20:00+00:00,0.9002900123596191,0.9002900123596191,0.8992000222206116,0.9000999927520752,0
2025-08-14 07:25:00+00:00,0.9001100063323975,0.9003000259399414,0.8992800116539001,0.9002100229263306,0
2025-08-14 07:30:00+00:00,0.9000800251960754,0.90038001537323,0.8993899822235107,0.9000700116157532,0
2025-08-14 07:35:00+00:00,0.9001799821853638,0.9002900123596191,0.8990600109100342,0.9000200033187866,0
2025-08-14 07:40:00+00:00,0.9000999927520752,0.9001200199127197,0.8991600275039673,0.8999199867248535,0
2025-08-14 07:45:00+00:00,0.8999000191688538,0.8999900221824646,0.8990200161933899,0.8997700214385986,0
2025-08-14 07:50:00+00:00,0.8997600078582764,0.8998500108718872,0.8988000154495239,0.8996000289916992,0
2025-08-14 07:55:00+00:00,0.8995800018310547,0.8997799754142761,0.898580014705658,0.8997200131416321,0
2025-08-14 08:00:00+00:00,0.8996300101280212,0.9000099897384644,0.8986999988555908,0.8999199867248535,0
2025-08-14 08:05:00+00:00,0.8999000191688538,0.9000800251960754,0.8990700244903564,0.8999500274658203,0
2025-08-14 08:10:00+00:00,0.8998900055885315,0.9002000093460083,0.8992000222206116,0.9001700282096863,0
2025-08-14 08:15:00+00:00,0.9001100063323975,0.9003700017929077,0.8993600010871887,0.9003099799156189,0
2025-08-14 08:20:00+00:00,0.9003099799156189,0.9004499912261963,0.8993600010871887,0.9003400206565857,0
2025-08-14 08:25:00+00:00,0.9003199934959412,0.9005600214004517,0.8995699882507324,0.9004600048065186,0
2025-08-14 08:30:00+00:00,0.90038001537323,0.9004899859428406,0.8993899822235107,0.9002900123596191,0
2025-08-14 08:35:00+00:00,0.9002299904823303,0.9003300070762634,0.899150013923645,0.8999599814414978,0
2025-08-14 08:40:00+00:00,0.8999699950218201,0.9001500010490417,0.8991100192070007,0.8998600244522095,0
2025-08-14 08:45:00+00:00,0.8998500108718872,0.899940013885498,0.8989499807357788,0.8995699882507324,0
2025-08-14 08:50:00+00:00,0.8995500206947327,0.8996800184249878,0.8987399935722351,0.899429976940155,0
2025-08-14 08:55:00+00:00,0.8995299935340881,0.899619996547699,0.8983399868011475,0.8991000056266785,0
2025-08-14 09:00:00+00:00,0.8991199731826782,0.8995400071144104,0.8985000252723694,0.8994500041007996,0
2025-08-14 09:05:00+00:00,0.8993300199508667,0.8995400071144104,0.8985000252723694,0.8994500041007996,0
2025-08-14 09:10:00+00:00,0.8995299935340881,0.8997099995613098,0.8987399935722351,0.8995199799537659,0
2025-08-14 09:15:00+00:00,0.8996099829673767,0.8997799754142761,0.8986899852752686,0.8997600078582764,0
2025-08-14 09:20:00+00:00,0.8996800184249878,0.8998100161552429,0.8987299799919128,0.8995599746704102,0
2025-08-14 09:25:00+00:00,0.8995500206947327,0.8996599912643433,0.89860999584198,0.8995299935340881,0
2025-08-14 09:30:00+00:00,0.899429976940155,0.899619996547699,0.89860999584198,0.8995500206947327,0
2025-08-14 09:35:00+00:00,0.8994500041007996,0.8996400237083435,0.898639976978302,0.8994699716567993,0
2025-08-14 09:40:00+00:00,0.8995699882507324,0.899619996547699,0.8985400199890137,0.8995100259780884,0
2025-08-14 09:45:00+00:00,0.8995800018310547,0.899619996547699,0.89860999584198,0.8994899988174438,0
2025-08-14 09:50:00+00:00,0.8994799852371216,0.899590015411377,0.8985599875450134,0.8995500206947327,0
2025-08-14 09:55:00+00:00,0.8995500206947327,0.8995599746704102,0.8983399868011475,0.8992400169372559,0
2025-08-14 10:00:00+00:00,0.8992300033569336,0.8992699980735779,0.8982999920845032,0.8991000056266785,0
2025-08-14 10:05:00+00:00,0.8990300297737122,0.8991600275039673,0.8981900215148926,0.8990899920463562,0
2025-08-14 10:10:00+00:00,0.8989899754524231,0.8991400003433228,0.8981500267982483,0.8988999724388123,0
2025-08-14 10:15:00+00:00,0.8988800048828125,0.8992300033569336,0.8982499837875366,0.8990899920463562,0
2025-08-14 10:20:00+00:00,0.8990300297737122,0.8993099927902222,0.8982700109481812,0.8991900086402893,0
2025-08-14 10:25:00+00:00,0.8992000222206116,0.8995400071144104,0.8984400033950806,0.8994500041007996,0
2025-08-14 10:30:00+00:00,0.8994500041007996,0.8994799852371216,0.8984500169754028,0.8993399739265442,0
2025-08-14 10:35:00+00:00,0.8994100093841553,0.8994500041007996,0.8985000252723694,0.8993399739265442,0
2025-08-14 10:40:00+00:00,0.8992400169372559,0.8993499875068665,0.8983299732208252,0.8992599844932556,0
2025-08-14 10:45:00+00:00,0.8992699980735779,0.8992999792098999,0.8983500003814697,0.899179995059967,0
2025-08-14 10:50:00+00:00,0.8991600275039673,0.8992300033569336,0.8981299996376038,0.8988999724388123,0
2025-08-14 10:55:00+00:00,0.8988999724388123,0.8990799784660339,0.8980600237846375,0.8990399837493896,0
2025-08-14 11:00:00+00:00,0.8989899754524231,0.8992800116539001,0.8982899785041809,0.8992499709129333,0
2025-08-14 11:05:00+00:00,0.8991699814796448,0.8994100093841553,0.8983299732208252,0.8992699980735779,0
2025-08-14 11:10:00+00:00,0.8992699980735779,0.8994699716567993,0.8984400033950806,0.8993399739265442,0
2025-08-14 11:15:00+00:00,0.8993099927902222,0.8994200229644775,0.8984500169754028,0.8990799784660339,0
2025-08-14 11:20:00+00:00,0.8990899920463562,0.899370014667511,0.8983299732208252,0.8992000222206116,0
2025-08-14 11:25:00+00:00,0.899179995059967,0.8993099927902222,0.8982800245285034,0.8991699814796448,0
2025-08-14 11:30:00+00:00,0.8990799784660339,0.8993099927902222,0.8983200192451477,0.8991400003433228,0
2025-08-14 11:35:00+00:00,0.8991100192070007,0.8992400169372559,0.8983200192451477,0.8990600109100342,0
2025-08-14 11:40:00+00:00,0.8991400003433228,0.8993099927902222,0.8982200026512146,0.8990499973297119,0
2025-08-14 11:45:00+00:00,0.8991299867630005,0.899179995059967,0.8981599807739258,0.8988500237464905,0
2025-08-14 11:50:00+00:00,0.8988400101661682,0.8992999792098999,0.8981500267982483,0.8992099761962891,0
2025-08-14 11:55:00+00:00,0.8991900086402893,0.8992999792098999,0.8982200026512146,0.8992699980735779,0
2025-08-14 12:00:00+00:00,0.8992000222206116,0.8993399739265442,0.8982899785041809,0.8990600109100342,0
2025-08-14 12:05:00+00:00,0.8990399837493896,0.8992300033569336,0.8982200026512146,0.8991299867630005,0
2025-08-14 12:10:00+00:00,0.8991199731826782,0.8992800116539001,0.8980500102043152,0.8988699913024902,0
2025-08-14 12:15:00+00:00,0.8987799882888794,0.8990200161933899,0.8978999853134155,0.898859977722168,0
2025-08-14 12:20:00+00:00,0.8988500237464905,0.899179995059967,0.8981099724769592,0.8990100026130676,0
2025-08-14 12:25:00+00:00,0.8989099860191345,0.899179995059967,0.8981199860572815,0.8989400267601013,0
2025-08-14 12:30:00+00:00,0.8988500237464905,0.8989499807357788,0.8972499966621399,0.8977400064468384,0
2025-08-14 12:35:00+00:00,0.8977400064468384,0.8987100124359131,0.897350013256073,0.8984900116920471,0
2025-08-14 12:40:00+00:00,0.8985900282859802,0.8988000154495239,0.8975099921226501,0.8987100124359131,0
2025-08-14 12:45:00+00:00,0.8986899852752686,0.8988999724388123,0.897819995880127,0.898389995098114,0
2025-08-14 12:50:00+00:00,0.8983799815177917,0.8987600207328796,0.8973000049591064,0.8977299928665161,0
2025-08-14 12:55:00+00:00,0.8978300094604492,0.8978999853134155,0.8964700102806091,0.8974300026893616,0
2025-08-14 13:00:00+00:00,0.8974300026893616,0.8974800109863281,0.8962900042533875,0.8971999883651733,0
2025-08-14 13:05:00+00:00,0.8970900177955627,0.8972799777984619,0.8960599899291992,0.8969299793243408,0
2025-08-14 13:10:00+00:00,0.8970500230789185,0.8972799777984619,0.8962500095367432,0.8969699740409851,0
2025-08-14 13:15:00+00:00,0.8969600200653076,0.8975300192832947,0.8964899778366089,0.8972700238227844,0
2025-08-14 13:20:00+00:00,0.8972100019454956,0.8973900079727173,0.8961099982261658,0.8965200185775757,0
2025-08-14 13:25:00+00:00,0.896589994430542,0.8968300223350525,0.8956800103187561,0.8965499997138977,0
2025-08-14 13:30:00+00:00,0.8966100215911865,0.8970000147819519,0.8964800238609314,0.8967199921607971,0
2025-08-14 13:35:00+00:00,0.8967700004577637,0.8970000147819519,0.8959599733352661,0.8968799710273743,0
2025-08-14 13:40:00+00:00,0.8968700170516968,0.8970699906349182,0.8957300186157227,0.8966100215911865,0
2025-08-14 13:45:00+00:00,0.8966799974441528,0.8967300057411194,0.8957200050354004,0.8965200185775757,0
2025-08-14 13:50:00+00:00,0.8965100049972534,0.8966799974441528,0.8955199718475342,0.8964599967002869,0
2025-08-14 13:55:00+00:00,0.8964400291442871,0.8968300223350525,0.895799994468689,0.8964999914169312,0
2025-08-14 14:00:00+00:00,0.8964599967002869,0.8966000080108643,0.8952999711036682,0.8962699770927429,0
2025-08-14 14:05:00+00:00,0.8962399959564209,0.896399974822998,0.8952000141143799,0.8962900042533875,0
2025-08-14 14:10:00+00:00,0.8962799906730652,0.8963500261306763,0.8953400254249573,0.8962000012397766,0
2025-08-14 14:15:00+00:00,0.8961300253868103,0.8965700268745422,0.8954100012779236,0.8965200185775757,0
2025-08-14 14:20:00+00:00,0.8965299725532532,0.8967099785804749,0.8955699801445007,0.8963500261306763,0
2025-08-14 14:25:00+00:00,0.8964599967002869,0.8964899778366089,0.8955299854278564,0.8964400291442871,0
2025-08-14 14:30:00+00:00,0.8964400291442871,0.8968300223350525,0.8958500027656555,0.8964599967002869,0
2025-08-14 14:35:00+00:00,0.8964499831199646,0.8969600200653076,0.8956500291824341,0.8967800140380859,0
2025-08-14 14:40:00+00:00,0.8967099785804749,0.8970299959182739,0.8959800004959106,0.8969100117683411,0
2025-08-14 14:45:00+00:00,0.8969699740409851,0.8974000215530396,0.8965100049972534,0.8971999883651733,0
2025-08-14 14:50:00+00:00,0.8970900177955627,0.8972300291061401,0.8958600163459778,0.8966299891471863,0
2025-08-14 14:55:00+00:00,0.8966400027275085,0.8969600200653076,0.895609974861145,0.8966100215911865,0
2025-08-14 15:00:00+00:00,0.8965200185775757,0.8966599702835083,0.8956300020217896,0.8963599801063538,0
2025-08-14 15:05:00+00:00,0.8963599801063538,0.8964099884033203,0.8952999711036682,0.8960700035095215,0
2025-08-14 15:10:00+00:00,0.8960599899291992,0.8962200284004211,0.8950799703598022,0.8960199952125549,0
2025-08-14 15:15:00+00:00,0.8960000276565552,0.8962600231170654,0.8952800035476685,0.8959000110626221,0
2025-08-14 15:20:00+00:00,0.8959199786186218,0.8961099982261658,0.895039975643158,0.8960199952125549,0
2025-08-14 15:25:00+00:00,0.8959500193595886,0.8960800170898438,0.8949900269508362,0.895799994468689,0
2025-08-14 15:30:00+00:00,0.8958600163459778,0.8960099816322327,0.8950999975204468,0.8956500291824341,0
2025-08-14 15:35:00+00:00,0.895550012588501,0.8957599997520447,0.8947399854660034,0.8955199718475342,0
2025-08-14 15:40:00+00:00,0.8955399990081787,0.8956400156021118,0.8945500254631042,0.8955299854278564,0
2025-08-14 15:45:00+00:00,0.8955399990081787,0.8958200216293335,0.8947399854660034,0.8957399725914001,0
2025-08-14 15:50:00+00:00,0.8957099914550781,0.8960199952125549,0.8949699997901917,0.8957800269126892,0
2025-08-14 15:55:00+00:00,0.895799994468689,0.895829975605011,0.894819974899292,0.8957300186157227,0
2025-08-14 16:00:00+00:00,0.8957099914550781,0.8959100246429443,0.8948299884796143,0.8957499861717224,0
2025-08-14 16:05:00+00:00,0.8958399891853333,0.8958899974822998,0.8949300050735474,0.8957599997520447,0
2025-08-14 16:10:00+00:00,0.8956999778747559,0.8958100080490112,0.8946800231933594,0.8954499959945679,0
2025-08-14 16:15:00+00:00,0.8955299854278564,0.8956900238990784,0.8945199847221375,0.8956800103187561,0
2025-08-14 16:20:00+00:00,0.8955699801445007,0.8957700133323669,0.894760012626648,0.8956900238990784,0
2025-08-14 16:25:00+00:00,0.8956999778747559,0.895829975605011,0.894860029220581,0.8956500291824341,0
2025-08-14 16:30:00+00:00,0.8956699967384338,0.8957800269126892,0.8948799967765808,0.8957499861717224,0
2025-08-14 16:35:00+00:00,0.8957599997520447,0.8960899710655212,0.8949599862098694,0.8958600163459778,0
2025-08-14 16:40:00+00:00,0.8958600163459778,0.8961099982261658,0.8951399922370911,0.8960599899291992,0
2025-08-14 16:45:00+00:00,0.8960000276565552,0.8962100148200989,0.8952500224113464,0.8962100148200989,0
2025-08-14 16:50:00+00:00,0.8962299823760986,0.8963099718093872,0.8952900171279907,0.8961799740791321,0
2025-08-14 16:55:00+00:00,0.8961799740791321,0.8962100148200989,0.8952100276947021,0.8961899876594543,0
2025-08-14 17:00:00+00:00,0.8961700201034546,0.8963900208473206,0.895330011844635,0.8963299989700317,0
2025-08-14 17:05:00+00:00,0.8963299989700317,0.8967000246047974,0.8955299854278564,0.8965499997138977,0
2025-08-14 17:10:00+00:00,0.8965200185775757,0.8967599868774414,0.8957899808883667,0.8966799974441528,0
2025-08-14 17:15:00+00:00,0.8966699838638306,0.896809995174408,0.8958200216293335,0.8966500163078308,0
2025-08-14 17:20:00+00:00,0.8966100215911865,0.8967599868774414,0.8957599997520447,0.8966400027275085,0
2025-08-14 17:25:00+00:00,0.896619975566864,0.8968799710273743,0.8958100080490112,0.896589994430542,0
2025-08-14 17:30:00+00:00,0.8965399861335754,0.8968200087547302,0.8958600163459778,0.8967199921607971,0
2025-08-14 17:35:00+00:00,0.8967900276184082,0.8967999815940857,0.8957899808883667,0.8967599868774414,0
2025-08-14 17:40:00+00:00,0.8966799974441528,0.8967700004577637,0.8956699967384338,0.8965799808502197,0
2025-08-14 17:45:00+00:00,0.8964700102806091,0.8966900110244751,0.8956599831581116,0.8965399861335754,0
2025-08-14 17:50:00+00:00,0.8966100215911865,0.8967300057411194,0.8957099914550781,0.8965100049972534,0
2025-08-14 17:55:00+00:00,0.8965200185775757,0.8966699838638306,0.8957399725914001,0.8966100215911865,0
2025-08-14 18:00:00+00:00,0.8965499997138977,0.896809995174408,0.8957599997520447,0.8967099785804749,0
2025-08-14 18:05:00+00:00,0.8967000246047974,0.8967400193214417,0.8957599997520447,0.8965700268745422,0
2025-08-14 18:10:00+00:00,0.8965799808502197,0.8967599868774414,0.8957899808883667,0.8966699838638306,0
2025-08-14 18:15:00+00:00,0.8966000080108643,0.8968600034713745,0.8959500193595886,0.8968200087547302,0
2025-08-14 18:20:00+00:00,0.8968300223350525,0.8969500064849854,0.8959400057792664,0.8969399929046631,0
2025-08-14 18:25:00+00:00,0.8969299793243408,0.8970999717712402,0.8960800170898438,0.8970800042152405,0
2025-08-14 18:30:00+00:00,0.8969900012016296,0.8970699906349182,0.8960800170898438,0.8969200253486633,0
2025-08-14 18:35:00+00:00,0.8969299793243408,0.8971899747848511,0.8960300087928772,0.8970199823379517,0
2025-08-14 18:40:00+00:00,0.8970199823379517,0.8970800042152405,0.8961300253868103,0.8969900012016296,0
2025-08-14 18:45:00+00:00,0.8969399929046631,0.8971400260925293,0.8962000012397766,0.8970900177955627,0
2025-08-14 18:50:00+00:00,0.8970000147819519,0.8971499800682068,0.8962100148200989,0.8970199823379517,0
2025-08-14 18:55:00+00:00,0.8970400094985962,0.8970900177955627,0.8961600065231323,0.8970400094985962,0
2025-08-14 19:00:00+00:00,0.8970299959182739,0.8972300291061401,0.8962200284004211,0.8972300291061401,0
2025-08-14 19:05:00+00:00,0.897130012512207,0.8972600102424622,0.8962399959564209,0.8971999883651733,0
2025-08-14 19:10:00+00:00,0.8971099853515625,0.8972600102424622,0.8962500095367432,0.8971099853515625,0
2025-08-14 19:15:00+00:00,0.8971999883651733,0.8972200155258179,0.8962799906730652,0.8970999717712402,0
2025-08-14 19:20:00+00:00,0.8970999717712402,0.8972100019454956,0.8962699770927429,0.8971099853515625,0
2025-08-14 19:25:00+00:00,0.8970100283622742,0.8971700072288513,0.8961700201034546,0.8970299959182739,0
2025-08-14 19:30:00+00:00,0.8969399929046631,0.897130012512207,0.8961600065231323,0.8970299959182739,0
2025-08-14 19:35:00+00:00,0.8970999717712402,0.8971499800682068,0.8962299823760986,0.8970999717712402,0
2025-08-14 19:40:00+00:00,0.8970999717712402,0.8973000049591064,0.896340012550354,0.8972499966621399,0
2025-08-14 19:45:00+00:00,0.8972600102424622,0.8972899913787842,0.896340012550354,0.8971400260925293,0
2025-08-14 19:50:00+00:00,0.8972100019454956,0.8973399996757507,0.8963299989700317,0.8973299860954285,0
2025-08-14 19:55:00+00:00,0.8972499966621399,0.8974900245666504,0.8965299725532532,0.8973100185394287,0
2025-08-14 20:00:00+00:00,0.8974000215530396,0.8974400162696838,0.8964999914169312,0.8971700072288513,0
2025-08-14 20:05:00+00:00,0.8971800208091736,0.8974900245666504,0.8964300155639648,0.8973100185394287,0
2025-08-14 20:10:00+00:00,0.8974499702453613,0.8974699974060059,0.8963299989700317,0.8971400260925293,0
2025-08-14 20:15:00+00:00,0.8970999717712402,0.8972700238227844,0.896369993686676,0.897159993648529,0
2025-08-14 20:20:00+00:00,0.8971700072288513,0.8972600102424622,0.8962500095367432,0.8970999717712402,0
2025-08-14 20:25:00+00:00,0.8972200155258179,0.8973399996757507,0.8963099718093872,0.8973199725151062,0
2025-08-14 20:30:00+00:00,0.8972499966621399,0.8974199891090393,0.8964700102806091,0.8973900079727173,0
2025-08-14 20:35:00+00:00,0.8973299860954285,0.8975800275802612,0.8965299725532532,0.8974300026893616,0
2025-08-14 20:40:00+00:00,0.8974400162696838,0.8976100087165833,0.8966500163078308,0.8974800109863281,0
2025-08-14 20:45:00+00:00,0.8974699974060059,0.8977000117301941,0.896809995174408,0.8976500034332275,0
2025-08-14 20:50:00+00:00,0.8974999785423279,0.8977100253105164,0.8966699838638306,0.8975899815559387,0
2025-08-14 20:55:00+00:00,0.8974699974060059,0.8977100253105164,0.896399974822998,0.8967199921607971,0
2025-08-14 21:00:00+00:00,0.8967099785804749,0.8967099785804749,0.8960400223731995,0.8964300155639648,0
2025-08-14 21:05:00+00:00,0.8962100148200989,0.8969900012016296,0.8957599997520447,0.8967199921607971,0
2025-08-14 21:10:00+00:00,0.8965799808502197,0.8972300291061401,0.8961099982261658,0.8968200087547302,0
2025-08-14 21:15:00+00:00,0.8968200087547302,0.8974499702453613,0.8965399861335754,0.8970299959182739,0
2025-08-14 21:20:00+00:00,0.8971400260925293,0.897599995136261,0.896589994430542,0.8972300291061401,0
2025-08-14 21:25:00+00:00,0.8975800275802612,0.897629976272583,0.8968300223350525,0.8975099921226501,0
2025-08-14 21:30:00+00:00,0.8974999785423279,0.8979399800300598,0.8969500064849854,0.8975300192832947,0
2025-08-14 21:35:00+00:00,0.8975300192832947,0.897599995136261,0.8969299793243408,0.8974800109863281,0
2025-08-14 21:40:00+00:00,0.8974699974060059,0.8975499868392944,0.8968899846076965,0.897379994392395,0
2025-08-14 21:45:00+00:00,0.8974800109863281,0.8976799845695496,0.8968999981880188,0.8975099921226501,0
2025-08-14 21:50:00+00:00,0.897350013256073,0.8976399898529053,0.8968899846076965,0.8975399732589722,0
2025-08-14 21:55:00+00:00,0.8975399732589722,0.8977000117301941,0.8969200253486633,0.8974199891090393,0
2025-08-14 22:00:00+00:00,0.8975499868392944,0.8977599740028381,0.8967000246047974,0.8977500200271606,0
2025-08-14 22:05:00+00:00,0.8976600170135498,0.8979700207710266,0.8968799710273743,0.8979399800300598,0
2025-08-14 22:10:00+00:00,0.897849977016449,0.8979600071907043,0.8968600034713745,0.8976899981498718,0
2025-08-14 22:15:00+00:00,0.8977000117301941,0.897819995880127,0.8966900110244751,0.8976600170135498,0
2025-08-14 22:20:00+00:00,0.8976699709892273,0.8977199792861938,0.8967400193214417,0.8976200222969055,0
2025-08-14 22:25:00+00:00,0.8976100087165833,0.8977100253105164,0.8966799974441528,0.897570013999939,0
2025-08-14 22:30:00+00:00,0.8974900245666504,0.8976200222969055,0.8966900110244751,0.8974699974060059,0
2025-08-14 22:35:00+00:00,0.8974800109863281,0.8975399732589722,0.8966000080108643,0.8975099921226501,0
2025-08-14 22:40:00+00:00,0.8974900245666504,0.8975200057029724,0.8965700268745422,0.8974900245666504,0
2025-08-14 22:45:00+00:00,0.8974199891090393,0.8975499868392944,0.8965499997138977,0.8974599838256836,0
2025-08-14 22:50:00+00:00,0.8974499702453613,0.8975499868392944,0.8965700268745422,0.8974900245666504,0
2025-08-14 22:55:00+00:00,0.8975099921226501,0.8975899815559387,0.8966599702835083,0.8975099921226501,0
2025-08-14 23:00:00+00:00,0.8974900245666504,0.8976100087165833,0.8966500163078308,0.8975099921226501,0
2025-08-14 23:05:00+00:00,0.8975899815559387,0.8976899981498718,0.896619975566864,0.8975899815559387,0
2025-08-14 23:10:00+00:00,0.8975200057029724,0.8976500034332275,0.896619975566864,0.8975200057029724,0
2025-08-14 23:15:00+00:00,0.8974599838256836,0.8976100087165833,0.8966100215911865,0.8975899815559387,0
2025-08-14 23:20:00+00:00,0.8975499868392944,0.897629976272583,0.8966100215911865,0.8975099921226501,0
2025-08-14 23:25:00+00:00,0.8975099921226501,0.897570013999939,0.896589994430542,0.8974800109863281,0
2025-08-14 23:30:00+00:00,0.8974800109863281,0.8976899981498718,0.8967000246047974,0.8974400162696838,0
2025-08-14 23:35:00+00:00,0.8975200057029724,0.8977299928665161,0.896589994430542,0.8976600170135498,0
2025-08-14 23:40:00+00:00,0.8976399898529053,0.8977299928665161,0.8967800140380859,0.8976899981498718,0
2025-08-14 23:45:00+00:00,0.8976600170135498,0.8977199792861938,0.8966900110244751,0.897570013999939,0
2025-08-14 23:50:00+00:00,0.897599995136261,0.8977000117301941,0.8965100049972534,0.8974199891090393,0
2025-08-14 23:55:00+00:00,0.8973600268363953,0.8974800109863281,0.8964599967002869,0.8974400162696838,0
2025-08-15 00:00:00+00:00,0.8973699808120728,0.8975399732589722,0.8960400223731995,0.8969399929046631,0
2025-08-15 00:05:00+00:00,0.8969500064849854,0.8972100019454956,0.8961399793624878,0.8970299959182739,0
2025-08-15 00:10:00+00:00,0.8970500230789185,0.8972399830818176,0.8959900140762329,0.897059977054596,0
2025-08-15 00:15:00+00:00,0.8970299959182739,0.8972499966621399,0.8962399959564209,0.897130012512207,0
2025-08-15 00:20:00+00:00,0.8971199989318848,0.8972899913787842,0.8962299823760986,0.8971899747848511,0
2025-08-15 00:25:00+00:00,0.8972300291061401,0.8972799777984619,0.8961799740791321,0.8971400260925293,0
2025-08-15 00:30:00+00:00,0.897130012512207,0.8972200155258179,0.8962500095367432,0.8971800208091736,0
2025-08-15 00:35:00+00:00,0.8971899747848511,0.8974000215530396,0.8962900042533875,0.8973100185394287,0
2025-08-15 00:40:00+00:00,0.8972600102424622,0.897570013999939,0.8964400291442871,0.8974699974060059,0
2025-08-15 00:45:00+00:00,0.8974199891090393,0.8975499868392944,0.8963900208473206,0.8973299860954285,0
2025-08-15 00:50:00+00:00,0.8973000049591064,0.8976399898529053,0.8964899778366089,0.897409975528717,0
2025-08-15 00:55:00+00:00,0.897379994392395,0.8975300192832947,0.8964999914169312,0.897379994392395,0
2025-08-15 01:00:00+00:00,0.8974000215530396,0.8979300260543823,0.896589994430542,0.8976399898529053,0
2025-08-15 01:05:00+00:00,0.8975499868392944,0.8977199792861938,0.8963800072669983,0.8971899747848511,0
2025-08-15 01:10:00+00:00,0.8972799777984619,0.8973699808120728,0.8963199853897095,0.8973000049591064,0
2025-08-15 01:15:00+00:00,0.8973199725151062,0.897379994392395,0.8963800072669983,0.8971499800682068,0
2025-08-15 01:20:00+00:00,0.8971199989318848,0.8972200155258179,0.896120011806488,0.8971800208091736,0
2025-08-15 01:25:00+00:00,0.8971999883651733,0.8971999883651733,0.8961600065231323,0.8970299959182739,0
2025-08-15 01:30:00+00:00,0.8971099853515625,0.8977100253105164,0.8962000012397766,0.8976799845695496,0
2025-08-15 01:35:00+00:00,0.8976399898529053,0.8977000117301941,0.8964800238609314,0.8974300026893616,0
2025-08-15 01:40:00+00:00,0.8974300026893616,0.8975899815559387,0.8966000080108643,0.8974499702453613,0
2025-08-15 01:45:00+00:00,0.8974199891090393,0.8975600004196167,0.8963800072669983,0.8973000049591064,0
2025-08-15 01:50:00+00:00,0.897350013256073,0.897409975528717,0.8963299989700317,0.8970900177955627,0
2025-08-15 01:55:00+00:00,0.8970299959182739,0.8973100185394287,0.896120011806488,0.8971199989318848,0
2025-08-15 02:00:00+00:00,0.8971400260925293,0.8972600102424622,0.8961700201034546,0.8971199989318848,0
2025-08-15 02:05:00+00:00,0.8971899747848511,0.8972100019454956,0.8960000276565552,0.8968899846076965,0
2025-08-15 02:10:00+00:00,0.8968999981880188,0.8970699906349182,0.8958600163459778,0.8967700004577637,0
2025-08-15 02:15:00+00:00,0.8967700004577637,0.8968300223350525,0.8957200050354004,0.8964800238609314,0
2025-08-15 02:20:00+00:00,0.8964499831199646,0.8964700102806091,0.8953700065612793,0.8963199853897095,0
2025-08-15 02:25:00+00:00,0.8963000178337097,0.8963500261306763,0.8952599763870239,0.8962699770927429,0
2025-08-15 02:30:00+00:00,0.8962100148200989,0.8965100049972534,0.8955299854278564,0.8964899778366089,0
2025-08-15 02:35:00+00:00,0.8965100049972534,0.8966500163078308,0.8956000208854675,0.896589994430542,0
2025-08-15 02:40:00+00:00,0.8965499997138977,0.8968799710273743,0.8957099914550781,0.8966699838638306,0
2025-08-15 02:45:00+00:00,0.8966599702835083,0.8968999981880188,0.8957800269126892,0.8967599868774414,0
2025-08-15 02:50:00+00:00,0.89683997631073,0.8968600034713745,0.8956300020217896,0.8966500163078308,0
2025-08-15 02:55:00+00:00,0.8966599702835083,0.8971499800682068,0.8960300087928772,0.8970199823379517,0
2025-08-15 03:00:00+00:00,0.8970199823379517,0.897379994392395,0.896399974822998,0.897159993648529,0
2025-08-15 03:05:00+00:00,0.8972100019454956,0.8974499702453613,0.8962000012397766,0.8973100185394287,0
2025-08-15 03:10:00+00:00,0.8972799777984619,0.8973900079727173,0.8962799906730652,0.8971400260925293,0
2025-08-15 03:15:00+00:00,0.8971700072288513,0.8974000215530396,0.8963099718093872,0.8973399996757507,0
2025-08-15 03:20:00+00:00,0.8973399996757507,0.897409975528717,0.8962900042533875,0.8973299860954285,0
2025-08-15 03:25:00+00:00,0.897350013256073,0.8974199891090393,0.8963800072669983,0.8972799777984619,0
2025-08-15 03:30:00+00:00,0.8973600268363953,0.8975399732589722,0.8964400291442871,0.8974499702453613,0
2025-08-15 03:35:00+00:00,0.897350013256073,0.8975800275802612,0.8965299725532532,0.8974800109863281,0
2025-08-15 03:40:00+00:00,0.8975099921226501,0.8976200222969055,0.8966100215911865,0.8975899815559387,0
2025-08-15 03:45:00+00:00,0.8975099921226501,0.8977599740028381,0.8966599702835083,0.8976399898529053,0
2025-08-15 03:50:00+00:00,0.8976899981498718,0.8977000117301941,0.89656001329422,0.8974800109863281,0
2025-08-15 03:55:00+00:00,0.8974999785423279,0.897570013999939,0.8966100215911865,0.8974999785423279,0
2025-08-15 04:00:00+00:00,0.8974499702453613,0.8977199792861938,0.8967499732971191,0.8975399732589722,0
2025-08-15 04:05:00+00:00,0.897570013999939,0.8976399898529053,0.8966599702835083,0.8974199891090393,0
2025-08-15 04:10:00+00:00,0.8974400162696838,0.8975200057029724,0.8964999914169312,0.8974199891090393,0
2025-08-15 04:15:00+00:00,0.897379994392395,0.8975099921226501,0.8965100049972534,0.8973699808120728,0
2025-08-15 04:20:00+00:00,0.8973900079727173,0.8974800109863281,0.8964800238609314,0.8973900079727173,0
2025-08-15 04:25:00+00:00,0.897350013256073,0.8974199891090393,0.8963800072669983,0.8972300291061401,0
2025-08-15 04:30:00+00:00,0.8972100019454956,0.8973000049591064,0.8962799906730652,0.8970699906349182,0
2025-08-15 04:35:00+00:00,0.8970900177955627,0.897159993648529,0.8961600065231323,0.8970199823379517,0
2025-08-15 04:40:00+00:00,0.8969900012016296,0.8970699906349182,0.8961300253868103,0.8969699740409851,0
2025-08-15 04:45:00+00:00,0.8969799876213074,0.8972300291061401,0.8961700201034546,0.8972300291061401,0
2025-08-15 04:50:00+00:00,0.8972200155258179,0.8973399996757507,0.8962100148200989,0.8972799777984619,0
2025-08-15 04:55:00+00:00,0.8972499966621399,0.8973600268363953,0.8962900042533875,0.8971400260925293,0
2025-08-15 05:00:00+00:00,0.8972200155258179,0.8973000049591064,0.8962799906730652,0.8972799777984619,0
2025-08-15 05:05:00+00:00,0.8972700238227844,0.8973000049591064,0.8962900042533875,0.8972600102424622,0
2025-08-15 05:10:00+00:00,0.8972899913787842,0.8972899913787842,0.896340012550354,0.8972200155258179,0
2025-08-15 05:15:00+00:00,0.897159993648529,0.8973600268363953,0.8963800072669983,0.8973000049591064,0
2025-08-15 05:20:00+00:00,0.8973299860954285,0.8973699808120728,0.896340012550354,0.8972200155258179,0
2025-08-15 05:25:00+00:00,0.8971999883651733,0.8973699808120728,0.8963199853897095,0.8971800208091736,0
2025-08-15 05:30:00+00:00,0.8972600102424622,0.8972700238227844,0.8962699770927429,0.8972399830818176,0
2025-08-15 05:35:00+00:00,0.8972200155258179,0.8975099921226501,0.896369993686676,0.8974999785423279,0
2025-08-15 05:40:00+00:00,0.8975200057029724,0.8975899815559387,0.8963099718093872,0.8972700238227844,0
2025-08-15 05:45:00+00:00,0.8972100019454956,0.8974199891090393,0.8963800072669983,0.897379994392395,0
2025-08-15 05:50:00+00:00,0.8973299860954285,0.8973900079727173,0.896369993686676,0.8973199725151062,0
2025-08-15 05:55:00+00:00,0.897350013256073,0.897599995136261,0.8965399861335754,0.8974599838256836,0
2025-08-15 06:00:00+00:00,0.8974300026893616,0.8977199792861938,0.8967400193214417,0.8975899815559387,0
2025-08-15 06:05:00+00:00,0.8975300192832947,0.8977400064468384,0.8967199921607971,0.8976200222969055,0
2025-08-15 06:10:00+00:00,0.8977000117301941,0.897819995880127,0.8968200087547302,0.8977299928665161,0
2025-08-15 06:15:00+00:00,0.8977199792861938,0.8977900147438049,0.8967999815940857,0.8975099921226501,0
2025-08-15 06:20:00+00:00,0.8975200057029724,0.8976500034332275,0.8966599702835083,0.8975499868392944,0
2025-08-15 06:25:00+00:00,0.8975399732589722,0.8976699709892273,0.8963900208473206,0.8973100185394287,0
2025-08-15 06:30:00+00:00,0.8972600102424622,0.8978000283241272,0.8966699838638306,0.8977900147438049,0
2025-08-15 06:35:00+00:00,0.8977400064468384,0.8979300260543823,0.896809995174408,0.8976600170135498,0
2025-08-15 06:40:00+00:00,0.8976799845695496,0.8979499936103821,0.8967900276184082,0.897819995880127,0
2025-08-15 06:45:00+00:00,0.8977699875831604,0.8979300260543823,0.8969299793243408,0.8977500200271606,0
2025-08-15 06:50:00+00:00,0.8977299928665161,0.8979200124740601,0.896809995174408,0.8977699875831604,0
2025-08-15 06:55:00+00:00,0.8977599740028381,0.897819995880127,0.8967900276184082,0.8977000117301941,0
2025-08-15 07:00:00+00:00,0.8977199792861938,0.8978599905967712,0.8968799710273743,0.8978099822998047,0
2025-08-15 07:05:00+00:00,0.8978000283241272,0.8980399966239929,0.8968999981880188,0.8977900147438049,0
2025-08-15 07:10:00+00:00,0.8977900147438049,0.8979700207710266,0.896809995174408,0.8977400064468384,0
2025-08-15 07:15:00+00:00,0.8977299928665161,0.8978999853134155,0.897599995136261,0.8978400230407715,0
2025-08-15 07:20:00+00:00,0.8978099822998047,0.8980299830436707,0.8970100283622742,0.8979799747467041,0
2025-08-15 07:25:00+00:00,0.8980200290679932,0.898140013217926,0.8970900177955627,0.8981000185012817,0
2025-08-15 07:30:00+00:00,0.8980600237846375,0.8981299996376038,0.8968700170516968,0.8978400230407715,0
2025-08-15 07:35:00+00:00,0.8977900147438049,0.8980699777603149,0.8969699740409851,0.8980699777603149,0
2025-08-15 07:40:00+00:00,0.8979899883270264,0.898140013217926,0.897130012512207,0.8980399966239929,0
2025-08-15 07:45:00+00:00,0.8980600237846375,0.8981599807739258,0.8970999717712402,0.8979899883270264,0
2025-08-15 07:50:00+00:00,0.8979600071907043,0.8983500003814697,0.8971400260925293,0.8982700109481812,0
2025-08-15 07:55:00+00:00,0.8982899785041809,0.8984400033950806,0.8973100185394287,0.8982999920845032,0
2025-08-15 08:00:00+00:00,0.8983799815177917,0.8984699845314026,0.8974400162696838,0.8983399868011475,0
2025-08-15 08:05:00+00:00,0.8983399868011475,0.8984900116920471,0.897409975528717,0.8982899785041809,0
2025-08-15 08:10:00+00:00,0.8982499837875366,0.8984299898147583,0.8973900079727173,0.8983500003814697,0
2025-08-15 08:15:00+00:00,0.8982899785041809,0.8984500169754028,0.8974400162696838,0.898419976234436,0
2025-08-15 08:20:00+00:00,0.8983799815177917,0.8984799981117249,0.8974400162696838,0.8984599709510803,0
2025-08-15 08:25:00+00:00,0.8983700275421143,0.8984900116920471,0.8974300026893616,0.8984100222587585,0
2025-08-15 08:30:00+00:00,0.8984000086784363,0.8984699845314026,0.8975099921226501,0.898419976234436,0
2025-08-15 08:35:00+00:00,0.8983399868011475,0.8984299898147583,0.897409975528717,0.8983299732208252,0
2025-08-15 08:40:00+00:00,0.8982700109481812,0.8983399868011475,0.8973199725151062,0.8982899785041809,0
2025-08-15 08:45:00+00:00,0.8982499837875366,0.8983500003814697,0.8973699808120728,0.8982300162315369,0
2025-08-15 08:50:00+00:00,0.8981299996376038,0.8982700109481812,0.8970999717712402,0.8980500102043152,0
2025-08-15 08:55:00+00:00,0.8980799913406372,0.8981900215148926,0.8971400260925293,0.8980600237846375,0
2025-08-15 09:00:00+00:00,0.8980399966239929,0.8981199860572815,0.8971499800682068,0.8979499936103821,0
2025-08-15 09:05:00+00:00,0.8979700207710266,0.8980399966239929,0.8969399929046631,0.8979099988937378,0
2025-08-15 09:10:00+00:00,0.8978899717330933,0.8980500102043152,0.8969600200653076,0.8977800011634827,0
2025-08-15 09:15:00+00:00,0.8978400230407715,0.8979700207710266,0.8969799876213074,0.8978700041770935,0
2025-08-15 09:20:00+00:00,0.8978800177574158,0.8979200124740601,0.89683997631073,0.8977800011634827,0
2025-08-15 09:25:00+00:00,0.8977699875831604,0.8979300260543823,0.8969699740409851,0.8978300094604492,0
2025-08-15 09:30:00+00:00,0.897849977016449,0.8978999853134155,0.8968799710273743,0.8976899981498718,0
2025-08-15 09:35:00+00:00,0.8977000117301941,0.8977100253105164,0.8966000080108643,0.8974800109863281,0
2025-08-15 09:40:00+00:00,0.8974499702453613,0.8974999785423279,0.8964800238609314,0.8974300026893616,0
2025-08-15 09:45:00+00:00,0.8974900245666504,0.8977199792861938,0.8967199921607971,0.8975800275802612,0
2025-08-15 09:50:00+00:00,0.897599995136261,0.8976500034332275,0.8964700102806091,0.8974999785423279,0
2025-08-15 09:55:00+00:00,0.8974400162696838,0.8976200222969055,0.8964800238609314,0.8974400162696838,0
2025-08-15 10:00:00+00:00,0.8973299860954285,0.8975800275802612,0.89656001329422,0.8974300026893616,0
2025-08-15 10:05:00+00:00,0.897379994392395,0.8974599838256836,0.8964099884033203,0.8974199891090393,0
2025-08-15 10:10:00+00:00,0.8973699808120728,0.8974800109863281,0.8964999914169312,0.8974800109863281,0
2025-08-15 10:15:00+00:00,0.8974300026893616,0.8976200222969055,0.8966500163078308,0.8974999785423279,0
2025-08-15 10:20:00+00:00,0.8974400162696838,0.8975200057029724,0.8965299725532532,0.8973900079727173,0
2025-08-15 10:25:00+00:00,0.8974000215530396,0.8974900245666504,0.8964899778366089,0.8974199891090393,0
2025-08-15 10:30:00+00:00,0.8974400162696838,0.8975399732589722,0.8965100049972534,0.8974800109863281,0
2025-08-15 10:35:00+00:00,0.8974900245666504,0.897629976272583,0.8965399861335754,0.8974599838256836,0
2025-08-15 10:40:00+00:00,0.8974400162696838,0.8976200222969055,0.896589994430542,0.8974400162696838,0
2025-08-15 10:45:00+00:00,0.8974300026893616,0.8977800011634827,0.8965100049972534,0.8976799845695496,0
2025-08-15 10:50:00+00:00,0.8977199792861938,0.8978999853134155,0.8968499898910522,0.8978599905967712,0
2025-08-15 10:55:00+00:00,0.897849977016449,0.8980399966239929,0.8970100283622742,0.8979200124740601,0
2025-08-15 11:00:00+00:00,0.8978899717330933,0.8982999920845032,0.8972300291061401,0.8981299996376038,0
2025-08-15 11:05:00+00:00,0.898140013217926,0.8984500169754028,0.8972399830818176,0.8982399702072144,0
2025-08-15 11:10:00+00:00,0.8982399702072144,0.8985000252723694,0.8974699974060059,0.8983700275421143,0
2025-08-15 11:15:00+00:00,0.8984000086784363,0.8984900116920471,0.8975300192832947,0.8982999920845032,0
2025-08-15 11:20:00+00:00,0.8982800245285034,0.8983299732208252,0.8973299860954285,0.8981800079345703,0
2025-08-15 11:25:00+00:00,0.8981900215148926,0.8982599973678589,0.8972499966621399,0.8981599807739258,0
2025-08-15 11:30:00+00:00,0.8981199860572815,0.8983299732208252,0.8973100185394287,0.8982700109481812,0
2025-08-15 11:35:00+00:00,0.8982200026512146,0.8983799815177917,0.8973199725151062,0.8982499837875366,0
2025-08-15 11:40:00+00:00,0.8981999754905701,0.8983700275421143,0.8972499966621399,0.8981500267982483,0
2025-08-15 11:45:00+00:00,0.8981800079345703,0.8982999920845032,0.8972499966621399,0.8981000185012817,0
2025-08-15 11:50:00+00:00,0.8981099724769592,0.8982099890708923,0.8971700072288513,0.8980100154876709,0
2025-08-15 11:55:00+00:00,0.8980299830436707,0.8981999754905701,0.8972100019454956,0.8981099724769592,0
2025-08-15 12:00:00+00:00,0.8981199860572815,0.8983700275421143,0.8973600268363953,0.8982800245285034,0
2025-08-15 12:05:00+00:00,0.8983299732208252,0.898360013961792,0.8972600102424622,0.8980799913406372,0
2025-08-15 12:10:00+00:00,0.8980799913406372,0.8981999754905701,0.8971700072288513,0.8981500267982483,0
2025-08-15 12:15:00+00:00,0.8981099724769592,0.8981599807739258,0.8972200155258179,0.8980500102043152,0
2025-08-15 12:20:00+00:00,0.8980299830436707,0.8981800079345703,0.897059977054596,0.8978999853134155,0
2025-08-15 12:25:00+00:00,0.8979099988937378,0.8981800079345703,0.8970900177955627,0.8981500267982483,0
2025-08-15 12:30:00+00:00,0.8980399966239929,0.8982700109481812,0.8970299959182739,0.8981900215148926,0
2025-08-15 12:35:00+00:00,0.8981199860572815,0.8988100290298462,0.8973299860954285,0.8986700177192688,0
2025-08-15 12:40:00+00:00,0.8986700177192688,0.8988400101661682,0.8977199792861938,0.8985400199890137,0
2025-08-15 12:45:00+00:00,0.898580014705658,0.8988000154495239,0.8975499868392944,0.898419976234436,0
2025-08-15 12:50:00+00:00,0.8984000086784363,0.8986499905586243,0.8975300192832947,0.8984100222587585,0
2025-08-15 12:55:00+00:00,0.8984599709510803,0.8987900018692017,0.8977299928665161,0.8986999988555908,0
2025-08-15 13:00:00+00:00,0.8986600041389465,0.8989499807357788,0.8979399800300598,0.8988699913024902,0
2025-08-15 13:05:00+00:00,0.898829996585846,0.8990600109100342,0.8978700041770935,0.898829996585846,0
2025-08-15 13:10:00+00:00,0.8987900018692017,0.8989700078964233,0.8977900147438049,0.898829996585846,0
2025-08-15 13:15:00+00:00,0.8988199830055237,0.8989199995994568,0.8978899717330933,0.8988100290298462,0
2025-08-15 13:20:00+00:00,0.8987699747085571,0.8990100026130676,0.8979499936103821,0.8989599943161011,0
2025-08-15 13:25:00+00:00,0.8988999724388123,0.8990799784660339,0.8979399800300598,0.8989999890327454,0
2025-08-15 13:30:00+00:00,0.8989899754524231,0.8991699814796448,0.8980200290679932,0.898930013179779,0
2025-08-15 13:35:00+00:00,0.8988800048828125,0.8992900252342224,0.8979099988937378,0.8990899920463562,0
2025-08-15 13:40:00+00:00,0.8990499973297119,0.8995500206947327,0.8983799815177917,0.8992300033569336,0
2025-08-15 13:45:00+00:00,0.8992999792098999,0.8997700214385986,0.8991299867630005,0.8997200131416321,0
2025-08-15 13:50:00+00:00,0.8997300267219543,0.8998900055885315,0.8987399935722351,0.899399995803833,0
2025-08-15 13:55:00+00:00,0.8994100093841553,0.8996999859809875,0.89860999584198,0.8996300101280212,0
2025-08-15 14:00:00+00:00,0.899590015411377,0.8997200131416321,0.8985599875450134,0.8994899988174438,0
2025-08-15 14:05:00+00:00,0.899429976940155,0.8995000123977661,0.8982599973678589,0.899150013923645,0
2025-08-15 14:10:00+00:00,0.8991600275039673,0.8994699716567993,0.8984699845314026,0.8993800282478333,0
2025-08-15 14:15:00+00:00,0.899370014667511,0.8994399905204773,0.8982499837875366,0.8992499709129333,0
2025-08-15 14:20:00+00:00,0.8992499709129333,0.8994799852371216,0.8983299732208252,0.8993899822235107,0
2025-08-15 14:25:00+00:00,0.8993300199508667,0.8996899724006653,0.898419976234436,0.8995800018310547,0
2025-08-15 14:30:00+00:00,0.8995599746704102,0.8996300101280212,0.8984500169754028,0.8994699716567993,0
2025-08-15 14:35:00+00:00,0.8994500041007996,0.8998900055885315,0.8985300064086914,0.899869978427887,0
2025-08-15 14:40:00+00:00,0.8997799754142761,0.8999999761581421,0.8987799882888794,0.899619996547699,0
2025-08-15 14:45:00+00:00,0.8996899724006653,0.8997899889945984,0.8986499905586243,0.8994500041007996,0
2025-08-15 14:50:00+00:00,0.8994799852371216,0.8996099829673767,0.8985199928283691,0.8994799852371216,0
2025-08-15 14:55:00+00:00,0.8995000123977661,0.9001799821853638,0.8985900282859802,0.9000999927520752,0
2025-08-15 15:00:00+00:00,0.9000700116157532,0.9003300070762634,0.899179995059967,0.8997200131416321,0
2025-08-15 15:05:00+00:00,0.8997399806976318,0.899940013885498,0.8988000154495239,0.8998100161552429,0
2025-08-15 15:10:00+00:00,0.8998299837112427,0.8998900055885315,0.8988100290298462,0.8998200297355652,0
2025-08-15 15:15:00+00:00,0.8998000025749207,0.9001700282096863,0.8990700244903564,0.9000800251960754,0
2025-08-15 15:20:00+00:00,0.9000200033187866,0.9001200199127197,0.8989800214767456,0.899940013885498,0
2025-08-15 15:25:00+00:00,0.899940013885498,0.9000399708747864,0.8989899754524231,0.8999599814414978,0
2025-08-15 15:30:00+00:00,0.9001200199127197,0.9003700017929077,0.899179995059967,0.8999999761581421,0
2025-08-15 15:35:00+00:00,0.9000099897384644,0.9000499844551086,0.898930013179779,0.8997099995613098,0
2025-08-15 15:40:00+00:00,0.8996800184249878,0.8997200131416321,0.8985000252723694,0.8994899988174438,0
2025-08-15 15:45:00+00:00,0.8995000123977661,0.8996599912643433,0.898580014705658,0.8996099829673767,0
2025-08-15 15:50:00+00:00,0.899590015411377,0.8997600078582764,0.8986600041389465,0.8995299935340881,0
2025-08-15 15:55:00+00:00,0.8995500206947327,0.899649977684021,0.8984400033950806,0.899370014667511,0
2025-08-15 16:00:00+00:00,0.8993200063705444,0.8995299935340881,0.8985499739646912,0.8993499875068665,0
2025-08-15 16:05:00+00:00,0.8994100093841553,0.8994100093841553,0.8984000086784363,0.899370014667511,0
2025-08-15 16:10:00+00:00,0.8993200063705444,0.8995400071144104,0.8984699845314026,0.8994899988174438,0
2025-08-15 16:15:00+00:00,0.8994500041007996,0.8995000123977661,0.8984799981117249,0.899370014667511,0
2025-08-15 16:20:00+00:00,0.899399995803833,0.8995400071144104,0.8984400033950806,0.8993899822235107,0
2025-08-15 16:25:00+00:00,0.899370014667511,0.8994399905204773,0.8982899785041809,0.8992300033569336,0
2025-08-15 16:30:00+00:00,0.899179995059967,0.8993499875068665,0.8982099890708923,0.8993099927902222,0
2025-08-15 16:35:00+00:00,0.8992800116539001,0.8993800282478333,0.8983299732208252,0.8991600275039673,0
2025-08-15 16:40:00+00:00,0.8991400003433228,0.8993300199508667,0.8983500003814697,0.8992199897766113,0
2025-08-15 16:45:00+00:00,0.8992599844932556,0.8992999792098999,0.8982899785041809,0.8992699980735779,0
2025-08-15 16:50:00+00:00,0.8992599844932556,0.8992999792098999,0.8982200026512146,0.8992199897766113,0
2025-08-15 16:55:00+00:00,0.8992000222206116,0.8992800116539001,0.8981500267982483,0.899150013923645,0
2025-08-15 17:00:00+00:00,0.8991100192070007,0.8992000222206116,0.8980900049209595,0.8989999890327454,0
2025-08-15 17:05:00+00:00,0.8989599943161011,0.8991000056266785,0.8980799913406372,0.8989499807357788,0
2025-08-15 17:10:00+00:00,0.8989800214767456,0.8990200161933899,0.8978800177574158,0.8987299799919128,0
2025-08-15 17:15:00+00:00,0.8987200260162354,0.8988900184631348,0.8979399800300598,0.8987500071525574,0
2025-08-15 17:20:00+00:00,0.8987399935722351,0.8988199830055237,0.8977400064468384,0.8986999988555908,0
2025-08-15 17:25:00+00:00,0.8986600041389465,0.8988000154495239,0.8977400064468384,0.8987100124359131,0
2025-08-15 17:30:00+00:00,0.8987100124359131,0.8990399837493896,0.8980000019073486,0.8990399837493896,0
2025-08-15 17:35:00+00:00,0.8990200161933899,0.8990499973297119,0.8980399966239929,0.8987900018692017,0
2025-08-15 17:40:00+00:00,0.898859977722168,0.8989099860191345,0.8978700041770935,0.8988400101661682,0
2025-08-15 17:45:00+00:00,0.8988800048828125,0.8989400267601013,0.897849977016449,0.8987399935722351,0
2025-08-15 17:50:00+00:00,0.8987500071525574,0.8990300297737122,0.8978800177574158,0.8988800048828125,0
2025-08-15 17:55:00+00:00,0.8989099860191345,0.8989700078964233,0.897819995880127,0.8988199830055237,0
2025-08-15 18:00:00+00:00,0.8988199830055237,0.898859977722168,0.8977800011634827,0.8986600041389465,0
2025-08-15 18:05:00+00:00,0.898639976978302,0.8987299799919128,0.8974800109863281,0.8984000086784363,0
2025-08-15 18:10:00+00:00,0.8984100222587585,0.898639976978302,0.8975600004196167,0.8985999822616577,0
2025-08-15 18:15:00+00:00,0.898580014705658,0.8986600041389465,0.8976399898529053,0.8985199928283691,0
2025-08-15 18:20:00+00:00,0.8984599709510803,0.898580014705658,0.8975499868392944,0.8985099792480469,0
2025-08-15 18:25:00+00:00,0.8985400199890137,0.898580014705658,0.897599995136261,0.8984799981117249,0
2025-08-15 18:30:00+00:00,0.8985000252723694,0.8986300230026245,0.8976600170135498,0.8984799981117249,0
2025-08-15 18:35:00+00:00,0.8985400199890137,0.89860999584198,0.8976600170135498,0.8985499739646912,0
2025-08-15 18:40:00+00:00,0.8985199928283691,0.8986700177192688,0.8976399898529053,0.8986700177192688,0
2025-08-15 18:45:00+00:00,0.8985999822616577,0.8986700177192688,0.8976699709892273,0.8985599875450134,0
2025-08-15 18:50:00+00:00,0.8985400199890137,0.8987699747085571,0.8977500200271606,0.8986700177192688,0
2025-08-15 18:55:00+00:00,0.8986899852752686,0.8987100124359131,0.8976899981498718,0.8985499739646912,0
2025-08-15 19:00:00+00:00,0.8985700011253357,0.8986499905586243,0.8976500034332275,0.898639976978302,0
2025-08-15 19:05:00+00:00,0.898580014705658,0.898639976978302,0.8976799845695496,0.898580014705658,0
2025-08-15 19:10:00+00:00,0.89860999584198,0.8987100124359131,0.8977400064468384,0.8986600041389465,0
2025-08-15 19:15:00+00:00,0.8986600041389465,0.8987399935722351,0.8977900147438049,0.8986999988555908,0
2025-08-15 19:20:00+00:00,0.8986899852752686,0.8988100290298462,0.8977599740028381,0.8987500071525574,0
2025-08-15 19:25:00+00:00,0.8987200260162354,0.8987900018692017,0.8977400064468384,0.8986300230026245,0
2025-08-15 19:30:00+00:00,0.8986200094223022,0.8986899852752686,0.8976600170135498,0.8986700177192688,0
2025-08-15 19:35:00+00:00,0.898580014705658,0.8987299799919128,0.8976899981498718,0.8987200260162354,0
2025-08-15 19:40:00+00:00,0.8986999988555908,0.8987900018692017,0.8976600170135498,0.8986499905586243,0
2025-08-15 19:45:00+00:00,0.898639976978302,0.898829996585846,0.8977900147438049,0.8988100290298462,0
2025-08-15 19:50:00+00:00,0.8987699747085571,0.8988199830055237,0.8977900147438049,0.8987399935722351,0
2025-08-15 19:55:00+00:00,0.8986999988555908,0.8989899754524231,0.8978800177574158,0.8989499807357788,0
2025-08-15 20:00:00+00:00,0.8989099860191345,0.8989599943161011,0.8979399800300598,0.8987299799919128,0
2025-08-15 20:05:00+00:00,0.8987500071525574,0.8988900184631348,0.8977400064468384,0.898859977722168,0
2025-08-15 20:10:00+00:00,0.898859977722168,0.8989800214767456,0.8979600071907043,0.8988999724388123,0
2025-08-15 20:15:00+00:00,0.8989599943161011,0.8990100026130676,0.8979700207710266,0.8989400267601013,0
2025-08-15 20:20:00+00:00,0.8989400267601013,0.8991900086402893,0.8981099724769592,0.8990399837493896,0
2025-08-15 20:25:00+00:00,0.8989599943161011,0.8990700244903564,0.8979799747467041,0.8989099860191345,0
2025-08-15 20:30:00+00:00,0.8988999724388123,0.8990300297737122,0.8980799913406372,0.8989800214767456,0
2025-08-15 20:35:00+00:00,0.8989700078964233,0.8990899920463562,0.8980600237846375,0.8990499973297119,0
2025-08-15 20:40:00+00:00,0.8989999890327454,0.8990600109100342,0.8980900049209595,0.8990100026130676,0
2025-08-15 20:45:00+00:00,0.8989499807357788,0.8993200063705444,0.8981500267982483,0.8991100192070007,0
2025-08-15 20:50:00+00:00,0.8991900086402893,0.8993899822235107,0.8982899785041809,0.8992599844932556,0
2025-08-15 20:55:00+00:00,0.8992099761962891,0.8994500041007996,0.8981199860572815,0.8990200161933899,0
2025-08-15 21:00:00+00:00,0.8982300162315369,0.8982300162315369,0.8982300162315369,0.8982300162315369,0
2025-08-15 21:05:00+00:00,0.8982300162315369,0.8982300162315369,0.8982300162315369,0.8982300162315369,0
2025-08-15 21:10:00+00:00,0.8982300162315369,0.8982300162315369,0.8982300162315369,0.8982300162315369,0
2025-08-15 21:15:00+00:00,0.8982300162315369,0.8982300162315369,0.8982300162315369,0.8982300162315369,0
2025-08-15 21:20:00+00:00,0.8982300162315369,0.8982300162315369,0.8982300162315369,0.8982300162315369,0
2025-08-15 21:25:00+00:00,0.8982300162315369,0.8982300162315369,0.8982300162315369,0.8982300162315369,0
2025-08-17 23:00:00+00:00,0.8992099761962891,0.8994600176811218,0.8984699845314026,0.8992499709129333,0
2025-08-17 23:05:00+00:00,0.8993399739265442,0.899590015411377,0.8984599709510803,0.8995000123977661,0
2025-08-17 23:10:00+00:00,0.8994600176811218,0.8995500206947327,0.8985499739646912,0.8994600176811218,0
2025-08-17 23:15:00+00:00,0.8994699716567993,0.8994699716567993,0.8984000086784363,0.8991299867630005,0
2025-08-17 23:20:00+00:00,0.8990799784660339,0.8992800116539001,0.8982499837875366,0.899179995059967,0
2025-08-17 23:25:00+00:00,0.8991699814796448,0.8992800116539001,0.8983299732208252,0.8992599844932556,0
2025-08-17 23:30:00+00:00,0.8992699980735779,0.8992900252342224,0.8982999920845032,0.899179995059967,0
2025-08-17 23:35:00+00:00,0.8991400003433228,0.899370014667511,0.8983299732208252,0.8992800116539001,0
2025-08-17 23:40:00+00:00,0.8993099927902222,0.899370014667511,0.8982700109481812,0.8993099927902222,0
2025-08-17 23:45:00+00:00,0.8992400169372559,0.8993200063705444,0.8983399868011475,0.8991900086402893,0
2025-08-17 23:50:00+00:00,0.8991699814796448,0.8993399739265442,0.8982899785041809,0.8992599844932556,0
2025-08-17 23:55:00+00:00,0.8992800116539001,0.8996700048446655,0.8984799981117249,0.899649977684021,0
2025-08-18 00:00:00+00:00,0.8995800018310547,0.899649977684021,0.8984599709510803,0.899370014667511,0
2025-08-18 00:05:00+00:00,0.899429976940155,0.8996599912643433,0.8985999822616577,0.8996000289916992,0
2025-08-18 00:10:00+00:00,0.899619996547699,0.8997799754142761,0.8987200260162354,0.8996300101280212,0
2025-08-18 00:15:00+00:00,0.8996400237083435,0.8998299837112427,0.8987500071525574,0.8997700214385986,0
2025-08-18 00:20:00+00:00,0.8997300267219543,0.8998200297355652,0.8988199830055237,0.8995100259780884,0
2025-08-18 00:25:00+00:00,0.899590015411377,0.8997099995613098,0.898639976978302,0.8995400071144104,0
2025-08-18 00:30:00+00:00,0.899619996547699,0.8997099995613098,0.8986999988555908,0.8994899988174438,0
2025-08-18 00:35:00+00:00,0.8995699882507324,0.8996099829673767,0.8986300230026245,0.8994699716567993,0
2025-08-18 00:40:00+00:00,0.8993800282478333,0.8995400071144104,0.8984599709510803,0.8993200063705444,0
2025-08-18 00:45:00+00:00,0.8993399739265442,0.8994799852371216,0.8983399868011475,0.899399995803833,0
2025-08-18 00:50:00+00:00,0.8993600010871887,0.899429976940155,0.8984299898147583,0.8992099761962891,0
2025-08-18 00:55:00+00:00,0.8991600275039673,0.8993099927902222,0.8983200192451477,0.8992199897766113,0
2025-08-18 01:00:00+00:00,0.8992199897766113,0.8995400071144104,0.8984799981117249,0.8993800282478333,0
2025-08-18 01:05:00+00:00,0.8993499875068665,0.8994899988174438,0.8984699845314026,0.8993200063705444,0
2025-08-18 01:10:00+00:00,0.8992800116539001,0.8995199799537659,0.8984799981117249,0.8995000123977661,0
2025-08-18 01:15:00+00:00,0.8994899988174438,0.8997399806976318,0.8986999988555908,0.8995599746704102,0
2025-08-18 01:20:00+00:00,0.8995000123977661,0.8996300101280212,0.8985599875450134,0.8994699716567993,0
2025-08-18 01:25:00+00:00,0.8994899988174438,0.899649977684021,0.898580014705658,0.8994699716567993,0
2025-08-18 01:30:00+00:00,0.8994399905204773,0.8995599746704102,0.8984599709510803,0.8993499875068665,0
2025-08-18 01:35:00+00:00,0.8993300199508667,0.899619996547699,0.8984100222587585,0.8995299935340881,0
2025-08-18 01:40:00+00:00,0.8995800018310547,0.899649977684021,0.89860999584198,0.8994600176811218,0
2025-08-18 01:45:00+00:00,0.8995199799537659,0.8997899889945984,0.8987900018692017,0.8996599912643433,0
2025-08-18 01:50:00+00:00,0.8996000289916992,0.899869978427887,0.898639976978302,0.8998399972915649,0
2025-08-18 01:55:00+00:00,0.8997300267219543,0.9001399874687195,0.8990300297737122,0.9000499844551086,0
2025-08-18 02:00:00+00:00,0.9000200033187866,0.9000599980354309,0.8991199731826782,0.8996400237083435,0
2025-08-18 02:05:00+00:00,0.899619996547699,0.8997499942779541,0.8987600207328796,0.8996300101280212,0
2025-08-18 02:10:00+00:00,0.8995800018310547,0.8996999859809875,0.8986899852752686,0.8995299935340881,0
2025-08-18 02:15:00+00:00,0.8995199799537659,0.8995699882507324,0.8986300230026245,0.899429976940155,0
2025-08-18 02:20:00+00:00,0.8993800282478333,0.8994899988174438,0.8984799981117249,0.8992499709129333,0
2025-08-18 02:25:00+00:00,0.8993200063705444,0.8994899988174438,0.8983299732208252,0.8994200229644775,0
2025-08-18 02:30:00+00:00,0.899399995803833,0.8995100259780884,0.8985000252723694,0.8994699716567993,0
2025-08-18 02:35:00+00:00,0.8994200229644775,0.8995299935340881,0.8985300064086914,0.8995100259780884,0
2025-08-18 02:40:00+00:00,0.8994399905204773,0.8995199799537659,0.898169994354248,0.8991900086402893,0
2025-08-18 02:45:00+00:00,0.8991000056266785,0.8993300199508667,0.8983399868011475,0.8992300033569336,0
2025-08-18 02:50:00+00:00,0.8992699980735779,0.899399995803833,0.898360013961792,0.8993399739265442,0
2025-08-18 02:55:00+00:00,0.8993899822235107,0.899619996547699,0.8985700011253357,0.8994500041007996,0
2025-08-18 03:00:00+00:00,0.899429976940155,0.8996300101280212,0.8985400199890137,0.899429976940155,0
2025-08-18 03:05:00+00:00,0.8994200229644775,0.8995000123977661,0.8984000086784363,0.8993899822235107,0
2025-08-18 03:10:00+00:00,0.8993600010871887,0.8995599746704102,0.8984900116920471,0.8993899822235107,0
2025-08-18 03:15:00+00:00,0.8993600010871887,0.8995699882507324,0.8985499739646912,0.8995500206947327,0
2025-08-18 03:20:00+00:00,0.8995100259780884,0.8996599912643433,0.8986300230026245,0.8995299935340881,0
2025-08-18 03:25:00+00:00,0.8995400071144104,0.8996700048446655,0.8986499905586243,0.8996300101280212,0
2025-08-18 03:30:00+00:00,0.899590015411377,0.899619996547699,0.8985999822616577,0.8995000123977661,0
2025-08-18 03:35:00+00:00,0.8994600176811218,0.8998100161552429,0.8986600041389465,0.8997099995613098,0
2025-08-18 03:40:00+00:00,0.8997200131416321,0.8998299837112427,0.8987299799919128,0.8996099829673767,0
2025-08-18 03:45:00+00:00,0.8995699882507324,0.8997799754142761,0.8988400101661682,0.8996700048446655,0
2025-08-18 03:50:00+00:00,0.899619996547699,0.8998399972915649,0.898829996585846,0.8997600078582764,0
2025-08-18 03:55:00+00:00,0.8997600078582764,0.8999699950218201,0.8988199830055237,0.8999000191688538,0
2025-08-18 04:00:00+00:00,0.8999199867248535,0.9001299738883972,0.8990600109100342,0.8999000191688538,0
2025-08-18 04:05:00+00:00,0.8998100161552429,0.9000099897384644,0.8988699913024902,0.8999300003051758,0
2025-08-18 04:10:00+00:00,0.8998900055885315,0.8999199867248535,0.8987799882888794,0.8997200131416321,0
2025-08-18 04:15:00+00:00,0.8997099995613098,0.8998200297355652,0.8986700177192688,0.8997700214385986,0
2025-08-18 04:20:00+00:00,0.8997300267219543,0.8999300003051758,0.898829996585846,0.8997399806976318,0
2025-08-18 04:25:00+00:00,0.8997600078582764,0.899869978427887,0.8988900184631348,0.8997899889945984,0
2025-08-18 04:30:00+00:00,0.8997899889945984,0.8999300003051758,0.8989899754524231,0.8997899889945984,0
2025-08-18 04:35:00+00:00,0.8997499942779541,0.8999000191688538,0.8988999724388123,0.8998200297355652,0
2025-08-18 04:40:00+00:00,0.8997600078582764,0.899940013885498,0.898859977722168,0.8998000025749207,0
2025-08-18 04:45:00+00:00,0.8997899889945984,0.8999699950218201,0.8989599943161011,0.8999099731445312,0
2025-08-18 04:50:00+00:00,0.8998500108718872,0.8999599814414978,0.8989599943161011,0.8998500108718872,0
2025-08-18 04:55:00+00:00,0.899940013885498,0.8999800086021423,0.8989400267601013,0.8998200297355652,0
2025-08-18 05:00:00+00:00,0.8998299837112427,0.8999699950218201,0.8989800214767456,0.8999199867248535,0
2025-08-18 05:05:00+00:00,0.899940013885498,0.8999500274658203,0.8989199995994568,0.8998500108718872,0
2025-08-18 05:10:00+00:00,0.8998399972915649,0.8999300003051758,0.8988900184631348,0.8997399806976318,0
2025-08-18 05:15:00+00:00,0.8997200131416321,0.899869978427887,0.8989099860191345,0.8998200297355652,0
2025-08-18 05:20:00+00:00,0.8998100161552429,0.8999300003051758,0.8987699747085571,0.899649977684021,0
2025-08-18 05:25:00+00:00,0.8996899724006653,0.9003900289535522,0.8988400101661682,0.9001799821853638,0
2025-08-18 05:30:00+00:00,0.9001500010490417,0.9002100229263306,0.8992800116539001,0.9001299738883972,0
2025-08-18 05:35:00+00:00,0.9000899791717529,0.9002100229263306,0.8992099761962891,0.9000200033187866,0
2025-08-18 05:40:00+00:00,0.8999699950218201,0.9002299904823303,0.8991400003433228,0.9000700116157532,0
2025-08-18 05:45:00+00:00,0.9000800251960754,0.9001399874687195,0.8991299867630005,0.8999599814414978,0
2025-08-18 05:50:00+00:00,0.8999500274658203,0.9000200033187866,0.8989999890327454,0.8999099731445312,0
2025-08-18 05:55:00+00:00,0.8998900055885315,0.8999199867248535,0.8988199830055237,0.899649977684021,0
2025-08-18 06:00:00+00:00,0.8996599912643433,0.8998799920082092,0.8987500071525574,0.8996700048446655,0
2025-08-18 06:05:00+00:00,0.8996099829673767,0.8997899889945984,0.8986600041389465,0.8996999859809875,0
2025-08-18 06:10:00+00:00,0.8996800184249878,0.8998200297355652,0.8985300064086914,0.8994799852371216,0
2025-08-18 06:15:00+00:00,0.8994399905204773,0.8995500206947327,0.8985099792480469,0.8993800282478333,0
2025-08-18 06:20:00+00:00,0.8994200229644775,0.8996300101280212,0.8985099792480469,0.8995800018310547,0
2025-08-18 06:25:00+00:00,0.8995100259780884,0.899649977684021,0.8984000086784363,0.8994100093841553,0
2025-08-18 06:30:00+00:00,0.899399995803833,0.8994600176811218,0.898419976234436,0.8993600010871887,0
2025-08-18 06:35:00+00:00,0.8993300199508667,0.8994100093841553,0.898360013961792,0.8992300033569336,0
2025-08-18 06:40:00+00:00,0.8992199897766113,0.8992999792098999,0.8980200290679932,0.8989499807357788,0
2025-08-18 06:45:00+00:00,0.8989099860191345,0.8991400003433228,0.8981099724769592,0.898829996585846,0
2025-08-18 06:50:00+00:00,0.898829996585846,0.8989599943161011,0.8979399800300598,0.8988699913024902,0
2025-08-18 06:55:00+00:00,0.8988100290298462,0.8989400267601013,0.8978999853134155,0.8988500237464905,0
2025-08-18 07:00:00+00:00,0.8988400101661682,0.8990300297737122,0.8979899883270264,0.8990200161933899,0
2025-08-18 07:05:00+00:00,0.8989700078964233,0.8991100192070007,0.8979600071907043,0.8990700244903564,0
2025-08-18 07:10:00+00:00,0.8989800214767456,0.8992000222206116,0.8979799747467041,0.8991199731826782,0
2025-08-18 07:15:00+00:00,0.8990899920463562,0.8991900086402893,0.8981500267982483,0.8990899920463562,0
2025-08-18 07:20:00+00:00,0.8990700244903564,0.8991400003433228,0.8981299996376038,0.8991199731826782,0
2025-08-18 07:25:00+00:00,0.8990600109100342,0.8991199731826782,0.8980200290679932,0.8989099860191345,0
2025-08-18 07:30:00+00:00,0.8989199995994568,0.8989700078964233,0.8979300260543823,0.8987399935722351,0
2025-08-18 07:35:00+00:00,0.8988000154495239,0.8990100026130676,0.8979099988937378,0.8989400267601013,0
2025-08-18 07:40:00+00:00,0.8988800048828125,0.8990600109100342,0.8980100154876709,0.8989599943161011,0
2025-08-18 07:45:00+00:00,0.898930013179779,0.8991000056266785,0.8979600071907043,0.8988199830055237,0
2025-08-18 07:50:00+00:00,0.8988400101661682,0.8988800048828125,0.8978400230407715,0.8986899852752686,0
2025-08-18 07:55:00+00:00,0.8986799716949463,0.8988100290298462,0.8976799845695496,0.8986799716949463,0
2025-08-18 08:00:00+00:00,0.8986600041389465,0.8988100290298462,0.8976200222969055,0.8981900215148926,0
2025-08-18 08:05:00+00:00,0.8981900215148926,0.8986300230026245,0.8973100185394287,0.8985700011253357,0
2025-08-18 08:10:00+00:00,0.89860999584198,0.8986300230026245,0.8975200057029724,0.8984299898147583,0
2025-08-18 08:15:00+00:00,0.8984400033950806,0.8985400199890137,0.8975200057029724,0.8985099792480469,0
2025-08-18 08:20:00+00:00,0.8984599709510803,0.8988199830055237,0.8975099921226501,0.8987500071525574,0
2025-08-18 08:25:00+00:00,0.8988000154495239,0.8989899754524231,0.8978099822998047,0.8987799882888794,0
2025-08-18 08:30:00+00:00,0.8987600207328796,0.8989199995994568,0.8978599905967712,0.8988699913024902,0
2025-08-18 08:35:00+00:00,0.8988400101661682,0.8991199731826782,0.8979600071907043,0.8989999890327454,0
2025-08-18 08:40:00+00:00,0.8989999890327454,0.8990600109100342,0.8980600237846375,0.8989199995994568,0
2025-08-18 08:45:00+00:00,0.8989400267601013,0.8990600109100342,0.8978999853134155,0.8988699913024902,0
2025-08-18 08:50:00+00:00,0.8987900018692017,0.8989899754524231,0.8980200290679932,0.8988100290298462,0
2025-08-18 08:55:00+00:00,0.8988999724388123,0.8988999724388123,0.8977900147438049,0.8986300230026245,0
2025-08-18 09:00:00+00:00,0.8986700177192688,0.8987600207328796,0.8977500200271606,0.8986300230026245,0
2025-08-18 09:05:00+00:00,0.8985599875450134,0.898829996585846,0.8977100253105164,0.8987200260162354,0
2025-08-18 09:10:00+00:00,0.8987299799919128,0.8989499807357788,0.8979399800300598,0.8987799882888794,0
2025-08-18 09:15:00+00:00,0.8987600207328796,0.8989099860191345,0.8979200124740601,0.8987200260162354,0
2025-08-18 09:20:00+00:00,0.8987699747085571,0.8988000154495239,0.8977699875831604,0.8986799716949463,0
2025-08-18 09:25:00+00:00,0.8986700177192688,0.8988999724388123,0.8979099988937378,0.8988900184631348,0
2025-08-18 09:30:00+00:00,0.8988400101661682,0.8989800214767456,0.8978400230407715,0.8988500237464905,0
2025-08-18 09:35:00+00:00,0.8987900018692017,0.8988999724388123,0.897849977016449,0.898829996585846,0
2025-08-18 09:40:00+00:00,0.8988100290298462,0.8989099860191345,0.8977900147438049,0.8986700177192688,0
2025-08-18 09:45:00+00:00,0.898639976978302,0.8987299799919128,0.8977599740028381,0.8985999822616577,0
2025-08-18 09:50:00+00:00,0.8985999822616577,0.8986200094223022,0.8975200057029724,0.8984400033950806,0
2025-08-18 09:55:00+00:00,0.8984299898147583,0.8986200094223022,0.897629976272583,0.898580014705658,0
2025-08-18 10:00:00+00:00,0.8985300064086914,0.898639976978302,0.897599995136261,0.8983700275421143,0
2025-08-18 10:05:00+00:00,0.8983399868011475,0.8984599709510803,0.8974699974060059,0.8983399868011475,0
2025-08-18 10:10:00+00:00,0.8983200192451477,0.898419976234436,0.8973699808120728,0.8983299732208252,0
2025-08-18 10:15:00+00:00,0.8983700275421143,0.8985300064086914,0.8975899815559387,0.8983700275421143,0
2025-08-18 10:20:00+00:00,0.8982700109481812,0.8985000252723694,0.8974000215530396,0.8984299898147583,0
2025-08-18 10:25:00+00:00,0.8984100222587585,0.8984799981117249,0.897409975528717,0.8982599973678589,0
2025-08-18 10:30:00+00:00,0.8982499837875366,0.8984500169754028,0.8973699808120728,0.898360013961792,0
2025-08-18 10:35:00+00:00,0.8983700275421143,0.8984799981117249,0.8974300026893616,0.8984000086784363,0
2025-08-18 10:40:00+00:00,0.8983799815177917,0.8986200094223022,0.8974400162696838,0.8985499739646912,0
2025-08-18 10:45:00+00:00,0.8985400199890137,0.89860999584198,0.897599995136261,0.8984500169754028,0
2025-08-18 10:50:00+00:00,0.898389995098114,0.8984699845314026,0.8973699808120728,0.8982099890708923,0
2025-08-18 10:55:00+00:00,0.8981900215148926,0.8983200192451477,0.8972399830818176,0.8980799913406372,0
2025-08-18 11:00:00+00:00,0.8980900049209595,0.8982099890708923,0.897159993648529,0.8981900215148926,0
2025-08-18 11:05:00+00:00,0.8981599807739258,0.8983100056648254,0.8971800208091736,0.8982599973678589,0
2025-08-18 11:10:00+00:00,0.8982899785041809,0.898419976234436,0.8972700238227844,0.8981500267982483,0
2025-08-18 11:15:00+00:00,0.8982200026512146,0.8983200192451477,0.8972300291061401,0.8982099890708923,0
2025-08-18 11:20:00+00:00,0.8981800079345703,0.8983100056648254,0.8971800208091736,0.8981500267982483,0
2025-08-18 11:25:00+00:00,0.898169994354248,0.8983200192451477,0.8972499966621399,0.898169994354248,0
2025-08-18 11:30:00+00:00,0.898169994354248,0.8982200026512146,0.8970400094985962,0.8979099988937378,0
2025-08-18 11:35:00+00:00,0.8979099988937378,0.8979799747467041,0.8969500064849854,0.8979300260543823,0
2025-08-18 11:40:00+00:00,0.8979499936103821,0.8980900049209595,0.8970999717712402,0.8979700207710266,0
2025-08-18 11:45:00+00:00,0.8979899883270264,0.8980000019073486,0.8970000147819519,0.8979799747467041,0
2025-08-18 11:50:00+00:00,0.8979600071907043,0.8981299996376038,0.8969699740409851,0.8980600237846375,0
2025-08-18 11:55:00+00:00,0.8980699777603149,0.8981199860572815,0.8968899846076965,0.8977400064468384,0
2025-08-18 12:00:00+00:00,0.8977000117301941,0.8978599905967712,0.8968999981880188,0.8977900147438049,0
2025-08-18 12:05:00+00:00,0.8977699875831604,0.8978999853134155,0.8967599868774414,0.8977000117301941,0
2025-08-18 12:10:00+00:00,0.8976600170135498,0.8977299928665161,0.8966599702835083,0.8975399732589722,0
2025-08-18 12:15:00+00:00,0.8975099921226501,0.8976699709892273,0.896589994430542,0.8974000215530396,0
2025-08-18 12:20:00+00:00,0.8973600268363953,0.8975200057029724,0.8964200019836426,0.8971999883651733,0
2025-08-18 12:25:00+00:00,0.8972300291061401,0.8974699974060059,0.896399974822998,0.897409975528717,0
2025-08-18 12:30:00+00:00,0.8974000215530396,0.8974699974060059,0.8963900208473206,0.8972899913787842,0
2025-08-18 12:35:00+00:00,0.8973299860954285,0.8974900245666504,0.8964099884033203,0.8974400162696838,0
2025-08-18 12:40:00+00:00,0.8974000215530396,0.8974300026893616,0.8962299823760986,0.8970800042152405,0
2025-08-18 12:45:00+00:00,0.8970900177955627,0.8972799777984619,0.8962600231170654,0.8971700072288513,0
2025-08-18 12:50:00+00:00,0.8972100019454956,0.8972300291061401,0.8962799906730652,0.897159993648529,0
2025-08-18 12:55:00+00:00,0.8971400260925293,0.8974199891090393,0.8962100148200989,0.897379994392395,0
2025-08-18 13:00:00+00:00,0.8973699808120728,0.8974699974060059,0.896340012550354,0.8972799777984619,0
2025-08-18 13:05:00+00:00,0.8972300291061401,0.8972899913787842,0.8962900042533875,0.8972499966621399,0
2025-08-18 13:10:00+00:00,0.8971899747848511,0.897350013256073,0.8961899876594543,0.897059977054596,0
2025-08-18 13:15:00+00:00,0.8970500230789185,0.8972899913787842,0.8961899876594543,0.8972799777984619,0
2025-08-18 13:20:00+00:00,0.8972499966621399,0.8975499868392944,0.8964099884033203,0.8974800109863281,0
2025-08-18 13:25:00+00:00,0.8974699974060059,0.8975399732589722,0.8965200185775757,0.8974499702453613,0
2025-08-18 13:30:00+00:00,0.897409975528717,0.8975300192832947,0.8972799777984619,0.8974999785423279,0
2025-08-18 13:35:00+00:00,0.8974599838256836,0.8978300094604492,0.8965499997138977,0.8977800011634827,0
2025-08-18 13:40:00+00:00,0.8977400064468384,0.8980299830436707,0.8970500230789185,0.8978999853134155,0
2025-08-18 13:45:00+00:00,0.8979300260543823,0.8980399966239929,0.8968600034713745,0.8978000283241272,0
2025-08-18 13:50:00+00:00,0.8977900147438049,0.8978999853134155,0.8965299725532532,0.8975399732589722,0
2025-08-18 13:55:00+00:00,0.8975399732589722,0.8976899981498718,0.8967099785804749,0.8975800275802612,0
2025-08-18 14:00:00+00:00,0.897570013999939,0.8978899717330933,0.8967900276184082,0.8975899815559387,0
2025-08-18 14:05:00+00:00,0.8975800275802612,0.8978099822998047,0.8967800140380859,0.8977599740028381,0
2025-08-18 14:10:00+00:00,0.8976699709892273,0.8977699875831604,0.8965399861335754,0.8974000215530396,0
2025-08-18 14:15:00+00:00,0.8973600268363953,0.897570013999939,0.8964800238609314,0.897409975528717,0
2025-08-18 14:20:00+00:00,0.897350013256073,0.8974599838256836,0.8962399959564209,0.897379994392395,0
2025-08-18 14:25:00+00:00,0.897350013256073,0.897570013999939,0.8963500261306763,0.897130012512207,0
2025-08-18 14:30:00+00:00,0.8971099853515625,0.897130012512207,0.8960700035095215,0.897059977054596,0
2025-08-18 14:35:00+00:00,0.8971099853515625,0.8971099853515625,0.8959500193595886,0.8968200087547302,0
2025-08-18 14:40:00+00:00,0.8967900276184082,0.8969299793243408,0.8958399891853333,0.89683997631073,0
2025-08-18 14:45:00+00:00,0.8968200087547302,0.8968600034713745,0.8956999778747559,0.8967000246047974,0
2025-08-18 14:50:00+00:00,0.8966500163078308,0.8967099785804749,0.8955199718475342,0.8965299725532532,0
2025-08-18 14:55:00+00:00,0.8965499997138977,0.8967999815940857,0.8956900238990784,0.8967000246047974,0
2025-08-18 15:00:00+00:00,0.8966400027275085,0.896809995174408,0.8958200216293335,0.8966799974441528,0
2025-08-18 15:05:00+00:00,0.8967099785804749,0.8967599868774414,0.8958100080490112,0.8966299891471863,0
2025-08-18 15:10:00+00:00,0.8965499997138977,0.8966500163078308,0.895389974117279,0.8963000178337097,0
2025-08-18 15:15:00+00:00,0.8962299823760986,0.8967000246047974,0.8956300020217896,0.8965499997138977,0
2025-08-18 15:20:00+00:00,0.8965399861335754,0.8968899846076965,0.895799994468689,0.8967499732971191,0
2025-08-18 15:25:00+00:00,0.8967099785804749,0.8969699740409851,0.8959100246429443,0.8969200253486633,0
2025-08-18 15:30:00+00:00,0.8968899846076965,0.8969699740409851,0.8958399891853333,0.8967700004577637,0
2025-08-18 15:35:00+00:00,0.8967900276184082,0.8971199989318848,0.8959100246429443,0.8970999717712402,0
2025-08-18 15:40:00+00:00,0.8970800042152405,0.8972399830818176,0.8961600065231323,0.897059977054596,0
2025-08-18 15:45:00+00:00,0.8970999717712402,0.8972600102424622,0.8962699770927429,0.8971700072288513,0
2025-08-18 15:50:00+00:00,0.897159993648529,0.8971700072288513,0.8959900140762329,0.8968799710273743,0
2025-08-18 15:55:00+00:00,0.8968999981880188,0.8970400094985962,0.8959400057792664,0.8969500064849854,0
2025-08-18 16:00:00+00:00,0.8969399929046631,0.8970100283622742,0.8959699869155884,0.8967400193214417,0
2025-08-18 16:05:00+00:00,0.896809995174408,0.8969200253486633,0.8958600163459778,0.896809995174408,0
2025-08-18 16:10:00+00:00,0.8968799710273743,0.8969600200653076,0.8959100246429443,0.8969100117683411,0
2025-08-18 16:15:00+00:00,0.8969299793243408,0.8969299793243408,0.895829975605011,0.8967099785804749,0
2025-08-18 16:20:00+00:00,0.8967599868774414,0.8968300223350525,0.8958399891853333,0.8966500163078308,0
2025-08-18 16:25:00+00:00,0.8966699838638306,0.8967400193214417,0.8956500291824341,0.8966400027275085,0
2025-08-18 16:30:00+00:00,0.8965799808502197,0.8966400027275085,0.8956000208854675,0.8964499831199646,0
2025-08-18 16:35:00+00:00,0.896399974822998,0.89656001329422,0.895550012588501,0.8965299725532532,0
2025-08-18 16:40:00+00:00,0.8965200185775757,0.896619975566864,0.8953800201416016,0.8963199853897095,0
2025-08-18 16:45:00+00:00,0.8963000178337097,0.8963800072669983,0.8953400254249573,0.8962500095367432,0
2025-08-18 16:50:00+00:00,0.8962699770927429,0.8963599801063538,0.8953400254249573,0.8962799906730652,0
2025-08-18 16:55:00+00:00,0.8961899876594543,0.8963900208473206,0.8953499794006348,0.8962500095367432,0
2025-08-18 17:00:00+00:00,0.8962500095367432,0.8964200019836426,0.8952900171279907,0.8963599801063538,0
2025-08-18 17:05:00+00:00,0.8964099884033203,0.8964099884033203,0.8953499794006348,0.8962799906730652,0
2025-08-18 17:10:00+00:00,0.8962900042533875,0.8964700102806091,0.895389974117279,0.8964400291442871,0
2025-08-18 17:15:00+00:00,0.8963900208473206,0.8964700102806091,0.895330011844635,0.8961399793624878,0
2025-08-18 17:20:00+00:00,0.8961499929428101,0.8963299989700317,0.8952199816703796,0.8961300253868103,0
2025-08-18 17:25:00+00:00,0.8962000012397766,0.8963299989700317,0.8952699899673462,0.8962500095367432,0
2025-08-18 17:30:00+00:00,0.8962900042533875,0.8965700268745422,0.8955900073051453,0.8964400291442871,0
2025-08-18 17:35:00+00:00,0.8963900208473206,0.8964599967002869,0.8954600095748901,0.8963199853897095,0
2025-08-18 17:40:00+00:00,0.8963099718093872,0.8964800238609314,0.8954499959945679,0.8963599801063538,0
2025-08-18 17:45:00+00:00,0.896369993686676,0.8964700102806091,0.8955000042915344,0.8964200019836426,0
2025-08-18 17:50:00+00:00,0.8963599801063538,0.8964700102806091,0.8954600095748901,0.8963900208473206,0
2025-08-18 17:55:00+00:00,0.896369993686676,0.896399974822998,0.8953499794006348,0.8961899876594543,0
2025-08-18 18:00:00+00:00,0.8962399959564209,0.8962900042533875,0.8953400254249573,0.8962399959564209,0
2025-08-18 18:05:00+00:00,0.8962000012397766,0.8963000178337097,0.8952800035476685,0.8961700201034546,0
2025-08-18 18:10:00+00:00,0.8961600065231323,0.8962000012397766,0.8951299786567688,0.8960599899291992,0
2025-08-18 18:15:00+00:00,0.8960800170898438,0.8960999846458435,0.8951299786567688,0.8960099816322327,0
2025-08-18 18:20:00+00:00,0.8959900140762329,0.8961600065231323,0.8950999975204468,0.8961099982261658,0
2025-08-18 18:25:00+00:00,0.8960999846458435,0.8962100148200989,0.8952000141143799,0.8961499929428101,0
2025-08-18 18:30:00+00:00,0.8960800170898438,0.8962699770927429,0.8952999711036682,0.8961300253868103,0
2025-08-18 18:35:00+00:00,0.8961099982261658,0.8962600231170654,0.8952100276947021,0.8960999846458435,0
2025-08-18 18:40:00+00:00,0.8960800170898438,0.8962600231170654,0.8952599763870239,0.8962000012397766,0
2025-08-18 18:45:00+00:00,0.8962900042533875,0.896340012550354,0.8953700065612793,0.8962799906730652,0
2025-08-18 18:50:00+00:00,0.8962699770927429,0.8963500261306763,0.8953499794006348,0.8963299989700317,0
2025-08-18 18:55:00+00:00,0.8962699770927429,0.8964099884033203,0.8953700065612793,0.8963800072669983,0
2025-08-18 19:00:00+00:00,0.896399974822998,0.8965200185775757,0.8955100178718567,0.8964499831199646,0
2025-08-18 19:05:00+00:00,0.8964899778366089,0.8965100049972534,0.8954799771308899,0.8964300155639648,0
2025-08-18 19:10:00+00:00,0.8964700102806091,0.8965299725532532,0.895550012588501,0.8964700102806091,0
2025-08-18 19:15:00+00:00,0.8965100049972534,0.8965399861335754,0.8955600261688232,0.8964400291442871,0
2025-08-18 19:20:00+00:00,0.8964599967002869,0.8966900110244751,0.8955199718475342,0.8966699838638306,0
2025-08-18 19:25:00+00:00,0.8966299891471863,0.8966799974441528,0.8957099914550781,0.8965700268745422,0
2025-08-18 19:30:00+00:00,0.8965499997138977,0.896619975566864,0.895550012588501,0.8964300155639648,0
2025-08-18 19:35:00+00:00,0.8964200019836426,0.8966599702835083,0.8955199718475342,0.8965700268745422,0
2025-08-18 19:40:00+00:00,0.8965100049972534,0.8966000080108643,0.8954600095748901,0.8964099884033203,0
2025-08-18 19:45:00+00:00,0.8964099884033203,0.8964899778366089,0.8954600095748901,0.8964099884033203,0
2025-08-18 19:50:00+00:00,0.8963900208473206,0.8965100049972534,0.8955199718475342,0.8964300155639648,0
2025-08-18 19:55:00+00:00,0.8964499831199646,0.896619975566864,0.8955399990081787,0.8965499997138977,0
2025-08-18 20:00:00+00:00,0.896589994430542,0.8967300057411194,0.8957499861717224,0.8965200185775757,0
2025-08-18 20:05:00+00:00,0.8965399861335754,0.8966599702835083,0.8956199884414673,0.8964800238609314,0
2025-08-18 20:10:00+00:00,0.8964300155639648,0.896589994430542,0.8956000208854675,0.89656001329422,0
2025-08-18 20:15:00+00:00,0.8965299725532532,0.8965799808502197,0.895389974117279,0.8965200185775757,0
2025-08-18 20:20:00+00:00,0.8965100049972534,0.8965200185775757,0.8954499959945679,0.896399974822998,0
2025-08-18 20:25:00+00:00,0.896399974822998,0.8965200185775757,0.8955399990081787,0.8964599967002869,0
2025-08-18 20:30:00+00:00,0.8964800238609314,0.8964999914169312,0.8953499794006348,0.8964499831199646,0
2025-08-18 20:35:00+00:00,0.8963800072669983,0.8964400291442871,0.8954200148582458,0.8962399959564209,0
2025-08-18 20:40:00+00:00,0.8962900042533875,0.8963099718093872,0.8952699899673462,0.896120011806488,0
2025-08-18 20:45:00+00:00,0.8960599899291992,0.8961399793624878,0.8950899839401245,0.8958899974822998,0
2025-08-18 20:50:00+00:00,0.8959400057792664,0.8959800004959106,0.8949900269508362,0.8959199786186218,0
2025-08-18 20:55:00+00:00,0.8958500027656555,0.8960300087928772,0.895039975643158,0.8954399824142456,0
2025-08-18 21:00:00+00:00,0.8958100080490112,0.8962100148200989,0.8946300148963928,0.8956199884414673,0
2025-08-18 21:05:00+00:00,0.8956000208854675,0.8959900140762329,0.8954499959945679,0.8956400156021118,0
2025-08-18 21:10:00+00:00,0.8956400156021118,0.8959900140762329,0.8956300020217896,0.8959100246429443,0
2025-08-18 21:15:00+00:00,0.895829975605011,0.8959800004959106,0.8952500224113464,0.8954399824142456,0
2025-08-18 21:20:00+00:00,0.8954300284385681,0.8958699703216553,0.8951399922370911,0.8955900073051453,0
2025-08-18 21:25:00+00:00,0.8956400156021118,0.8958399891853333,0.8952800035476685,0.8956900238990784,0
2025-08-18 21:30:00+00:00,0.8957800269126892,0.8959800004959106,0.8953700065612793,0.8957800269126892,0
2025-08-18 21:35:00+00:00,0.8959100246429443,0.8960800170898438,0.895330011844635,0.8959699869155884,0
2025-08-18 21:40:00+00:00,0.8959699869155884,0.8960899710655212,0.8953499794006348,0.8960800170898438,0
2025-08-18 21:45:00+00:00,0.8960400223731995,0.8960800170898438,0.8952900171279907,0.8960199952125549,0
2025-08-18 21:50:00+00:00,0.8960000276565552,0.8960800170898438,0.8951600193977356,0.8958399891853333,0
2025-08-18 21:55:00+00:00,0.8958899974822998,0.8959000110626221,0.8951900005340576,0.8957700133323669,0
2025-08-18 22:00:00+00:00,0.8957899808883667,0.8962299823760986,0.8952100276947021,0.8962100148200989,0
2025-08-18 22:05:00+00:00,0.896120011806488,0.8964800238609314,0.8953400254249573,0.8961799740791321,0
2025-08-18 22:10:00+00:00,0.8961700201034546,0.896340012550354,0.8952800035476685,0.8962299823760986,0
2025-08-18 22:15:00+00:00,0.8962100148200989,0.8963900208473206,0.895389974117279,0.8963099718093872,0
2025-08-18 22:20:00+00:00,0.8962600231170654,0.8963500261306763,0.8952900171279907,0.8960700035095215,0
2025-08-18 22:25:00+00:00,0.8961600065231323,0.8962299823760986,0.8952500224113464,0.8960599899291992,0
2025-08-18 22:30:00+00:00,0.896049976348877,0.8962200284004211,0.8952000141143799,0.8960800170898438,0
2025-08-18 22:35:00+00:00,0.8961899876594543,0.8962900042533875,0.8952999711036682,0.8962500095367432,0
2025-08-18 22:40:00+00:00,0.8962399959564209,0.8962900042533875,0.895330011844635,0.8962200284004211,0
2025-08-18 22:45:00+00:00,0.8961600065231323,0.8962399959564209,0.8952900171279907,0.8962000012397766,0
2025-08-18 22:50:00+00:00,0.8961399793624878,0.8963099718093872,0.8953199982643127,0.8962699770927429,0
2025-08-18 22:55:00+00:00,0.8961899876594543,0.8963099718093872,0.8951900005340576,0.8960199952125549,0
2025-08-18 23:00:00+00:00,0.8960999846458435,0.8962000012397766,0.895110011100769,0.8960300087928772,0
2025-08-18 23:05:00+00:00,0.8960099816322327,0.8961399793624878,0.8951399922370911,0.896049976348877,0
2025-08-18 23:10:00+00:00,0.8959800004959106,0.8960599899291992,0.895039975643158,0.8959599733352661,0
2025-08-18 23:15:00+00:00,0.8958600163459778,0.8960300087928772,0.8950499892234802,0.8959800004959106,0
2025-08-18 23:20:00+00:00,0.8959100246429443,0.8960400223731995,0.8949900269508362,0.8959500193595886,0
2025-08-18 23:25:00+00:00,0.8959500193595886,0.8960300087928772,0.8950099945068359,0.8959299921989441,0
2025-08-18 23:30:00+00:00,0.8959199786186218,0.8960099816322327,0.8949699997901917,0.8958399891853333,0
2025-08-18 23:35:00+00:00,0.8958100080490112,0.8960599899291992,0.8949699997901917,0.8960199952125549,0
2025-08-18 23:40:00+00:00,0.8960199952125549,0.8962600231170654,0.8951399922370911,0.8962200284004211,0
2025-08-18 23:45:00+00:00,0.8961799740791321,0.8965399861335754,0.8952900171279907,0.8963599801063538,0
2025-08-18 23:50:00+00:00,0.896369993686676,0.8964499831199646,0.8954899907112122,0.8963299989700317,0
2025-08-18 23:55:00+00:00,0.8962900042533875,0.8964499831199646,0.8954100012779236,0.8963599801063538,0
2025-08-19 00:00:00+00:00,0.8963299989700317,0.8965399861335754,0.8954899907112122,0.8962000012397766,0
2025-08-19 00:05:00+00:00,0.8961799740791321,0.8964800238609314,0.8953099846839905,0.8964499831199646,0
2025-08-19 00:10:00+00:00,0.896399974822998,0.896589994430542,0.8955399990081787,0.8964599967002869,0
2025-08-19 00:15:00+00:00,0.8965200185775757,0.8967000246047974,0.8955399990081787,0.8963599801063538,0
2025-08-19 00:20:00+00:00,0.8963500261306763,0.8963900208473206,0.8953099846839905,0.8962500095367432,0
2025-08-19 00:25:00+00:00,0.8961899876594543,0.8964499831199646,0.8952699899673462,0.8963000178337097,0
2025-08-19 00:30:00+00:00,0.8963500261306763,0.896619975566864,0.895609974861145,0.896619975566864,0
2025-08-19 00:35:00+00:00,0.8965399861335754,0.8967400193214417,0.8956800103187561,0.8964300155639648,0
2025-08-19 00:40:00+00:00,0.8963500261306763,0.8965399861335754,0.8955299854278564,0.8965100049972534,0
2025-08-19 00:45:00+00:00,0.8965200185775757,0.8966400027275085,0.8956999778747559,0.8964899778366089,0
2025-08-19 00:50:00+00:00,0.8964999914169312,0.8966299891471863,0.895550012588501,0.896399974822998,0
2025-08-19 00:55:00+00:00,0.896399974822998,0.8967499732971191,0.8955199718475342,0.8967499732971191,0
2025-08-19 01:00:00+00:00,0.8966799974441528,0.89683997631073,0.8959000110626221,0.8967400193214417,0
2025-08-19 01:05:00+00:00,0.8967300057411194,0.8969399929046631,0.8958100080490112,0.8967900276184082,0
2025-08-19 01:10:00+00:00,0.8967700004577637,0.8968300223350525,0.895579993724823,0.8965499997138977,0
2025-08-19 01:15:00+00:00,0.8965399861335754,0.8966900110244751,0.8956699967384338,0.89656001329422,0
2025-08-19 01:20:00+00:00,0.8965200185775757,0.8967700004577637,0.8956599831581116,0.8964400291442871,0
2025-08-19 01:25:00+00:00,0.8963900208473206,0.8965399861335754,0.8953700065612793,0.8959299921989441,0
2025-08-19 01:30:00+00:00,0.8959000110626221,0.8962600231170654,0.8950200080871582,0.8961799740791321,0
2025-08-19 01:35:00+00:00,0.8962200284004211,0.8964599967002869,0.8953099846839905,0.8963099718093872,0
2025-08-19 01:40:00+00:00,0.8962799906730652,0.8964700102806091,0.8953400254249573,0.8962799906730652,0
2025-08-19 01:45:00+00:00,0.8963299989700317,0.8966000080108643,0.895579993724823,0.8963199853897095,0
2025-08-19 01:50:00+00:00,0.8963900208473206,0.8964200019836426,0.8953099846839905,0.896120011806488,0
2025-08-19 01:55:00+00:00,0.8961799740791321,0.8963800072669983,0.8950499892234802,0.8961799740791321,0
2025-08-19 02:00:00+00:00,0.8962100148200989,0.8962900042533875,0.8951600193977356,0.8959199786186218,0
2025-08-19 02:05:00+00:00,0.8959299921989441,0.8962000012397766,0.8950899839401245,0.8961899876594543,0
2025-08-19 02:10:00+00:00,0.8961799740791321,0.8964200019836426,0.8952800035476685,0.896340012550354,0
2025-08-19 02:15:00+00:00,0.896369993686676,0.8964300155639648,0.8953800201416016,0.8960899710655212,0
2025-08-19 02:20:00+00:00,0.8960199952125549,0.8961399793624878,0.8950200080871582,0.8960000276565552,0
2025-08-19 02:25:00+00:00,0.8959699869155884,0.8960000276565552,0.8950099945068359,0.8959100246429443,0
2025-08-19 02:30:00+00:00,0.8958699703216553,0.8960899710655212,0.8950099945068359,0.8960599899291992,0
2025-08-19 02:35:00+00:00,0.8960300087928772,0.8962500095367432,0.8952199816703796,0.8960800170898438,0
2025-08-19 02:40:00+00:00,0.8960700035095215,0.8963299989700317,0.8952599763870239,0.8961899876594543,0
2025-08-19 02:45:00+00:00,0.8961700201034546,0.8963500261306763,0.8954100012779236,0.8961899876594543,0
2025-08-19 02:50:00+00:00,0.8961899876594543,0.8964300155639648,0.8952800035476685,0.8962299823760986,0
2025-08-19 02:55:00+00:00,0.8961899876594543,0.8963900208473206,0.8952900171279907,0.896369993686676,0
2025-08-19 03:00:00+00:00,0.8963800072669983,0.8965399861335754,0.8955900073051453,0.8963500261306763,0
2025-08-19 03:05:00+00:00,0.8964200019836426,0.8965700268745422,0.8954700231552124,0.8964899778366089,0
2025-08-19 03:10:00+00:00,0.8965100049972534,0.896619975566864,0.8955699801445007,0.8964999914169312,0
2025-08-19 03:15:00+00:00,0.8964200019836426,0.8965200185775757,0.8954200148582458,0.8962399959564209,0
2025-08-19 03:20:00+00:00,0.8962399959564209,0.8963800072669983,0.8953700065612793,0.896340012550354,0
2025-08-19 03:25:00+00:00,0.8962500095367432,0.8964200019836426,0.895359992980957,0.8962900042533875,0
2025-08-19 03:30:00+00:00,0.8962799906730652,0.8965299725532532,0.8955000042915344,0.8963900208473206,0
2025-08-19 03:35:00+00:00,0.896340012550354,0.8964099884033203,0.8953999876976013,0.8962600231170654,0
2025-08-19 03:40:00+00:00,0.8962000012397766,0.8963099718093872,0.8952400088310242,0.8961700201034546,0
2025-08-19 03:45:00+00:00,0.8961700201034546,0.8962100148200989,0.8952400088310242,0.8959599733352661,0
2025-08-19 03:50:00+00:00,0.8960300087928772,0.8961600065231323,0.8950899839401245,0.8959900140762329,0
2025-08-19 03:55:00+00:00,0.8960199952125549,0.8961499929428101,0.8950600028038025,0.8958200216293335,0
2025-08-19 04:00:00+00:00,0.8958200216293335,0.8960000276565552,0.8950600028038025,0.895799994468689,0
2025-08-19 04:05:00+00:00,0.8958600163459778,0.8961300253868103,0.8949800133705139,0.8960999846458435,0
2025-08-19 04:10:00+00:00,0.8960300087928772,0.8962200284004211,0.8951200246810913,0.8959699869155884,0
2025-08-19 04:15:00+00:00,0.8959599733352661,0.8961600065231323,0.8950999975204468,0.896120011806488,0
2025-08-19 04:20:00+00:00,0.8961499929428101,0.8961799740791321,0.8951600193977356,0.8960599899291992,0
2025-08-19 04:25:00+00:00,0.8960099816322327,0.8961099982261658,0.8949900269508362,0.8958600163459778,0
2025-08-19 04:30:00+00:00,0.8958699703216553,0.8960099816322327,0.8950099945068359,0.8959000110626221,0
2025-08-19 04:35:00+00:00,0.8959699869155884,0.8960599899291992,0.895039975643158,0.8959599733352661,0
2025-08-19 04:40:00+00:00,0.8959100246429443,0.8960899710655212,0.8950499892234802,0.8959500193595886,0
2025-08-19 04:45:00+00:00,0.8959400057792664,0.8960400223731995,0.8950899839401245,0.8960099816322327,0
2025-08-19 04:50:00+00:00,0.8959199786186218,0.8961499929428101,0.8950600028038025,0.8960099816322327,0
2025-08-19 04:55:00+00:00,0.8959599733352661,0.8960700035095215,0.8950700163841248,0.8960099816322327,0
2025-08-19 05:00:00+00:00,0.8960000276565552,0.8962699770927429,0.8952800035476685,0.8961799740791321,0
2025-08-19 05:05:00+00:00,0.8961300253868103,0.8962500095367432,0.8952599763870239,0.8961799740791321,0
2025-08-19 05:10:00+00:00,0.8961099982261658,0.8962699770927429,0.8952199816703796,0.8960599899291992,0
2025-08-19 05:15:00+00:00,0.8960400223731995,0.8961899876594543,0.8952599763870239,0.8961099982261658,0
2025-08-19 05:20:00+00:00,0.896120011806488,0.8962000012397766,0.8951699733734131,0.8960400223731995,0
2025-08-19 05:25:00+00:00,0.8960999846458435,0.8962699770927429,0.8951900005340576,0.8962399959564209,0
2025-08-19 05:30:00+00:00,0.8962399959564209,0.8963299989700317,0.8952900171279907,0.8961399793624878,0
2025-08-19 05:35:00+00:00,0.8961600065231323,0.8961799740791321,0.8951299786567688,0.896049976348877,0
2025-08-19 05:40:00+00:00,0.8960099816322327,0.8960700035095215,0.895039975643158,0.8960300087928772,0
2025-08-19 05:45:00+00:00,0.8959800004959106,0.8960800170898438,0.8949199914932251,0.8955299854278564,0
2025-08-19 05:50:00+00:00,0.8955299854278564,0.8956199884414673,0.8944399952888489,0.8953099846839905,0
2025-08-19 05:55:00+00:00,0.895389974117279,0.8954200148582458,0.8942099809646606,0.8948400020599365,0
2025-08-19 06:00:00+00:00,0.8949000239372253,0.8952999711036682,0.8939200043678284,0.8952500224113464,0
2025-08-19 06:05:00+00:00,0.8952699899673462,0.895389974117279,0.8941599726676941,0.8952100276947021,0
2025-08-19 06:10:00+00:00,0.8952000141143799,0.8953400254249573,0.8943300247192383,0.8952100276947021,0
2025-08-19 06:15:00+00:00,0.8952299952507019,0.8955299854278564,0.8944699764251709,0.8954100012779236,0
2025-08-19 06:20:00+00:00,0.8954300284385681,0.8954899907112122,0.8944200277328491,0.895330011844635,0
2025-08-19 06:25:00+00:00,0.8952699899673462,0.895330011844635,0.8942700028419495,0.8953099846839905,0
2025-08-19 06:30:00+00:00,0.8952599763870239,0.8956400156021118,0.8944699764251709,0.8956000208854675,0
2025-08-19 06:35:00+00:00,0.895550012588501,0.8957200050354004,0.8945199847221375,0.8953499794006348,0
2025-08-19 06:40:00+00:00,0.8954100012779236,0.8957300186157227,0.8946499824523926,0.8955199718475342,0
2025-08-19 06:45:00+00:00,0.8954399824142456,0.8957499861717224,0.8947499990463257,0.8956999778747559,0
2025-08-19 06:50:00+00:00,0.8956500291824341,0.895829975605011,0.8948299884796143,0.8957800269126892,0
2025-08-19 06:55:00+00:00,0.8957800269126892,0.8959599733352661,0.8948100209236145,0.8959000110626221,0
2025-08-19 07:00:00+00:00,0.8959100246429443,0.8961499929428101,0.8951699733734131,0.8960199952125549,0
2025-08-19 07:05:00+00:00,0.8960000276565552,0.8965100049972534,0.8950899839401245,0.8961300253868103,0
2025-08-19 07:10:00+00:00,0.896120011806488,0.8962500095367432,0.8952199816703796,0.8960400223731995,0
2025-08-19 07:15:00+00:00,0.896049976348877,0.8963299989700317,0.8960300087928772,0.8961799740791321,0
2025-08-19 07:20:00+00:00,0.8962699770927429,0.8963099718093872,0.8950899839401245,0.8959199786186218,0
2025-08-19 07:25:00+00:00,0.8958200216293335,0.8960199952125549,0.8949400186538696,0.8959400057792664,0
2025-08-19 07:30:00+00:00,0.8959100246429443,0.8959500193595886,0.8949000239372253,0.8957499861717224,0
2025-08-19 07:35:00+00:00,0.8957399725914001,0.8958699703216553,0.894599974155426,0.895829975605011,0
2025-08-19 07:40:00+00:00,0.8957700133323669,0.8958200216293335,0.8947399854660034,0.8955699801445007,0
2025-08-19 07:45:00+00:00,0.8955600261688232,0.8957200050354004,0.8945500254631042,0.8956699967384338,0
2025-08-19 07:50:00+00:00,0.8956999778747559,0.8958500027656555,0.8948100209236145,0.8956800103187561,0
2025-08-19 07:55:00+00:00,0.8956599831581116,0.8960599899291992,0.8947799801826477,0.8959800004959106,0
2025-08-19 08:00:00+00:00,0.8959500193595886,0.8962200284004211,0.8952500224113464,0.8958699703216553,0
2025-08-19 08:05:00+00:00,0.895799994468689,0.8958699703216553,0.8947299718856812,0.8956599831581116,0
2025-08-19 08:10:00+00:00,0.8956599831581116,0.8957599997520447,0.8947499990463257,0.8957200050354004,0
2025-08-19 08:15:00+00:00,0.8956999778747559,0.895829975605011,0.8947499990463257,0.895799994468689,0
2025-08-19 08:20:00+00:00,0.8958200216293335,0.8959400057792664,0.8947700262069702,0.8957499861717224,0
2025-08-19 08:25:00+00:00,0.8958500027656555,0.896049976348877,0.8949300050735474,0.8959500193595886,0
2025-08-19 08:30:00+00:00,0.8959400057792664,0.8959699869155884,0.8949400186538696,0.8959100246429443,0
2025-08-19 08:35:00+00:00,0.8958699703216553,0.8959599733352661,0.8948100209236145,0.8958399891853333,0
2025-08-19 08:40:00+00:00,0.8957700133323669,0.8959000110626221,0.8947799801826477,0.8956900238990784,0
2025-08-19 08:45:00+00:00,0.8955900073051453,0.8960099816322327,0.8948799967765808,0.8959000110626221,0
2025-08-19 08:50:00+00:00,0.8959000110626221,0.8960800170898438,0.895039975643158,0.8959599733352661,0
2025-08-19 08:55:00+00:00,0.8959299921989441,0.8961300253868103,0.8950899839401245,0.8959699869155884,0
2025-08-19 09:00:00+00:00,0.8959599733352661,0.8964200019836426,0.895110011100769,0.896399974822998,0
2025-08-19 09:05:00+00:00,0.896369993686676,0.8964099884033203,0.8953400254249573,0.896399974822998,0
2025-08-19 09:10:00+00:00,0.896340012550354,0.8966299891471863,0.8954799771308899,0.8965700268745422,0
2025-08-19 09:15:00+00:00,0.8965200185775757,0.8966100215911865,0.8955399990081787,0.8966100215911865,0
2025-08-19 09:20:00+00:00,0.8965399861335754,0.8967099785804749,0.8956900238990784,0.89656001329422,0
2025-08-19 09:25:00+00:00,0.896619975566864,0.8967400193214417,0.8956699967384338,0.8966799974441528,0
2025-08-19 09:30:00+00:00,0.8966100215911865,0.8967099785804749,0.8956800103187561,0.8964999914169312,0
2025-08-19 09:35:00+00:00,0.8965100049972534,0.89656001329422,0.8955100178718567,0.8963599801063538,0
2025-08-19 09:40:00+00:00,0.8963599801063538,0.8965499997138977,0.8954799771308899,0.8964700102806091,0
2025-08-19 09:45:00+00:00,0.8964700102806091,0.896619975566864,0.895550012588501,0.8965399861335754,0
2025-08-19 09:50:00+00:00,0.89656001329422,0.896809995174408,0.8956599831581116,0.8967400193214417,0
2025-08-19 09:55:00+00:00,0.8967800140380859,0.8968899846076965,0.8957599997520447,0.8967000246047974,0
2025-08-19 10:00:00+00:00,0.8966799974441528,0.8968600034713745,0.8958100080490112,0.8966599702835083,0
2025-08-19 10:05:00+00:00,0.8966500163078308,0.8969100117683411,0.8958500027656555,0.8966699838638306,0
2025-08-19 10:10:00+00:00,0.8967499732971191,0.896809995174408,0.8958100080490112,0.8966699838638306,0
2025-08-19 10:15:00+00:00,0.8966100215911865,0.8967700004577637,0.8957499861717224,0.8967499732971191,0
2025-08-19 10:20:00+00:00,0.8967499732971191,0.8969900012016296,0.8959599733352661,0.8969200253486633,0
2025-08-19 10:25:00+00:00,0.8969399929046631,0.8970900177955627,0.8958799839019775,0.89683997631073,0
2025-08-19 10:30:00+00:00,0.8968899846076965,0.8969100117683411,0.895829975605011,0.8966299891471863,0
2025-08-19 10:35:00+00:00,0.8966299891471863,0.8967000246047974,0.8957499861717224,0.896589994430542,0
2025-08-19 10:40:00+00:00,0.8965200185775757,0.896619975566864,0.8953999876976013,0.896369993686676,0
2025-08-19 10:45:00+00:00,0.896369993686676,0.8963800072669983,0.8952000141143799,0.8963299989700317,0
2025-08-19 10:50:00+00:00,0.8962900042533875,0.8964099884033203,0.8953999876976013,0.8963000178337097,0
2025-08-19 10:55:00+00:00,0.8962399959564209,0.8963500261306763,0.8953400254249573,0.8962799906730652,0
2025-08-19 11:00:00+00:00,0.8962299823760986,0.8964599967002869,0.8952800035476685,0.8964599967002869,0
2025-08-19 11:05:00+00:00,0.8964400291442871,0.8965200185775757,0.8954799771308899,0.8963800072669983,0
2025-08-19 11:10:00+00:00,0.8963000178337097,0.8964300155639648,0.8953999876976013,0.8962399959564209,0
2025-08-19 11:15:00+00:00,0.8962600231170654,0.8964300155639648,0.8953199982643127,0.8964300155639648,0
2025-08-19 11:20:00+00:00,0.8963800072669983,0.8964800238609314,0.8953700065612793,0.8962100148200989,0
2025-08-19 11:25:00+00:00,0.8962600231170654,0.8963099718093872,0.8952100276947021,0.896120011806488,0
2025-08-19 11:30:00+00:00,0.8960700035095215,0.8962000012397766,0.8951399922370911,0.896120011806488,0
2025-08-19 11:35:00+00:00,0.8961300253868103,0.8962600231170654,0.8952599763870239,0.8962399959564209,0
2025-08-19 11:40:00+00:00,0.8962000012397766,0.8962600231170654,0.8952800035476685,0.8962299823760986,0
2025-08-19 11:45:00+00:00,0.8962200284004211,0.8962900042533875,0.8951200246810913,0.8960999846458435,0
2025-08-19 11:50:00+00:00,0.8961399793624878,0.8964200019836426,0.8952299952507019,0.8963500261306763,0
2025-08-19 11:55:00+00:00,0.896340012550354,0.8966599702835083,0.8954300284385681,0.8965100049972534,0
2025-08-19 12:00:00+00:00,0.89656001329422,0.8966900110244751,0.8956699967384338,0.896589994430542,0
2025-08-19 12:05:00+00:00,0.896589994430542,0.8967599868774414,0.8956599831581116,0.8966100215911865,0
2025-08-19 12:10:00+00:00,0.896619975566864,0.8967099785804749,0.8957300186157227,0.8966299891471863,0
2025-08-19 12:15:00+00:00,0.8965799808502197,0.8968600034713745,0.8956500291824341,0.89683997631073,0
2025-08-19 12:20:00+00:00,0.8968200087547302,0.8968899846076965,0.8958699703216553,0.8967400193214417,0
2025-08-19 12:25:00+00:00,0.8967099785804749,0.8968200087547302,0.8956000208854675,0.8962200284004211,0
2025-08-19 12:30:00+00:00,0.8963900208473206,0.8968499898910522,0.8957499861717224,0.8967700004577637,0
2025-08-19 12:35:00+00:00,0.8967800140380859,0.8972300291061401,0.8958399891853333,0.8971099853515625,0
2025-08-19 12:40:00+00:00,0.8970699906349182,0.8973900079727173,0.8962200284004211,0.8973000049591064,0
2025-08-19 12:45:00+00:00,0.8972799777984619,0.8974400162696838,0.8964499831199646,0.8972399830818176,0
2025-08-19 12:50:00+00:00,0.8971700072288513,0.8973299860954285,0.8962500095367432,0.8971800208091736,0
2025-08-19 12:55:00+00:00,0.8971400260925293,0.8973199725151062,0.896120011806488,0.8969200253486633,0
2025-08-19 13:00:00+00:00,0.8969799876213074,0.8970999717712402,0.896049976348877,0.8969100117683411,0
2025-08-19 13:05:00+00:00,0.8969200253486633,0.8969799876213074,0.8957399725914001,0.8966500163078308,0
2025-08-19 13:10:00+00:00,0.8966500163078308,0.8966799974441528,0.8951799869537354,0.8962000012397766,0
2025-08-19 13:15:00+00:00,0.8961700201034546,0.8967099785804749,0.8956199884414673,0.8963800072669983,0
2025-08-19 13:20:00+00:00,0.8963900208473206,0.8965700268745422,0.8954700231552124,0.8965499997138977,0
2025-08-19 13:25:00+00:00,0.8964899778366089,0.8967199921607971,0.8956599831581116,0.8965700268745422,0
2025-08-19 13:30:00+00:00,0.8965499997138977,0.8967400193214417,0.8956800103187561,0.8966799974441528,0
2025-08-19 13:35:00+00:00,0.8966299891471863,0.8967599868774414,0.8956599831581116,0.896340012550354,0
2025-08-19 13:40:00+00:00,0.896399974822998,0.8965700268745422,0.8953999876976013,0.8962200284004211,0
2025-08-19 13:45:00+00:00,0.8962500095367432,0.8964999914169312,0.8960999846458435,0.8963500261306763,0
2025-08-19 13:50:00+00:00,0.8963900208473206,0.8967400193214417,0.8954700231552124,0.8966599702835083,0
2025-08-19 13:55:00+00:00,0.8967000246047974,0.8968300223350525,0.8957499861717224,0.8966400027275085,0
2025-08-19 14:00:00+00:00,0.8966000080108643,0.896809995174408,0.8957700133323669,0.89656001329422,0
2025-08-19 14:05:00+00:00,0.8965499997138977,0.8967099785804749,0.8955699801445007,0.8964099884033203,0
2025-08-19 14:10:00+00:00,0.8964700102806091,0.8964999914169312,0.8952699899673462,0.8961600065231323,0
2025-08-19 14:15:00+00:00,0.8961399793624878,0.8964999914169312,0.8954899907112122,0.8963599801063538,0
2025-08-19 14:20:00+00:00,0.896399974822998,0.8965100049972534,0.8954399824142456,0.896340012550354,0
2025-08-19 14:25:00+00:00,0.8962900042533875,0.8965799808502197,0.8954100012779236,0.896399974822998,0
2025-08-19 14:30:00+00:00,0.8964400291442871,0.8965299725532532,0.8951799869537354,0.8960099816322327,0
2025-08-19 14:35:00+00:00,0.8960199952125549,0.8960999846458435,0.8950300216674805,0.8959100246429443,0
2025-08-19 14:40:00+00:00,0.8958899974822998,0.8959599733352661,0.8947700262069702,0.8956000208854675,0
2025-08-19 14:45:00+00:00,0.8956400156021118,0.8958200216293335,0.894760012626648,0.8956699967384338,0
2025-08-19 14:50:00+00:00,0.8956699967384338,0.8957200050354004,0.8946599960327148,0.8956599831581116,0
2025-08-19 14:55:00+00:00,0.8956500291824341,0.8958200216293335,0.8947799801826477,0.8956999778747559,0
2025-08-19 15:00:00+00:00,0.8956599831581116,0.8957200050354004,0.894569993019104,0.8955000042915344,0
2025-08-19 15:05:00+00:00,0.8954399824142456,0.8956900238990784,0.8945900201797485,0.8955600261688232,0
2025-08-19 15:10:00+00:00,0.8955900073051453,0.8956300020217896,0.8944699764251709,0.8952699899673462,0
2025-08-19 15:15:00+00:00,0.8952400088310242,0.8954499959945679,0.8944900035858154,0.8952299952507019,0
2025-08-19 15:20:00+00:00,0.8952400088310242,0.8953499794006348,0.8942400217056274,0.8952400088310242,0
2025-08-19 15:25:00+00:00,0.8952000141143799,0.8952800035476685,0.894320011138916,0.8950099945068359,0
2025-08-19 15:30:00+00:00,0.8950700163841248,0.8952500224113464,0.8942000269889832,0.8951500058174133,0
2025-08-19 15:35:00+00:00,0.8951299786567688,0.8954100012779236,0.8942800164222717,0.8951299786567688,0
2025-08-19 15:40:00+00:00,0.895110011100769,0.8951799869537354,0.8941100239753723,0.8949800133705139,0
2025-08-19 15:45:00+00:00,0.8949300050735474,0.8951500058174133,0.8941199779510498,0.8950700163841248,0
2025-08-19 15:50:00+00:00,0.8950499892234802,0.8952400088310242,0.8941299915313721,0.8952100276947021,0
2025-08-19 15:55:00+00:00,0.8952000141143799,0.895359992980957,0.8942300081253052,0.8950499892234802,0
2025-08-19 16:00:00+00:00,0.8949999809265137,0.8952999711036682,0.8939800262451172,0.8952299952507019,0
2025-08-19 16:05:00+00:00,0.8952500224113464,0.8952999711036682,0.8942199945449829,0.8951600193977356,0
2025-08-19 16:10:00+00:00,0.8951200246810913,0.8953199982643127,0.8941699862480164,0.8951699733734131,0
2025-08-19 16:15:00+00:00,0.8951600193977356,0.895359992980957,0.8942599892616272,0.8953400254249573,0
2025-08-19 16:20:00+00:00,0.895330011844635,0.8953700065612793,0.8943700194358826,0.8952100276947021,0
2025-08-19 16:25:00+00:00,0.8952400088310242,0.8953199982643127,0.8942099809646606,0.8951200246810913,0
2025-08-19 16:30:00+00:00,0.8950899839401245,0.8952199816703796,0.8941599726676941,0.8950799703598022,0
2025-08-19 16:35:00+00:00,0.8950099945068359,0.8950999975204468,0.8940100073814392,0.8949000239372253,0
2025-08-19 16:40:00+00:00,0.8949099779129028,0.8949900269508362,0.8939499855041504,0.8948100209236145,0
2025-08-19 16:45:00+00:00,0.89478999376297,0.8950300216674805,0.8938900232315063,0.8949300050735474,0
2025-08-19 16:50:00+00:00,0.8949599862098694,0.8950300216674805,0.8939499855041504,0.8949099779129028,0
2025-08-19 16:55:00+00:00,0.894860029220581,0.8950300216674805,0.8939300179481506,0.8949900269508362,0
2025-08-19 17:00:00+00:00,0.8949599862098694,0.8950099945068359,0.8939999938011169,0.894860029220581,0
2025-08-19 17:05:00+00:00,0.894819974899292,0.8948900103569031,0.8939099907875061,0.8947700262069702,0
2025-08-19 17:10:00+00:00,0.8947499990463257,0.8949499726295471,0.8938900232315063,0.8948900103569031,0
2025-08-19 17:15:00+00:00,0.894860029220581,0.8949499726295471,0.8938900232315063,0.8945900201797485,0
2025-08-19 17:20:00+00:00,0.8946099877357483,0.8947399854660034,0.8937600255012512,0.8945800065994263,0
2025-08-19 17:25:00+00:00,0.894599974155426,0.8947200179100037,0.8935700058937073,0.8945599794387817,0
2025-08-19 17:30:00+00:00,0.8945599794387817,0.8946700096130371,0.8937100172042847,0.8946300148963928,0
2025-08-19 17:35:00+00:00,0.894599974155426,0.8948500156402588,0.8938199877738953,0.8947700262069702,0
2025-08-19 17:40:00+00:00,0.8947499990463257,0.8949199914932251,0.8938599824905396,0.8947399854660034,0
2025-08-19 17:45:00+00:00,0.8947299718856812,0.894860029220581,0.8938900232315063,0.8947499990463257,0
2025-08-19 17:50:00+00:00,0.8947799801826477,0.8949400186538696,0.8939099907875061,0.8949000239372253,0
2025-08-19 17:55:00+00:00,0.8948500156402588,0.8949699997901917,0.8939499855041504,0.8948000073432922,0
2025-08-19 18:00:00+00:00,0.8947700262069702,0.894860029220581,0.8938000202178955,0.8945800065994263,0
2025-08-19 18:05:00+00:00,0.8945500254631042,0.8946800231933594,0.8937000036239624,0.8946300148963928,0
2025-08-19 18:10:00+00:00,0.8945800065994263,0.8946400284767151,0.8935400247573853,0.8944200277328491,0
2025-08-19 18:15:00+00:00,0.8943799734115601,0.8944500088691711,0.8934999704360962,0.8944000005722046,0
2025-08-19 18:20:00+00:00,0.8944000005722046,0.8945199847221375,0.8934999704360962,0.8943399786949158,0
2025-08-19 18:25:00+00:00,0.8943300247192383,0.8944900035858154,0.8934500217437744,0.8944799900054932,0
2025-08-19 18:30:00+00:00,0.8944600224494934,0.894569993019104,0.8935999870300293,0.8943899869918823,0
2025-08-19 18:35:00+00:00,0.8944100141525269,0.8944699764251709,0.8934699892997742,0.894320011138916,0
2025-08-19 18:40:00+00:00,0.894320011138916,0.8944100141525269,0.893280029296875,0.8941699862480164,0
2025-08-19 18:45:00+00:00,0.8941199779510498,0.8942899703979492,0.8932999968528748,0.8942400217056274,0
2025-08-19 18:50:00+00:00,0.8942199945449829,0.8943600058555603,0.893280029296875,0.8943099975585938,0
2025-08-19 18:55:00+00:00,0.8942800164222717,0.8944600224494934,0.8933799862861633,0.8944299817085266,0
2025-08-19 19:00:00+00:00,0.8943899869918823,0.8944699764251709,0.893339991569519,0.8944000005722046,0
2025-08-19 19:05:00+00:00,0.8944399952888489,0.8944699764251709,0.8934999704360962,0.8943799734115601,0
2025-08-19 19:10:00+00:00,0.8943099975585938,0.8944600224494934,0.8933899998664856,0.8943600058555603,0
2025-08-19 19:15:00+00:00,0.8943899869918823,0.8945299983024597,0.8934100270271301,0.8945000171661377,0
2025-08-19 19:20:00+00:00,0.8944399952888489,0.8945199847221375,0.8934400081634521,0.8943399786949158,0
2025-08-19 19:25:00+00:00,0.894320011138916,0.8945099711418152,0.8935099840164185,0.8944299817085266,0
2025-08-19 19:30:00+00:00,0.8944100141525269,0.8945099711418152,0.8935099840164185,0.8944799900054932,0
2025-08-19 19:35:00+00:00,0.8944200277328491,0.894540011882782,0.8934900164604187,0.8944900035858154,0
2025-08-19 19:40:00+00:00,0.8944699764251709,0.894540011882782,0.8935099840164185,0.8944900035858154,0
2025-08-19 19:45:00+00:00,0.8944799900054932,0.8945800065994263,0.8936100006103516,0.8944699764251709,0
2025-08-19 19:50:00+00:00,0.8944399952888489,0.8945199847221375,0.8934900164604187,0.8944900035858154,0
2025-08-19 19:55:00+00:00,0.8944399952888489,0.8947399854660034,0.8937299847602844,0.8946999907493591,0
2025-08-19 20:00:00+00:00,0.8946499824523926,0.894760012626648,0.8938199877738953,0.8945800065994263,0
2025-08-19 20:05:00+00:00,0.894540011882782,0.8946800231933594,0.8934800028800964,0.8946200013160706,0
2025-08-19 20:10:00+00:00,0.8946099877357483,0.8947100043296814,0.893559992313385,0.8945900201797485,0
2025-08-19 20:15:00+00:00,0.8945900201797485,0.8947200179100037,0.8937600255012512,0.8946400284767151,0
2025-08-19 20:20:00+00:00,0.8946700096130371,0.8947499990463257,0.8937299847602844,0.8946499824523926,0
2025-08-19 20:25:00+00:00,0.8946400284767151,0.8947499990463257,0.8937199711799622,0.8947100043296814,0
2025-08-19 20:30:00+00:00,0.8946300148963928,0.8947299718856812,0.8937399983406067,0.8946200013160706,0
2025-08-19 20:35:00+00:00,0.894569993019104,0.8948100209236145,0.893750011920929,0.89478999376297,0
2025-08-19 20:40:00+00:00,0.8948000073432922,0.8948900103569031,0.8938599824905396,0.8948699831962585,0
2025-08-19 20:45:00+00:00,0.8947799801826477,0.8949499726295471,0.8939999938011169,0.894860029220581,0
2025-08-19 20:50:00+00:00,0.8948799967765808,0.8949900269508362,0.8939599990844727,0.8949699997901917,0
2025-08-19 20:55:00+00:00,0.8948900103569031,0.8950999975204468,0.894070029258728,0.8946800231933594,0
2025-08-19 21:00:00+00:00,0.8945900201797485,0.896049976348877,0.8935499787330627,0.89410001039505,0
2025-08-19 21:05:00+00:00,0.8941199779510498,0.8947299718856812,0.8939399719238281,0.8942000269889832,0
2025-08-19 21:10:00+00:00,0.8942499756813049,0.894569993019104,0.8939700126647949,0.8942000269889832,0
2025-08-19 21:15:00+00:00,0.8942300081253052,0.8945800065994263,0.8938599824905396,0.894320011138916,0
2025-08-19 21:20:00+00:00,0.8942199945449829,0.8945500254631042,0.8938300013542175,0.894349992275238,0
2025-08-19 21:25:00+00:00,0.8941400051116943,0.8945800065994263,0.8939399719238281,0.8942700028419495,0
2025-08-19 21:30:00+00:00,0.894540011882782,0.8947399854660034,0.8940899968147278,0.8945599794387817,0
2025-08-19 21:35:00+00:00,0.8947100043296814,0.89478999376297,0.8939499855041504,0.894760012626648,0
2025-08-19 21:40:00+00:00,0.8944100141525269,0.8949499726295471,0.8939700126647949,0.8945000171661377,0
2025-08-19 21:45:00+00:00,0.8944900035858154,0.8947100043296814,0.8940500020980835,0.8944500088691711,0
2025-08-19 21:50:00+00:00,0.8943399786949158,0.8946800231933594,0.8939499855041504,0.8943899869918823,0
2025-08-19 21:55:00+00:00,0.8943799734115601,0.8946899771690369,0.8939399719238281,0.8943300247192383,0
2025-08-19 22:00:00+00:00,0.8944299817085266,0.8948900103569031,0.8938500285148621,0.8948400020599365,0
2025-08-19 22:05:00+00:00,0.8949000239372253,0.8949400186538696,0.8939899802207947,0.894760012626648,0
2025-08-19 22:10:00+00:00,0.894760012626648,0.8950300216674805,0.8940100073814392,0.8949199914932251,0
2025-08-19 22:15:00+00:00,0.8949599862098694,0.8950300216674805,0.8938599824905396,0.8948500156402588,0
2025-08-19 22:20:00+00:00,0.8948900103569031,0.8949599862098694,0.8939300179481506,0.8948699831962585,0
2025-08-19 22:25:00+00:00,0.8949300050735474,0.8950099945068359,0.8940600156784058,0.8949499726295471,0
2025-08-19 22:30:00+00:00,0.8949400186538696,0.895110011100769,0.8939399719238281,0.895039975643158,0
2025-08-19 22:35:00+00:00,0.895039975643158,0.8951200246810913,0.89410001039505,0.8949999809265137,0
2025-08-19 22:40:00+00:00,0.8949099779129028,0.8950899839401245,0.8940200209617615,0.8949400186538696,0
2025-08-19 22:45:00+00:00,0.8949400186538696,0.8950999975204468,0.8941599726676941,0.8949499726295471,0
2025-08-19 22:50:00+00:00,0.8949400186538696,0.8951299786567688,0.89410001039505,0.895039975643158,0
2025-08-19 22:55:00+00:00,0.8949300050735474,0.8950499892234802,0.894070029258728,0.8948799967765808,0
2025-08-19 23:00:00+00:00,0.8947299718856812,0.8948900103569031,0.893809974193573,0.8947499990463257,0
2025-08-19 23:05:00+00:00,0.8947499990463257,0.8948699831962585,0.8939099907875061,0.894760012626648,0
2025-08-19 23:10:00+00:00,0.8946800231933594,0.894819974899292,0.8938500285148621,0.8947700262069702,0
2025-08-19 23:15:00+00:00,0.8946999907493591,0.89478999376297,0.8937100172042847,0.8946700096130371,0
2025-08-19 23:20:00+00:00,0.8946599960327148,0.8947299718856812,0.8936700224876404,0.8945199847221375,0
2025-08-19 23:25:00+00:00,0.8945299983024597,0.8946899771690369,0.8936799764633179,0.8946400284767151,0
2025-08-19 23:30:00+00:00,0.8945599794387817,0.8946999907493591,0.8936799764633179,0.8946700096130371,0
2025-08-19 23:35:00+00:00,0.8945500254631042,0.8948000073432922,0.8936799764633179,0.8947700262069702,0
2025-08-19 23:40:00+00:00,0.8946999907493591,0.8949099779129028,0.8939200043678284,0.8948100209236145,0
2025-08-19 23:45:00+00:00,0.8948100209236145,0.8949199914932251,0.8938800096511841,0.8946999907493591,0
2025-08-19 23:50:00+00:00,0.8946700096130371,0.8949199914932251,0.8938599824905396,0.894860029220581,0
2025-08-19 23:55:00+00:00,0.894819974899292,0.8949800133705139,0.8939099907875061,0.894860029220581,0
2025-08-20 00:00:00+00:00,0.8947799801826477,0.8950099945068359,0.8940399885177612,0.8947399854660034,0
2025-08-20 00:05:00+00:00,0.8947499990463257,0.8948000073432922,0.8936200141906738,0.894320011138916,0
2025-08-20 00:10:00+00:00,0.894320011138916,0.8945599794387817,0.8935400247573853,0.8944399952888489,0
2025-08-20 00:15:00+00:00,0.894349992275238,0.8946099877357483,0.8936200141906738,0.8944600224494934,0
2025-08-20 00:20:00+00:00,0.8944000005722046,0.8946200013160706,0.8934299945831299,0.8942899703979492,0
2025-08-20 00:25:00+00:00,0.894320011138916,0.8944200277328491,0.8932099938392639,0.894320011138916,0
2025-08-20 00:30:00+00:00,0.8943300247192383,0.8946400284767151,0.8935800194740295,0.8945800065994263,0
2025-08-20 00:35:00+00:00,0.894540011882782,0.8946999907493591,0.8936499953269958,0.894599974155426,0
2025-08-20 00:40:00+00:00,0.8945500254631042,0.8946899771690369,0.8934900164604187,0.8945299983024597,0
2025-08-20 00:45:00+00:00,0.8944799900054932,0.8947299718856812,0.8937399983406067,0.8946800231933594,0
2025-08-20 00:50:00+00:00,0.8946499824523926,0.8948500156402588,0.8936300277709961,0.8947799801826477,0
2025-08-20 00:55:00+00:00,0.89478999376297,0.8948699831962585,0.8937900066375732,0.8946700096130371,0
2025-08-20 01:00:00+00:00,0.8945900201797485,0.8949900269508362,0.8938500285148621,0.8949099779129028,0
2025-08-20 01:05:00+00:00,0.8948699831962585,0.8949999809265137,0.8939599990844727,0.8947700262069702,0
2025-08-20 01:10:00+00:00,0.8946999907493591,0.894860029220581,0.8938199877738953,0.8947100043296814,0
2025-08-20 01:15:00+00:00,0.8946200013160706,0.8948100209236145,0.8937000036239624,0.8946999907493591,0
2025-08-20 01:20:00+00:00,0.8946400284767151,0.8948400020599365,0.893779993057251,0.8946200013160706,0
2025-08-20 01:25:00+00:00,0.8946300148963928,0.8946800231933594,0.8932899832725525,0.8942800164222717,0
2025-08-20 01:30:00+00:00,0.8941900134086609,0.8944299817085266,0.8934000134468079,0.8943399786949158,0
2025-08-20 01:35:00+00:00,0.8943600058555603,0.8944299817085266,0.8934199810028076,0.8942400217056274,0
2025-08-20 01:40:00+00:00,0.8942800164222717,0.8945800065994263,0.8935800194740295,0.8945599794387817,0
2025-08-20 01:45:00+00:00,0.8945500254631042,0.8945900201797485,0.8936200141906738,0.8944200277328491,0
2025-08-20 01:50:00+00:00,0.8944100141525269,0.8946200013160706,0.8934900164604187,0.8943899869918823,0
2025-08-20 01:55:00+00:00,0.8943300247192383,0.8946800231933594,0.8935499787330627,0.894540011882782,0
2025-08-20 02:00:00+00:00,0.8946099877357483,0.8946800231933594,0.8935099840164185,0.893779993057251,0
2025-08-20 02:05:00+00:00,0.893779993057251,0.8937900066375732,0.8926699757575989,0.8934299945831299,0
2025-08-20 02:10:00+00:00,0.8934199810028076,0.8935700058937073,0.8922899961471558,0.893310010433197,0
2025-08-20 02:15:00+00:00,0.8932499885559082,0.8933500051498413,0.8923599720001221,0.8929299712181091,0
2025-08-20 02:20:00+00:00,0.8930000066757202,0.8931300044059753,0.8920199871063232,0.8927900195121765,0
2025-08-20 02:25:00+00:00,0.8927800059318542,0.8931800127029419,0.8921300172805786,0.893060028553009,0
2025-08-20 02:30:00+00:00,0.8930400013923645,0.8936300277709961,0.8924499750137329,0.8933699727058411,0
2025-08-20 02:35:00+00:00,0.8933500051498413,0.8934599757194519,0.8922500014305115,0.8931699991226196,0
2025-08-20 02:40:00+00:00,0.8931999802589417,0.893280029296875,0.8917700052261353,0.8926900029182434,0
2025-08-20 02:45:00+00:00,0.8927099704742432,0.892799973487854,0.8917099833488464,0.8926799893379211,0
2025-08-20 02:50:00+00:00,0.8926399946212769,0.8932399749755859,0.8919500112533569,0.8931300044059753,0
2025-08-20 02:55:00+00:00,0.8930799961090088,0.8933799862861633,0.8921599984169006,0.8931300044059753,0
2025-08-20 03:00:00+00:00,0.8930500149726868,0.8934500217437744,0.8923199772834778,0.893339991569519,0
2025-08-20 03:05:00+00:00,0.8934199810028076,0.8937399983406067,0.8925700187683105,0.8935199975967407,0
2025-08-20 03:10:00+00:00,0.8935199975967407,0.8936700224876404,0.8923100233078003,0.8931300044059753,0
2025-08-20 03:15:00+00:00,0.8931000232696533,0.8933699727058411,0.8924199938774109,0.8932700157165527,0
2025-08-20 03:20:00+00:00,0.8931999802589417,0.8934900164604187,0.892300009727478,0.8932099938392639,0
2025-08-20 03:25:00+00:00,0.8932300209999084,0.8934199810028076,0.8922600150108337,0.8931800127029419,0
2025-08-20 03:30:00+00:00,0.8931699991226196,0.8932600021362305,0.8920900225639343,0.8931400179862976,0
2025-08-20 03:35:00+00:00,0.8931599855422974,0.893559992313385,0.8922399878501892,0.893530011177063,0
2025-08-20 03:40:00+00:00,0.8934800028800964,0.8935400247573853,0.8923299908638,0.8931499719619751,0
2025-08-20 03:45:00+00:00,0.8931999802589417,0.8932999968528748,0.89205002784729,0.8930400013923645,0
2025-08-20 03:50:00+00:00,0.8929700255393982,0.8930500149726868,0.8919900059700012,0.8928499817848206,0
2025-08-20 03:55:00+00:00,0.892799973487854,0.8929600119590759,0.8915299773216248,0.8924599885940552,0
2025-08-20 04:00:00+00:00,0.8923699855804443,0.8927000164985657,0.8915200233459473,0.8926399946212769,0
2025-08-20 04:05:00+00:00,0.8925899863243103,0.892769992351532,0.8917199969291687,0.8927199840545654,0
2025-08-20 04:10:00+00:00,0.8926699757575989,0.8929700255393982,0.8918499946594238,0.8928700089454651,0
2025-08-20 04:15:00+00:00,0.8928700089454651,0.8932899832725525,0.892009973526001,0.8932099938392639,0
2025-08-20 04:20:00+00:00,0.8931699991226196,0.8933899998664856,0.892270028591156,0.8932899832725525,0
2025-08-20 04:25:00+00:00,0.8933600187301636,0.8935400247573853,0.892549991607666,0.8935199975967407,0
2025-08-20 04:30:00+00:00,0.8934299945831299,0.8935499787330627,0.8924599885940552,0.8935499787330627,0
2025-08-20 04:35:00+00:00,0.8934800028800964,0.8937600255012512,0.892579972743988,0.8936499953269958,0
2025-08-20 04:40:00+00:00,0.8936899900436401,0.8937199711799622,0.8927000164985657,0.8936300277709961,0
2025-08-20 04:45:00+00:00,0.893589973449707,0.8937199711799622,0.8926299810409546,0.8936600089073181,0
2025-08-20 04:50:00+00:00,0.8935499787330627,0.8938900232315063,0.8927199840545654,0.8938000202178955,0
2025-08-20 04:55:00+00:00,0.8938800096511841,0.8939099907875061,0.8928099870681763,0.8936600089073181,0
2025-08-20 05:00:00+00:00,0.8936399817466736,0.8937100172042847,0.8925399780273438,0.8934100270271301,0
2025-08-20 05:05:00+00:00,0.8934199810028076,0.893589973449707,0.8924999833106995,0.893589973449707,0
2025-08-20 05:10:00+00:00,0.8934999704360962,0.893779993057251,0.8927000164985657,0.8935499787330627,0
2025-08-20 05:15:00+00:00,0.8935400247573853,0.8936399817466736,0.8924499750137329,0.8935499787330627,0
2025-08-20 05:20:00+00:00,0.8935700058937073,0.8937399983406067,0.8926299810409546,0.8935400247573853,0
2025-08-20 05:25:00+00:00,0.8935499787330627,0.8940100073814392,0.8926699757575989,0.8939599990844727,0
2025-08-20 05:30:00+00:00,0.8939099907875061,0.8942599892616272,0.893090009689331,0.8942099809646606,0
2025-08-20 05:35:00+00:00,0.8942400217056274,0.8944000005722046,0.8933600187301636,0.8942499756813049,0
2025-08-20 05:40:00+00:00,0.8942300081253052,0.8942400217056274,0.8931599855422974,0.8940399885177612,0
2025-08-20 05:45:00+00:00,0.8940399885177612,0.8942400217056274,0.8929700255393982,0.8938699960708618,0
2025-08-20 05:50:00+00:00,0.8938599824905396,0.8940899968147278,0.8928499817848206,0.8940500020980835,0
2025-08-20 05:55:00+00:00,0.8939999938011169,0.8944799900054932,0.8931499719619751,0.8943899869918823,0
2025-08-20 06:00:00+00:00,0.8944200277328491,0.8945599794387817,0.8934000134468079,0.8940399885177612,0
2025-08-20 06:05:00+00:00,0.894029974937439,0.8940399885177612,0.8926100134849548,0.8934699892997742,0
2025-08-20 06:10:00+00:00,0.8934199810028076,0.8936600089073181,0.8923299908638,0.893559992313385,0
2025-08-20 06:15:00+00:00,0.893589973449707,0.8939200043678284,0.8929499983787537,0.8936600089073181,0
2025-08-20 06:20:00+00:00,0.8935999870300293,0.8936899900436401,0.8923299908638,0.8932300209999084,0
2025-08-20 06:25:00+00:00,0.8932399749755859,0.8933899998664856,0.8922200202941895,0.8933600187301636,0
2025-08-20 06:30:00+00:00,0.893339991569519,0.8937399983406067,0.8926299810409546,0.8936399817466736,0
2025-08-20 06:35:00+00:00,0.8936499953269958,0.893750011920929,0.8925999999046326,0.8936499953269958,0
2025-08-20 06:40:00+00:00,0.8936200141906738,0.8939899802207947,0.8929499983787537,0.8938500285148621,0
2025-08-20 06:45:00+00:00,0.8938000202178955,0.8940500020980835,0.8929700255393982,0.8939599990844727,0
2025-08-20 06:50:00+00:00,0.8939300179481506,0.8939999938011169,0.8929600119590759,0.8938300013542175,0
2025-08-20 06:55:00+00:00,0.8938800096511841,0.8939200043678284,0.8927800059318542,0.8936499953269958,0
2025-08-20 07:00:00+00:00,0.8936499953269958,0.8939899802207947,0.8927900195121765,0.8939300179481506,0
2025-08-20 07:05:00+00:00,0.8938800096511841,0.8941100239753723,0.8929799795150757,0.8940399885177612,0
2025-08-20 07:10:00+00:00,0.894070029258728,0.8941199779510498,0.8928700089454651,0.8937399983406067,0
2025-08-20 07:15:00+00:00,0.8937399983406067,0.8938199877738953,0.892769992351532,0.8936799764633179,0
2025-08-20 07:20:00+00:00,0.893589973449707,0.8937299847602844,0.8927000164985657,0.8937000036239624,0
2025-08-20 07:25:00+00:00,0.8937100172042847,0.8937600255012512,0.8927199840545654,0.8936300277709961,0
2025-08-20 07:30:00+00:00,0.8936100006103516,0.8936600089073181,0.8925399780273438,0.8932099938392639,0
2025-08-20 07:35:00+00:00,0.8931699991226196,0.8934299945831299,0.8923199772834778,0.8933200240135193,0
2025-08-20 07:40:00+00:00,0.8932999968528748,0.893339991569519,0.8922100067138672,0.8932700157165527,0
2025-08-20 07:45:00+00:00,0.8932399749755859,0.893310010433197,0.8922399878501892,0.893060028553009,0
2025-08-20 07:50:00+00:00,0.8931099772453308,0.8931699991226196,0.8921800255775452,0.8928999900817871,0
2025-08-20 07:55:00+00:00,0.8929100036621094,0.8934999704360962,0.8921999931335449,0.8934599757194519,0
2025-08-20 08:00:00+00:00,0.8934500217437744,0.8934800028800964,0.8922399878501892,0.8930100202560425,0
2025-08-20 08:05:00+00:00,0.893090009689331,0.8931099772453308,0.8919699788093567,0.892799973487854,0
2025-08-20 08:10:00+00:00,0.8927900195121765,0.8928599953651428,0.8916100263595581,0.892520010471344,0
2025-08-20 08:15:00+00:00,0.892520010471344,0.8926600217819214,0.8916900157928467,0.8926299810409546,0
2025-08-20 08:20:00+00:00,0.8926100134849548,0.8926100134849548,0.891539990901947,0.8924499750137329,0
2025-08-20 08:25:00+00:00,0.8924000263214111,0.8925899863243103,0.8911100029945374,0.8919600248336792,0
2025-08-20 08:30:00+00:00,0.8918899893760681,0.8923599720001221,0.8910199999809265,0.8922100067138672,0
2025-08-20 08:35:00+00:00,0.8922299742698669,0.8928599953651428,0.8913599848747253,0.8926500082015991,0
2025-08-20 08:40:00+00:00,0.892579972743988,0.8927500247955322,0.891700029373169,0.8926799893379211,0
2025-08-20 08:45:00+00:00,0.8925999999046326,0.892799973487854,0.891759991645813,0.8926699757575989,0
2025-08-20 08:50:00+00:00,0.8926500082015991,0.8929700255393982,0.8917700052261353,0.8927199840545654,0
2025-08-20 08:55:00+00:00,0.8926799893379211,0.8929600119590759,0.8918700218200684,0.8928899765014648,0
2025-08-20 09:00:00+00:00,0.8928700089454651,0.893060028553009,0.8919900059700012,0.8929799795150757,0
2025-08-20 09:05:00+00:00,0.892989993095398,0.8931000232696533,0.8919900059700012,0.8930699825286865,0
2025-08-20 09:10:00+00:00,0.8930100202560425,0.8931099772453308,0.8920900225639343,0.8929399847984314,0
2025-08-20 09:15:00+00:00,0.8928599953651428,0.893090009689331,0.8921300172805786,0.8927500247955322,0
2025-08-20 09:20:00+00:00,0.8927199840545654,0.8928099870681763,0.891730010509491,0.8927000164985657,0
2025-08-20 09:25:00+00:00,0.8926699757575989,0.8927199840545654,0.8916699886322021,0.8926200270652771,0
2025-08-20 09:30:00+00:00,0.8925999999046326,0.8927800059318542,0.8917800188064575,0.8925399780273438,0
2025-08-20 09:35:00+00:00,0.892490029335022,0.8927000164985657,0.891510009765625,0.8926200270652771,0
2025-08-20 09:40:00+00:00,0.8925899863243103,0.892989993095398,0.891979992389679,0.8928599953651428,0
2025-08-20 09:45:00+00:00,0.8928400278091431,0.8929600119590759,0.8919600248336792,0.8928700089454651,0
2025-08-20 09:50:00+00:00,0.8928599953651428,0.8930299878120422,0.8920000195503235,0.8929700255393982,0
2025-08-20 09:55:00+00:00,0.8929399847984314,0.8931499719619751,0.8921300172805786,0.893060028553009,0
2025-08-20 10:00:00+00:00,0.8930400013923645,0.8931099772453308,0.8920199871063232,0.8927299976348877,0
2025-08-20 10:05:00+00:00,0.8926399946212769,0.8929100036621094,0.8917499780654907,0.8928800225257874,0
2025-08-20 10:10:00+00:00,0.8928300142288208,0.8928700089454651,0.8918499946594238,0.8926900029182434,0
2025-08-20 10:15:00+00:00,0.892799973487854,0.8928499817848206,0.8919000029563904,0.8927000164985657,0
2025-08-20 10:20:00+00:00,0.8927199840545654,0.8928400278091431,0.891789972782135,0.8927000164985657,0
2025-08-20 10:25:00+00:00,0.8926600217819214,0.8927599787712097,0.8917499780654907,0.8926299810409546,0
2025-08-20 10:30:00+00:00,0.8926799893379211,0.892769992351532,0.8917199969291687,0.8926299810409546,0
2025-08-20 10:35:00+00:00,0.892579972743988,0.8927099704742432,0.8916400074958801,0.8926100134849548,0
2025-08-20 10:40:00+00:00,0.8926500082015991,0.8926799893379211,0.891569972038269,0.8925399780273438,0
2025-08-20 10:45:00+00:00,0.892549991607666,0.8927299976348877,0.8916800022125244,0.8925399780273438,0
2025-08-20 10:50:00+00:00,0.8924999833106995,0.8926399946212769,0.8916500210762024,0.892520010471344,0
2025-08-20 10:55:00+00:00,0.8924499750137329,0.8927800059318542,0.8916800022125244,0.8927500247955322,0
2025-08-20 11:00:00+00:00,0.8926799893379211,0.892769992351532,0.8917099833488464,0.8927099704742432,0
2025-08-20 11:05:00+00:00,0.89274001121521,0.8928599953651428,0.8918300271034241,0.8927900195121765,0
2025-08-20 11:10:00+00:00,0.8928200006484985,0.8928499817848206,0.8917999863624573,0.8928099870681763,0
2025-08-20 11:15:00+00:00,0.8927900195121765,0.8929200172424316,0.8919299840927124,0.8928700089454651,0
2025-08-20 11:20:00+00:00,0.8928499817848206,0.8929499983787537,0.8919399976730347,0.8928899765014648,0
2025-08-20 11:25:00+00:00,0.8928499817848206,0.8929299712181091,0.8917499780654907,0.8926799893379211,0
2025-08-20 11:30:00+00:00,0.8926500082015991,0.892769992351532,0.8916100263595581,0.8924099802970886,0
2025-08-20 11:35:00+00:00,0.8923699855804443,0.892490029335022,0.891480028629303,0.8922600150108337,0
2025-08-20 11:40:00+00:00,0.8921999931335449,0.892300009727478,0.8913000226020813,0.8921399712562561,0
2025-08-20 11:45:00+00:00,0.8921300172805786,0.892300009727478,0.8912400007247925,0.8922299742698669,0
2025-08-20 11:50:00+00:00,0.8922500014305115,0.8923599720001221,0.891290009021759,0.89205002784729,0
2025-08-20 11:55:00+00:00,0.8921200037002563,0.8922500014305115,0.891260027885437,0.8920800089836121,0
2025-08-20 12:00:00+00:00,0.8920000195503235,0.8923100233078003,0.8912400007247925,0.8923100233078003,0
2025-08-20 12:05:00+00:00,0.8923100233078003,0.892799973487854,0.8914399743080139,0.8927599787712097,0
2025-08-20 12:10:00+00:00,0.8927900195121765,0.8928300142288208,0.8917700052261353,0.8926900029182434,0
2025-08-20 12:15:00+00:00,0.8926600217819214,0.892769992351532,0.8917700052261353,0.8926500082015991,0
2025-08-20 12:20:00+00:00,0.8926200270652771,0.8931499719619751,0.8917199969291687,0.8930400013923645,0
2025-08-20 12:25:00+00:00,0.893060028553009,0.8931099772453308,0.8920900225639343,0.8929700255393982,0
2025-08-20 12:30:00+00:00,0.8930299878120422,0.893339991569519,0.8921300172805786,0.8932499885559082,0
2025-08-20 12:35:00+00:00,0.893310010433197,0.8934299945831299,0.8921999931335449,0.8930500149726868,0
2025-08-20 12:40:00+00:00,0.8930400013923645,0.8931800127029419,0.8920599818229675,0.8929700255393982,0
2025-08-20 12:45:00+00:00,0.8929600119590759,0.8930400013923645,0.8919100165367126,0.8930299878120422,0
2025-08-20 12:50:00+00:00,0.8930100202560425,0.8930100202560425,0.8919900059700012,0.8928599953651428,0
2025-08-20 12:55:00+00:00,0.8928499817848206,0.893060028553009,0.8918899893760681,0.8928599953651428,0
2025-08-20 13:00:00+00:00,0.8928300142288208,0.8931599855422974,0.8920400142669678,0.8929499983787537,0
2025-08-20 13:05:00+00:00,0.8929700255393982,0.893060028553009,0.8919299840927124,0.892799973487854,0
2025-08-20 13:10:00+00:00,0.8927599787712097,0.8928700089454651,0.8917999863624573,0.8927000164985657,0
2025-08-20 13:15:00+00:00,0.8926600217819214,0.8928800225257874,0.8918700218200684,0.8927599787712097,0
2025-08-20 13:20:00+00:00,0.8927199840545654,0.89301997423172,0.8918099999427795,0.8929700255393982,0
2025-08-20 13:25:00+00:00,0.8929799795150757,0.8930299878120422,0.8919500112533569,0.8929499983787537,0
2025-08-20 13:30:00+00:00,0.8929399847984314,0.8929799795150757,0.8917499780654907,0.8928200006484985,0
2025-08-20 13:35:00+00:00,0.892799973487854,0.8928999900817871,0.8918799757957458,0.8926600217819214,0
2025-08-20 13:40:00+00:00,0.8926699757575989,0.8929600119590759,0.8917400240898132,0.8928800225257874,0
2025-08-20 13:45:00+00:00,0.8929299712181091,0.8929600119590759,0.8917099833488464,0.8924700021743774,0
2025-08-20 13:50:00+00:00,0.8924599885940552,0.8924800157546997,0.8911600112915039,0.8918099999427795,0
2025-08-20 13:55:00+00:00,0.8918399810791016,0.8919299840927124,0.890529990196228,0.8914499878883362,0
2025-08-20 14:00:00+00:00,0.8914399743080139,0.8918600082397461,0.8908299803733826,0.8916800022125244,0
2025-08-20 14:05:00+00:00,0.8916199803352356,0.891789972782135,0.8902599811553955,0.8910899758338928,0
2025-08-20 14:10:00+00:00,0.8911100029945374,0.8913800120353699,0.8901200294494629,0.8911499977111816,0
2025-08-20 14:15:00+00:00,0.8910899758338928,0.8912000060081482,0.8900600075721741,0.8910999894142151,0
2025-08-20 14:20:00+00:00,0.8911100029945374,0.891319990158081,0.8902599811553955,0.8910899758338928,0
2025-08-20 14:25:00+00:00,0.8911299705505371,0.8912500143051147,0.8900899887084961,0.8910300135612488,0
2025-08-20 14:30:00+00:00,0.8910099864006042,0.8913499712944031,0.8903399705886841,0.8910899758338928,0
2025-08-20 14:35:00+00:00,0.8911499977111816,0.891260027885437,0.8901399970054626,0.8911200165748596,0
2025-08-20 14:40:00+00:00,0.8911899924278259,0.891260027885437,0.889930009841919,0.89096999168396,0
2025-08-20 14:45:00+00:00,0.8909500241279602,0.8912100195884705,0.8900499939918518,0.8910899758338928,0
2025-08-20 14:50:00+00:00,0.8910800218582153,0.8914099931716919,0.8900799751281738,0.891040027141571,0
2025-08-20 14:55:00+00:00,0.8910199999809265,0.8912699818611145,0.8901699781417847,0.8910499811172485,0
2025-08-20 15:00:00+00:00,0.8910599946975708,0.891219973564148,0.8901600241661072,0.8911799788475037,0
2025-08-20 15:05:00+00:00,0.8911600112915039,0.8917099833488464,0.890470027923584,0.8916900157928467,0
2025-08-20 15:10:00+00:00,0.8917199969291687,0.8917800188064575,0.8906599879264832,0.8916400074958801,0
2025-08-20 15:15:00+00:00,0.8916500210762024,0.892009973526001,0.8909299969673157,0.8919699788093567,0
2025-08-20 15:20:00+00:00,0.8919299840927124,0.8920800089836121,0.8910300135612488,0.8920199871063232,0
2025-08-20 15:25:00+00:00,0.8920199871063232,0.8925600051879883,0.8911399841308594,0.892549991607666,0
2025-08-20 15:30:00+00:00,0.892490029335022,0.8925700187683105,0.8912299871444702,0.8922100067138672,0
2025-08-20 15:35:00+00:00,0.8922200202941895,0.8922399878501892,0.8912400007247925,0.8919500112533569,0
2025-08-20 15:40:00+00:00,0.8919100165367126,0.8921599984169006,0.8910700082778931,0.891979992389679,0
2025-08-20 15:45:00+00:00,0.8920300006866455,0.8921800255775452,0.8911200165748596,0.8918200135231018,0
2025-08-20 15:50:00+00:00,0.8918300271034241,0.8919000029563904,0.8906999826431274,0.8918099999427795,0
2025-08-20 15:55:00+00:00,0.8918499946594238,0.8920000195503235,0.8908299803733826,0.8916900157928467,0
2025-08-20 16:00:00+00:00,0.8916699886322021,0.8920999765396118,0.8908799886703491,0.8920999765396118,0
2025-08-20 16:05:00+00:00,0.8920999765396118,0.892300009727478,0.891260027885437,0.8920699954032898,0
2025-08-20 16:10:00+00:00,0.892009973526001,0.8922299742698669,0.8912000060081482,0.8921200037002563,0
2025-08-20 16:15:00+00:00,0.8920900225639343,0.8924800157546997,0.8913800120353699,0.8923699855804443,0
2025-08-20 16:20:00+00:00,0.8923900127410889,0.8924499750137329,0.8914099931716919,0.8923900127410889,0
2025-08-20 16:25:00+00:00,0.8923799991607666,0.8924499750137329,0.8913499712944031,0.8923400044441223,0
2025-08-20 16:30:00+00:00,0.8923400044441223,0.8925300240516663,0.8914999961853027,0.8923299908638,0
2025-08-20 16:35:00+00:00,0.8923599720001221,0.8924700021743774,0.8913900256156921,0.8922899961471558,0
2025-08-20 16:40:00+00:00,0.8923299908638,0.8924300074577332,0.8913499712944031,0.8924000263214111,0
2025-08-20 16:45:00+00:00,0.8923900127410889,0.892549991607666,0.891510009765625,0.8923400044441223,0
2025-08-20 16:50:00+00:00,0.8923599720001221,0.8925099968910217,0.8913699984550476,0.8924400210380554,0
2025-08-20 16:55:00+00:00,0.8924499750137329,0.8924800157546997,0.8913900256156921,0.8923900127410889,0
2025-08-20 17:00:00+00:00,0.8923400044441223,0.89274001121521,0.8915600180625916,0.8927000164985657,0
2025-08-20 17:05:00+00:00,0.8926799893379211,0.8927099704742432,0.891510009765625,0.8924599885940552,0
2025-08-20 17:10:00+00:00,0.8924199938774109,0.8925700187683105,0.8914499878883362,0.8923900127410889,0
2025-08-20 17:15:00+00:00,0.8923799991607666,0.8926600217819214,0.8914899826049805,0.8926399946212769,0
2025-08-20 17:20:00+00:00,0.8925999999046326,0.8927000164985657,0.8916699886322021,0.8925700187683105,0
2025-08-20 17:25:00+00:00,0.8925399780273438,0.8927199840545654,0.8915899991989136,0.8926799893379211,0
2025-08-20 17:30:00+00:00,0.8926799893379211,0.8928599953651428,0.8917999863624573,0.892799973487854,0
2025-08-20 17:35:00+00:00,0.892769992351532,0.8928700089454651,0.8917499780654907,0.8926699757575989,0
2025-08-20 17:40:00+00:00,0.8926699757575989,0.8927500247955322,0.891700029373169,0.8926299810409546,0
2025-08-20 17:45:00+00:00,0.8925700187683105,0.8926600217819214,0.8916100263595581,0.8925300240516663,0
2025-08-20 17:50:00+00:00,0.8925399780273438,0.8927099704742432,0.8916400074958801,0.8926399946212769,0
2025-08-20 17:55:00+00:00,0.8926699757575989,0.8926900029182434,0.8916400074958801,0.8923599720001221,0
2025-08-20 18:00:00+00:00,0.8923699855804443,0.892520010471344,0.8911600112915039,0.8920300006866455,0
2025-08-20 18:05:00+00:00,0.8920199871063232,0.8921700119972229,0.8911100029945374,0.8921499848365784,0
2025-08-20 18:10:00+00:00,0.8921399712562561,0.8922399878501892,0.8911600112915039,0.8920199871063232,0
2025-08-20 18:15:00+00:00,0.8919699788093567,0.8920599818229675,0.8910300135612488,0.8918799757957458,0
2025-08-20 18:20:00+00:00,0.8919199705123901,0.892009973526001,0.8909000158309937,0.891759991645813,0
2025-08-20 18:25:00+00:00,0.8917499780654907,0.8919100165367126,0.8908299803733826,0.8918700218200684,0
2025-08-20 18:30:00+00:00,0.8918099999427795,0.8919900059700012,0.8909900188446045,0.8919100165367126,0
2025-08-20 18:35:00+00:00,0.8918099999427795,0.89205002784729,0.8910300135612488,0.8919900059700012,0
2025-08-20 18:40:00+00:00,0.892009973526001,0.8921099901199341,0.891040027141571,0.8919199705123901,0
2025-08-20 18:45:00+00:00,0.8919399976730347,0.8921499848365784,0.8912100195884705,0.8919199705123901,0
2025-08-20 18:50:00+00:00,0.8919100165367126,0.8922299742698669,0.8909800052642822,0.8921599984169006,0
2025-08-20 18:55:00+00:00,0.8921300172805786,0.8921899795532227,0.8910899758338928,0.8919500112533569,0
2025-08-20 19:00:00+00:00,0.8919199705123901,0.8921800255775452,0.8911499977111816,0.8921499848365784,0
2025-08-20 19:05:00+00:00,0.8921499848365784,0.8922500014305115,0.8912299871444702,0.8921800255775452,0
2025-08-20 19:10:00+00:00,0.8921499848365784,0.8923400044441223,0.8912500143051147,0.892300009727478,0
2025-08-20 19:15:00+00:00,0.8922600150108337,0.8923500180244446,0.8912699818611145,0.8921200037002563,0
2025-08-20 19:20:00+00:00,0.8921099901199341,0.8923199772834778,0.891219973564148,0.892270028591156,0
2025-08-20 19:25:00+00:00,0.8922399878501892,0.8923299908638,0.8913300037384033,0.8922299742698669,0
2025-08-20 19:30:00+00:00,0.8922100067138672,0.8923699855804443,0.8914200067520142,0.8922899961471558,0
2025-08-20 19:35:00+00:00,0.8922899961471558,0.8924099802970886,0.8913300037384033,0.892300009727478,0
2025-08-20 19:40:00+00:00,0.8922600150108337,0.8923900127410889,0.8913499712944031,0.8922500014305115,0
2025-08-20 19:45:00+00:00,0.8922899961471558,0.8924499750137329,0.8913800120353699,0.8923900127410889,0
2025-08-20 19:50:00+00:00,0.8923900127410889,0.8924599885940552,0.8914200067520142,0.8924000263214111,0
2025-08-20 19:55:00+00:00,0.8923900127410889,0.8926600217819214,0.891480028629303,0.8926299810409546,0
2025-08-20 20:00:00+00:00,0.8926100134849548,0.8926699757575989,0.8915799856185913,0.8923299908638,0
2025-08-20 20:05:00+00:00,0.8923400044441223,0.8924099802970886,0.891290009021759,0.8922500014305115,0
2025-08-20 20:10:00+00:00,0.8921999931335449,0.8925600051879883,0.8914300203323364,0.8924300074577332,0
2025-08-20 20:15:00+00:00,0.8924800157546997,0.8926100134849548,0.8916699886322021,0.8924300074577332,0
2025-08-20 20:20:00+00:00,0.8924099802970886,0.8926500082015991,0.8914899826049805,0.8926100134849548,0
2025-08-20 20:25:00+00:00,0.8925399780273438,0.8926900029182434,0.891700029373169,0.892520010471344,0
2025-08-20 20:30:00+00:00,0.8925600051879883,0.8927099704742432,0.8915799856185913,0.8926699757575989,0
2025-08-20 20:35:00+00:00,0.8926399946212769,0.8928200006484985,0.891759991645813,0.8926900029182434,0
2025-08-20 20:40:00+00:00,0.8926900029182434,0.8928899765014648,0.8919000029563904,0.8927099704742432,0
2025-08-20 20:45:00+00:00,0.8928099870681763,0.8928099870681763,0.891789972782135,0.8926200270652771,0
2025-08-20 20:50:00+00:00,0.8926299810409546,0.8928700089454651,0.8917999863624573,0.8927800059318542,0
2025-08-20 20:55:00+00:00,0.8927000164985657,0.8928300142288208,0.8915299773216248,0.8924099802970886,0
2025-08-20 21:00:00+00:00,0.8921800255775452,0.8921800255775452,0.8908100128173828,0.8912799954414368,0
2025-08-20 21:05:00+00:00,0.8912500143051147,0.8918399810791016,0.8909000158309937,0.8915299773216248,0
2025-08-20 21:10:00+00:00,0.8915600180625916,0.8918399810791016,0.8910599946975708,0.8918300271034241,0
2025-08-20 21:15:00+00:00,0.891789972782135,0.8918300271034241,0.8911899924278259,0.8915200233459473,0
2025-08-20 21:20:00+00:00,0.8914600014686584,0.8921999931335449,0.8912699818611145,0.8919199705123901,0
2025-08-20 21:25:00+00:00,0.891979992389679,0.8921899795532227,0.8914399743080139,0.8920300006866455,0
2025-08-20 21:30:00+00:00,0.8920599818229675,0.8921800255775452,0.891569972038269,0.8919199705123901,0
2025-08-20 21:35:00+00:00,0.8920900225639343,0.8921800255775452,0.8913400173187256,0.8920999765396118,0
2025-08-20 21:40:00+00:00,0.8920900225639343,0.8920999765396118,0.8914600014686584,0.8920300006866455,0
2025-08-20 21:45:00+00:00,0.8920199871063232,0.8921099901199341,0.8914600014686584,0.8915799856185913,0
2025-08-20 21:50:00+00:00,0.8915799856185913,0.8920900225639343,0.8913699984550476,0.8920199871063232,0
2025-08-20 21:55:00+00:00,0.892009973526001,0.8920300006866455,0.8912699818611145,0.8918899893760681,0
2025-08-20 22:00:00+00:00,0.8918899893760681,0.8925099968910217,0.8915799856185913,0.8924300074577332,0
2025-08-20 22:05:00+00:00,0.8924400210380554,0.892490029335022,0.8914999961853027,0.8922600150108337,0
2025-08-20 22:10:00+00:00,0.8922500014305115,0.8924300074577332,0.8913800120353699,0.8922200202941895,0
2025-08-20 22:15:00+00:00,0.8921800255775452,0.8924300074577332,0.8915299773216248,0.8923699855804443,0
2025-08-20 22:20:00+00:00,0.8923699855804443,0.8924400210380554,0.891480028629303,0.8924199938774109,0
2025-08-20 22:25:00+00:00,0.892270028591156,0.8924999833106995,0.8915600180625916,0.8923100233078003,0
2025-08-20 22:30:00+00:00,0.8923100233078003,0.8924800157546997,0.8914099931716919,0.8923299908638,0
2025-08-20 22:35:00+00:00,0.8923199772834778,0.8923699855804443,0.8914200067520142,0.8922899961471558,0
2025-08-20 22:40:00+00:00,0.8922100067138672,0.8923799991607666,0.8914600014686584,0.8922399878501892,0
2025-08-20 22:45:00+00:00,0.8921899795532227,0.8923799991607666,0.8914499878883362,0.8923799991607666,0
2025-08-20 22:50:00+00:00,0.8922500014305115,0.8924000263214111,0.8914600014686584,0.8924000263214111,0
2025-08-20 22:55:00+00:00,0.8922500014305115,0.8924800157546997,0.8915500044822693,0.8923199772834778,0
2025-08-20 23:00:00+00:00,0.892300009727478,0.892579972743988,0.8916000127792358,0.8922399878501892,0
2025-08-20 23:05:00+00:00,0.8921999931335449,0.8923699855804443,0.8914499878883362,0.8922399878501892,0
2025-08-20 23:10:00+00:00,0.8922399878501892,0.8923699855804443,0.8914499878883362,0.8921899795532227,0
2025-08-20 23:15:00+00:00,0.8923199772834778,0.8924099802970886,0.8914600014686584,0.8921999931335449,0
2025-08-20 23:20:00+00:00,0.8923500180244446,0.8924000263214111,0.8914600014686584,0.8923900127410889,0
2025-08-20 23:25:00+00:00,0.8923699855804443,0.8925399780273438,0.8915500044822693,0.8922600150108337,0
2025-08-20 23:30:00+00:00,0.8922100067138672,0.8924700021743774,0.8914700150489807,0.8924499750137329,0
2025-08-20 23:35:00+00:00,0.8924199938774109,0.8924800157546997,0.8915299773216248,0.8923500180244446,0
2025-08-20 23:40:00+00:00,0.8922899961471558,0.8924800157546997,0.891510009765625,0.8924300074577332,0
2025-08-20 23:45:00+00:00,0.8923599720001221,0.8925099968910217,0.8915500044822693,0.8923400044441223,0
2025-08-20 23:50:00+00:00,0.8923299908638,0.8927000164985657,0.8914899826049805,0.8926900029182434,0
2025-08-20 23:55:00+00:00,0.8926799893379211,0.8928800225257874,0.8918700218200684,0.8927599787712097,0
2025-08-21 00:00:00+00:00,0.8926100134849548,0.8928400278091431,0.8918600082397461,0.8925600051879883,0
2025-08-21 00:05:00+00:00,0.892579972743988,0.8928200006484985,0.8917499780654907,0.892799973487854,0
2025-08-21 00:10:00+00:00,0.8927099704742432,0.8929700255393982,0.8919500112533569,0.8926500082015991,0
2025-08-21 00:15:00+00:00,0.8926900029182434,0.8927900195121765,0.8917700052261353,0.8925399780273438,0
2025-08-21 00:20:00+00:00,0.8925399780273438,0.8927000164985657,0.8915899991989136,0.8923599720001221,0
2025-08-21 00:25:00+00:00,0.8923799991607666,0.892549991607666,0.8914300203323364,0.892549991607666,0
2025-08-21 00:30:00+00:00,0.8925600051879883,0.8927800059318542,0.8918200135231018,0.8927299976348877,0
2025-08-21 00:35:00+00:00,0.8927299976348877,0.8929100036621094,0.8917700052261353,0.8924700021743774,0
2025-08-21 00:40:00+00:00,0.892579972743988,0.8926200270652771,0.8914700150489807,0.8921999931335449,0
2025-08-21 00:45:00+00:00,0.8923699855804443,0.8923900127410889,0.8913000226020813,0.8918899893760681,0
2025-08-21 00:50:00+00:00,0.891789972782135,0.8921499848365784,0.8910499811172485,0.8917499780654907,0
2025-08-21 00:55:00+00:00,0.8916199803352356,0.892009973526001,0.8909400105476379,0.8918300271034241,0
2025-08-21 01:00:00+00:00,0.8918399810791016,0.8921499848365784,0.8910999894142151,0.8919100165367126,0
2025-08-21 01:05:00+00:00,0.8919000029563904,0.89205002784729,0.8908500075340271,0.8915799856185913,0
2025-08-21 01:10:00+00:00,0.8914899826049805,0.8917800188064575,0.89069002866745,0.8915299773216248,0
2025-08-21 01:15:00+00:00,0.8914600014686584,0.8917700052261353,0.8907899856567383,0.8916800022125244,0
2025-08-21 01:20:00+00:00,0.8916000127792358,0.8918300271034241,0.8907899856567383,0.8916699886322021,0
2025-08-21 01:25:00+00:00,0.8916699886322021,0.8918300271034241,0.8907899856567383,0.8918300271034241,0
2025-08-21 01:30:00+00:00,0.8917999863624573,0.8919500112533569,0.8910099864006042,0.8919100165367126,0
2025-08-21 01:35:00+00:00,0.8919299840927124,0.892490029335022,0.8910899758338928,0.8921999931335449,0
2025-08-21 01:40:00+00:00,0.892270028591156,0.8926200270652771,0.8914200067520142,0.8923299908638,0
2025-08-21 01:45:00+00:00,0.8921899795532227,0.8924800157546997,0.8913599848747253,0.8921200037002563,0
2025-08-21 01:50:00+00:00,0.8922100067138672,0.8924499750137329,0.891480028629303,0.8923599720001221,0
2025-08-21 01:55:00+00:00,0.8922500014305115,0.892490029335022,0.8914999961853027,0.8923299908638,0
2025-08-21 02:00:00+00:00,0.8922299742698669,0.8923900127410889,0.8914200067520142,0.8921700119972229,0
2025-08-21 02:05:00+00:00,0.8922799825668335,0.892300009727478,0.8911299705505371,0.891480028629303,0
2025-08-21 02:10:00+00:00,0.8916299939155579,0.8920900225639343,0.8910300135612488,0.8918499946594238,0
2025-08-21 02:15:00+00:00,0.8919399976730347,0.8919500112533569,0.8907600045204163,0.891480028629303,0
2025-08-21 02:20:00+00:00,0.891480028629303,0.8917099833488464,0.8906099796295166,0.8914200067520142,0
2025-08-21 02:25:00+00:00,0.8914099931716919,0.8915600180625916,0.89055997133255,0.8913699984550476,0
2025-08-21 02:30:00+00:00,0.8913800120353699,0.8914700150489807,0.8904399871826172,0.8913400173187256,0
2025-08-21 02:35:00+00:00,0.891290009021759,0.8914300203323364,0.8904100060462952,0.8910599946975708,0
2025-08-21 02:40:00+00:00,0.8909599781036377,0.8912799954414368,0.8901799917221069,0.8911200165748596,0
2025-08-21 02:45:00+00:00,0.8912299871444702,0.8913999795913696,0.8905100226402283,0.8910899758338928,0
2025-08-21 02:50:00+00:00,0.8911600112915039,0.8912500143051147,0.8902199864387512,0.8912000060081482,0
2025-08-21 02:55:00+00:00,0.8912000060081482,0.8912100195884705,0.8899000287055969,0.8908299803733826,0
2025-08-21 03:00:00+00:00,0.8909299969673157,0.8913900256156921,0.8901799917221069,0.8913400173187256,0
2025-08-21 03:05:00+00:00,0.8912400007247925,0.8914499878883362,0.8904299736022949,0.8913999795913696,0
2025-08-21 03:10:00+00:00,0.8913999795913696,0.8915299773216248,0.8905199766159058,0.8914099931716919,0
2025-08-21 03:15:00+00:00,0.8914399743080139,0.891510009765625,0.8904799818992615,0.8911200165748596,0
2025-08-21 03:20:00+00:00,0.8911200165748596,0.8913400173187256,0.8903999924659729,0.8912400007247925,0
2025-08-21 03:25:00+00:00,0.8911200165748596,0.8913400173187256,0.890250027179718,0.8909900188446045,0
2025-08-21 03:30:00+00:00,0.8911399841308594,0.8911399841308594,0.8902400135993958,0.8910099864006042,0
2025-08-21 03:35:00+00:00,0.8910599946975708,0.8913300037384033,0.8901799917221069,0.8911100029945374,0
2025-08-21 03:40:00+00:00,0.8910599946975708,0.8911899924278259,0.8902000188827515,0.8910700082778931,0
2025-08-21 03:45:00+00:00,0.8909599781036377,0.8911200165748596,0.8901399970054626,0.89096999168396,0
2025-08-21 03:50:00+00:00,0.8909299969673157,0.8912100195884705,0.8901900053024292,0.8911200165748596,0
2025-08-21 03:55:00+00:00,0.8910499811172485,0.8913499712944031,0.8903999924659729,0.8911799788475037,0
2025-08-21 04:00:00+00:00,0.8911600112915039,0.891290009021759,0.8903800249099731,0.891219973564148,0
2025-08-21 04:05:00+00:00,0.8911200165748596,0.891290009021759,0.89028000831604,0.891219973564148,0
2025-08-21 04:10:00+00:00,0.8911600112915039,0.8915500044822693,0.8904299736022949,0.8915500044822693,0
2025-08-21 04:15:00+00:00,0.8914099931716919,0.8915899991989136,0.8906599879264832,0.8913300037384033,0
2025-08-21 04:20:00+00:00,0.8913900256156921,0.891569972038269,0.8906000256538391,0.8915299773216248,0
2025-08-21 04:25:00+00:00,0.8915200233459473,0.891539990901947,0.8904799818992615,0.891219973564148,0
2025-08-21 04:30:00+00:00,0.891319990158081,0.891319990158081,0.8903800249099731,0.8911200165748596,0
2025-08-21 04:35:00+00:00,0.8910999894142151,0.8912799954414368,0.8903200030326843,0.8910899758338928,0
2025-08-21 04:40:00+00:00,0.8911700248718262,0.8912000060081482,0.8902400135993958,0.8910800218582153,0
2025-08-21 04:45:00+00:00,0.8910599946975708,0.8912000060081482,0.8900899887084961,0.8909000158309937,0
2025-08-21 04:50:00+00:00,0.8909800052642822,0.8911200165748596,0.8901600241661072,0.8908799886703491,0
2025-08-21 04:55:00+00:00,0.8909199833869934,0.8910700082778931,0.889989972114563,0.8908399939537048,0
2025-08-21 05:00:00+00:00,0.8908500075340271,0.8910099864006042,0.8900600075721741,0.8909199833869934,0
2025-08-21 05:05:00+00:00,0.8908299803733826,0.8909500241279602,0.8898699879646301,0.8907399773597717,0
2025-08-21 05:10:00+00:00,0.8907399773597717,0.890779972076416,0.8895300030708313,0.8903800249099731,0
2025-08-21 05:15:00+00:00,0.8904600143432617,0.890999972820282,0.8899099826812744,0.8908399939537048,0
2025-08-21 05:20:00+00:00,0.8908500075340271,0.8910800218582153,0.8900499939918518,0.8910599946975708,0
2025-08-21 05:25:00+00:00,0.8910499811172485,0.8912400007247925,0.8902000188827515,0.8912000060081482,0
2025-08-21 05:30:00+00:00,0.8912000060081482,0.891260027885437,0.8899999856948853,0.891219973564148,0
2025-08-21 05:35:00+00:00,0.8912100195884705,0.8914200067520142,0.8902199864387512,0.8911899924278259,0
2025-08-21 05:40:00+00:00,0.8912400007247925,0.8915299773216248,0.8903300166130066,0.8912500143051147,0
2025-08-21 05:45:00+00:00,0.8913099765777588,0.8915200233459473,0.890500009059906,0.8913800120353699,0
2025-08-21 05:50:00+00:00,0.8914300203323364,0.891539990901947,0.890470027923584,0.8913499712944031,0
2025-08-21 05:55:00+00:00,0.8914300203323364,0.8915200233459473,0.8905500173568726,0.8914099931716919,0
2025-08-21 06:00:00+00:00,0.8913900256156921,0.8915299773216248,0.890500009059906,0.8912100195884705,0
2025-08-21 06:05:00+00:00,0.8911700248718262,0.8913900256156921,0.8903599977493286,0.8911700248718262,0
2025-08-21 06:10:00+00:00,0.8911600112915039,0.8914999961853027,0.8903200030326843,0.8914700150489807,0
2025-08-21 06:15:00+00:00,0.8913099765777588,0.8916900157928467,0.8906800150871277,0.8915500044822693,0
2025-08-21 06:20:00+00:00,0.8915299773216248,0.8916599750518799,0.8906999826431274,0.8914700150489807,0
2025-08-21 06:25:00+00:00,0.891480028629303,0.891700029373169,0.8906599879264832,0.8916100263595581,0
2025-08-21 06:30:00+00:00,0.891510009765625,0.8916199803352356,0.8905400037765503,0.891319990158081,0
2025-08-21 06:35:00+00:00,0.8914600014686584,0.8916299939155579,0.8905100226402283,0.8912400007247925,0
2025-08-21 06:40:00+00:00,0.8913800120353699,0.8914600014686584,0.890470027923584,0.891319990158081,0
2025-08-21 06:45:00+00:00,0.891319990158081,0.8913800120353699,0.8903899788856506,0.8911399841308594,0
2025-08-21 06:50:00+00:00,0.8911100029945374,0.8912500143051147,0.8901399970054626,0.8909299969673157,0
2025-08-21 06:55:00+00:00,0.8909599781036377,0.8912000060081482,0.8901100158691406,0.8910800218582153,0
2025-08-21 07:00:00+00:00,0.8911499977111816,0.8911799788475037,0.889930009841919,0.8909800052642822,0
2025-08-21 07:05:00+00:00,0.8910099864006042,0.8912799954414368,0.889959990978241,0.891219973564148,0
2025-08-21 07:10:00+00:00,0.8911200165748596,0.8913900256156921,0.8902699947357178,0.8912000060081482,0
2025-08-21 07:15:00+00:00,0.8911200165748596,0.8913400173187256,0.89028000831604,0.8911299705505371,0
2025-08-21 07:20:00+00:00,0.891040027141571,0.8912500143051147,0.890250027179718,0.8911399841308594,0
2025-08-21 07:25:00+00:00,0.891219973564148,0.8912299871444702,0.8901100158691406,0.8910199999809265,0
2025-08-21 07:30:00+00:00,0.890999972820282,0.8913800120353699,0.8903700113296509,0.891290009021759,0
2025-08-21 07:35:00+00:00,0.8912000060081482,0.8913800120353699,0.8903399705886841,0.891219973564148,0
2025-08-21 07:40:00+00:00,0.8911899924278259,0.8913099765777588,0.8901699781417847,0.890999972820282,0
2025-08-21 07:45:00+00:00,0.8910800218582153,0.891290009021759,0.8900700211524963,0.8910099864006042,0
2025-08-21 07:50:00+00:00,0.8909500241279602,0.8913099765777588,0.8901799917221069,0.8910999894142151,0
2025-08-21 07:55:00+00:00,0.8911399841308594,0.891480028629303,0.8904799818992615,0.891290009021759,0
2025-08-21 08:00:00+00:00,0.8913699984550476,0.8914200067520142,0.8904399871826172,0.8911100029945374,0
2025-08-21 08:05:00+00:00,0.8910999894142151,0.891260027885437,0.8902000188827515,0.8911100029945374,0
2025-08-21 08:10:00+00:00,0.8911100029945374,0.891260027885437,0.8901600241661072,0.8911299705505371,0
2025-08-21 08:15:00+00:00,0.8910800218582153,0.8912799954414368,0.8903599977493286,0.8909900188446045,0
2025-08-21 08:20:00+00:00,0.8909500241279602,0.8911700248718262,0.8901699781417847,0.8909299969673157,0
2025-08-21 08:25:00+00:00,0.8909500241279602,0.8912400007247925,0.890209972858429,0.8910599946975708,0
2025-08-21 08:30:00+00:00,0.8911799788475037,0.8915299773216248,0.8903499841690063,0.8913400173187256,0
2025-08-21 08:35:00+00:00,0.8913000226020813,0.8914099931716919,0.8904299736022949,0.891260027885437,0
2025-08-21 08:40:00+00:00,0.8911600112915039,0.8913499712944031,0.8903399705886841,0.8911399841308594,0
2025-08-21 08:45:00+00:00,0.8910999894142151,0.891290009021759,0.8902999758720398,0.8910800218582153,0
2025-08-21 08:50:00+00:00,0.8910800218582153,0.8914099931716919,0.8903399705886841,0.8912799954414368,0
2025-08-21 08:55:00+00:00,0.8912799954414368,0.8914999961853027,0.890500009059906,0.8913800120353699,0
2025-08-21 09:00:00+00:00,0.8913800120353699,0.8916500210762024,0.8904899954795837,0.8914999961853027,0
2025-08-21 09:05:00+00:00,0.8915200233459473,0.891759991645813,0.8907300233840942,0.8916599750518799,0
2025-08-21 09:10:00+00:00,0.891730010509491,0.8919100165367126,0.8909400105476379,0.8917400240898132,0
2025-08-21 09:15:00+00:00,0.8917400240898132,0.8919299840927124,0.8908500075340271,0.8918799757957458,0
2025-08-21 09:20:00+00:00,0.891730010509491,0.8920300006866455,0.8909800052642822,0.8919199705123901,0
2025-08-21 09:25:00+00:00,0.8919000029563904,0.8920400142669678,0.8908799886703491,0.8918200135231018,0
2025-08-21 09:30:00+00:00,0.8917999863624573,0.8918399810791016,0.890749990940094,0.8915899991989136,0
2025-08-21 09:35:00+00:00,0.8917099833488464,0.8918899893760681,0.8908200263977051,0.8918200135231018,0
2025-08-21 09:40:00+00:00,0.8917400240898132,0.8918399810791016,0.8908600211143494,0.891759991645813,0
2025-08-21 09:45:00+00:00,0.891730010509491,0.891789972782135,0.8908500075340271,0.8916400074958801,0
2025-08-21 09:50:00+00:00,0.8916299939155579,0.891789972782135,0.8908200263977051,0.8917700052261353,0
2025-08-21 09:55:00+00:00,0.8916800022125244,0.8918099999427795,0.89069002866745,0.8915500044822693,0
2025-08-21 10:00:00+00:00,0.891539990901947,0.8916800022125244,0.8906199932098389,0.8916699886322021,0
2025-08-21 10:05:00+00:00,0.8916000127792358,0.8917400240898132,0.8907600045204163,0.8916000127792358,0
2025-08-21 10:10:00+00:00,0.891539990901947,0.8916900157928467,0.8906599879264832,0.8916100263595581,0
2025-08-21 10:15:00+00:00,0.891510009765625,0.891759991645813,0.890779972076416,0.8917499780654907,0
2025-08-21 10:20:00+00:00,0.8917499780654907,0.8918200135231018,0.8908600211143494,0.8916800022125244,0
2025-08-21 10:25:00+00:00,0.8917800188064575,0.8918700218200684,0.8909100294113159,0.8918300271034241,0
2025-08-21 10:30:00+00:00,0.8917199969291687,0.8919199705123901,0.8908399939537048,0.8916199803352356,0
2025-08-21 10:35:00+00:00,0.8916199803352356,0.891759991645813,0.8908200263977051,0.8915299773216248,0
2025-08-21 10:40:00+00:00,0.8915500044822693,0.891789972782135,0.8907999992370605,0.8916500210762024,0
2025-08-21 10:45:00+00:00,0.8917400240898132,0.8919699788093567,0.8909500241279602,0.8919500112533569,0
2025-08-21 10:50:00+00:00,0.8918600082397461,0.8922500014305115,0.8910499811172485,0.8922299742698669,0
2025-08-21 10:55:00+00:00,0.8922200202941895,0.8924300074577332,0.8913099765777588,0.8922600150108337,0
2025-08-21 11:00:00+00:00,0.8923699855804443,0.8926299810409546,0.8916199803352356,0.8924499750137329,0
2025-08-21 11:05:00+00:00,0.8923500180244446,0.892769992351532,0.8915899991989136,0.8926100134849548,0
2025-08-21 11:10:00+00:00,0.8926799893379211,0.8927099704742432,0.8916900157928467,0.8925600051879883,0
2025-08-21 11:15:00+00:00,0.892549991607666,0.8925999999046326,0.8914700150489807,0.8922299742698669,0
2025-08-21 11:20:00+00:00,0.892270028591156,0.8924700021743774,0.891480028629303,0.8924499750137329,0
2025-08-21 11:25:00+00:00,0.8924400210380554,0.8925099968910217,0.8914399743080139,0.8923199772834778,0
2025-08-21 11:30:00+00:00,0.8922799825668335,0.8924800157546997,0.891480028629303,0.8922799825668335,0
2025-08-21 11:35:00+00:00,0.8923500180244446,0.8925600051879883,0.8915299773216248,0.8924400210380554,0
2025-08-21 11:40:00+00:00,0.8924199938774109,0.8926200270652771,0.8916699886322021,0.8925399780273438,0
2025-08-21 11:45:00+00:00,0.8924300074577332,0.892549991607666,0.8913599848747253,0.8922200202941895,0
2025-08-21 11:50:00+00:00,0.8923299908638,0.8924300074577332,0.8913400173187256,0.8920199871063232,0
2025-08-21 11:55:00+00:00,0.8921300172805786,0.8921999931335449,0.8910300135612488,0.8918499946594238,0
2025-08-21 12:00:00+00:00,0.8918300271034241,0.8919699788093567,0.8909100294113159,0.8919100165367126,0
2025-08-21 12:05:00+00:00,0.8919000029563904,0.8920599818229675,0.8910599946975708,0.8920199871063232,0
2025-08-21 12:10:00+00:00,0.8918899893760681,0.89205002784729,0.8910700082778931,0.8918700218200684,0
2025-08-21 12:15:00+00:00,0.8919900059700012,0.892009973526001,0.8910499811172485,0.8918499946594238,0
2025-08-21 12:20:00+00:00,0.8918700218200684,0.8922799825668335,0.8909400105476379,0.8921300172805786,0
2025-08-21 12:25:00+00:00,0.8921399712562561,0.8922500014305115,0.89096999168396,0.8917099833488464,0
2025-08-21 12:30:00+00:00,0.8916599750518799,0.8924800157546997,0.8914899826049805,0.8923599720001221,0
2025-08-21 12:35:00+00:00,0.8924300074577332,0.8925899863243103,0.8914899826049805,0.8921700119972229,0
2025-08-21 12:40:00+00:00,0.8920300006866455,0.8924300074577332,0.8910800218582153,0.8919000029563904,0
2025-08-21 12:45:00+00:00,0.8918899893760681,0.8922600150108337,0.8912500143051147,0.8921800255775452,0
2025-08-21 12:50:00+00:00,0.8921700119972229,0.8922299742698669,0.8910499811172485,0.8918399810791016,0
2025-08-21 12:55:00+00:00,0.8918300271034241,0.8920199871063232,0.8909000158309937,0.8919600248336792,0
2025-08-21 13:00:00+00:00,0.8919600248336792,0.892490029335022,0.8914499878883362,0.8923500180244446,0
2025-08-21 13:05:00+00:00,0.8923199772834778,0.8926500082015991,0.8914099931716919,0.8925399780273438,0
2025-08-21 13:10:00+00:00,0.8924800157546997,0.8925600051879883,0.8915200233459473,0.8923599720001221,0
2025-08-21 13:15:00+00:00,0.8923699855804443,0.8926200270652771,0.891569972038269,0.8925099968910217,0
2025-08-21 13:20:00+00:00,0.8925099968910217,0.8926699757575989,0.8916900157928467,0.8926200270652771,0
2025-08-21 13:25:00+00:00,0.8925999999046326,0.8927900195121765,0.891759991645813,0.892769992351532,0
2025-08-21 13:30:00+00:00,0.8926500082015991,0.8928499817848206,0.8918300271034241,0.8926600217819214,0
2025-08-21 13:35:00+00:00,0.8926699757575989,0.892989993095398,0.8919299840927124,0.8928499817848206,0
2025-08-21 13:40:00+00:00,0.8927800059318542,0.8928700089454651,0.8918300271034241,0.8926100134849548,0
2025-08-21 13:45:00+00:00,0.8924400210380554,0.8926299810409546,0.8913599848747253,0.8924099802970886,0
2025-08-21 13:50:00+00:00,0.8923900127410889,0.8924599885940552,0.8913099765777588,0.8921999931335449,0
2025-08-21 13:55:00+00:00,0.8921800255775452,0.8923500180244446,0.8912799954414368,0.8922600150108337,0
2025-08-21 14:00:00+00:00,0.8921499848365784,0.8928999900817871,0.8915500044822693,0.892799973487854,0
2025-08-21 14:05:00+00:00,0.8928700089454651,0.8933500051498413,0.8919900059700012,0.8931900262832642,0
2025-08-21 14:10:00+00:00,0.8930799961090088,0.8934500217437744,0.8920599818229675,0.8933899998664856,0
2025-08-21 14:15:00+00:00,0.8932999968528748,0.8934199810028076,0.8923799991607666,0.8930400013923645,0
2025-08-21 14:20:00+00:00,0.8931599855422974,0.8932099938392639,0.8921300172805786,0.8928800225257874,0
2025-08-21 14:25:00+00:00,0.8928599953651428,0.8928899765014648,0.8918200135231018,0.89274001121521,0
2025-08-21 14:30:00+00:00,0.8927500247955322,0.8930500149726868,0.8926299810409546,0.8928200006484985,0
2025-08-21 14:35:00+00:00,0.8929100036621094,0.8931099772453308,0.8920000195503235,0.8928400278091431,0
2025-08-21 14:40:00+00:00,0.8928200006484985,0.8929499983787537,0.8918499946594238,0.8927299976348877,0
2025-08-21 14:45:00+00:00,0.892799973487854,0.8928200006484985,0.891700029373169,0.892520010471344,0
2025-08-21 14:50:00+00:00,0.8924300074577332,0.8929299712181091,0.8915299773216248,0.8929100036621094,0
2025-08-21 14:55:00+00:00,0.8928200006484985,0.8930500149726868,0.8919000029563904,0.8928999900817871,0
2025-08-21 15:00:00+00:00,0.8928899765014648,0.8930400013923645,0.891979992389679,0.8925899863243103,0
2025-08-21 15:05:00+00:00,0.892579972743988,0.8927299976348877,0.8916900157928467,0.8926299810409546,0
2025-08-21 15:10:00+00:00,0.8926399946212769,0.89274001121521,0.8913400173187256,0.8923900127410889,0
2025-08-21 15:15:00+00:00,0.8924499750137329,0.8925399780273438,0.8913000226020813,0.8923500180244446,0
2025-08-21 15:20:00+00:00,0.8923100233078003,0.8927000164985657,0.8912400007247925,0.892549991607666,0
2025-08-21 15:25:00+00:00,0.8924499750137329,0.8929299712181091,0.8916400074958801,0.89274001121521,0
2025-08-21 15:30:00+00:00,0.8926799893379211,0.8928899765014648,0.8918099999427795,0.8928300142288208,0
2025-08-21 15:35:00+00:00,0.8928200006484985,0.8930000066757202,0.8919199705123901,0.8929399847984314,0
2025-08-21 15:40:00+00:00,0.8929200172424316,0.892989993095398,0.8916800022125244,0.89274001121521,0
2025-08-21 15:45:00+00:00,0.8926500082015991,0.8927900195121765,0.891700029373169,0.8927800059318542,0
2025-08-21 15:50:00+00:00,0.8926799893379211,0.892799973487854,0.8916000127792358,0.8924199938774109,0
2025-08-21 15:55:00+00:00,0.8924700021743774,0.8925099968910217,0.891480028629303,0.8923400044441223,0
2025-08-21 16:00:00+00:00,0.8922399878501892,0.8923599720001221,0.8913499712944031,0.8922299742698669,0
2025-08-21 16:05:00+00:00,0.8921399712562561,0.8923100233078003,0.8911899924278259,0.8921099901199341,0
2025-08-21 16:10:00+00:00,0.8919900059700012,0.8922500014305115,0.8913099765777588,0.8921099901199341,0
2025-08-21 16:15:00+00:00,0.8921899795532227,0.8923900127410889,0.8914600014686584,0.8923100233078003,0
2025-08-21 16:20:00+00:00,0.8922299742698669,0.8923500180244446,0.8913699984550476,0.892270028591156,0
2025-08-21 16:25:00+00:00,0.8921800255775452,0.8923299908638,0.8912500143051147,0.8922799825668335,0
2025-08-21 16:30:00+00:00,0.8922200202941895,0.8923699855804443,0.8913800120353699,0.8922899961471558,0
2025-08-21 16:35:00+00:00,0.8921800255775452,0.8923500180244446,0.8913300037384033,0.892270028591156,0
2025-08-21 16:40:00+00:00,0.8921700119972229,0.892490029335022,0.8914099931716919,0.8924199938774109,0
2025-08-21 16:45:00+00:00,0.8924199938774109,0.892490029335022,0.8915500044822693,0.8922799825668335,0
2025-08-21 16:50:00+00:00,0.8923500180244446,0.892579972743988,0.8914899826049805,0.8923299908638,0
2025-08-21 16:55:00+00:00,0.8923100233078003,0.8925099968910217,0.8914999961853027,0.8923599720001221,0
2025-08-21 17:00:00+00:00,0.8923799991607666,0.8927299976348877,0.8915799856185913,0.8925999999046326,0
2025-08-21 17:05:00+00:00,0.8926900029182434,0.8928599953651428,0.8918300271034241,0.8927199840545654,0
2025-08-21 17:10:00+00:00,0.8926900029182434,0.8928200006484985,0.891789972782135,0.892799973487854,0
2025-08-21 17:15:00+00:00,0.892799973487854,0.8928300142288208,0.8918099999427795,0.8927900195121765,0
2025-08-21 17:20:00+00:00,0.892769992351532,0.8928400278091431,0.8918799757957458,0.8926100134849548,0
2025-08-21 17:25:00+00:00,0.8926200270652771,0.8928200006484985,0.8918700218200684,0.8927299976348877,0
2025-08-21 17:30:00+00:00,0.8927000164985657,0.892989993095398,0.892009973526001,0.8928800225257874,0
2025-08-21 17:35:00+00:00,0.8928700089454651,0.893090009689331,0.8920999765396118,0.8930500149726868,0
2025-08-21 17:40:00+00:00,0.8930299878120422,0.8930799961090088,0.8920199871063232,0.8928599953651428,0
2025-08-21 17:45:00+00:00,0.8929299712181091,0.8930299878120422,0.8920400142669678,0.8928800225257874,0
2025-08-21 17:50:00+00:00,0.8929499983787537,0.8931099772453308,0.8920999765396118,0.8930500149726868,0
2025-08-21 17:55:00+00:00,0.8930400013923645,0.8931099772453308,0.8920800089836121,0.8928499817848206,0
2025-08-21 18:00:00+00:00,0.8927199840545654,0.8928800225257874,0.8918200135231018,0.8927099704742432,0
2025-08-21 18:05:00+00:00,0.8927299976348877,0.8929600119590759,0.8918600082397461,0.8928999900817871,0
2025-08-21 18:10:00+00:00,0.8929100036621094,0.8929100036621094,0.8918799757957458,0.89274001121521,0
2025-08-21 18:15:00+00:00,0.8927199840545654,0.89301997423172,0.8920599818229675,0.8929799795150757,0
2025-08-21 18:20:00+00:00,0.8928999900817871,0.893090009689331,0.8920800089836121,0.8929499983787537,0
2025-08-21 18:25:00+00:00,0.8929299712181091,0.892989993095398,0.891979992389679,0.8929299712181091,0
2025-08-21 18:30:00+00:00,0.8929200172424316,0.89301997423172,0.89205002784729,0.8928300142288208,0
2025-08-21 18:35:00+00:00,0.8929100036621094,0.893060028553009,0.8920300006866455,0.8929799795150757,0
2025-08-21 18:40:00+00:00,0.8929799795150757,0.8930699825286865,0.8921200037002563,0.8928300142288208,0
2025-08-21 18:45:00+00:00,0.8928999900817871,0.8930500149726868,0.8918700218200684,0.8930100202560425,0
2025-08-21 18:50:00+00:00,0.8929799795150757,0.8931699991226196,0.8921599984169006,0.8930799961090088,0
2025-08-21 18:55:00+00:00,0.8930500149726868,0.8931099772453308,0.892009973526001,0.8928999900817871,0
2025-08-21 19:00:00+00:00,0.8928099870681763,0.8930000066757202,0.8920300006866455,0.8928400278091431,0
2025-08-21 19:05:00+00:00,0.8928200006484985,0.8929600119590759,0.8920300006866455,0.8928200006484985,0
2025-08-21 19:10:00+00:00,0.8928200006484985,0.8929700255393982,0.8919399976730347,0.892799973487854,0
2025-08-21 19:15:00+00:00,0.892799973487854,0.8929499983787537,0.8920199871063232,0.8928999900817871,0
2025-08-21 19:20:00+00:00,0.8929100036621094,0.8929100036621094,0.8919600248336792,0.8928200006484985,0
2025-08-21 19:25:00+00:00,0.892799973487854,0.8928499817848206,0.8917499780654907,0.8925999999046326,0
2025-08-21 19:30:00+00:00,0.8926299810409546,0.8927500247955322,0.8918200135231018,0.8924999833106995,0
2025-08-21 19:35:00+00:00,0.8925300240516663,0.892579972743988,0.8915500044822693,0.8924999833106995,0
2025-08-21 19:40:00+00:00,0.8925300240516663,0.8927599787712097,0.8916800022125244,0.8926100134849548,0
2025-08-21 19:45:00+00:00,0.8926900029182434,0.8927099704742432,0.8917099833488464,0.8926699757575989,0
2025-08-21 19:50:00+00:00,0.8925899863243103,0.892799973487854,0.8918200135231018,0.8927500247955322,0
2025-08-21 19:55:00+00:00,0.8927199840545654,0.8928099870681763,0.8917400240898132,0.8927800059318542,0
2025-08-21 20:00:00+00:00,0.8927599787712097,0.8928400278091431,0.8919000029563904,0.8926500082015991,0
2025-08-21 20:05:00+00:00,0.8927299976348877,0.8929499983787537,0.8918399810791016,0.8928099870681763,0
2025-08-21 20:10:00+00:00,0.8928400278091431,0.8929499983787537,0.8919600248336792,0.89274001121521,0
2025-08-21 20:15:00+00:00,0.89274001121521,0.893060028553009,0.8920400142669678,0.8929100036621094,0
2025-08-21 20:20:00+00:00,0.8928099870681763,0.8929100036621094,0.8919399976730347,0.8927900195121765,0
2025-08-21 20:25:00+00:00,0.8928800225257874,0.8929100036621094,0.8919500112533569,0.892799973487854,0
2025-08-21 20:30:00+00:00,0.8928899765014648,0.8929200172424316,0.8918899893760681,0.8927800059318542,0
2025-08-21 20:35:00+00:00,0.8928999900817871,0.8930299878120422,0.8920300006866455,0.8929100036621094,0
2025-08-21 20:40:00+00:00,0.8928800225257874,0.8931000232696533,0.8921499848365784,0.8931000232696533,0
2025-08-21 20:45:00+00:00,0.893090009689331,0.8931199908256531,0.8921099901199341,0.892989993095398,0
2025-08-21 20:50:00+00:00,0.8928800225257874,0.8930699825286865,0.8920900225639343,0.8928999900817871,0
2025-08-21 20:55:00+00:00,0.8928999900817871,0.893090009689331,0.8921399712562561,0.8925700187683105,0
2025-08-21 21:00:00+00:00,0.892549991607666,0.893339991569519,0.8920699954032898,0.8921999931335449,0
2025-08-21 21:05:00+00:00,0.8921800255775452,0.8931499719619751,0.8919399976730347,0.8924999833106995,0
2025-08-21 21:10:00+00:00,0.8924999833106995,0.8929200172424316,0.8922500014305115,0.8928700089454651,0
2025-08-21 21:15:00+00:00,0.8924400210380554,0.892989993095398,0.8924199938774109,0.8927000164985657,0
2025-08-21 21:20:00+00:00,0.8925399780273438,0.892989993095398,0.8923100233078003,0.8929399847984314,0
2025-08-21 21:25:00+00:00,0.892989993095398,0.892989993095398,0.8922299742698669,0.8924499750137329,0
2025-08-21 21:30:00+00:00,0.8924599885940552,0.8929700255393982,0.8922600150108337,0.8928200006484985,0
2025-08-21 21:35:00+00:00,0.8928099870681763,0.8929700255393982,0.8920999765396118,0.8927900195121765,0
2025-08-21 21:40:00+00:00,0.8928499817848206,0.8929700255393982,0.8920599818229675,0.8927099704742432,0
2025-08-21 21:45:00+00:00,0.8926799893379211,0.8928200006484985,0.8920800089836121,0.89274001121521,0
2025-08-21 21:50:00+00:00,0.8927500247955322,0.8927800059318542,0.8920400142669678,0.8927099704742432,0
2025-08-21 21:55:00+00:00,0.8927099704742432,0.8927599787712097,0.8920199871063232,0.8927099704742432,0
2025-08-21 22:00:00+00:00,0.89274001121521,0.8931300044059753,0.8921800255775452,0.89301997423172,0
2025-08-21 22:05:00+00:00,0.8930400013923645,0.8931999802589417,0.8921899795532227,0.8931000232696533,0
2025-08-21 22:10:00+00:00,0.8931000232696533,0.8932899832725525,0.8922200202941895,0.8931099772453308,0
2025-08-21 22:15:00+00:00,0.8931900262832642,0.8932999968528748,0.8923199772834778,0.893280029296875,0
2025-08-21 22:20:00+00:00,0.8931999802589417,0.893280029296875,0.8922799825668335,0.8932300209999084,0
2025-08-21 22:25:00+00:00,0.8931699991226196,0.893310010433197,0.8923500180244446,0.8932700157165527,0
2025-08-21 22:30:00+00:00,0.8932300209999084,0.8933699727058411,0.8924199938774109,0.8933299779891968,0
2025-08-21 22:35:00+00:00,0.8932899832725525,0.8934900164604187,0.8924199938774109,0.8934699892997742,0
2025-08-21 22:40:00+00:00,0.8933899998664856,0.8934500217437744,0.892300009727478,0.8933500051498413,0
2025-08-21 22:45:00+00:00,0.8933500051498413,0.8934199810028076,0.8924300074577332,0.893280029296875,0
2025-08-21 22:50:00+00:00,0.893310010433197,0.8933899998664856,0.8923699855804443,0.8933200240135193,0
2025-08-21 22:55:00+00:00,0.893280029296875,0.893339991569519,0.8923500180244446,0.8931599855422974,0
2025-08-21 23:00:00+00:00,0.8930799961090088,0.8932399749755859,0.8922200202941895,0.8931199908256531,0
2025-08-21 23:05:00+00:00,0.8930699825286865,0.8931199908256531,0.8920599818229675,0.8930100202560425,0
2025-08-21 23:10:00+00:00,0.8928899765014648,0.8930400013923645,0.8920699954032898,0.8929100036621094,0
2025-08-21 23:15:00+00:00,0.8929399847984314,0.893090009689331,0.8920900225639343,0.8929600119590759,0
2025-08-21 23:20:00+00:00,0.8930400013923645,0.8931599855422974,0.8921099901199341,0.8931099772453308,0
2025-08-21 23:25:00+00:00,0.893090009689331,0.8931800127029419,0.8921300172805786,0.8930699825286865,0
2025-08-21 23:30:00+00:00,0.8930000066757202,0.8931199908256531,0.8920999765396118,0.8930299878120422,0
2025-08-21 23:35:00+00:00,0.8930400013923645,0.8931099772453308,0.8921099901199341,0.8930400013923645,0
2025-08-21 23:40:00+00:00,0.8930000066757202,0.8931000232696533,0.8921200037002563,0.8929499983787537,0
2025-08-21 23:45:00+00:00,0.892989993095398,0.8931699991226196,0.8921899795532227,0.8931699991226196,0
2025-08-21 23:50:00+00:00,0.8931300044059753,0.8931800127029419,0.8920800089836121,0.8930699825286865,0
2025-08-21 23:55:00+00:00,0.8930299878120422,0.8932399749755859,0.8921999931335449,0.8931900262832642,0
2025-08-22 00:00:00+00:00,0.8931099772453308,0.8936799764633179,0.8926500082015991,0.8933899998664856,0
2025-08-22 00:05:00+00:00,0.8934400081634521,0.8934699892997742,0.8924599885940552,0.8932399749755859,0
2025-08-22 00:10:00+00:00,0.8931999802589417,0.893310010433197,0.8920999765396118,0.89301997423172,0
2025-08-22 00:15:00+00:00,0.8929600119590759,0.89301997423172,0.8919399976730347,0.8929700255393982,0
2025-08-22 00:20:00+00:00,0.8929600119590759,0.8931800127029419,0.8921300172805786,0.8931800127029419,0
2025-08-22 00:25:00+00:00,0.8931499719619751,0.8932499885559082,0.8920900225639343,0.8929100036621094,0
2025-08-22 00:30:00+00:00,0.8929399847984314,0.8932399749755859,0.8922899961471558,0.8930100202560425,0
2025-08-22 00:35:00+00:00,0.8930400013923645,0.893339991569519,0.8921599984169006,0.8932399749755859,0
2025-08-22 00:40:00+00:00,0.8932499885559082,0.8932899832725525,0.8922299742698669,0.8931699991226196,0
2025-08-22 00:45:00+00:00,0.8932399749755859,0.8933500051498413,0.892300009727478,0.8932899832725525,0
2025-08-22 00:50:00+00:00,0.8932700157165527,0.8934900164604187,0.8923599720001221,0.8934000134468079,0
2025-08-22 00:55:00+00:00,0.8934500217437744,0.8934999704360962,0.8924199938774109,0.8934400081634521,0
2025-08-22 01:00:00+00:00,0.8934599757194519,0.8936499953269958,0.8925300240516663,0.8932399749755859,0
2025-08-22 01:05:00+00:00,0.8932999968528748,0.8934199810028076,0.8922899961471558,0.8931199908256531,0
2025-08-22 01:10:00+00:00,0.8932200074195862,0.8934400081634521,0.8924400210380554,0.893339991569519,0
2025-08-22 01:15:00+00:00,0.8932999968528748,0.8934800028800964,0.8924199938774109,0.8932499885559082,0
2025-08-22 01:20:00+00:00,0.8932200074195862,0.8933500051498413,0.8923199772834778,0.8932300209999084,0
2025-08-22 01:25:00+00:00,0.8932099938392639,0.8935099840164185,0.8924599885940552,0.8934699892997742,0
2025-08-22 01:30:00+00:00,0.8933699727058411,0.893589973449707,0.8924700021743774,0.8934900164604187,0
2025-08-22 01:35:00+00:00,0.8935199975967407,0.8936200141906738,0.8926100134849548,0.8935999870300293,0
2025-08-22 01:40:00+00:00,0.893589973449707,0.8936700224876404,0.8926399946212769,0.8935700058937073,0
2025-08-22 01:45:00+00:00,0.8936100006103516,0.8936700224876404,0.8926299810409546,0.8933600187301636,0
2025-08-22 01:50:00+00:00,0.8933299779891968,0.8934100270271301,0.8923199772834778,0.8932399749755859,0
2025-08-22 01:55:00+00:00,0.8932300209999084,0.8934400081634521,0.8923400044441223,0.8933500051498413,0
2025-08-22 02:00:00+00:00,0.8933299779891968,0.8934000134468079,0.8923799991607666,0.8932999968528748,0
2025-08-22 02:05:00+00:00,0.8932300209999084,0.8935700058937073,0.8923599720001221,0.8934800028800964,0
2025-08-22 02:10:00+00:00,0.8933799862861633,0.8936499953269958,0.8925600051879883,0.8935499787330627,0
2025-08-22 02:15:00+00:00,0.8935700058937073,0.8941500186920166,0.8926600217819214,0.8939399719238281,0
2025-08-22 02:20:00+00:00,0.8939800262451172,0.8940399885177612,0.8928400278091431,0.8937399983406067,0
2025-08-22 02:25:00+00:00,0.8937699794769287,0.8938400149345398,0.8927199840545654,0.8937900066375732,0
2025-08-22 02:30:00+00:00,0.893779993057251,0.8941599726676941,0.893060028553009,0.8941400051116943,0
2025-08-22 02:35:00+00:00,0.8941299915313721,0.8941699862480164,0.8931000232696533,0.8940500020980835,0
2025-08-22 02:40:00+00:00,0.8939800262451172,0.8941599726676941,0.8931199908256531,0.8940899968147278,0
2025-08-22 02:45:00+00:00,0.8940399885177612,0.8942599892616272,0.8931999802589417,0.8941799998283386,0
2025-08-22 02:50:00+00:00,0.8941400051116943,0.8942400217056274,0.8931300044059753,0.894029974937439,0
2025-08-22 02:55:00+00:00,0.8939999938011169,0.894070029258728,0.8930000066757202,0.893809974193573,0
2025-08-22 03:00:00+00:00,0.8937900066375732,0.8938900232315063,0.8928899765014648,0.8936100006103516,0
2025-08-22 03:05:00+00:00,0.8935800194740295,0.8938500285148621,0.8926399946212769,0.8937699794769287,0
2025-08-22 03:10:00+00:00,0.893750011920929,0.8940500020980835,0.8930400013923645,0.8939099907875061,0
2025-08-22 03:15:00+00:00,0.8938599824905396,0.8942400217056274,0.893090009689331,0.8940500020980835,0
2025-08-22 03:20:00+00:00,0.894029974937439,0.8941699862480164,0.8931199908256531,0.894029974937439,0
2025-08-22 03:25:00+00:00,0.8940399885177612,0.8942099809646606,0.8931300044059753,0.8939800262451172,0
2025-08-22 03:30:00+00:00,0.8940200209617615,0.8942199945449829,0.8931499719619751,0.8942000269889832,0
2025-08-22 03:35:00+00:00,0.8941299915313721,0.8941900134086609,0.8929200172424316,0.8938199877738953,0
2025-08-22 03:40:00+00:00,0.893809974193573,0.8939399719238281,0.8928599953651428,0.8938800096511841,0
2025-08-22 03:45:00+00:00,0.8938400149345398,0.8939200043678284,0.8928700089454651,0.8936200141906738,0
2025-08-22 03:50:00+00:00,0.8936200141906738,0.8939099907875061,0.8928499817848206,0.8936499953269958,0
2025-08-22 03:55:00+00:00,0.8936700224876404,0.8937399983406067,0.8926200270652771,0.8935400247573853,0
2025-08-22 04:00:00+00:00,0.8935099840164185,0.8936700224876404,0.8927299976348877,0.893559992313385,0
2025-08-22 04:05:00+00:00,0.8934900164604187,0.8936399817466736,0.8926600217819214,0.8935199975967407,0
2025-08-22 04:10:00+00:00,0.8935099840164185,0.8937100172042847,0.8926299810409546,0.8936600089073181,0
2025-08-22 04:15:00+00:00,0.8936100006103516,0.8936600089073181,0.8926100134849548,0.8933799862861633,0
2025-08-22 04:20:00+00:00,0.8934699892997742,0.893530011177063,0.8925399780273438,0.8934800028800964,0
2025-08-22 04:25:00+00:00,0.8934900164604187,0.8935099840164185,0.8923199772834778,0.8931499719619751,0
2025-08-22 04:30:00+00:00,0.893090009689331,0.8931599855422974,0.8921899795532227,0.8930699825286865,0
2025-08-22 04:35:00+00:00,0.8930299878120422,0.8932399749755859,0.8921399712562561,0.8931499719619751,0
2025-08-22 04:40:00+00:00,0.8931400179862976,0.8934400081634521,0.8922799825668335,0.8934100270271301,0
2025-08-22 04:45:00+00:00,0.8933500051498413,0.8934800028800964,0.8924300074577332,0.8932700157165527,0
2025-08-22 04:50:00+00:00,0.893280029296875,0.893280029296875,0.8922299742698669,0.8932099938392639,0
2025-08-22 04:55:00+00:00,0.8931599855422974,0.893310010433197,0.892270028591156,0.8931499719619751,0
2025-08-22 05:00:00+00:00,0.893060028553009,0.8931499719619751,0.8920000195503235,0.892989993095398,0
2025-08-22 05:05:00+00:00,0.8929299712181091,0.8930699825286865,0.8920599818229675,0.8928300142288208,0
2025-08-22 05:10:00+00:00,0.8928599953651428,0.8930299878120422,0.8919699788093567,0.892989993095398,0
2025-08-22 05:15:00+00:00,0.8929299712181091,0.8930799961090088,0.8920300006866455,0.8928599953651428,0
2025-08-22 05:20:00+00:00,0.892799973487854,0.8929700255393982,0.8920000195503235,0.8927800059318542,0
2025-08-22 05:25:00+00:00,0.892769992351532,0.8929499983787537,0.8919100165367126,0.8928400278091431,0
2025-08-22 05:30:00+00:00,0.8928499817848206,0.8931300044059753,0.8920300006866455,0.89301997423172,0
2025-08-22 05:35:00+00:00,0.8930500149726868,0.8930699825286865,0.8920000195503235,0.89274001121521,0
2025-08-22 05:40:00+00:00,0.89274001121521,0.8929499983787537,0.8918499946594238,0.8929100036621094,0
2025-08-22 05:45:00+00:00,0.8929200172424316,0.8929700255393982,0.8919299840927124,0.8928700089454651,0
2025-08-22 05:50:00+00:00,0.8928999900817871,0.8930100202560425,0.8919399976730347,0.8929299712181091,0
2025-08-22 05:55:00+00:00,0.8929100036621094,0.8929799795150757,0.8918600082397461,0.89274001121521,0
2025-08-22 06:00:00+00:00,0.8926600217819214,0.8929299712181091,0.8918200135231018,0.8928800225257874,0
2025-08-22 06:05:00+00:00,0.8927900195121765,0.8930299878120422,0.8919199705123901,0.8929499983787537,0
2025-08-22 06:10:00+00:00,0.892989993095398,0.8931900262832642,0.8921300172805786,0.8931900262832642,0
2025-08-22 06:15:00+00:00,0.8931599855422974,0.8933699727058411,0.8923699855804443,0.8933200240135193,0
2025-08-22 06:20:00+00:00,0.8933200240135193,0.8934800028800964,0.8923900127410889,0.8934000134468079,0
2025-08-22 06:25:00+00:00,0.8933500051498413,0.8935800194740295,0.8925399780273438,0.8934900164604187,0
2025-08-22 06:30:00+00:00,0.8934900164604187,0.893530011177063,0.8924599885940552,0.8933200240135193,0
2025-08-22 06:35:00+00:00,0.893310010433197,0.8933299779891968,0.8922500014305115,0.892989993095398,0
2025-08-22 06:40:00+00:00,0.8929799795150757,0.8930699825286865,0.892009973526001,0.8930400013923645,0
2025-08-22 06:45:00+00:00,0.89301997423172,0.8931300044059753,0.8921300172805786,0.8930000066757202,0
2025-08-22 06:50:00+00:00,0.8929499983787537,0.8931699991226196,0.8920699954032898,0.8931499719619751,0
2025-08-22 06:55:00+00:00,0.8930799961090088,0.8932399749755859,0.8921700119972229,0.8930400013923645,0
2025-08-22 07:00:00+00:00,0.8930400013923645,0.8934699892997742,0.8923699855804443,0.8933799862861633,0
2025-08-22 07:05:00+00:00,0.8933799862861633,0.8934100270271301,0.8923100233078003,0.8933299779891968,0
2025-08-22 07:10:00+00:00,0.8932999968528748,0.8934999704360962,0.8924599885940552,0.8934000134468079,0
2025-08-22 07:15:00+00:00,0.8933799862861633,0.8935099840164185,0.8931900262832642,0.8932499885559082,0
2025-08-22 07:20:00+00:00,0.8932399749755859,0.8933799862861633,0.8923500180244446,0.8932200074195862,0
2025-08-22 07:25:00+00:00,0.8931800127029419,0.8932899832725525,0.8922200202941895,0.8931400179862976,0
2025-08-22 07:30:00+00:00,0.8931499719619751,0.8932700157165527,0.892270028591156,0.8931300044059753,0
2025-08-22 07:35:00+00:00,0.893060028553009,0.8931599855422974,0.8919900059700012,0.8930699825286865,0
2025-08-22 07:40:00+00:00,0.8930500149726868,0.8933600187301636,0.8921499848365784,0.8932899832725525,0
2025-08-22 07:45:00+00:00,0.8932899832725525,0.8935099840164185,0.8925399780273438,0.8934000134468079,0
2025-08-22 07:50:00+00:00,0.8934400081634521,0.8936499953269958,0.8925399780273438,0.8935499787330627,0
2025-08-22 07:55:00+00:00,0.893530011177063,0.8938000202178955,0.8926900029182434,0.8935099840164185,0
2025-08-22 08:00:00+00:00,0.8935700058937073,0.8937100172042847,0.8927599787712097,0.8935700058937073,0
2025-08-22 08:05:00+00:00,0.8935800194740295,0.8939499855041504,0.8927000164985657,0.8938900232315063,0
2025-08-22 08:10:00+00:00,0.8938599824905396,0.8939899802207947,0.8929200172424316,0.8938699960708618,0
2025-08-22 08:15:00+00:00,0.8938599824905396,0.8939999938011169,0.892989993095398,0.8939099907875061,0
2025-08-22 08:20:00+00:00,0.8938800096511841,0.8941299915313721,0.8930400013923645,0.894029974937439,0
2025-08-22 08:25:00+00:00,0.8940100073814392,0.8941900134086609,0.8931099772453308,0.8941599726676941,0
2025-08-22 08:30:00+00:00,0.8941400051116943,0.8942400217056274,0.8932399749755859,0.8942000269889832,0
2025-08-22 08:35:00+00:00,0.8941599726676941,0.8942499756813049,0.8932300209999084,0.8941100239753723,0
2025-08-22 08:40:00+00:00,0.8941100239753723,0.8943799734115601,0.8932399749755859,0.8943099975585938,0
2025-08-22 08:45:00+00:00,0.8943099975585938,0.8944299817085266,0.8934100270271301,0.8943700194358826,0
2025-08-22 08:50:00+00:00,0.8943899869918823,0.8946099877357483,0.8934400081634521,0.8942999839782715,0
2025-08-22 08:55:00+00:00,0.8942499756813049,0.8943099975585938,0.8932300209999084,0.8942400217056274,0
2025-08-22 09:00:00+00:00,0.8942700028419495,0.8945000171661377,0.8934199810028076,0.8944100141525269,0
2025-08-22 09:05:00+00:00,0.8943899869918823,0.8944500088691711,0.8933899998664856,0.8942099809646606,0
2025-08-22 09:10:00+00:00,0.8941900134086609,0.8942999839782715,0.8931300044059753,0.8939200043678284,0
2025-08-22 09:15:00+00:00,0.8939899802207947,0.8940799832344055,0.8931099772453308,0.8938900232315063,0
2025-08-22 09:20:00+00:00,0.8938500285148621,0.8939700126647949,0.8929600119590759,0.8938400149345398,0
2025-08-22 09:25:00+00:00,0.8938000202178955,0.8938999772071838,0.8928499817848206,0.8937399983406067,0
2025-08-22 09:30:00+00:00,0.8937600255012512,0.8939899802207947,0.8928499817848206,0.8938800096511841,0
2025-08-22 09:35:00+00:00,0.8939200043678284,0.8939499855041504,0.8927000164985657,0.8935999870300293,0
2025-08-22 09:40:00+00:00,0.893589973449707,0.8936799764633179,0.8924700021743774,0.8934100270271301,0
2025-08-22 09:45:00+00:00,0.8933500051498413,0.8934699892997742,0.8924999833106995,0.893339991569519,0
2025-08-22 09:50:00+00:00,0.8933500051498413,0.8934599757194519,0.8924700021743774,0.893280029296875,0
2025-08-22 09:55:00+00:00,0.8933299779891968,0.8933500051498413,0.8922299742698669,0.8931300044059753,0
2025-08-22 10:00:00+00:00,0.893090009689331,0.8931999802589417,0.8921399712562561,0.8931199908256531,0
2025-08-22 10:05:00+00:00,0.8931099772453308,0.8932999968528748,0.8920699954032898,0.8932499885559082,0
2025-08-22 10:10:00+00:00,0.8932399749755859,0.8932999968528748,0.8923199772834778,0.8932200074195862,0
2025-08-22 10:15:00+00:00,0.8931800127029419,0.8932499885559082,0.892270028591156,0.89301997423172,0
2025-08-22 10:20:00+00:00,0.8930299878120422,0.8931699991226196,0.8920999765396118,0.89301997423172,0
2025-08-22 10:25:00+00:00,0.8929799795150757,0.8931300044059753,0.8921099901199341,0.8930799961090088,0
2025-08-22 10:30:00+00:00,0.8930500149726868,0.8933500051498413,0.8923599720001221,0.8931999802589417,0
2025-08-22 10:35:00+00:00,0.893280029296875,0.8932999968528748,0.8922200202941895,0.892989993095398,0
2025-08-22 10:40:00+00:00,0.8929799795150757,0.8931300044059753,0.8919500112533569,0.8930400013923645,0
2025-08-22 10:45:00+00:00,0.8930299878120422,0.893060028553009,0.8921200037002563,0.8929100036621094,0
2025-08-22 10:50:00+00:00,0.8929299712181091,0.8931499719619751,0.8920800089836121,0.892989993095398,0
2025-08-22 10:55:00+00:00,0.8930400013923645,0.8931499719619751,0.8920999765396118,0.8930699825286865,0
2025-08-22 11:00:00+00:00,0.893060028553009,0.8931599855422974,0.8921999931335449,0.893090009689331,0
2025-08-22 11:05:00+00:00,0.8930799961090088,0.8932899832725525,0.8921899795532227,0.8931300044059753,0
2025-08-22 11:10:00+00:00,0.8931000232696533,0.8931800127029419,0.8920000195503235,0.8929100036621094,0
2025-08-22 11:15:00+00:00,0.8928499817848206,0.893060028553009,0.8920900225639343,0.8929100036621094,0
2025-08-22 11:20:00+00:00,0.8929700255393982,0.893060028553009,0.8919199705123901,0.8930500149726868,0
2025-08-22 11:25:00+00:00,0.8930500149726868,0.8931000232696533,0.8920599818229675,0.8928999900817871,0
2025-08-22 11:30:00+00:00,0.8929100036621094,0.8931900262832642,0.8921499848365784,0.893060028553009,0
2025-08-22 11:35:00+00:00,0.8930100202560425,0.8932300209999084,0.8921899795532227,0.8931099772453308,0
2025-08-22 11:40:00+00:00,0.893090009689331,0.8932399749755859,0.8922299742698669,0.8932300209999084,0
2025-08-22 11:45:00+00:00,0.8931999802589417,0.893280029296875,0.8922600150108337,0.8930799961090088,0
2025-08-22 11:50:00+00:00,0.8930299878120422,0.8931599855422974,0.8920900225639343,0.8931499719619751,0
2025-08-22 11:55:00+00:00,0.8931000232696533,0.8933299779891968,0.8922600150108337,0.8932300209999084,0
2025-08-22 12:00:00+00:00,0.8932600021362305,0.8936499953269958,0.8925999999046326,0.8935700058937073,0
2025-08-22 12:05:00+00:00,0.893559992313385,0.8938300013542175,0.8926100134849548,0.8937600255012512,0
2025-08-22 12:10:00+00:00,0.893779993057251,0.8938400149345398,0.892799973487854,0.8937699794769287,0
2025-08-22 12:15:00+00:00,0.8937699794769287,0.8939300179481506,0.8928800225257874,0.8938900232315063,0
2025-08-22 12:20:00+00:00,0.8938999772071838,0.8941100239753723,0.8930400013923645,0.8939800262451172,0
2025-08-22 12:25:00+00:00,0.8939499855041504,0.8941799998283386,0.89301997423172,0.894070029258728,0
2025-08-22 12:30:00+00:00,0.8940600156784058,0.8940799832344055,0.8929399847984314,0.8938500285148621,0
2025-08-22 12:35:00+00:00,0.8937900066375732,0.8938599824905396,0.8927599787712097,0.8937199711799622,0
2025-08-22 12:40:00+00:00,0.8937199711799622,0.893779993057251,0.8926399946212769,0.8935400247573853,0
2025-08-22 12:45:00+00:00,0.893559992313385,0.8938699960708618,0.8927500247955322,0.893779993057251,0
2025-08-22 12:50:00+00:00,0.893809974193573,0.8939499855041504,0.8928899765014648,0.8938599824905396,0
2025-08-22 12:55:00+00:00,0.8938000202178955,0.8938599824905396,0.8927299976348877,0.893589973449707,0
2025-08-22 13:00:00+00:00,0.893559992313385,0.894029974937439,0.8928499817848206,0.8939800262451172,0
2025-08-22 13:05:00+00:00,0.8939499855041504,0.8942599892616272,0.8930000066757202,0.8940799832344055,0
2025-08-22 13:10:00+00:00,0.8941299915313721,0.8945199847221375,0.8934100270271301,0.8945099711418152,0
2025-08-22 13:15:00+00:00,0.8944699764251709,0.8946999907493591,0.8936799764633179,0.8946700096130371,0
2025-08-22 13:20:00+00:00,0.8946400284767151,0.894760012626648,0.893589973449707,0.8945500254631042,0
2025-08-22 13:25:00+00:00,0.8945199847221375,0.8947399854660034,0.8935999870300293,0.8947299718856812,0
2025-08-22 13:30:00+00:00,0.8947200179100037,0.894860029220581,0.8946300148963928,0.8948100209236145,0
2025-08-22 13:35:00+00:00,0.894819974899292,0.8949900269508362,0.8938699960708618,0.8946999907493591,0
2025-08-22 13:40:00+00:00,0.8947200179100037,0.8948000073432922,0.8936399817466736,0.8945800065994263,0
2025-08-22 13:45:00+00:00,0.8945800065994263,0.8947799801826477,0.8936499953269958,0.8947100043296814,0
2025-08-22 13:50:00+00:00,0.894760012626648,0.8950499892234802,0.8937900066375732,0.894819974899292,0
2025-08-22 13:55:00+00:00,0.8948500156402588,0.8948699831962585,0.8937399983406067,0.894599974155426,0
2025-08-22 14:00:00+00:00,0.894540011882782,0.8979200124740601,0.894540011882782,0.8969200253486633,0
2025-08-22 14:05:00+00:00,0.8968200087547302,0.8982599973678589,0.8962500095367432,0.898169994354248,0
2025-08-22 14:10:00+00:00,0.8982300162315369,0.8983700275421143,0.8966699838638306,0.8976799845695496,0
2025-08-22 14:15:00+00:00,0.8976699709892273,0.8986999988555908,0.89683997631073,0.89860999584198,0
2025-08-22 14:20:00+00:00,0.89860999584198,0.8986700177192688,0.8970400094985962,0.8982800245285034,0
2025-08-22 14:25:00+00:00,0.8983100056648254,0.8986700177192688,0.897409975528717,0.8981599807739258,0
2025-08-22 14:30:00+00:00,0.8981500267982483,0.8988800048828125,0.8975600004196167,0.8984400033950806,0
2025-08-22 14:35:00+00:00,0.8983799815177917,0.8988100290298462,0.8974499702453613,0.8987699747085571,0
2025-08-22 14:40:00+00:00,0.8986899852752686,0.8988800048828125,0.897599995136261,0.8987399935722351,0
2025-08-22 14:45:00+00:00,0.8987100124359131,0.8989800214767456,0.8975099921226501,0.8984000086784363,0
2025-08-22 14:50:00+00:00,0.8983799815177917,0.8986899852752686,0.8975300192832947,0.8984100222587585,0
2025-08-22 14:55:00+00:00,0.8983399868011475,0.8985400199890137,0.8972799777984619,0.8982200026512146,0
2025-08-22 15:00:00+00:00,0.8982200026512146,0.8987699747085571,0.8974499702453613,0.8986999988555908,0
2025-08-22 15:05:00+00:00,0.8987200260162354,0.8990499973297119,0.8976799845695496,0.8990300297737122,0
2025-08-22 15:10:00+00:00,0.8989899754524231,0.8991400003433228,0.8979499936103821,0.8988999724388123,0
2025-08-22 15:15:00+00:00,0.8988900184631348,0.8990600109100342,0.8979799747467041,0.8988400101661682,0
2025-08-22 15:20:00+00:00,0.8988500237464905,0.8989599943161011,0.8977599740028381,0.898639976978302,0
2025-08-22 15:25:00+00:00,0.8986499905586243,0.8987500071525574,0.8974800109863281,0.8984400033950806,0
2025-08-22 15:30:00+00:00,0.8984000086784363,0.8984500169754028,0.8972200155258179,0.8978800177574158,0
2025-08-22 15:35:00+00:00,0.897849977016449,0.8979399800300598,0.8967199921607971,0.8975899815559387,0
2025-08-22 15:40:00+00:00,0.8975499868392944,0.8978099822998047,0.8964599967002869,0.8975899815559387,0
2025-08-22 15:45:00+00:00,0.8976500034332275,0.8977199792861938,0.8966299891471863,0.8975399732589722,0
2025-08-22 15:50:00+00:00,0.897570013999939,0.8978899717330933,0.8965799808502197,0.8978700041770935,0
2025-08-22 15:55:00+00:00,0.897819995880127,0.8978999853134155,0.8967099785804749,0.8975399732589722,0
2025-08-22 16:00:00+00:00,0.897570013999939,0.8979200124740601,0.8968499898910522,0.8978899717330933,0
2025-08-22 16:05:00+00:00,0.8978700041770935,0.8980200290679932,0.8970100283622742,0.8979300260543823,0
2025-08-22 16:10:00+00:00,0.8979300260543823,0.8980399966239929,0.8968499898910522,0.8977500200271606,0
2025-08-22 16:15:00+00:00,0.8977400064468384,0.8978099822998047,0.8967199921607971,0.8975800275802612,0
2025-08-22 16:20:00+00:00,0.897570013999939,0.8976799845695496,0.8965799808502197,0.8974999785423279,0
2025-08-22 16:25:00+00:00,0.8974800109863281,0.8976200222969055,0.8965799808502197,0.8974800109863281,0
2025-08-22 16:30:00+00:00,0.8975300192832947,0.8978000283241272,0.8967700004577637,0.8976899981498718,0
2025-08-22 16:35:00+00:00,0.897599995136261,0.8977800011634827,0.8966400027275085,0.8974800109863281,0
2025-08-22 16:40:00+00:00,0.8975200057029724,0.8977100253105164,0.8964300155639648,0.8974400162696838,0
2025-08-22 16:45:00+00:00,0.8974400162696838,0.8976899981498718,0.896619975566864,0.897599995136261,0
2025-08-22 16:50:00+00:00,0.8975899815559387,0.8977100253105164,0.8964300155639648,0.8973000049591064,0
2025-08-22 16:55:00+00:00,0.8972300291061401,0.8974199891090393,0.896340012550354,0.897350013256073,0
2025-08-22 17:00:00+00:00,0.897350013256073,0.8977199792861938,0.89656001329422,0.8977000117301941,0
2025-08-22 17:05:00+00:00,0.8977000117301941,0.8977900147438049,0.8965799808502197,0.8976200222969055,0
2025-08-22 17:10:00+00:00,0.8975800275802612,0.8976500034332275,0.89656001329422,0.8975499868392944,0
2025-08-22 17:15:00+00:00,0.8975399732589722,0.8976600170135498,0.89656001329422,0.8975600004196167,0
2025-08-22 17:20:00+00:00,0.8975499868392944,0.8976799845695496,0.8963000178337097,0.8972899913787842,0
2025-08-22 17:25:00+00:00,0.8972600102424622,0.8975300192832947,0.8964700102806091,0.8974400162696838,0
2025-08-22 17:30:00+00:00,0.8974199891090393,0.8975800275802612,0.8965700268745422,0.8975600004196167,0
2025-08-22 17:35:00+00:00,0.8975399732589722,0.8975800275802612,0.896589994430542,0.8974999785423279,0
2025-08-22 17:40:00+00:00,0.8974599838256836,0.8976699709892273,0.896619975566864,0.8976699709892273,0
2025-08-22 17:45:00+00:00,0.8975899815559387,0.8977000117301941,0.8966699838638306,0.8976799845695496,0
2025-08-22 17:50:00+00:00,0.8976699709892273,0.8977500200271606,0.8966699838638306,0.8976500034332275,0
2025-08-22 17:55:00+00:00,0.8977100253105164,0.8977199792861938,0.8964800238609314,0.8974599838256836,0
2025-08-22 18:00:00+00:00,0.8974499702453613,0.8975399732589722,0.8965299725532532,0.8973900079727173,0
2025-08-22 18:05:00+00:00,0.897409975528717,0.8975099921226501,0.8964599967002869,0.8973299860954285,0
2025-08-22 18:10:00+00:00,0.8973699808120728,0.8974900245666504,0.8964899778366089,0.8973900079727173,0
2025-08-22 18:15:00+00:00,0.8973299860954285,0.8974300026893616,0.8962399959564209,0.8971899747848511,0
2025-08-22 18:20:00+00:00,0.8971800208091736,0.8972899913787842,0.8962500095367432,0.8972300291061401,0
2025-08-22 18:25:00+00:00,0.8971800208091736,0.8973199725151062,0.8962399959564209,0.8972200155258179,0
2025-08-22 18:30:00+00:00,0.8972499966621399,0.8973399996757507,0.8963099718093872,0.8973100185394287,0
2025-08-22 18:35:00+00:00,0.8973000049591064,0.8973199725151062,0.8963099718093872,0.8972200155258179,0
2025-08-22 18:40:00+00:00,0.8972300291061401,0.8972399830818176,0.8961300253868103,0.8971400260925293,0
2025-08-22 18:45:00+00:00,0.8970800042152405,0.8972200155258179,0.8961799740791321,0.8971700072288513,0
2025-08-22 18:50:00+00:00,0.897130012512207,0.8972300291061401,0.8961799740791321,0.8971800208091736,0
2025-08-22 18:55:00+00:00,0.8971099853515625,0.8971800208091736,0.8960700035095215,0.8969799876213074,0
2025-08-22 19:00:00+00:00,0.8969500064849854,0.8970400094985962,0.8960099816322327,0.8969600200653076,0
2025-08-22 19:05:00+00:00,0.8969799876213074,0.8971400260925293,0.8960599899291992,0.8969399929046631,0
2025-08-22 19:10:00+00:00,0.8969699740409851,0.8970999717712402,0.8960099816322327,0.8969699740409851,0
2025-08-22 19:15:00+00:00,0.8969699740409851,0.8971099853515625,0.8961600065231323,0.8970500230789185,0
2025-08-22 19:20:00+00:00,0.8970900177955627,0.8971499800682068,0.8961600065231323,0.8969799876213074,0
2025-08-22 19:25:00+00:00,0.8969699740409851,0.8970900177955627,0.8959699869155884,0.8969500064849854,0
2025-08-22 19:30:00+00:00,0.8968799710273743,0.8969600200653076,0.8959900140762329,0.89683997631073,0
2025-08-22 19:35:00+00:00,0.8968300223350525,0.8968499898910522,0.8958200216293335,0.8967499732971191,0
2025-08-22 19:40:00+00:00,0.8967300057411194,0.89683997631073,0.8957099914550781,0.8967999815940857,0
2025-08-22 19:45:00+00:00,0.8967900276184082,0.8970100283622742,0.8960000276565552,0.8969600200653076,0
2025-08-22 19:50:00+00:00,0.8969600200653076,0.8970299959182739,0.8960599899291992,0.8969399929046631,0
2025-08-22 19:55:00+00:00,0.8969600200653076,0.8972399830818176,0.8959900140762329,0.897159993648529,0
2025-08-22 20:00:00+00:00,0.8971700072288513,0.8974000215530396,0.8961399793624878,0.8973699808120728,0
2025-08-22 20:05:00+00:00,0.8973699808120728,0.8973900079727173,0.8962900042533875,0.8972200155258179,0
2025-08-22 20:10:00+00:00,0.8972200155258179,0.8973399996757507,0.8962000012397766,0.8973000049591064,0
2025-08-22 20:15:00+00:00,0.8972899913787842,0.8973100185394287,0.8963599801063538,0.8972300291061401,0
2025-08-22 20:20:00+00:00,0.8971499800682068,0.8973199725151062,0.8963299989700317,0.8972300291061401,0
2025-08-22 20:25:00+00:00,0.8971800208091736,0.8973100185394287,0.8962299823760986,0.8972100019454956,0
2025-08-22 20:30:00+00:00,0.8972799777984619,0.8973100185394287,0.8962500095367432,0.8972100019454956,0
2025-08-22 20:35:00+00:00,0.8971499800682068,0.8972899913787842,0.8962000012397766,0.8971800208091736,0
2025-08-22 20:40:00+00:00,0.8970699906349182,0.8973299860954285,0.8962399959564209,0.897159993648529,0
2025-08-22 20:45:00+00:00,0.8972300291061401,0.8976100087165833,0.8965299725532532,0.8975399732589722,0
2025-08-22 20:50:00+00:00,0.8974199891090393,0.8975800275802612,0.8964400291442871,0.8973699808120728,0
2025-08-22 20:55:00+00:00,0.897350013256073,0.8977299928665161,0.8966299891471863,0.897409975528717,0
2025-08-22 21:00:00+00:00,0.896340012550354,0.896340012550354,0.896340012550354,0.896340012550354,0
2025-08-22 21:05:00+00:00,0.896340012550354,0.896340012550354,0.896340012550354,0.896340012550354,0
2025-08-22 21:10:00+00:00,0.896340012550354,0.896340012550354,0.896340012550354,0.896340012550354,0
2025-08-22 21:15:00+00:00,0.896340012550354,0.896340012550354,0.896340012550354,0.896340012550354,0
2025-08-22 21:20:00+00:00,0.896340012550354,0.896340012550354,0.896340012550354,0.896340012550354,0
2025-08-22 21:25:00+00:00,0.896340012550354,0.896340012550354,0.896340012550354,0.896340012550354,0
2025-08-24 23:00:00+00:00,0.8970400094985962,0.8973699808120728,0.8963500261306763,0.8973000049591064,0
2025-08-24 23:05:00+00:00,0.8972200155258179,0.8973399996757507,0.8963199853897095,0.8971999883651733,0
2025-08-24 23:10:00+00:00,0.8971099853515625,0.8973299860954285,0.8962900042533875,0.8972300291061401,0
2025-08-24 23:15:00+00:00,0.8971800208091736,0.8973199725151062,0.896340012550354,0.8971099853515625,0
2025-08-24 23:20:00+00:00,0.8970500230789185,0.8972300291061401,0.8962600231170654,0.8971199989318848,0
2025-08-24 23:25:00+00:00,0.8971700072288513,0.8972200155258179,0.8960800170898438,0.8969299793243408,0
2025-08-24 23:30:00+00:00,0.8969200253486633,0.897059977054596,0.8960800170898438,0.8969500064849854,0
2025-08-24 23:35:00+00:00,0.8969399929046631,0.897130012512207,0.8960199952125549,0.8970500230789185,0
2025-08-24 23:40:00+00:00,0.8970800042152405,0.8972100019454956,0.8961899876594543,0.897130012512207,0
2025-08-24 23:45:00+00:00,0.8970999717712402,0.8972300291061401,0.8961899876594543,0.8968700170516968,0
2025-08-24 23:50:00+00:00,0.8968799710273743,0.8970000147819519,0.896049976348877,0.8969500064849854,0
2025-08-24 23:55:00+00:00,0.8969100117683411,0.8969799876213074,0.8958100080490112,0.8967400193214417,0
2025-08-25 00:00:00+00:00,0.8967000246047974,0.8971499800682068,0.8962200284004211,0.8971199989318848,0
2025-08-25 00:05:00+00:00,0.8971099853515625,0.8973100185394287,0.8961899876594543,0.8968600034713745,0
2025-08-25 00:10:00+00:00,0.8969100117683411,0.8970699906349182,0.8959500193595886,0.8970500230789185,0
2025-08-25 00:15:00+00:00,0.8970400094985962,0.8971700072288513,0.8960700035095215,0.8969500064849854,0
2025-08-25 00:20:00+00:00,0.8969200253486633,0.8970800042152405,0.8959800004959106,0.8968799710273743,0
2025-08-25 00:25:00+00:00,0.8969399929046631,0.8971099853515625,0.8959500193595886,0.8968499898910522,0
2025-08-25 00:30:00+00:00,0.8969100117683411,0.897059977054596,0.8960199952125549,0.8969900012016296,0
2025-08-25 00:35:00+00:00,0.8969799876213074,0.8970500230789185,0.8959500193595886,0.896809995174408,0
2025-08-25 00:40:00+00:00,0.8967800140380859,0.8970699906349182,0.8959599733352661,0.8969100117683411,0
2025-08-25 00:45:00+00:00,0.8969699740409851,0.8972200155258179,0.8962299823760986,0.897159993648529,0
2025-08-25 00:50:00+00:00,0.8971400260925293,0.8972200155258179,0.8960400223731995,0.8970000147819519,0
2025-08-25 00:55:00+00:00,0.8970900177955627,0.8971099853515625,0.8960199952125549,0.8970000147819519,0
2025-08-25 01:00:00+00:00,0.8968999981880188,0.897159993648529,0.8960800170898438,0.8967199921607971,0
2025-08-25 01:05:00+00:00,0.8967400193214417,0.8968899846076965,0.8957700133323669,0.8966500163078308,0
2025-08-25 01:10:00+00:00,0.8965499997138977,0.8967599868774414,0.8955699801445007,0.8964999914169312,0
2025-08-25 01:15:00+00:00,0.8965100049972534,0.8969500064849854,0.8958899974822998,0.8967400193214417,0
2025-08-25 01:20:00+00:00,0.8967000246047974,0.8967999815940857,0.8956599831581116,0.8965100049972534,0
2025-08-25 01:25:00+00:00,0.8965200185775757,0.896619975566864,0.8953099846839905,0.8962200284004211,0
2025-08-25 01:30:00+00:00,0.8961499929428101,0.8963299989700317,0.8952500224113464,0.8962100148200989,0
2025-08-25 01:35:00+00:00,0.8962299823760986,0.8964700102806091,0.8952400088310242,0.8961399793624878,0
2025-08-25 01:40:00+00:00,0.8961300253868103,0.8962000012397766,0.8951399922370911,0.8960400223731995,0
2025-08-25 01:45:00+00:00,0.8960700035095215,0.896120011806488,0.8949800133705139,0.8958399891853333,0
2025-08-25 01:50:00+00:00,0.8959199786186218,0.8962000012397766,0.895039975643158,0.8960999846458435,0
2025-08-25 01:55:00+00:00,0.8960300087928772,0.8960999846458435,0.8950099945068359,0.8959199786186218,0
2025-08-25 02:00:00+00:00,0.8958399891853333,0.8963099718093872,0.8951299786567688,0.8962600231170654,0
2025-08-25 02:05:00+00:00,0.8962100148200989,0.896340012550354,0.8952699899673462,0.8961700201034546,0
2025-08-25 02:10:00+00:00,0.8962200284004211,0.896369993686676,0.8952800035476685,0.8962799906730652,0
2025-08-25 02:15:00+00:00,0.8963099718093872,0.8964499831199646,0.895330011844635,0.8964400291442871,0
2025-08-25 02:20:00+00:00,0.896340012550354,0.8964499831199646,0.8952900171279907,0.896340012550354,0
2025-08-25 02:25:00+00:00,0.8962900042533875,0.896369993686676,0.8953400254249573,0.8962799906730652,0
2025-08-25 02:30:00+00:00,0.8962200284004211,0.8964200019836426,0.8954200148582458,0.8964200019836426,0
2025-08-25 02:35:00+00:00,0.8963500261306763,0.8964499831199646,0.8953099846839905,0.896340012550354,0
2025-08-25 02:40:00+00:00,0.8963000178337097,0.8964599967002869,0.8954799771308899,0.896340012550354,0
2025-08-25 02:45:00+00:00,0.8963800072669983,0.8966299891471863,0.895550012588501,0.896619975566864,0
2025-08-25 02:50:00+00:00,0.8965700268745422,0.8967000246047974,0.8956900238990784,0.8966000080108643,0
2025-08-25 02:55:00+00:00,0.896619975566864,0.8968899846076965,0.8958399891853333,0.8968300223350525,0
2025-08-25 03:00:00+00:00,0.8967999815940857,0.897130012512207,0.8960999846458435,0.8970100283622742,0
2025-08-25 03:05:00+00:00,0.8970199823379517,0.897570013999939,0.8961899876594543,0.8972799777984619,0
2025-08-25 03:10:00+00:00,0.8973100185394287,0.897570013999939,0.8964700102806091,0.8974800109863281,0
2025-08-25 03:15:00+00:00,0.8974699974060059,0.8975499868392944,0.8963900208473206,0.8973299860954285,0
2025-08-25 03:20:00+00:00,0.8973399996757507,0.897570013999939,0.8964499831199646,0.8972600102424622,0
2025-08-25 03:25:00+00:00,0.8972399830818176,0.8972899913787842,0.8961700201034546,0.8971700072288513,0
2025-08-25 03:30:00+00:00,0.8971800208091736,0.8972399830818176,0.8962000012397766,0.8970900177955627,0
2025-08-25 03:35:00+00:00,0.8970699906349182,0.8972600102424622,0.8962399959564209,0.8971700072288513,0
2025-08-25 03:40:00+00:00,0.897159993648529,0.8973199725151062,0.896340012550354,0.8972899913787842,0
2025-08-25 03:45:00+00:00,0.8972700238227844,0.8972899913787842,0.8962699770927429,0.8972300291061401,0
2025-08-25 03:50:00+00:00,0.8971999883651733,0.8972600102424622,0.896120011806488,0.8971899747848511,0
2025-08-25 03:55:00+00:00,0.8971400260925293,0.897350013256073,0.8963500261306763,0.8972899913787842,0
2025-08-25 04:00:00+00:00,0.8972700238227844,0.8974400162696838,0.8964899778366089,0.897409975528717,0
2025-08-25 04:05:00+00:00,0.8974000215530396,0.8975499868392944,0.8964800238609314,0.8974499702453613,0
2025-08-25 04:10:00+00:00,0.8974300026893616,0.897629976272583,0.8966799974441528,0.8974999785423279,0
2025-08-25 04:15:00+00:00,0.8975499868392944,0.8977000117301941,0.8967599868774414,0.8975899815559387,0
2025-08-25 04:20:00+00:00,0.897629976272583,0.8977500200271606,0.8966900110244751,0.8976200222969055,0
2025-08-25 04:25:00+00:00,0.897629976272583,0.8978000283241272,0.8967300057411194,0.8977100253105164,0
2025-08-25 04:30:00+00:00,0.8977500200271606,0.8980399966239929,0.8969900012016296,0.8977699875831604,0
2025-08-25 04:35:00+00:00,0.8977400064468384,0.8979899883270264,0.8968499898910522,0.8977599740028381,0
2025-08-25 04:40:00+00:00,0.897849977016449,0.8979300260543823,0.8969399929046631,0.8978800177574158,0
2025-08-25 04:45:00+00:00,0.8979099988937378,0.8979600071907043,0.8969600200653076,0.8976200222969055,0
2025-08-25 04:50:00+00:00,0.8975399732589722,0.8977100253105164,0.896619975566864,0.8976200222969055,0
2025-08-25 04:55:00+00:00,0.8976699709892273,0.8978999853134155,0.8967999815940857,0.8977500200271606,0
2025-08-25 05:00:00+00:00,0.8977100253105164,0.8978300094604492,0.8968700170516968,0.8977500200271606,0
2025-08-25 05:05:00+00:00,0.8977100253105164,0.8980000019073486,0.8968200087547302,0.8978999853134155,0
2025-08-25 05:10:00+00:00,0.8979200124740601,0.8979700207710266,0.8969100117683411,0.897849977016449,0
2025-08-25 05:15:00+00:00,0.897819995880127,0.8980399966239929,0.8968999981880188,0.8980000019073486,0
2025-08-25 05:20:00+00:00,0.8979499936103821,0.8981800079345703,0.8971199989318848,0.8980200290679932,0
2025-08-25 05:25:00+00:00,0.8980699777603149,0.8981299996376038,0.897059977054596,0.8979799747467041,0
2025-08-25 05:30:00+00:00,0.8979200124740601,0.8980600237846375,0.8970500230789185,0.8980000019073486,0
2025-08-25 05:35:00+00:00,0.8979700207710266,0.898140013217926,0.8970500230789185,0.8981099724769592,0
2025-08-25 05:40:00+00:00,0.8981000185012817,0.8982899785041809,0.8972200155258179,0.8981900215148926,0
2025-08-25 05:45:00+00:00,0.8981900215148926,0.8983700275421143,0.8971800208091736,0.8982599973678589,0
2025-08-25 05:50:00+00:00,0.8982999920845032,0.8985599875450134,0.897379994392395,0.8985000252723694,0
2025-08-25 05:55:00+00:00,0.8984400033950806,0.8985300064086914,0.897350013256073,0.8982399702072144,0
2025-08-25 06:00:00+00:00,0.8982200026512146,0.8984699845314026,0.8974999785423279,0.8984100222587585,0
2025-08-25 06:05:00+00:00,0.8984000086784363,0.898639976978302,0.8974900245666504,0.8985099792480469,0
2025-08-25 06:10:00+00:00,0.8985400199890137,0.8989499807357788,0.8975800275802612,0.8989499807357788,0
2025-08-25 06:15:00+00:00,0.8989400267601013,0.8991199731826782,0.8980600237846375,0.8990100026130676,0
2025-08-25 06:20:00+00:00,0.8990600109100342,0.8991000056266785,0.8980200290679932,0.8989599943161011,0
2025-08-25 06:25:00+00:00,0.8988800048828125,0.8989599943161011,0.8978999853134155,0.8988199830055237,0
2025-08-25 06:30:00+00:00,0.8988800048828125,0.8988900184631348,0.897849977016449,0.8987500071525574,0
2025-08-25 06:35:00+00:00,0.8987500071525574,0.8988100290298462,0.8976200222969055,0.8985599875450134,0
2025-08-25 06:40:00+00:00,0.8985599875450134,0.898859977722168,0.8977500200271606,0.8988400101661682,0
2025-08-25 06:45:00+00:00,0.8987600207328796,0.8990100026130676,0.8980000019073486,0.8988800048828125,0
2025-08-25 06:50:00+00:00,0.898859977722168,0.8989800214767456,0.8978700041770935,0.8987299799919128,0
2025-08-25 06:55:00+00:00,0.8987100124359131,0.8988000154495239,0.8976899981498718,0.8986499905586243,0
2025-08-25 07:00:00+00:00,0.8985999822616577,0.8986899852752686,0.8976699709892273,0.8985599875450134,0
2025-08-25 07:05:00+00:00,0.8985499739646912,0.8986899852752686,0.8975899815559387,0.8984500169754028,0
2025-08-25 07:10:00+00:00,0.8985499739646912,0.8985900282859802,0.897409975528717,0.8982899785041809,0
2025-08-25 07:15:00+00:00,0.8982399702072144,0.8983500003814697,0.8973299860954285,0.8981999754905701,0
2025-08-25 07:20:00+00:00,0.8981500267982483,0.8984400033950806,0.8973699808120728,0.8982399702072144,0
2025-08-25 07:25:00+00:00,0.8982200026512146,0.8984299898147583,0.8972700238227844,0.8981900215148926,0
2025-08-25 07:30:00+00:00,0.8981199860572815,0.8983200192451477,0.8973600268363953,0.8982599973678589,0
2025-08-25 07:35:00+00:00,0.8982999920845032,0.8983100056648254,0.8972600102424622,0.8980699777603149,0
2025-08-25 07:40:00+00:00,0.8981299996376038,0.8985900282859802,0.897350013256073,0.8985700011253357,0
2025-08-25 07:45:00+00:00,0.8985700011253357,0.8989599943161011,0.8977000117301941,0.8986700177192688,0
2025-08-25 07:50:00+00:00,0.8986300230026245,0.8987799882888794,0.897350013256073,0.8981199860572815,0
2025-08-25 07:55:00+00:00,0.8980600237846375,0.8981299996376038,0.8965499997138977,0.8973399996757507,0
2025-08-25 08:00:00+00:00,0.8973299860954285,0.8979099988937378,0.896809995174408,0.8977699875831604,0
2025-08-25 08:05:00+00:00,0.8977199792861938,0.8978999853134155,0.8966900110244751,0.897819995880127,0
2025-08-25 08:10:00+00:00,0.8977900147438049,0.8982599973678589,0.8969799876213074,0.8982599973678589,0
2025-08-25 08:15:00+00:00,0.8981800079345703,0.8982999920845032,0.8972300291061401,0.8981999754905701,0
2025-08-25 08:20:00+00:00,0.8981500267982483,0.8982300162315369,0.8969699740409851,0.8978599905967712,0
2025-08-25 08:25:00+00:00,0.897819995880127,0.8980100154876709,0.8969699740409851,0.8979200124740601,0
2025-08-25 08:30:00+00:00,0.8979099988937378,0.8983200192451477,0.8973399996757507,0.8981199860572815,0
2025-08-25 08:35:00+00:00,0.8981099724769592,0.8982399702072144,0.8972700238227844,0.8981199860572815,0
2025-08-25 08:40:00+00:00,0.8981999754905701,0.8982800245285034,0.8972100019454956,0.8981099724769592,0
2025-08-25 08:45:00+00:00,0.8981800079345703,0.8982700109481812,0.8972399830818176,0.8981599807739258,0
2025-08-25 08:50:00+00:00,0.8982099890708923,0.8983500003814697,0.8972799777984619,0.8982800245285034,0
2025-08-25 08:55:00+00:00,0.8982599973678589,0.8983700275421143,0.8971800208091736,0.8981500267982483,0
2025-08-25 09:00:00+00:00,0.8980900049209595,0.898140013217926,0.8971400260925293,0.8980299830436707,0
2025-08-25 09:05:00+00:00,0.8979600071907043,0.8981599807739258,0.8971199989318848,0.8979799747467041,0
2025-08-25 09:10:00+00:00,0.8979499936103821,0.8980299830436707,0.896809995174408,0.8977100253105164,0
2025-08-25 09:15:00+00:00,0.8976600170135498,0.8978700041770935,0.8968300223350525,0.8978099822998047,0
2025-08-25 09:20:00+00:00,0.897849977016449,0.8979499936103821,0.8969299793243408,0.8978400230407715,0
2025-08-25 09:25:00+00:00,0.8978099822998047,0.8979200124740601,0.8968899846076965,0.8977800011634827,0
2025-08-25 09:30:00+00:00,0.8976699709892273,0.8977800011634827,0.8966599702835083,0.8975200057029724,0
2025-08-25 09:35:00+00:00,0.897570013999939,0.8977699875831604,0.8967000246047974,0.8976899981498718,0
2025-08-25 09:40:00+00:00,0.8976799845695496,0.8977299928665161,0.8965100049972534,0.8974000215530396,0
2025-08-25 09:45:00+00:00,0.897379994392395,0.8976100087165833,0.8966500163078308,0.8973100185394287,0
2025-08-25 09:50:00+00:00,0.8972899913787842,0.8973399996757507,0.8962200284004211,0.8971999883651733,0
2025-08-25 09:55:00+00:00,0.897159993648529,0.8974999785423279,0.8963500261306763,0.8974400162696838,0
2025-08-25 10:00:00+00:00,0.8974699974060059,0.897629976272583,0.8966100215911865,0.8975899815559387,0
2025-08-25 10:05:00+00:00,0.897570013999939,0.897849977016449,0.8967900276184082,0.8976699709892273,0
2025-08-25 10:10:00+00:00,0.8977199792861938,0.8977800011634827,0.8966799974441528,0.8976100087165833,0
2025-08-25 10:15:00+00:00,0.897599995136261,0.8976699709892273,0.8967199921607971,0.897629976272583,0
2025-08-25 10:20:00+00:00,0.8975899815559387,0.8976399898529053,0.89656001329422,0.8973699808120728,0
2025-08-25 10:25:00+00:00,0.8973299860954285,0.8974400162696838,0.8963199853897095,0.8973399996757507,0
2025-08-25 10:30:00+00:00,0.8973900079727173,0.8975499868392944,0.8965499997138977,0.8975099921226501,0
2025-08-25 10:35:00+00:00,0.8975300192832947,0.8976899981498718,0.896589994430542,0.897629976272583,0
2025-08-25 10:40:00+00:00,0.8976100087165833,0.8977400064468384,0.896619975566864,0.8976399898529053,0
2025-08-25 10:45:00+00:00,0.8977199792861938,0.8977599740028381,0.896809995174408,0.8975899815559387,0
2025-08-25 10:50:00+00:00,0.8976399898529053,0.8978099822998047,0.8966799974441528,0.897599995136261,0
2025-08-25 10:55:00+00:00,0.8976500034332275,0.8978999853134155,0.8967800140380859,0.8977800011634827,0
2025-08-25 11:00:00+00:00,0.8978000283241272,0.8980100154876709,0.89683997631073,0.8976699709892273,0
2025-08-25 11:05:00+00:00,0.8976899981498718,0.8979099988937378,0.89683997631073,0.8978899717330933,0
2025-08-25 11:10:00+00:00,0.8978800177574158,0.8980399966239929,0.8970400094985962,0.8978899717330933,0
2025-08-25 11:15:00+00:00,0.8979499936103821,0.8980799913406372,0.8968300223350525,0.8980600237846375,0
2025-08-25 11:20:00+00:00,0.8980000019073486,0.8980900049209595,0.8969399929046631,0.897849977016449,0
2025-08-25 11:25:00+00:00,0.8979099988937378,0.898140013217926,0.8971099853515625,0.8980399966239929,0
2025-08-25 11:30:00+00:00,0.8979899883270264,0.8980799913406372,0.897130012512207,0.8979899883270264,0
2025-08-25 11:35:00+00:00,0.8980100154876709,0.8982399702072144,0.8969500064849854,0.8982200026512146,0
2025-08-25 11:40:00+00:00,0.898140013217926,0.8982399702072144,0.8971199989318848,0.8979700207710266,0
2025-08-25 11:45:00+00:00,0.8979600071907043,0.8981099724769592,0.8971400260925293,0.8979499936103821,0
2025-08-25 11:50:00+00:00,0.8979300260543823,0.8981999754905701,0.8971700072288513,0.8981500267982483,0
2025-08-25 11:55:00+00:00,0.8980699777603149,0.8984000086784363,0.8973900079727173,0.8983100056648254,0
2025-08-25 12:00:00+00:00,0.8982999920845032,0.898389995098114,0.8973900079727173,0.8981199860572815,0
2025-08-25 12:05:00+00:00,0.8981599807739258,0.8982099890708923,0.8971800208091736,0.8980000019073486,0
2025-08-25 12:10:00+00:00,0.8980299830436707,0.8981099724769592,0.8970100283622742,0.8980100154876709,0
2025-08-25 12:15:00+00:00,0.8979200124740601,0.8980299830436707,0.8969299793243408,0.8977900147438049,0
2025-08-25 12:20:00+00:00,0.8978400230407715,0.8979200124740601,0.8966799974441528,0.8975099921226501,0
2025-08-25 12:25:00+00:00,0.8975300192832947,0.8977000117301941,0.896619975566864,0.8975300192832947,0
2025-08-25 12:30:00+00:00,0.8975099921226501,0.8977199792861938,0.8966500163078308,0.8974300026893616,0
2025-08-25 12:35:00+00:00,0.8973699808120728,0.8974800109863281,0.8963299989700317,0.8972899913787842,0
2025-08-25 12:40:00+00:00,0.8971800208091736,0.897629976272583,0.8965100049972534,0.8975600004196167,0
2025-08-25 12:45:00+00:00,0.8974900245666504,0.8975499868392944,0.8965200185775757,0.8973100185394287,0
2025-08-25 12:50:00+00:00,0.8973299860954285,0.8977199792861938,0.8965100049972534,0.8975300192832947,0
2025-08-25 12:55:00+00:00,0.8974599838256836,0.8975499868392944,0.8964300155639648,0.8973100185394287,0
2025-08-25 13:00:00+00:00,0.8972700238227844,0.8974999785423279,0.8963099718093872,0.897379994392395,0
2025-08-25 13:05:00+00:00,0.897350013256073,0.8975399732589722,0.8963099718093872,0.8974599838256836,0
2025-08-25 13:10:00+00:00,0.8974599838256836,0.8977000117301941,0.8967300057411194,0.897629976272583,0
2025-08-25 13:15:00+00:00,0.8976500034332275,0.8977599740028381,0.8967599868774414,0.8976899981498718,0
2025-08-25 13:20:00+00:00,0.8976899981498718,0.8977699875831604,0.8967900276184082,0.8976100087165833,0
2025-08-25 13:25:00+00:00,0.897599995136261,0.8977400064468384,0.8966900110244751,0.8977299928665161,0
2025-08-25 13:30:00+00:00,0.8977299928665161,0.8978300094604492,0.8967499732971191,0.8977699875831604,0
2025-08-25 13:35:00+00:00,0.8977900147438049,0.8980900049209595,0.8969799876213074,0.8980900049209595,0
2025-08-25 13:40:00+00:00,0.8980699777603149,0.8982099890708923,0.8970800042152405,0.8981299996376038,0
2025-08-25 13:45:00+00:00,0.8980799913406372,0.8982700109481812,0.8970999717712402,0.8982300162315369,0
2025-08-25 13:50:00+00:00,0.8981900215148926,0.8982499837875366,0.897059977054596,0.8981299996376038,0
2025-08-25 13:55:00+00:00,0.8981099724769592,0.8982800245285034,0.8972300291061401,0.8981099724769592,0
2025-08-25 14:00:00+00:00,0.8980299830436707,0.8984100222587585,0.8974599838256836,0.8982300162315369,0
2025-08-25 14:05:00+00:00,0.8982800245285034,0.8984599709510803,0.8973399996757507,0.898360013961792,0
2025-08-25 14:10:00+00:00,0.8983100056648254,0.8984400033950806,0.8973399996757507,0.8983299732208252,0
2025-08-25 14:15:00+00:00,0.8984000086784363,0.8988100290298462,0.8976699709892273,0.8987200260162354,0
2025-08-25 14:20:00+00:00,0.8987100124359131,0.8989199995994568,0.8979200124740601,0.898859977722168,0
2025-08-25 14:25:00+00:00,0.898829996585846,0.8990799784660339,0.8979399800300598,0.8989999890327454,0
2025-08-25 14:30:00+00:00,0.8990600109100342,0.8991199731826782,0.8980699777603149,0.898859977722168,0
2025-08-25 14:35:00+00:00,0.898859977722168,0.8991000056266785,0.8977900147438049,0.8986899852752686,0
2025-08-25 14:40:00+00:00,0.898639976978302,0.8987799882888794,0.8977400064468384,0.8986799716949463,0
2025-08-25 14:45:00+00:00,0.8986700177192688,0.8987600207328796,0.8976799845695496,0.8986200094223022,0
2025-08-25 14:50:00+00:00,0.8985900282859802,0.8990399837493896,0.8977000117301941,0.8984400033950806,0
2025-08-25 14:55:00+00:00,0.8984299898147583,0.8985599875450134,0.8974300026893616,0.8984699845314026,0
2025-08-25 15:00:00+00:00,0.8984699845314026,0.8986600041389465,0.8976699709892273,0.898580014705658,0
2025-08-25 15:05:00+00:00,0.8986300230026245,0.8989199995994568,0.8977199792861938,0.898829996585846,0
2025-08-25 15:10:00+00:00,0.898829996585846,0.8991100192070007,0.897849977016449,0.8989899754524231,0
2025-08-25 15:15:00+00:00,0.8989999890327454,0.8990600109100342,0.8980299830436707,0.8989199995994568,0
2025-08-25 15:20:00+00:00,0.8989099860191345,0.8993200063705444,0.8980900049209595,0.8992199897766113,0
2025-08-25 15:25:00+00:00,0.899150013923645,0.8992099761962891,0.8979600071907043,0.8989700078964233,0
2025-08-25 15:30:00+00:00,0.8990300297737122,0.8990399837493896,0.8980699777603149,0.8988699913024902,0
2025-08-25 15:35:00+00:00,0.8988500237464905,0.8988900184631348,0.8976600170135498,0.8986899852752686,0
2025-08-25 15:40:00+00:00,0.8986600041389465,0.8987699747085571,0.8976600170135498,0.8987500071525574,0
2025-08-25 15:45:00+00:00,0.8987200260162354,0.8988900184631348,0.8978999853134155,0.8986300230026245,0
2025-08-25 15:50:00+00:00,0.8986300230026245,0.898859977722168,0.8977000117301941,0.8986899852752686,0
2025-08-25 15:55:00+00:00,0.8986300230026245,0.8987699747085571,0.8977199792861938,0.8987200260162354,0
2025-08-25 16:00:00+00:00,0.8986600041389465,0.8988500237464905,0.8977100253105164,0.898829996585846,0
2025-08-25 16:05:00+00:00,0.8987699747085571,0.898930013179779,0.8978599905967712,0.8988500237464905,0
2025-08-25 16:10:00+00:00,0.8988199830055237,0.8989199995994568,0.8978800177574158,0.8988999724388123,0
2025-08-25 16:15:00+00:00,0.898930013179779,0.8989400267601013,0.8978899717330933,0.898930013179779,0
2025-08-25 16:20:00+00:00,0.8988699913024902,0.8990700244903564,0.897849977016449,0.8989599943161011,0
2025-08-25 16:25:00+00:00,0.8988900184631348,0.8990899920463562,0.8980699777603149,0.8990300297737122,0
2025-08-25 16:30:00+00:00,0.8990100026130676,0.8990899920463562,0.8980699777603149,0.8989099860191345,0
2025-08-25 16:35:00+00:00,0.8989400267601013,0.8989800214767456,0.8977699875831604,0.898859977722168,0
2025-08-25 16:40:00+00:00,0.8987900018692017,0.8990899920463562,0.8980000019073486,0.8990200161933899,0
2025-08-25 16:45:00+00:00,0.8989700078964233,0.8990700244903564,0.8981099724769592,0.898859977722168,0
2025-08-25 16:50:00+00:00,0.8988500237464905,0.8988699913024902,0.8976600170135498,0.8986300230026245,0
2025-08-25 16:55:00+00:00,0.8985999822616577,0.8987900018692017,0.8977599740028381,0.89860999584198,0
2025-08-25 17:00:00+00:00,0.8986200094223022,0.8986700177192688,0.897570013999939,0.8984500169754028,0
2025-08-25 17:05:00+00:00,0.8985099792480469,0.8986499905586243,0.8975499868392944,0.8985700011253357,0
2025-08-25 17:10:00+00:00,0.8986200094223022,0.8986600041389465,0.8974599838256836,0.8985000252723694,0
2025-08-25 17:15:00+00:00,0.8984900116920471,0.8985700011253357,0.8974999785423279,0.8983799815177917,0
2025-08-25 17:20:00+00:00,0.8983700275421143,0.8984599709510803,0.8972700238227844,0.8982499837875366,0
2025-08-25 17:25:00+00:00,0.8981500267982483,0.8984100222587585,0.897350013256073,0.8982300162315369,0
2025-08-25 17:30:00+00:00,0.8982499837875366,0.8982599973678589,0.8973100185394287,0.8981800079345703,0
2025-08-25 17:35:00+00:00,0.8981800079345703,0.8983500003814697,0.8973199725151062,0.8982499837875366,0
2025-08-25 17:40:00+00:00,0.8982399702072144,0.898419976234436,0.8973199725151062,0.8983100056648254,0
2025-08-25 17:45:00+00:00,0.8983399868011475,0.8984699845314026,0.8974699974060059,0.898360013961792,0
2025-08-25 17:50:00+00:00,0.8983399868011475,0.8984599709510803,0.897409975528717,0.8982899785041809,0
2025-08-25 17:55:00+00:00,0.8983399868011475,0.8985099792480469,0.8974999785423279,0.8984900116920471,0
2025-08-25 18:00:00+00:00,0.8984599709510803,0.8985199928283691,0.8975099921226501,0.898389995098114,0
2025-08-25 18:05:00+00:00,0.8983399868011475,0.8984699845314026,0.8973900079727173,0.8983700275421143,0
2025-08-25 18:10:00+00:00,0.8983200192451477,0.8985099792480469,0.8973399996757507,0.8984799981117249,0
2025-08-25 18:15:00+00:00,0.8984500169754028,0.8985400199890137,0.8974999785423279,0.898389995098114,0
2025-08-25 18:20:00+00:00,0.8983299732208252,0.898389995098114,0.8972899913787842,0.8982700109481812,0
2025-08-25 18:25:00+00:00,0.8982200026512146,0.8982899785041809,0.8973199725151062,0.8982700109481812,0
2025-08-25 18:30:00+00:00,0.8982099890708923,0.8983399868011475,0.8973900079727173,0.8982700109481812,0
2025-08-25 18:35:00+00:00,0.8982499837875366,0.898360013961792,0.8972899913787842,0.8980500102043152,0
2025-08-25 18:40:00+00:00,0.8980299830436707,0.8982399702072144,0.8971700072288513,0.8981099724769592,0
2025-08-25 18:45:00+00:00,0.8980600237846375,0.8982999920845032,0.8972399830818176,0.8981800079345703,0
2025-08-25 18:50:00+00:00,0.8981299996376038,0.8982999920845032,0.8971899747848511,0.8981999754905701,0
2025-08-25 18:55:00+00:00,0.8981599807739258,0.8982200026512146,0.897059977054596,0.8979600071907043,0
2025-08-25 19:00:00+00:00,0.8979700207710266,0.8981999754905701,0.8972100019454956,0.8979700207710266,0
2025-08-25 19:05:00+00:00,0.8979600071907043,0.8980699777603149,0.8969699740409851,0.8978999853134155,0
2025-08-25 19:10:00+00:00,0.8979200124740601,0.8981099724769592,0.8970900177955627,0.8980200290679932,0
2025-08-25 19:15:00+00:00,0.8980100154876709,0.8981500267982483,0.8970400094985962,0.8980200290679932,0
2025-08-25 19:20:00+00:00,0.8979600071907043,0.8980900049209595,0.8970800042152405,0.8980399966239929,0
2025-08-25 19:25:00+00:00,0.8980500102043152,0.8981900215148926,0.8972100019454956,0.8980799913406372,0
2025-08-25 19:30:00+00:00,0.8980799913406372,0.8980900049209595,0.8970299959182739,0.8978899717330933,0
2025-08-25 19:35:00+00:00,0.8979499936103821,0.8982499837875366,0.8970999717712402,0.8982499837875366,0
2025-08-25 19:40:00+00:00,0.8982200026512146,0.8982499837875366,0.8971999883651733,0.8981800079345703,0
2025-08-25 19:45:00+00:00,0.8981299996376038,0.8982300162315369,0.8973000049591064,0.8982099890708923,0
2025-08-25 19:50:00+00:00,0.8981599807739258,0.8982499837875366,0.8971400260925293,0.8980699777603149,0
2025-08-25 19:55:00+00:00,0.8980100154876709,0.8981599807739258,0.8970999717712402,0.8980799913406372,0
2025-08-25 20:00:00+00:00,0.8981299996376038,0.898140013217926,0.8971499800682068,0.8980200290679932,0
2025-08-25 20:05:00+00:00,0.8980000019073486,0.8981099724769592,0.8970900177955627,0.8979499936103821,0
2025-08-25 20:10:00+00:00,0.8979399800300598,0.8982399702072144,0.8971499800682068,0.8981800079345703,0
2025-08-25 20:15:00+00:00,0.8982099890708923,0.8982800245285034,0.8973199725151062,0.8982399702072144,0
2025-08-25 20:20:00+00:00,0.8981999754905701,0.8982999920845032,0.8973000049591064,0.8982399702072144,0
2025-08-25 20:25:00+00:00,0.8982700109481812,0.8982899785041809,0.8972700238227844,0.8982200026512146,0
2025-08-25 20:30:00+00:00,0.8982399702072144,0.8983799815177917,0.8974300026893616,0.8982899785041809,0
2025-08-25 20:35:00+00:00,0.8982599973678589,0.8984400033950806,0.8974499702453613,0.8983799815177917,0
2025-08-25 20:40:00+00:00,0.8983799815177917,0.8984599709510803,0.8974800109863281,0.8983799815177917,0
2025-08-25 20:45:00+00:00,0.8983299732208252,0.8984100222587585,0.8974699974060059,0.8983700275421143,0
2025-08-25 20:50:00+00:00,0.8983799815177917,0.8984699845314026,0.8974000215530396,0.8983700275421143,0
2025-08-25 20:55:00+00:00,0.8983200192451477,0.8984799981117249,0.8974699974060059,0.8981000185012817,0
2025-08-25 21:00:00+00:00,0.8977199792861938,0.8977199792861938,0.8969600200653076,0.8973299860954285,0
2025-08-25 21:05:00+00:00,0.8969699740409851,0.8973900079727173,0.8969100117683411,0.8971199989318848,0
2025-08-25 21:10:00+00:00,0.8971400260925293,0.8974400162696838,0.8969500064849854,0.8973000049591064,0
2025-08-25 21:15:00+00:00,0.8972899913787842,0.8974400162696838,0.8970500230789185,0.897350013256073,0
2025-08-25 21:20:00+00:00,0.8973699808120728,0.8977699875831604,0.8972200155258179,0.8976899981498718,0
2025-08-25 21:25:00+00:00,0.8976899981498718,0.8977199792861938,0.8971800208091736,0.8975200057029724,0
2025-08-25 21:30:00+00:00,0.8976899981498718,0.8980699777603149,0.8972399830818176,0.8976500034332275,0
2025-08-25 21:35:00+00:00,0.897629976272583,0.8981900215148926,0.8970299959182739,0.8978800177574158,0
2025-08-25 21:40:00+00:00,0.8980600237846375,0.8981299996376038,0.8971099853515625,0.897570013999939,0
2025-08-25 21:45:00+00:00,0.8979700207710266,0.8980000019073486,0.8971800208091736,0.8978000283241272,0
2025-08-25 21:50:00+00:00,0.897819995880127,0.8982200026512146,0.8971999883651733,0.8982099890708923,0
2025-08-25 21:55:00+00:00,0.8981999754905701,0.8982899785041809,0.8973399996757507,0.8978599905967712,0
2025-08-25 22:00:00+00:00,0.8980299830436707,0.8983399868011475,0.897409975528717,0.8982399702072144,0
2025-08-25 22:05:00+00:00,0.8983500003814697,0.8983700275421143,0.8972100019454956,0.8982200026512146,0
2025-08-25 22:10:00+00:00,0.8983100056648254,0.898360013961792,0.897379994392395,0.8982800245285034,0
2025-08-25 22:15:00+00:00,0.8982099890708923,0.8984100222587585,0.897409975528717,0.8983100056648254,0
2025-08-25 22:20:00+00:00,0.8982700109481812,0.8984100222587585,0.8974400162696838,0.8983399868011475,0
2025-08-25 22:25:00+00:00,0.8983200192451477,0.8984100222587585,0.8974499702453613,0.8983399868011475,0
2025-08-25 22:30:00+00:00,0.8982899785041809,0.898360013961792,0.8973600268363953,0.8980900049209595,0
2025-08-25 22:35:00+00:00,0.8980699777603149,0.898169994354248,0.8971800208091736,0.8980900049209595,0
2025-08-25 22:40:00+00:00,0.8980799913406372,0.8981800079345703,0.8972300291061401,0.8980799913406372,0
2025-08-25 22:45:00+00:00,0.8981500267982483,0.8982300162315369,0.8972700238227844,0.8981500267982483,0
2025-08-25 22:50:00+00:00,0.898169994354248,0.8982700109481812,0.8972799777984619,0.898169994354248,0
2025-08-25 22:55:00+00:00,0.8981800079345703,0.8982599973678589,0.8973000049591064,0.8982499837875366,0
2025-08-25 23:00:00+00:00,0.8981000185012817,0.8983100056648254,0.8972799777984619,0.8982999920845032,0
2025-08-25 23:05:00+00:00,0.8982399702072144,0.8983200192451477,0.8972200155258179,0.8981999754905701,0
2025-08-25 23:10:00+00:00,0.8981900215148926,0.8982899785041809,0.8972899913787842,0.8982599973678589,0
2025-08-25 23:15:00+00:00,0.8981900215148926,0.8982700109481812,0.8971899747848511,0.8980699777603149,0
2025-08-25 23:20:00+00:00,0.8980500102043152,0.898169994354248,0.897159993648529,0.898140013217926,0
2025-08-25 23:25:00+00:00,0.8981199860572815,0.898169994354248,0.8972200155258179,0.8980699777603149,0
2025-08-25 23:30:00+00:00,0.8981099724769592,0.8983100056648254,0.8972300291061401,0.8981900215148926,0
2025-08-25 23:35:00+00:00,0.8981800079345703,0.8982800245285034,0.8972200155258179,0.8981599807739258,0
2025-08-25 23:40:00+00:00,0.8981299996376038,0.898169994354248,0.8971899747848511,0.8981099724769592,0
2025-08-25 23:45:00+00:00,0.8981199860572815,0.8981500267982483,0.8970400094985962,0.8980299830436707,0
2025-08-25 23:50:00+00:00,0.8981000185012817,0.898169994354248,0.8971400260925293,0.8980799913406372,0
2025-08-25 23:55:00+00:00,0.8980500102043152,0.8982599973678589,0.8972200155258179,0.8981900215148926,0
2025-08-26 00:00:00+00:00,0.8982099890708923,0.898859977722168,0.8972700238227844,0.8986799716949463,0
2025-08-26 00:05:00+00:00,0.8987100124359131,0.8992800116539001,0.8976500034332275,0.8988100290298462,0
2025-08-26 00:10:00+00:00,0.8988000154495239,0.8992999792098999,0.8981500267982483,0.8989999890327454,0
2025-08-26 00:15:00+00:00,0.8989499807357788,0.8991000056266785,0.8977699875831604,0.8985700011253357,0
2025-08-26 00:20:00+00:00,0.8985599875450134,0.8986999988555908,0.8975399732589722,0.8986899852752686,0
2025-08-26 00:25:00+00:00,0.8986799716949463,0.8987600207328796,0.8977000117301941,0.8986200094223022,0
2025-08-26 00:30:00+00:00,0.8985599875450134,0.8987600207328796,0.8973399996757507,0.8985099792480469,0
2025-08-26 00:35:00+00:00,0.8985300064086914,0.8987799882888794,0.8976799845695496,0.8984000086784363,0
2025-08-26 00:40:00+00:00,0.8983299732208252,0.8985499739646912,0.897350013256073,0.8982700109481812,0
2025-08-26 00:45:00+00:00,0.8982200026512146,0.8984500169754028,0.8974800109863281,0.8984000086784363,0
2025-08-26 00:50:00+00:00,0.8982999920845032,0.8985300064086914,0.8973100185394287,0.8985000252723694,0
2025-08-26 00:55:00+00:00,0.8984299898147583,0.8986200094223022,0.897599995136261,0.8985099792480469,0
2025-08-26 01:00:00+00:00,0.8984400033950806,0.8988999724388123,0.8975399732589722,0.8987200260162354,0
2025-08-26 01:05:00+00:00,0.8987200260162354,0.8988199830055237,0.8973299860954285,0.8983500003814697,0
2025-08-26 01:10:00+00:00,0.898360013961792,0.8985599875450134,0.8974800109863281,0.898419976234436,0
2025-08-26 01:15:00+00:00,0.8983700275421143,0.8986200094223022,0.8975099921226501,0.8984799981117249,0
2025-08-26 01:20:00+00:00,0.8984299898147583,0.8985099792480469,0.8974900245666504,0.8984100222587585,0
2025-08-26 01:25:00+00:00,0.898360013961792,0.8984900116920471,0.8974199891090393,0.8983299732208252,0
2025-08-26 01:30:00+00:00,0.8983299732208252,0.8983299732208252,0.8966599702835083,0.8976200222969055,0
2025-08-26 01:35:00+00:00,0.897599995136261,0.8976899981498718,0.8966599702835083,0.8975499868392944,0
2025-08-26 01:40:00+00:00,0.8975200057029724,0.8976600170135498,0.8963800072669983,0.8972899913787842,0
2025-08-26 01:45:00+00:00,0.8972799777984619,0.8975099921226501,0.8965700268745422,0.8973199725151062,0
2025-08-26 01:50:00+00:00,0.8973299860954285,0.8974499702453613,0.8962500095367432,0.8971700072288513,0
2025-08-26 01:55:00+00:00,0.8970999717712402,0.897409975528717,0.8961399793624878,0.8971700072288513,0
2025-08-26 02:00:00+00:00,0.8971499800682068,0.897629976272583,0.8966400027275085,0.8974599838256836,0
2025-08-26 02:05:00+00:00,0.8974400162696838,0.898140013217926,0.8967499732971191,0.8980000019073486,0
2025-08-26 02:10:00+00:00,0.8979600071907043,0.8980299830436707,0.8969200253486633,0.897849977016449,0
2025-08-26 02:15:00+00:00,0.8978099822998047,0.8979600071907043,0.8968499898910522,0.897570013999939,0
2025-08-26 02:20:00+00:00,0.8975600004196167,0.8978800177574158,0.8967599868774414,0.8978000283241272,0
2025-08-26 02:25:00+00:00,0.8977400064468384,0.8978700041770935,0.8967300057411194,0.897849977016449,0
2025-08-26 02:30:00+00:00,0.8978400230407715,0.8978999853134155,0.8968200087547302,0.8974999785423279,0
2025-08-26 02:35:00+00:00,0.8975800275802612,0.8976799845695496,0.8966599702835083,0.8974999785423279,0
2025-08-26 02:40:00+00:00,0.8974900245666504,0.8976100087165833,0.896589994430542,0.8975399732589722,0
2025-08-26 02:45:00+00:00,0.8975099921226501,0.8977599740028381,0.8966599702835083,0.8974400162696838,0
2025-08-26 02:50:00+00:00,0.8974300026893616,0.8976600170135498,0.8966599702835083,0.8975899815559387,0
2025-08-26 02:55:00+00:00,0.8975899815559387,0.8976399898529053,0.8966000080108643,0.8974499702453613,0
2025-08-26 03:00:00+00:00,0.8974999785423279,0.8975200057029724,0.8963500261306763,0.8970500230789185,0
2025-08-26 03:05:00+00:00,0.8970400094985962,0.8970500230789185,0.895799994468689,0.8967400193214417,0
2025-08-26 03:10:00+00:00,0.8967900276184082,0.8971999883651733,0.8960700035095215,0.897130012512207,0
2025-08-26 03:15:00+00:00,0.8970999717712402,0.8972399830818176,0.8962100148200989,0.8971099853515625,0
2025-08-26 03:20:00+00:00,0.8970999717712402,0.8972600102424622,0.8961799740791321,0.8970400094985962,0
2025-08-26 03:25:00+00:00,0.8970500230789185,0.897059977054596,0.8960400223731995,0.8968799710273743,0
2025-08-26 03:30:00+00:00,0.8968700170516968,0.8972300291061401,0.8962399959564209,0.8971899747848511,0
2025-08-26 03:35:00+00:00,0.8971400260925293,0.8974000215530396,0.8963800072669983,0.8973600268363953,0
2025-08-26 03:40:00+00:00,0.8973399996757507,0.8973900079727173,0.8963199853897095,0.8973199725151062,0
2025-08-26 03:45:00+00:00,0.8972600102424622,0.8973199725151062,0.8962900042533875,0.897159993648529,0
2025-08-26 03:50:00+00:00,0.8971499800682068,0.8972600102424622,0.8962000012397766,0.8970299959182739,0
2025-08-26 03:55:00+00:00,0.8970400094985962,0.8971199989318848,0.8959400057792664,0.8969699740409851,0
2025-08-26 04:00:00+00:00,0.8969600200653076,0.8969799876213074,0.8959599733352661,0.8967999815940857,0
2025-08-26 04:05:00+00:00,0.8967999815940857,0.8972399830818176,0.8960000276565552,0.8972399830818176,0
2025-08-26 04:10:00+00:00,0.8971400260925293,0.897409975528717,0.8962699770927429,0.8973000049591064,0
2025-08-26 04:15:00+00:00,0.8972600102424622,0.8975600004196167,0.8964599967002869,0.8974999785423279,0
2025-08-26 04:20:00+00:00,0.8975399732589722,0.8976399898529053,0.8966500163078308,0.8974999785423279,0
2025-08-26 04:25:00+00:00,0.8974999785423279,0.8976500034332275,0.8966299891471863,0.8975300192832947,0
2025-08-26 04:30:00+00:00,0.8975200057029724,0.8976799845695496,0.8964200019836426,0.897599995136261,0
2025-08-26 04:35:00+00:00,0.8975899815559387,0.8977299928665161,0.8967199921607971,0.8976699709892273,0
2025-08-26 04:40:00+00:00,0.8976200222969055,0.8978300094604492,0.8967700004577637,0.8977699875831604,0
2025-08-26 04:45:00+00:00,0.8978000283241272,0.897849977016449,0.89683997631073,0.8976899981498718,0
2025-08-26 04:50:00+00:00,0.8976699709892273,0.8977699875831604,0.896619975566864,0.897570013999939,0
2025-08-26 04:55:00+00:00,0.8975099921226501,0.8977400064468384,0.8966699838638306,0.8976600170135498,0
2025-08-26 05:00:00+00:00,0.8976500034332275,0.8977800011634827,0.8967999815940857,0.8977299928665161,0
2025-08-26 05:05:00+00:00,0.8977800011634827,0.8977900147438049,0.896619975566864,0.8975099921226501,0
2025-08-26 05:10:00+00:00,0.8975399732589722,0.8977699875831604,0.8966400027275085,0.8976200222969055,0
2025-08-26 05:15:00+00:00,0.8976200222969055,0.8976899981498718,0.8966599702835083,0.897599995136261,0
2025-08-26 05:20:00+00:00,0.8976100087165833,0.8977299928665161,0.8966000080108643,0.897599995136261,0
2025-08-26 05:25:00+00:00,0.8975899815559387,0.8976600170135498,0.8965200185775757,0.8973900079727173,0
2025-08-26 05:30:00+00:00,0.8973900079727173,0.8974900245666504,0.896399974822998,0.897409975528717,0
2025-08-26 05:35:00+00:00,0.8974400162696838,0.8976500034332275,0.8965700268745422,0.8975399732589722,0
2025-08-26 05:40:00+00:00,0.8976100087165833,0.8977699875831604,0.8966100215911865,0.8976799845695496,0
2025-08-26 05:45:00+00:00,0.8976699709892273,0.8977599740028381,0.8966599702835083,0.8973600268363953,0
2025-08-26 05:50:00+00:00,0.8973299860954285,0.8974599838256836,0.8964700102806091,0.8974599838256836,0
2025-08-26 05:55:00+00:00,0.8974000215530396,0.8977599740028381,0.8967000246047974,0.897629976272583,0
2025-08-26 06:00:00+00:00,0.8975499868392944,0.8977699875831604,0.8967900276184082,0.8975800275802612,0
2025-08-26 06:05:00+00:00,0.8975200057029724,0.8975800275802612,0.8964499831199646,0.897350013256073,0
2025-08-26 06:10:00+00:00,0.8972899913787842,0.8976100087165833,0.8964899778366089,0.8975600004196167,0
2025-08-26 06:15:00+00:00,0.8975300192832947,0.8976200222969055,0.8966400027275085,0.8975600004196167,0
2025-08-26 06:20:00+00:00,0.8974999785423279,0.897570013999939,0.8963000178337097,0.8971400260925293,0
2025-08-26 06:25:00+00:00,0.8971700072288513,0.8976899981498718,0.8964400291442871,0.897599995136261,0
2025-08-26 06:30:00+00:00,0.8976100087165833,0.8978000283241272,0.8967999815940857,0.8977500200271606,0
2025-08-26 06:35:00+00:00,0.8977599740028381,0.8980600237846375,0.8968899846076965,0.8980399966239929,0
2025-08-26 06:40:00+00:00,0.8979799747467041,0.8982399702072144,0.8970900177955627,0.8978599905967712,0
2025-08-26 06:45:00+00:00,0.8978899717330933,0.8980900049209595,0.8969900012016296,0.8979799747467041,0
2025-08-26 06:50:00+00:00,0.8980699777603149,0.8981000185012817,0.8970199823379517,0.8980200290679932,0
2025-08-26 06:55:00+00:00,0.8980299830436707,0.8981999754905701,0.8970000147819519,0.8979499936103821,0
2025-08-26 07:00:00+00:00,0.8979399800300598,0.8979600071907043,0.8968999981880188,0.8978599905967712,0
2025-08-26 07:05:00+00:00,0.897849977016449,0.8980399966239929,0.8968200087547302,0.8974900245666504,0
2025-08-26 07:10:00+00:00,0.8974800109863281,0.8977000117301941,0.8964700102806091,0.8974599838256836,0
2025-08-26 07:15:00+00:00,0.8974300026893616,0.897599995136261,0.8964800238609314,0.8970800042152405,0
2025-08-26 07:20:00+00:00,0.8970999717712402,0.897599995136261,0.8962299823760986,0.8974199891090393,0
2025-08-26 07:25:00+00:00,0.8974900245666504,0.8975800275802612,0.8964999914169312,0.8973699808120728,0
2025-08-26 07:30:00+00:00,0.8973600268363953,0.8976200222969055,0.8966599702835083,0.8975099921226501,0
2025-08-26 07:35:00+00:00,0.8974999785423279,0.8976399898529053,0.896619975566864,0.897570013999939,0
2025-08-26 07:40:00+00:00,0.8974900245666504,0.8975800275802612,0.8965200185775757,0.897409975528717,0
2025-08-26 07:45:00+00:00,0.897409975528717,0.8975099921226501,0.8964800238609314,0.8973399996757507,0
2025-08-26 07:50:00+00:00,0.8972700238227844,0.8975200057029724,0.8964200019836426,0.8973399996757507,0
2025-08-26 07:55:00+00:00,0.8972799777984619,0.8973600268363953,0.8960000276565552,0.8969299793243408,0
2025-08-26 08:00:00+00:00,0.8968799710273743,0.8972300291061401,0.8960999846458435,0.8970999717712402,0
2025-08-26 08:05:00+00:00,0.8970999717712402,0.8973399996757507,0.8963099718093872,0.8972700238227844,0
2025-08-26 08:10:00+00:00,0.8972200155258179,0.8977699875831604,0.8965200185775757,0.8976600170135498,0
2025-08-26 08:15:00+00:00,0.8977000117301941,0.8979300260543823,0.8968700170516968,0.897629976272583,0
2025-08-26 08:20:00+00:00,0.8976200222969055,0.8977100253105164,0.8964999914169312,0.8975499868392944,0
2025-08-26 08:25:00+00:00,0.8975300192832947,0.8978599905967712,0.8967400193214417,0.8977599740028381,0
2025-08-26 08:30:00+00:00,0.8978400230407715,0.8979499936103821,0.8968799710273743,0.8977199792861938,0
2025-08-26 08:35:00+00:00,0.8977000117301941,0.8978899717330933,0.896809995174408,0.8976399898529053,0
2025-08-26 08:40:00+00:00,0.8975800275802612,0.8977199792861938,0.8967099785804749,0.8976600170135498,0
2025-08-26 08:45:00+00:00,0.8975899815559387,0.8976799845695496,0.8966699838638306,0.8975099921226501,0
2025-08-26 08:50:00+00:00,0.8975099921226501,0.8976100087165833,0.8964899778366089,0.8973600268363953,0
2025-08-26 08:55:00+00:00,0.8973600268363953,0.8975200057029724,0.8965399861335754,0.8974599838256836,0
2025-08-26 09:00:00+00:00,0.8974400162696838,0.8977400064468384,0.8965499997138977,0.8976699709892273,0
2025-08-26 09:05:00+00:00,0.8977400064468384,0.8981299996376038,0.8968799710273743,0.8979600071907043,0
2025-08-26 09:10:00+00:00,0.8979399800300598,0.8980399966239929,0.8969699740409851,0.8979600071907043,0
2025-08-26 09:15:00+00:00,0.8978999853134155,0.8981999754905701,0.8971700072288513,0.8981099724769592,0
2025-08-26 09:20:00+00:00,0.8980299830436707,0.8982200026512146,0.8970400094985962,0.8979300260543823,0
2025-08-26 09:25:00+00:00,0.8979399800300598,0.8979799747467041,0.8970000147819519,0.8978800177574158,0
2025-08-26 09:30:00+00:00,0.8978800177574158,0.8978899717330933,0.8969100117683411,0.8976899981498718,0
2025-08-26 09:35:00+00:00,0.8977599740028381,0.8978800177574158,0.8968899846076965,0.8977699875831604,0
2025-08-26 09:40:00+00:00,0.8977199792861938,0.897819995880127,0.8968200087547302,0.8977199792861938,0
2025-08-26 09:45:00+00:00,0.8976899981498718,0.8980200290679932,0.8970199823379517,0.8977800011634827,0
2025-08-26 09:50:00+00:00,0.8977299928665161,0.8980500102043152,0.8968999981880188,0.8979799747467041,0
2025-08-26 09:55:00+00:00,0.8979300260543823,0.8982399702072144,0.8971199989318848,0.8980799913406372,0
2025-08-26 10:00:00+00:00,0.8980200290679932,0.8982300162315369,0.8971999883651733,0.8981299996376038,0
2025-08-26 10:05:00+00:00,0.8981900215148926,0.8982399702072144,0.8970800042152405,0.898140013217926,0
2025-08-26 10:10:00+00:00,0.8981199860572815,0.898360013961792,0.8973600268363953,0.8983399868011475,0
2025-08-26 10:15:00+00:00,0.8983200192451477,0.8983799815177917,0.897350013256073,0.8982499837875366,0
2025-08-26 10:20:00+00:00,0.8981999754905701,0.8982999920845032,0.8972100019454956,0.8981599807739258,0
2025-08-26 10:25:00+00:00,0.8981000185012817,0.8982399702072144,0.8971700072288513,0.8980600237846375,0
2025-08-26 10:30:00+00:00,0.8981099724769592,0.898140013217926,0.8971400260925293,0.8978899717330933,0
2025-08-26 10:35:00+00:00,0.897819995880127,0.8979499936103821,0.8969299793243408,0.8978400230407715,0
2025-08-26 10:40:00+00:00,0.8978099822998047,0.8980600237846375,0.8970199823379517,0.8979300260543823,0
2025-08-26 10:45:00+00:00,0.8979200124740601,0.8980200290679932,0.8970400094985962,0.8978700041770935,0
2025-08-26 10:50:00+00:00,0.8978800177574158,0.8980399966239929,0.8970199823379517,0.8979799747467041,0
2025-08-26 10:55:00+00:00,0.8979300260543823,0.898140013217926,0.897130012512207,0.8980799913406372,0
2025-08-26 11:00:00+00:00,0.8980699777603149,0.8981800079345703,0.8971099853515625,0.8980799913406372,0
2025-08-26 11:05:00+00:00,0.8981299996376038,0.8983500003814697,0.8972600102424622,0.8983100056648254,0
2025-08-26 11:10:00+00:00,0.8982999920845032,0.8985199928283691,0.8974199891090393,0.8983700275421143,0
2025-08-26 11:15:00+00:00,0.8983500003814697,0.898389995098114,0.897379994392395,0.8982899785041809,0
2025-08-26 11:20:00+00:00,0.8982800245285034,0.8983799815177917,0.8973199725151062,0.8981900215148926,0
2025-08-26 11:25:00+00:00,0.8981500267982483,0.8983100056648254,0.8972600102424622,0.8981999754905701,0
2025-08-26 11:30:00+00:00,0.8982599973678589,0.8984699845314026,0.8974400162696838,0.8982899785041809,0
2025-08-26 11:35:00+00:00,0.8983399868011475,0.8984500169754028,0.8974599838256836,0.8983100056648254,0
2025-08-26 11:40:00+00:00,0.8983299732208252,0.8984400033950806,0.8974300026893616,0.8983399868011475,0
2025-08-26 11:45:00+00:00,0.8983799815177917,0.8984599709510803,0.897350013256073,0.898389995098114,0
2025-08-26 11:50:00+00:00,0.8984000086784363,0.898580014705658,0.8975300192832947,0.8984799981117249,0
2025-08-26 11:55:00+00:00,0.898419976234436,0.8985700011253357,0.8975600004196167,0.8984699845314026,0
2025-08-26 12:00:00+00:00,0.8984500169754028,0.8985999822616577,0.8975899815559387,0.8985499739646912,0
2025-08-26 12:05:00+00:00,0.8985300064086914,0.8986999988555908,0.8976699709892273,0.89860999584198,0
2025-08-26 12:10:00+00:00,0.8985599875450134,0.8988400101661682,0.8977500200271606,0.8986999988555908,0
2025-08-26 12:15:00+00:00,0.8986600041389465,0.8987399935722351,0.8977299928665161,0.8985499739646912,0
2025-08-26 12:20:00+00:00,0.8984799981117249,0.898580014705658,0.8974699974060059,0.8985499739646912,0
2025-08-26 12:25:00+00:00,0.8985700011253357,0.8986799716949463,0.8974999785423279,0.898389995098114,0
2025-08-26 12:30:00+00:00,0.8984900116920471,0.8986499905586243,0.8975300192832947,0.8983399868011475,0
2025-08-26 12:35:00+00:00,0.8983500003814697,0.8983500003814697,0.8971999883651733,0.8980200290679932,0
2025-08-26 12:40:00+00:00,0.8980299830436707,0.8981800079345703,0.8971800208091736,0.8981299996376038,0
2025-08-26 12:45:00+00:00,0.8980799913406372,0.8981599807739258,0.8970400094985962,0.8980799913406372,0
2025-08-26 12:50:00+00:00,0.8980600237846375,0.898140013217926,0.8971400260925293,0.8981000185012817,0
2025-08-26 12:55:00+00:00,0.8980600237846375,0.8982300162315369,0.8970900177955627,0.8980000019073486,0
2025-08-26 13:00:00+00:00,0.8979099988937378,0.8980200290679932,0.8969799876213074,0.8977100253105164,0
2025-08-26 13:05:00+00:00,0.8976899981498718,0.8978099822998047,0.8967800140380859,0.8976500034332275,0
2025-08-26 13:10:00+00:00,0.8976100087165833,0.8977900147438049,0.8967400193214417,0.8977500200271606,0
2025-08-26 13:15:00+00:00,0.8977900147438049,0.8978000283241272,0.8967800140380859,0.8976899981498718,0
2025-08-26 13:20:00+00:00,0.8977199792861938,0.8979399800300598,0.8967400193214417,0.8979300260543823,0
2025-08-26 13:25:00+00:00,0.8978800177574158,0.8980100154876709,0.8970400094985962,0.8978999853134155,0
2025-08-26 13:30:00+00:00,0.8979099988937378,0.8979899883270264,0.8977199792861938,0.8978300094604492,0
2025-08-26 13:35:00+00:00,0.8978099822998047,0.897849977016449,0.8966799974441528,0.8975200057029724,0
2025-08-26 13:40:00+00:00,0.8975099921226501,0.8980100154876709,0.8967599868774414,0.8978999853134155,0
2025-08-26 13:45:00+00:00,0.8978899717330933,0.8981299996376038,0.8970999717712402,0.8979899883270264,0
2025-08-26 13:50:00+00:00,0.8980100154876709,0.898389995098114,0.8971700072288513,0.8982499837875366,0
2025-08-26 13:55:00+00:00,0.8982399702072144,0.8984000086784363,0.8972600102424622,0.8982899785041809,0
2025-08-26 14:00:00+00:00,0.8982700109481812,0.8984100222587585,0.8973299860954285,0.8984000086784363,0
2025-08-26 14:05:00+00:00,0.8983799815177917,0.8984599709510803,0.8972799777984619,0.8980699777603149,0
2025-08-26 14:10:00+00:00,0.8980500102043152,0.8981999754905701,0.8969399929046631,0.8978599905967712,0
2025-08-26 14:15:00+00:00,0.8978800177574158,0.8982700109481812,0.8970299959182739,0.8981299996376038,0
2025-08-26 14:20:00+00:00,0.8981599807739258,0.8985700011253357,0.8973900079727173,0.8985099792480469,0
2025-08-26 14:25:00+00:00,0.8985000252723694,0.89860999584198,0.8972899913787842,0.8981099724769592,0
2025-08-26 14:30:00+00:00,0.8981999754905701,0.8984900116920471,0.897379994392395,0.8983700275421143,0
2025-08-26 14:35:00+00:00,0.898360013961792,0.8985700011253357,0.8973000049591064,0.8981000185012817,0
2025-08-26 14:40:00+00:00,0.8980900049209595,0.8982399702072144,0.8971499800682068,0.8981299996376038,0
2025-08-26 14:45:00+00:00,0.8981199860572815,0.898389995098114,0.897059977054596,0.8983299732208252,0
2025-08-26 14:50:00+00:00,0.8982800245285034,0.8985700011253357,0.8974999785423279,0.8984299898147583,0
2025-08-26 14:55:00+00:00,0.8984400033950806,0.8984900116920471,0.8970100283622742,0.8978800177574158,0
2025-08-26 15:00:00+00:00,0.8978700041770935,0.8982099890708923,0.8970100283622742,0.898169994354248,0
2025-08-26 15:05:00+00:00,0.8981800079345703,0.8982999920845032,0.8971400260925293,0.8979700207710266,0
2025-08-26 15:10:00+00:00,0.8979600071907043,0.898360013961792,0.8971999883651733,0.8983200192451477,0
2025-08-26 15:15:00+00:00,0.8982800245285034,0.8983799815177917,0.897409975528717,0.8982200026512146,0
2025-08-26 15:20:00+00:00,0.8982399702072144,0.898419976234436,0.8973600268363953,0.8983399868011475,0
2025-08-26 15:25:00+00:00,0.8982599973678589,0.8984100222587585,0.8972700238227844,0.8981299996376038,0
2025-08-26 15:30:00+00:00,0.8981900215148926,0.8981900215148926,0.8971499800682068,0.8979300260543823,0
2025-08-26 15:35:00+00:00,0.8979200124740601,0.898140013217926,0.8970699906349182,0.8980200290679932,0
2025-08-26 15:40:00+00:00,0.8979700207710266,0.8982899785041809,0.8971999883651733,0.8982700109481812,0
2025-08-26 15:45:00+00:00,0.8982200026512146,0.8983299732208252,0.8973100185394287,0.8982099890708923,0
2025-08-26 15:50:00+00:00,0.8981800079345703,0.8982499837875366,0.8971899747848511,0.8982099890708923,0
2025-08-26 15:55:00+00:00,0.8982300162315369,0.8983500003814697,0.8973299860954285,0.898169994354248,0
2025-08-26 16:00:00+00:00,0.8981299996376038,0.8984100222587585,0.8974300026893616,0.8983399868011475,0
2025-08-26 16:05:00+00:00,0.8983100056648254,0.8983799815177917,0.8972200155258179,0.8982899785041809,0
2025-08-26 16:10:00+00:00,0.8983100056648254,0.8985099792480469,0.8974000215530396,0.8984799981117249,0
2025-08-26 16:15:00+00:00,0.8984299898147583,0.8987399935722351,0.897629976272583,0.8986899852752686,0
2025-08-26 16:20:00+00:00,0.8986799716949463,0.8988000154495239,0.8977299928665161,0.8985499739646912,0
2025-08-26 16:25:00+00:00,0.8985999822616577,0.8986200094223022,0.8975899815559387,0.8983700275421143,0
2025-08-26 16:30:00+00:00,0.8983799815177917,0.8984900116920471,0.8974900245666504,0.8983100056648254,0
2025-08-26 16:35:00+00:00,0.8982899785041809,0.8984299898147583,0.8973699808120728,0.898419976234436,0
2025-08-26 16:40:00+00:00,0.8984000086784363,0.8985499739646912,0.8974599838256836,0.8983299732208252,0
2025-08-26 16:45:00+00:00,0.8983100056648254,0.8983799815177917,0.8974199891090393,0.8982200026512146,0
2025-08-26 16:50:00+00:00,0.8982300162315369,0.8983299732208252,0.8972700238227844,0.898140013217926,0
2025-08-26 16:55:00+00:00,0.898140013217926,0.8983700275421143,0.8973399996757507,0.8982800245285034,0
2025-08-26 17:00:00+00:00,0.8982800245285034,0.8984500169754028,0.8974699974060059,0.8983299732208252,0
2025-08-26 17:05:00+00:00,0.8982999920845032,0.898419976234436,0.8974699974060059,0.8982899785041809,0
2025-08-26 17:10:00+00:00,0.8982800245285034,0.8985599875450134,0.8974999785423279,0.8985099792480469,0
2025-08-26 17:15:00+00:00,0.8984900116920471,0.8985999822616577,0.897599995136261,0.8985099792480469,0
2025-08-26 17:20:00+00:00,0.8985499739646912,0.8986499905586243,0.8976200222969055,0.8985900282859802,0
2025-08-26 17:25:00+00:00,0.8985599875450134,0.8987399935722351,0.8977699875831604,0.8986799716949463,0
2025-08-26 17:30:00+00:00,0.8986600041389465,0.8987100124359131,0.8976699709892273,0.8986200094223022,0
2025-08-26 17:35:00+00:00,0.8986600041389465,0.8987500071525574,0.8977699875831604,0.8986499905586243,0
2025-08-26 17:40:00+00:00,0.8986999988555908,0.8987299799919128,0.8977299928665161,0.8986600041389465,0
2025-08-26 17:45:00+00:00,0.8986499905586243,0.8987600207328796,0.8977400064468384,0.8987100124359131,0
2025-08-26 17:50:00+00:00,0.8986899852752686,0.8988000154495239,0.8976899981498718,0.8986600041389465,0
2025-08-26 17:55:00+00:00,0.8986300230026245,0.8988000154495239,0.8977900147438049,0.8987100124359131,0
2025-08-26 18:00:00+00:00,0.8986999988555908,0.8987200260162354,0.8976799845695496,0.898580014705658,0
2025-08-26 18:05:00+00:00,0.89860999584198,0.8986899852752686,0.8977000117301941,0.8986300230026245,0
2025-08-26 18:10:00+00:00,0.8986499905586243,0.8986899852752686,0.8976899981498718,0.8986300230026245,0
2025-08-26 18:15:00+00:00,0.8986200094223022,0.8986600041389465,0.897570013999939,0.8984400033950806,0
2025-08-26 18:20:00+00:00,0.8984599709510803,0.8985700011253357,0.8973900079727173,0.8985499739646912,0
2025-08-26 18:25:00+00:00,0.8985199928283691,0.8985599875450134,0.897570013999939,0.8984500169754028,0
2025-08-26 18:30:00+00:00,0.8984599709510803,0.8985599875450134,0.8974999785423279,0.8983700275421143,0
2025-08-26 18:35:00+00:00,0.8984100222587585,0.8984599709510803,0.8974499702453613,0.8983100056648254,0
2025-08-26 18:40:00+00:00,0.8982499837875366,0.8983799815177917,0.8974000215530396,0.8983299732208252,0
2025-08-26 18:45:00+00:00,0.8982700109481812,0.8984100222587585,0.897409975528717,0.8983799815177917,0
2025-08-26 18:50:00+00:00,0.898389995098114,0.8984400033950806,0.8973900079727173,0.8982200026512146,0
2025-08-26 18:55:00+00:00,0.8981500267982483,0.8984799981117249,0.8972799777984619,0.8984000086784363,0
2025-08-26 19:00:00+00:00,0.8983799815177917,0.8984000086784363,0.8972700238227844,0.8982599973678589,0
2025-08-26 19:05:00+00:00,0.8982399702072144,0.898389995098114,0.897379994392395,0.8982700109481812,0
2025-08-26 19:10:00+00:00,0.8982599973678589,0.898419976234436,0.8974499702453613,0.8984100222587585,0
2025-08-26 19:15:00+00:00,0.8983700275421143,0.898419976234436,0.8974300026893616,0.898360013961792,0
2025-08-26 19:20:00+00:00,0.8982899785041809,0.8984100222587585,0.8972799777984619,0.898389995098114,0
2025-08-26 19:25:00+00:00,0.898360013961792,0.8984799981117249,0.8974000215530396,0.8982800245285034,0
2025-08-26 19:30:00+00:00,0.8982800245285034,0.898389995098114,0.8974300026893616,0.898360013961792,0
2025-08-26 19:35:00+00:00,0.8983200192451477,0.898419976234436,0.897409975528717,0.8983799815177917,0
2025-08-26 19:40:00+00:00,0.8983299732208252,0.898389995098114,0.8972399830818176,0.898169994354248,0
2025-08-26 19:45:00+00:00,0.8981500267982483,0.8982999920845032,0.8972700238227844,0.8982899785041809,0
2025-08-26 19:50:00+00:00,0.8982300162315369,0.8983200192451477,0.8971700072288513,0.8982300162315369,0
2025-08-26 19:55:00+00:00,0.8981999754905701,0.8983799815177917,0.8972899913787842,0.8982999920845032,0
2025-08-26 20:00:00+00:00,0.8982499837875366,0.898419976234436,0.8974499702453613,0.8983100056648254,0
2025-08-26 20:05:00+00:00,0.8982499837875366,0.8984100222587585,0.897350013256073,0.8983500003814697,0
2025-08-26 20:10:00+00:00,0.8983799815177917,0.898419976234436,0.8973199725151062,0.8983299732208252,0
2025-08-26 20:15:00+00:00,0.8983200192451477,0.898389995098114,0.8973900079727173,0.8982599973678589,0
2025-08-26 20:20:00+00:00,0.8982099890708923,0.8983100056648254,0.8973100185394287,0.8983100056648254,0
2025-08-26 20:25:00+00:00,0.8982899785041809,0.8983200192451477,0.8972799777984619,0.8981599807739258,0
2025-08-26 20:30:00+00:00,0.8981599807739258,0.8985499739646912,0.8975499868392944,0.8985000252723694,0
2025-08-26 20:35:00+00:00,0.8984400033950806,0.898580014705658,0.8975899815559387,0.8985400199890137,0
2025-08-26 20:40:00+00:00,0.8984799981117249,0.8986700177192688,0.897629976272583,0.898639976978302,0
2025-08-26 20:45:00+00:00,0.8985700011253357,0.8986899852752686,0.8977400064468384,0.8985400199890137,0
2025-08-26 20:50:00+00:00,0.8985300064086914,0.8987200260162354,0.8976500034332275,0.8987100124359131,0
2025-08-26 20:55:00+00:00,0.8986300230026245,0.8987500071525574,0.8977800011634827,0.8984799981117249,0
2025-08-26 21:00:00+00:00,0.8981999754905701,0.8984799981117249,0.8968999981880188,0.8974000215530396,0
2025-08-26 21:05:00+00:00,0.8977299928665161,0.8979399800300598,0.8970299959182739,0.8977299928665161,0
2025-08-26 21:10:00+00:00,0.8974999785423279,0.8979200124740601,0.8970699906349182,0.8974999785423279,0
2025-08-26 21:15:00+00:00,0.8975099921226501,0.8982800245285034,0.8971499800682068,0.8982300162315369,0
2025-08-26 21:20:00+00:00,0.898169994354248,0.8982700109481812,0.8975899815559387,0.8981299996376038,0
2025-08-26 21:25:00+00:00,0.8980000019073486,0.8981999754905701,0.8975499868392944,0.898140013217926,0
2025-08-26 21:30:00+00:00,0.8979899883270264,0.8982399702072144,0.8975300192832947,0.8979600071907043,0
2025-08-26 21:35:00+00:00,0.8978999853134155,0.8981599807739258,0.8973600268363953,0.898140013217926,0
2025-08-26 21:40:00+00:00,0.898140013217926,0.8982099890708923,0.8973600268363953,0.8981199860572815,0
2025-08-26 21:45:00+00:00,0.8981099724769592,0.8981900215148926,0.897379994392395,0.898140013217926,0
2025-08-26 21:50:00+00:00,0.8978999853134155,0.8981500267982483,0.897379994392395,0.8981099724769592,0
2025-08-26 21:55:00+00:00,0.8981000185012817,0.8981500267982483,0.8974699974060059,0.8978400230407715,0
2025-08-26 22:00:00+00:00,0.8979399800300598,0.8988100290298462,0.8978000283241272,0.8986899852752686,0
2025-08-26 22:05:00+00:00,0.8986700177192688,0.8987900018692017,0.8976399898529053,0.8985300064086914,0
2025-08-26 22:10:00+00:00,0.8984799981117249,0.8987699747085571,0.8976799845695496,0.8987399935722351,0
2025-08-26 22:15:00+00:00,0.8987500071525574,0.8987500071525574,0.8977699875831604,0.8985700011253357,0
2025-08-26 22:20:00+00:00,0.8986700177192688,0.8986700177192688,0.897629976272583,0.8985900282859802,0
2025-08-26 22:25:00+00:00,0.8984400033950806,0.8986799716949463,0.8976899981498718,0.8986200094223022,0
2025-08-26 22:30:00+00:00,0.8986799716949463,0.898829996585846,0.8978300094604492,0.8985499739646912,0
2025-08-26 22:35:00+00:00,0.8985599875450134,0.8986799716949463,0.8977100253105164,0.8984900116920471,0
2025-08-26 22:40:00+00:00,0.8986200094223022,0.898639976978302,0.8976799845695496,0.8985900282859802,0
2025-08-26 22:45:00+00:00,0.8985599875450134,0.8986300230026245,0.8977000117301941,0.8985000252723694,0
2025-08-26 22:50:00+00:00,0.8985099792480469,0.8987399935722351,0.8975899815559387,0.8986799716949463,0
2025-08-26 22:55:00+00:00,0.898580014705658,0.8987399935722351,0.8975600004196167,0.8986700177192688,0
2025-08-26 23:00:00+00:00,0.8986499905586243,0.8987399935722351,0.8977900147438049,0.8986300230026245,0
2025-08-26 23:05:00+00:00,0.8985999822616577,0.8987799882888794,0.897819995880127,0.8987600207328796,0
2025-08-26 23:10:00+00:00,0.8987100124359131,0.8987900018692017,0.8977000117301941,0.8986200094223022,0
2025-08-26 23:15:00+00:00,0.8985999822616577,0.8987399935722351,0.8977800011634827,0.8986899852752686,0
2025-08-26 23:20:00+00:00,0.8987100124359131,0.8987699747085571,0.8977900147438049,0.8985999822616577,0
2025-08-26 23:25:00+00:00,0.8985900282859802,0.8987600207328796,0.8977599740028381,0.8985499739646912,0
2025-08-26 23:30:00+00:00,0.898639976978302,0.8986700177192688,0.8976699709892273,0.8985099792480469,0
2025-08-26 23:35:00+00:00,0.8984500169754028,0.8985599875450134,0.8976100087165833,0.8985499739646912,0
2025-08-26 23:40:00+00:00,0.8984900116920471,0.8985700011253357,0.8976200222969055,0.8985000252723694,0
2025-08-26 23:45:00+00:00,0.8985099792480469,0.8985700011253357,0.8975600004196167,0.8984000086784363,0
2025-08-26 23:50:00+00:00,0.8984400033950806,0.8985700011253357,0.8975600004196167,0.8985400199890137,0
2025-08-26 23:55:00+00:00,0.8985900282859802,0.8986300230026245,0.8976399898529053,0.8985499739646912,0
2025-08-27 00:00:00+00:00,0.8985199928283691,0.8986799716949463,0.8976500034332275,0.8985499739646912,0
2025-08-27 00:05:00+00:00,0.8984900116920471,0.898580014705658,0.8975399732589722,0.898419976234436,0
2025-08-27 00:10:00+00:00,0.8983700275421143,0.8984699845314026,0.8973399996757507,0.8982300162315369,0
2025-08-27 00:15:00+00:00,0.8982099890708923,0.898360013961792,0.897379994392395,0.8982399702072144,0
2025-08-27 00:20:00+00:00,0.8982200026512146,0.8982700109481812,0.8971999883651733,0.8980799913406372,0
2025-08-27 00:25:00+00:00,0.8980600237846375,0.8982599973678589,0.8972200155258179,0.8980600237846375,0
2025-08-27 00:30:00+00:00,0.8981000185012817,0.8982599973678589,0.8972200155258179,0.8982300162315369,0
2025-08-27 00:35:00+00:00,0.8982099890708923,0.8983100056648254,0.8972700238227844,0.8981500267982483,0
2025-08-27 00:40:00+00:00,0.898140013217926,0.8982300162315369,0.8972300291061401,0.898140013217926,0
2025-08-27 00:45:00+00:00,0.8981299996376038,0.8982800245285034,0.8972899913787842,0.8982399702072144,0
2025-08-27 00:50:00+00:00,0.8982499837875366,0.8982999920845032,0.8972499966621399,0.8981299996376038,0
2025-08-27 00:55:00+00:00,0.8981199860572815,0.8982499837875366,0.8971499800682068,0.8981000185012817,0
2025-08-27 01:00:00+00:00,0.8980799913406372,0.8982300162315369,0.8972700238227844,0.8981299996376038,0
2025-08-27 01:05:00+00:00,0.8981500267982483,0.8982399702072144,0.8972399830818176,0.8980699777603149,0
2025-08-27 01:10:00+00:00,0.8980100154876709,0.8981900215148926,0.8971499800682068,0.8980600237846375,0
2025-08-27 01:15:00+00:00,0.8980299830436707,0.8983500003814697,0.8972300291061401,0.8979499936103821,0
2025-08-27 01:20:00+00:00,0.8978999853134155,0.8980000019073486,0.8969100117683411,0.8979899883270264,0
2025-08-27 01:25:00+00:00,0.8979600071907043,0.8981299996376038,0.8970100283622742,0.8978800177574158,0
2025-08-27 01:30:00+00:00,0.8979600071907043,0.8993899822235107,0.8978400230407715,0.8988500237464905,0
2025-08-27 01:35:00+00:00,0.8988900184631348,0.8994399905204773,0.898169994354248,0.8990700244903564,0
2025-08-27 01:40:00+00:00,0.8990499973297119,0.8991900086402893,0.898169994354248,0.8990499973297119,0
2025-08-27 01:45:00+00:00,0.8990100026130676,0.8993899822235107,0.898419976234436,0.8990899920463562,0
2025-08-27 01:50:00+00:00,0.8990799784660339,0.8991699814796448,0.8979499936103821,0.8988199830055237,0
2025-08-27 01:55:00+00:00,0.898829996585846,0.8989199995994568,0.8977800011634827,0.8986499905586243,0
2025-08-27 02:00:00+00:00,0.898639976978302,0.8987200260162354,0.897599995136261,0.8983299732208252,0
2025-08-27 02:05:00+00:00,0.898360013961792,0.8985300064086914,0.8974300026893616,0.8984599709510803,0
2025-08-27 02:10:00+00:00,0.8984799981117249,0.8986600041389465,0.8974999785423279,0.8984400033950806,0
2025-08-27 02:15:00+00:00,0.8984599709510803,0.8988999724388123,0.8977000117301941,0.8988400101661682,0
2025-08-27 02:20:00+00:00,0.898829996585846,0.8989700078964233,0.8979899883270264,0.8987500071525574,0
2025-08-27 02:25:00+00:00,0.8987299799919128,0.8987699747085571,0.8973699808120728,0.8983200192451477,0
2025-08-27 02:30:00+00:00,0.8984100222587585,0.8984799981117249,0.8975200057029724,0.8982300162315369,0
2025-08-27 02:35:00+00:00,0.898169994354248,0.8982499837875366,0.8972700238227844,0.8981299996376038,0
2025-08-27 02:40:00+00:00,0.8981299996376038,0.8982399702072144,0.8971199989318848,0.8980100154876709,0
2025-08-27 02:45:00+00:00,0.8980399966239929,0.8981999754905701,0.8972100019454956,0.8981199860572815,0
2025-08-27 02:50:00+00:00,0.8980699777603149,0.8982300162315369,0.8971499800682068,0.8981500267982483,0
2025-08-27 02:55:00+00:00,0.898169994354248,0.8982599973678589,0.897159993648529,0.8981500267982483,0
2025-08-27 03:00:00+00:00,0.8981299996376038,0.8984699845314026,0.8974400162696838,0.8982999920845032,0
2025-08-27 03:05:00+00:00,0.8983200192451477,0.8984500169754028,0.8974000215530396,0.8983200192451477,0
2025-08-27 03:10:00+00:00,0.8983799815177917,0.8985599875450134,0.8974300026893616,0.8983500003814697,0
2025-08-27 03:15:00+00:00,0.8982800245285034,0.8984299898147583,0.8972399830818176,0.8982800245285034,0
2025-08-27 03:20:00+00:00,0.8983299732208252,0.8984100222587585,0.8974199891090393,0.898389995098114,0
2025-08-27 03:25:00+00:00,0.8983700275421143,0.898419976234436,0.8972200155258179,0.898140013217926,0
2025-08-27 03:30:00+00:00,0.8981599807739258,0.8982399702072144,0.897130012512207,0.8980900049209595,0
2025-08-27 03:35:00+00:00,0.8980799913406372,0.8981999754905701,0.8971099853515625,0.8980399966239929,0
2025-08-27 03:40:00+00:00,0.8980600237846375,0.898169994354248,0.8970900177955627,0.8979200124740601,0
2025-08-27 03:45:00+00:00,0.8979300260543823,0.8979799747467041,0.8969699740409851,0.897819995880127,0
2025-08-27 03:50:00+00:00,0.897819995880127,0.8979799747467041,0.8969100117683411,0.8979300260543823,0
2025-08-27 03:55:00+00:00,0.8978899717330933,0.8980100154876709,0.8969799876213074,0.8978800177574158,0
2025-08-27 04:00:00+00:00,0.8978400230407715,0.8979700207710266,0.8969600200653076,0.8977100253105164,0
2025-08-27 04:05:00+00:00,0.8977699875831604,0.8979099988937378,0.8967099785804749,0.8974800109863281,0
2025-08-27 04:10:00+00:00,0.8975399732589722,0.8979899883270264,0.89683997631073,0.8979099988937378,0
2025-08-27 04:15:00+00:00,0.8978800177574158,0.8980399966239929,0.897130012512207,0.8979300260543823,0
2025-08-27 04:20:00+00:00,0.8979200124740601,0.8979499936103821,0.8968300223350525,0.8979200124740601,0
2025-08-27 04:25:00+00:00,0.8978899717330933,0.8980500102043152,0.8970100283622742,0.8979899883270264,0
2025-08-27 04:30:00+00:00,0.8980000019073486,0.8980699777603149,0.8969699740409851,0.8978899717330933,0
2025-08-27 04:35:00+00:00,0.8978899717330933,0.8980900049209595,0.8969799876213074,0.8977400064468384,0
2025-08-27 04:40:00+00:00,0.8977400064468384,0.8978000283241272,0.8967099785804749,0.8975899815559387,0
2025-08-27 04:45:00+00:00,0.897629976272583,0.8977900147438049,0.8967800140380859,0.8977599740028381,0
2025-08-27 04:50:00+00:00,0.8977299928665161,0.8977900147438049,0.8967599868774414,0.8977599740028381,0
2025-08-27 04:55:00+00:00,0.8976799845695496,0.8977699875831604,0.8966900110244751,0.8975899815559387,0
2025-08-27 05:00:00+00:00,0.8976100087165833,0.8976799845695496,0.8966799974441528,0.8975200057029724,0
2025-08-27 05:05:00+00:00,0.8975800275802612,0.897629976272583,0.896619975566864,0.8976200222969055,0
2025-08-27 05:10:00+00:00,0.8975899815559387,0.897849977016449,0.8968200087547302,0.8977800011634827,0
2025-08-27 05:15:00+00:00,0.8977800011634827,0.8979200124740601,0.896809995174408,0.8977699875831604,0
2025-08-27 05:20:00+00:00,0.8977000117301941,0.8978099822998047,0.8967800140380859,0.8976899981498718,0
2025-08-27 05:25:00+00:00,0.8977100253105164,0.8978099822998047,0.8967000246047974,0.8975300192832947,0
2025-08-27 05:30:00+00:00,0.8975099921226501,0.8976600170135498,0.8966900110244751,0.8976200222969055,0
2025-08-27 05:35:00+00:00,0.897570013999939,0.8977400064468384,0.8967199921607971,0.8975300192832947,0
2025-08-27 05:40:00+00:00,0.897599995136261,0.8977000117301941,0.8966599702835083,0.8976500034332275,0
2025-08-27 05:45:00+00:00,0.8976200222969055,0.8978800177574158,0.8969100117683411,0.8976799845695496,0
2025-08-27 05:50:00+00:00,0.8977400064468384,0.8977599740028381,0.8967000246047974,0.8975600004196167,0
2025-08-27 05:55:00+00:00,0.8975499868392944,0.8977100253105164,0.8967300057411194,0.897629976272583,0
2025-08-27 06:00:00+00:00,0.897599995136261,0.8979099988937378,0.8967499732971191,0.897849977016449,0
2025-08-27 06:05:00+00:00,0.8978899717330933,0.8980799913406372,0.8970900177955627,0.8980000019073486,0
2025-08-27 06:10:00+00:00,0.8979399800300598,0.8981000185012817,0.8969600200653076,0.8979700207710266,0
2025-08-27 06:15:00+00:00,0.8978999853134155,0.8980500102043152,0.8970100283622742,0.8979099988937378,0
2025-08-27 06:20:00+00:00,0.897849977016449,0.8981099724769592,0.8970100283622742,0.8980100154876709,0
2025-08-27 06:25:00+00:00,0.8980399966239929,0.8981900215148926,0.8970199823379517,0.8978999853134155,0
2025-08-27 06:30:00+00:00,0.8978999853134155,0.8981299996376038,0.8971899747848511,0.8978400230407715,0
2025-08-27 06:35:00+00:00,0.8978300094604492,0.8978800177574158,0.8967300057411194,0.8977199792861938,0
2025-08-27 06:40:00+00:00,0.8977199792861938,0.897849977016449,0.8967599868774414,0.8977699875831604,0
2025-08-27 06:45:00+00:00,0.8977299928665161,0.8978400230407715,0.8968600034713745,0.8977100253105164,0
2025-08-27 06:50:00+00:00,0.8976899981498718,0.8977400064468384,0.8967099785804749,0.8974800109863281,0
2025-08-27 06:55:00+00:00,0.8974400162696838,0.8977699875831604,0.8965299725532532,0.8977500200271606,0
2025-08-27 07:00:00+00:00,0.8977400064468384,0.898140013217926,0.8976899981498718,0.8980699777603149,0
2025-08-27 07:05:00+00:00,0.8980900049209595,0.8981900215148926,0.8971400260925293,0.8980000019073486,0
2025-08-27 07:10:00+00:00,0.8979899883270264,0.8980799913406372,0.8966699838638306,0.8976699709892273,0
2025-08-27 07:15:00+00:00,0.8975899815559387,0.8977299928665161,0.8966699838638306,0.8974400162696838,0
2025-08-27 07:20:00+00:00,0.897409975528717,0.8974900245666504,0.8963599801063538,0.8972700238227844,0
2025-08-27 07:25:00+00:00,0.8972799777984619,0.8973900079727173,0.8961099982261658,0.8969299793243408,0
2025-08-27 07:30:00+00:00,0.8969100117683411,0.8973000049591064,0.8962900042533875,0.897130012512207,0
2025-08-27 07:35:00+00:00,0.8970299959182739,0.8971899747848511,0.8961399793624878,0.897130012512207,0
2025-08-27 07:40:00+00:00,0.8971099853515625,0.8972399830818176,0.8961899876594543,0.8971099853515625,0
2025-08-27 07:45:00+00:00,0.897059977054596,0.8972300291061401,0.8961600065231323,0.8969399929046631,0
2025-08-27 07:50:00+00:00,0.8968700170516968,0.897059977054596,0.8960599899291992,0.8968700170516968,0
2025-08-27 07:55:00+00:00,0.8968499898910522,0.8970699906349182,0.8959100246429443,0.8968899846076965,0
2025-08-27 08:00:00+00:00,0.8969100117683411,0.8969799876213074,0.8959400057792664,0.8968300223350525,0
2025-08-27 08:05:00+00:00,0.8968200087547302,0.8969100117683411,0.8955399990081787,0.89656001329422,0
2025-08-27 08:10:00+00:00,0.8965700268745422,0.8966500163078308,0.895550012588501,0.8963199853897095,0
2025-08-27 08:15:00+00:00,0.896369993686676,0.8964099884033203,0.8954399824142456,0.8962699770927429,0
2025-08-27 08:20:00+00:00,0.8963199853897095,0.8963599801063538,0.8952400088310242,0.8961899876594543,0
2025-08-27 08:25:00+00:00,0.8961899876594543,0.896369993686676,0.8952500224113464,0.8962299823760986,0
2025-08-27 08:30:00+00:00,0.8962200284004211,0.8964499831199646,0.8952400088310242,0.8957599997520447,0
2025-08-27 08:35:00+00:00,0.8958600163459778,0.8959900140762329,0.8948000073432922,0.8959100246429443,0
2025-08-27 08:40:00+00:00,0.8959100246429443,0.8961099982261658,0.8949900269508362,0.8959500193595886,0
2025-08-27 08:45:00+00:00,0.8959299921989441,0.8961499929428101,0.895110011100769,0.8960300087928772,0
2025-08-27 08:50:00+00:00,0.8959699869155884,0.8961700201034546,0.8950999975204468,0.8960999846458435,0
2025-08-27 08:55:00+00:00,0.8961300253868103,0.8962399959564209,0.8951500058174133,0.8959900140762329,0
2025-08-27 09:00:00+00:00,0.8960300087928772,0.8961099982261658,0.8950099945068359,0.8958799839019775,0
2025-08-27 09:05:00+00:00,0.8959000110626221,0.8960000276565552,0.8948900103569031,0.8958200216293335,0
2025-08-27 09:10:00+00:00,0.8957800269126892,0.8960700035095215,0.8949400186538696,0.8959299921989441,0
2025-08-27 09:15:00+00:00,0.8960000276565552,0.8961499929428101,0.8951600193977356,0.8960800170898438,0
2025-08-27 09:20:00+00:00,0.8960700035095215,0.8961899876594543,0.8951799869537354,0.8961399793624878,0
2025-08-27 09:25:00+00:00,0.8961399793624878,0.8962200284004211,0.8951900005340576,0.8962000012397766,0
2025-08-27 09:30:00+00:00,0.8962100148200989,0.8963800072669983,0.8952800035476685,0.896340012550354,0
2025-08-27 09:35:00+00:00,0.8962900042533875,0.8966900110244751,0.8954200148582458,0.8966799974441528,0
2025-08-27 09:40:00+00:00,0.8966599702835083,0.8966900110244751,0.8956599831581116,0.8966400027275085,0
2025-08-27 09:45:00+00:00,0.8966400027275085,0.8966699838638306,0.8956800103187561,0.8964499831199646,0
2025-08-27 09:50:00+00:00,0.8965200185775757,0.8966599702835083,0.8955299854278564,0.8963000178337097,0
2025-08-27 09:55:00+00:00,0.8963500261306763,0.8966100215911865,0.8955600261688232,0.8964800238609314,0
2025-08-27 10:00:00+00:00,0.8964099884033203,0.8964999914169312,0.8952599763870239,0.8960199952125549,0
2025-08-27 10:05:00+00:00,0.8959500193595886,0.8960700035095215,0.8950499892234802,0.896049976348877,0
2025-08-27 10:10:00+00:00,0.8960599899291992,0.8960700035095215,0.8949900269508362,0.8959000110626221,0
2025-08-27 10:15:00+00:00,0.8958600163459778,0.8960000276565552,0.8949499726295471,0.8957599997520447,0
2025-08-27 10:20:00+00:00,0.8956900238990784,0.8957599997520447,0.8946999907493591,0.8956599831581116,0
2025-08-27 10:25:00+00:00,0.8956199884414673,0.895799994468689,0.8946300148963928,0.8956900238990784,0
2025-08-27 10:30:00+00:00,0.8956800103187561,0.8957599997520447,0.894760012626648,0.8956599831581116,0
2025-08-27 10:35:00+00:00,0.8956199884414673,0.8956800103187561,0.8944799900054932,0.8955399990081787,0
2025-08-27 10:40:00+00:00,0.8955399990081787,0.8957099914550781,0.8946899771690369,0.8956000208854675,0
2025-08-27 10:45:00+00:00,0.8955299854278564,0.8957700133323669,0.8947399854660034,0.8956699967384338,0
2025-08-27 10:50:00+00:00,0.8956599831581116,0.8957499861717224,0.8946599960327148,0.8955299854278564,0
2025-08-27 10:55:00+00:00,0.895579993724823,0.8957599997520447,0.8947399854660034,0.8956400156021118,0
2025-08-27 11:00:00+00:00,0.8956300020217896,0.8956800103187561,0.8946099877357483,0.8955199718475342,0
2025-08-27 11:05:00+00:00,0.8955000042915344,0.895609974861145,0.8944299817085266,0.8955299854278564,0
2025-08-27 11:10:00+00:00,0.8955299854278564,0.895609974861145,0.8945900201797485,0.8955900073051453,0
2025-08-27 11:15:00+00:00,0.895579993724823,0.8956500291824341,0.8946200013160706,0.8955399990081787,0
2025-08-27 11:20:00+00:00,0.8955100178718567,0.8955699801445007,0.8945099711418152,0.8954200148582458,0
2025-08-27 11:25:00+00:00,0.8953700065612793,0.8954399824142456,0.8943600058555603,0.8952500224113464,0
2025-08-27 11:30:00+00:00,0.8952699899673462,0.8955100178718567,0.8945500254631042,0.8954799771308899,0
2025-08-27 11:35:00+00:00,0.8953999876976013,0.895609974861145,0.894569993019104,0.8954200148582458,0
2025-08-27 11:40:00+00:00,0.895359992980957,0.8954799771308899,0.8943099975585938,0.8952400088310242,0
2025-08-27 11:45:00+00:00,0.8952100276947021,0.8956400156021118,0.8945599794387817,0.8956199884414673,0
2025-08-27 11:50:00+00:00,0.8956199884414673,0.8957200050354004,0.8946099877357483,0.895609974861145,0
2025-08-27 11:55:00+00:00,0.8956400156021118,0.895799994468689,0.8947299718856812,0.8956699967384338,0
2025-08-27 12:00:00+00:00,0.8956199884414673,0.8958799839019775,0.8948400020599365,0.8957300186157227,0
2025-08-27 12:05:00+00:00,0.8956800103187561,0.8961300253868103,0.8949000239372253,0.896120011806488,0
2025-08-27 12:10:00+00:00,0.8960599899291992,0.8961300253868103,0.8950899839401245,0.896120011806488,0
2025-08-27 12:15:00+00:00,0.8960599899291992,0.8961499929428101,0.8951600193977356,0.8960099816322327,0
2025-08-27 12:20:00+00:00,0.8960700035095215,0.8962399959564209,0.8951399922370911,0.8960899710655212,0
2025-08-27 12:25:00+00:00,0.896049976348877,0.8961700201034546,0.8951299786567688,0.8961499929428101,0
2025-08-27 12:30:00+00:00,0.8961399793624878,0.8962200284004211,0.8952000141143799,0.896049976348877,0
2025-08-27 12:35:00+00:00,0.896049976348877,0.8961300253868103,0.8951399922370911,0.896049976348877,0
2025-08-27 12:40:00+00:00,0.8960199952125549,0.8962000012397766,0.8952400088310242,0.896120011806488,0
2025-08-27 12:45:00+00:00,0.8960700035095215,0.8964999914169312,0.8955100178718567,0.8963199853897095,0
2025-08-27 12:50:00+00:00,0.8962799906730652,0.896369993686676,0.8953400254249573,0.8963099718093872,0
2025-08-27 12:55:00+00:00,0.8963099718093872,0.8964300155639648,0.8954300284385681,0.8962799906730652,0
2025-08-27 13:00:00+00:00,0.8963299989700317,0.8963599801063538,0.8953400254249573,0.8962900042533875,0
2025-08-27 13:05:00+00:00,0.8962600231170654,0.8965499997138977,0.895359992980957,0.8965100049972534,0
2025-08-27 13:10:00+00:00,0.8964999914169312,0.8968499898910522,0.8955900073051453,0.8967800140380859,0
2025-08-27 13:15:00+00:00,0.8967700004577637,0.8968200087547302,0.8957800269126892,0.896589994430542,0
2025-08-27 13:20:00+00:00,0.8965499997138977,0.8966100215911865,0.8954300284385681,0.8963900208473206,0
2025-08-27 13:25:00+00:00,0.8963599801063538,0.8964400291442871,0.8953800201416016,0.8963199853897095,0
2025-08-27 13:30:00+00:00,0.8962299823760986,0.8963299989700317,0.8951600193977356,0.8961300253868103,0
2025-08-27 13:35:00+00:00,0.896120011806488,0.8963099718093872,0.8951600193977356,0.8962000012397766,0
2025-08-27 13:40:00+00:00,0.8962100148200989,0.8963299989700317,0.8952999711036682,0.8961899876594543,0
2025-08-27 13:45:00+00:00,0.8961700201034546,0.8966900110244751,0.8955600261688232,0.8966599702835083,0
2025-08-27 13:50:00+00:00,0.8966299891471863,0.897159993648529,0.8959000110626221,0.8970400094985962,0
2025-08-27 13:55:00+00:00,0.8970199823379517,0.8972799777984619,0.8960099816322327,0.8969500064849854,0
2025-08-27 14:00:00+00:00,0.8968899846076965,0.8970400094985962,0.8960000276565552,0.8968200087547302,0
2025-08-27 14:05:00+00:00,0.8967900276184082,0.8969399929046631,0.8957599997520447,0.8968799710273743,0
2025-08-27 14:10:00+00:00,0.8968200087547302,0.8971999883651733,0.8958899974822998,0.8970699906349182,0
2025-08-27 14:15:00+00:00,0.8970800042152405,0.8972300291061401,0.8962200284004211,0.8970999717712402,0
2025-08-27 14:20:00+00:00,0.8970999717712402,0.8974300026893616,0.8964200019836426,0.8972200155258179,0
2025-08-27 14:25:00+00:00,0.8972100019454956,0.8973600268363953,0.8962900042533875,0.8970699906349182,0
2025-08-27 14:30:00+00:00,0.8970500230789185,0.8971999883651733,0.8961700201034546,0.8970199823379517,0
2025-08-27 14:35:00+00:00,0.8970900177955627,0.8971099853515625,0.896120011806488,0.8969500064849854,0
2025-08-27 14:40:00+00:00,0.8969399929046631,0.8972300291061401,0.8959800004959106,0.8970900177955627,0
2025-08-27 14:45:00+00:00,0.8970999717712402,0.8972600102424622,0.8962799906730652,0.8972100019454956,0
2025-08-27 14:50:00+00:00,0.8971700072288513,0.897350013256073,0.8960800170898438,0.8968999981880188,0
2025-08-27 14:55:00+00:00,0.8968499898910522,0.8970800042152405,0.8960300087928772,0.8970100283622742,0
2025-08-27 15:00:00+00:00,0.8970100283622742,0.8974800109863281,0.8962399959564209,0.8974400162696838,0
2025-08-27 15:05:00+00:00,0.8974000215530396,0.8977900147438049,0.896619975566864,0.8976600170135498,0
2025-08-27 15:10:00+00:00,0.8976100087165833,0.8979499936103821,0.89683997631073,0.8976699709892273,0
2025-08-27 15:15:00+00:00,0.8976500034332275,0.8977299928665161,0.8967300057411194,0.8975099921226501,0
2025-08-27 15:20:00+00:00,0.8975300192832947,0.8977599740028381,0.8966799974441528,0.8976200222969055,0
2025-08-27 15:25:00+00:00,0.897599995136261,0.8977599740028381,0.896619975566864,0.8976899981498718,0
2025-08-27 15:30:00+00:00,0.8977400064468384,0.8977599740028381,0.8966599702835083,0.8976899981498718,0
2025-08-27 15:35:00+00:00,0.8977199792861938,0.8977900147438049,0.8966299891471863,0.8977500200271606,0
2025-08-27 15:40:00+00:00,0.8977199792861938,0.8977599740028381,0.8966299891471863,0.8975499868392944,0
2025-08-27 15:45:00+00:00,0.8975300192832947,0.8976500034332275,0.8967199921607971,0.8976100087165833,0
2025-08-27 15:50:00+00:00,0.8975399732589722,0.8977299928665161,0.8965399861335754,0.8976899981498718,0
2025-08-27 15:55:00+00:00,0.8976899981498718,0.8979300260543823,0.89683997631073,0.8978599905967712,0
2025-08-27 16:00:00+00:00,0.8978800177574158,0.8979499936103821,0.8968600034713745,0.8978700041770935,0
2025-08-27 16:05:00+00:00,0.8978300094604492,0.8980200290679932,0.8969299793243408,0.897819995880127,0
2025-08-27 16:10:00+00:00,0.897849977016449,0.8979700207710266,0.8968799710273743,0.8979300260543823,0
2025-08-27 16:15:00+00:00,0.8979099988937378,0.8979499936103821,0.8969299793243408,0.8977900147438049,0
2025-08-27 16:20:00+00:00,0.8977500200271606,0.8978599905967712,0.8968799710273743,0.8977699875831604,0
2025-08-27 16:25:00+00:00,0.8977500200271606,0.8978300094604492,0.8968200087547302,0.897819995880127,0
2025-08-27 16:30:00+00:00,0.8978000283241272,0.8978899717330933,0.8967199921607971,0.8977400064468384,0
2025-08-27 16:35:00+00:00,0.8977299928665161,0.8978800177574158,0.8966599702835083,0.8976200222969055,0
2025-08-27 16:40:00+00:00,0.8975899815559387,0.8979099988937378,0.8967700004577637,0.897819995880127,0
2025-08-27 16:45:00+00:00,0.897819995880127,0.898389995098114,0.8970800042152405,0.8983500003814697,0
2025-08-27 16:50:00+00:00,0.8983299732208252,0.898419976234436,0.8973000049591064,0.8982499837875366,0
2025-08-27 16:55:00+00:00,0.8982599973678589,0.8982800245285034,0.897130012512207,0.8980399966239929,0
2025-08-27 17:00:00+00:00,0.8979700207710266,0.8983799815177917,0.8972700238227844,0.8983100056648254,0
2025-08-27 17:05:00+00:00,0.8982499837875366,0.8983100056648254,0.8970400094985962,0.8978999853134155,0
2025-08-27 17:10:00+00:00,0.8978800177574158,0.8979099988937378,0.8966400027275085,0.8977800011634827,0
2025-08-27 17:15:00+00:00,0.8978400230407715,0.8979300260543823,0.8967599868774414,0.8977500200271606,0
2025-08-27 17:20:00+00:00,0.8977100253105164,0.8978400230407715,0.8967599868774414,0.8977699875831604,0
2025-08-27 17:25:00+00:00,0.8977299928665161,0.8977900147438049,0.8967000246047974,0.8976100087165833,0
2025-08-27 17:30:00+00:00,0.897599995136261,0.8978000283241272,0.8967700004577637,0.8976799845695496,0
2025-08-27 17:35:00+00:00,0.8976699709892273,0.8977000117301941,0.8965299725532532,0.8974400162696838,0
2025-08-27 17:40:00+00:00,0.8974800109863281,0.897570013999939,0.8965700268745422,0.8975099921226501,0
2025-08-27 17:45:00+00:00,0.8974599838256836,0.8975899815559387,0.89656001329422,0.8974599838256836,0
2025-08-27 17:50:00+00:00,0.8974300026893616,0.8977800011634827,0.896619975566864,0.8977000117301941,0
2025-08-27 17:55:00+00:00,0.8976600170135498,0.8977299928665161,0.8966900110244751,0.8975800275802612,0
2025-08-27 18:00:00+00:00,0.8976100087165833,0.8976899981498718,0.8967000246047974,0.897599995136261,0
2025-08-27 18:05:00+00:00,0.8975399732589722,0.8976699709892273,0.8965499997138977,0.8975200057029724,0
2025-08-27 18:10:00+00:00,0.8974599838256836,0.8977800011634827,0.8966299891471863,0.8977299928665161,0
2025-08-27 18:15:00+00:00,0.8977800011634827,0.8979499936103821,0.8967900276184082,0.8979200124740601,0
2025-08-27 18:20:00+00:00,0.8979300260543823,0.8979399800300598,0.8969600200653076,0.8977699875831604,0
2025-08-27 18:25:00+00:00,0.8977199792861938,0.8978599905967712,0.8968300223350525,0.8978400230407715,0
2025-08-27 18:30:00+00:00,0.897819995880127,0.8978599905967712,0.8968600034713745,0.897819995880127,0
2025-08-27 18:35:00+00:00,0.897819995880127,0.8978700041770935,0.8969100117683411,0.8978400230407715,0
2025-08-27 18:40:00+00:00,0.8978099822998047,0.8980200290679932,0.8969299793243408,0.8979200124740601,0
2025-08-27 18:45:00+00:00,0.8978899717330933,0.8980000019073486,0.8969799876213074,0.8977599740028381,0
2025-08-27 18:50:00+00:00,0.8977699875831604,0.8978099822998047,0.8967400193214417,0.8977299928665161,0
2025-08-27 18:55:00+00:00,0.8977199792861938,0.8980000019073486,0.8968700170516968,0.8979899883270264,0
2025-08-27 19:00:00+00:00,0.8980000019073486,0.8980100154876709,0.8969799876213074,0.8978999853134155,0
2025-08-27 19:05:00+00:00,0.897849977016449,0.8978999853134155,0.896809995174408,0.8977199792861938,0
2025-08-27 19:10:00+00:00,0.8977599740028381,0.8977900147438049,0.8966799974441528,0.8975300192832947,0
2025-08-27 19:15:00+00:00,0.8975600004196167,0.8977500200271606,0.8967800140380859,0.897629976272583,0
2025-08-27 19:20:00+00:00,0.8976200222969055,0.8976399898529053,0.8965799808502197,0.8974300026893616,0
2025-08-27 19:25:00+00:00,0.8973600268363953,0.8975600004196167,0.89656001329422,0.8975200057029724,0
2025-08-27 19:30:00+00:00,0.8974900245666504,0.8975600004196167,0.8966000080108643,0.8974199891090393,0
2025-08-27 19:35:00+00:00,0.8973900079727173,0.8975099921226501,0.8964700102806091,0.8974999785423279,0
2025-08-27 19:40:00+00:00,0.8974400162696838,0.8975300192832947,0.8964999914169312,0.8974400162696838,0
2025-08-27 19:45:00+00:00,0.8974300026893616,0.8974499702453613,0.8964999914169312,0.897350013256073,0
2025-08-27 19:50:00+00:00,0.897350013256073,0.8975200057029724,0.8964599967002869,0.8974499702453613,0
2025-08-27 19:55:00+00:00,0.8974400162696838,0.8976500034332275,0.8964800238609314,0.897409975528717,0
2025-08-27 20:00:00+00:00,0.8973000049591064,0.8974699974060059,0.8964700102806091,0.8973299860954285,0
2025-08-27 20:05:00+00:00,0.8973100185394287,0.897379994392395,0.8962200284004211,0.897059977054596,0
2025-08-27 20:10:00+00:00,0.8970199823379517,0.897159993648529,0.8961700201034546,0.8970900177955627,0
2025-08-27 20:15:00+00:00,0.8970500230789185,0.8971099853515625,0.8961399793624878,0.8969699740409851,0
2025-08-27 20:20:00+00:00,0.8969600200653076,0.897130012512207,0.8958600163459778,0.8967099785804749,0
2025-08-27 20:25:00+00:00,0.8966699838638306,0.8972100019454956,0.8960599899291992,0.8971800208091736,0
2025-08-27 20:30:00+00:00,0.8971199989318848,0.8971999883651733,0.8960400223731995,0.8968999981880188,0
2025-08-27 20:35:00+00:00,0.8968799710273743,0.8972600102424622,0.8959599733352661,0.8969900012016296,0
2025-08-27 20:40:00+00:00,0.8969200253486633,0.897130012512207,0.896049976348877,0.8970699906349182,0
2025-08-27 20:45:00+00:00,0.8969699740409851,0.8970999717712402,0.8961099982261658,0.8970500230789185,0
2025-08-27 20:50:00+00:00,0.8970400094985962,0.8972899913787842,0.8962299823760986,0.8972399830818176,0
2025-08-27 20:55:00+00:00,0.8971800208091736,0.8972899913787842,0.8962000012397766,0.8965399861335754,0
2025-08-27 21:00:00+00:00,0.8965399861335754,0.8967000246047974,0.8957899808883667,0.8958899974822998,0
2025-08-27 21:05:00+00:00,0.8959800004959106,0.8964599967002869,0.8957800269126892,0.8961799740791321,0
2025-08-27 21:10:00+00:00,0.8964400291442871,0.8964700102806091,0.8956300020217896,0.8961099982261658,0
2025-08-27 21:15:00+00:00,0.8961600065231323,0.8964599967002869,0.8958200216293335,0.8964300155639648,0
2025-08-27 21:20:00+00:00,0.8963900208473206,0.896589994430542,0.8957700133323669,0.8961799740791321,0
2025-08-27 21:25:00+00:00,0.8964200019836426,0.8965700268745422,0.8959699869155884,0.8964800238609314,0
2025-08-27 21:30:00+00:00,0.8965399861335754,0.896619975566864,0.8959699869155884,0.8963800072669983,0
2025-08-27 21:35:00+00:00,0.8963800072669983,0.8964499831199646,0.895829975605011,0.8963000178337097,0
2025-08-27 21:40:00+00:00,0.8963500261306763,0.896399974822998,0.8958100080490112,0.8963900208473206,0
2025-08-27 21:45:00+00:00,0.8963500261306763,0.89656001329422,0.8958699703216553,0.8964499831199646,0
2025-08-27 21:50:00+00:00,0.8964599967002869,0.8964599967002869,0.8958699703216553,0.8962600231170654,0
2025-08-27 21:55:00+00:00,0.8961899876594543,0.8964300155639648,0.895829975605011,0.8962100148200989,0
2025-08-27 22:00:00+00:00,0.8963500261306763,0.8970500230789185,0.8960700035095215,0.8967400193214417,0
2025-08-27 22:05:00+00:00,0.8967199921607971,0.8969399929046631,0.8958500027656555,0.8967000246047974,0
2025-08-27 22:10:00+00:00,0.8965100049972534,0.8968499898910522,0.8958799839019775,0.8966699838638306,0
2025-08-27 22:15:00+00:00,0.8966699838638306,0.8969500064849854,0.8960899710655212,0.8968899846076965,0
2025-08-27 22:20:00+00:00,0.8967700004577637,0.8969900012016296,0.8960099816322327,0.8967599868774414,0
2025-08-27 22:25:00+00:00,0.8967599868774414,0.8970299959182739,0.8959599733352661,0.8968499898910522,0
2025-08-27 22:30:00+00:00,0.8970299959182739,0.8970699906349182,0.8961399793624878,0.8968600034713745,0
2025-08-27 22:35:00+00:00,0.8968600034713745,0.8970900177955627,0.8961600065231323,0.8968799710273743,0
2025-08-27 22:40:00+00:00,0.8969299793243408,0.8970900177955627,0.8962000012397766,0.8970500230789185,0
2025-08-27 22:45:00+00:00,0.8970299959182739,0.8970999717712402,0.8962000012397766,0.8969699740409851,0
2025-08-27 22:50:00+00:00,0.8968200087547302,0.8970800042152405,0.8961499929428101,0.8968899846076965,0
2025-08-27 22:55:00+00:00,0.897059977054596,0.8970800042152405,0.8961700201034546,0.8968899846076965,0
2025-08-27 23:00:00+00:00,0.8970299959182739,0.8972100019454956,0.8961399793624878,0.8970800042152405,0
2025-08-27 23:05:00+00:00,0.8970400094985962,0.8972100019454956,0.8962200284004211,0.8971099853515625,0
2025-08-27 23:10:00+00:00,0.8969500064849854,0.8971099853515625,0.8960700035095215,0.8969100117683411,0
2025-08-27 23:15:00+00:00,0.8968999981880188,0.8970900177955627,0.8961799740791321,0.8968300223350525,0
2025-08-27 23:20:00+00:00,0.8967700004577637,0.8971099853515625,0.896120011806488,0.8969299793243408,0
2025-08-27 23:25:00+00:00,0.8969299793243408,0.8970900177955627,0.8960999846458435,0.8969600200653076,0
2025-08-27 23:30:00+00:00,0.8968300223350525,0.8970299959182739,0.8961399793624878,0.89683997631073,0
2025-08-27 23:35:00+00:00,0.89683997631073,0.8971800208091736,0.8961700201034546,0.8971700072288513,0
2025-08-27 23:40:00+00:00,0.8971400260925293,0.8971999883651733,0.8962000012397766,0.8970500230789185,0
2025-08-27 23:45:00+00:00,0.8968799710273743,0.8972100019454956,0.8961399793624878,0.8971700072288513,0
2025-08-27 23:50:00+00:00,0.897159993648529,0.8973699808120728,0.8963800072669983,0.897130012512207,0
2025-08-27 23:55:00+00:00,0.8970299959182739,0.897409975528717,0.8963299989700317,0.897409975528717,0
2025-08-28 00:00:00+00:00,0.8974000215530396,0.8976399898529053,0.89656001329422,0.897599995136261,0
2025-08-28 00:05:00+00:00,0.8974800109863281,0.8976200222969055,0.8966299891471863,0.8973399996757507,0
2025-08-28 00:10:00+00:00,0.8974999785423279,0.8975600004196167,0.8965399861335754,0.8973600268363953,0
2025-08-28 00:15:00+00:00,0.8972100019454956,0.8973900079727173,0.8963099718093872,0.8972899913787842,0
2025-08-28 00:20:00+00:00,0.8972700238227844,0.8973000049591064,0.8963500261306763,0.8973000049591064,0
2025-08-28 00:25:00+00:00,0.8973000049591064,0.8973299860954285,0.8962900042533875,0.8971400260925293,0
2025-08-28 00:30:00+00:00,0.8972899913787842,0.897409975528717,0.8964599967002869,0.8972200155258179,0
2025-08-28 00:35:00+00:00,0.897379994392395,0.8976200222969055,0.8965499997138977,0.8974199891090393,0
2025-08-28 00:40:00+00:00,0.8974199891090393,0.8975899815559387,0.8965200185775757,0.8973900079727173,0
2025-08-28 00:45:00+00:00,0.8973699808120728,0.8976100087165833,0.8966000080108643,0.8974300026893616,0
2025-08-28 00:50:00+00:00,0.897379994392395,0.8975300192832947,0.8965700268745422,0.8973699808120728,0
2025-08-28 00:55:00+00:00,0.8974599838256836,0.897570013999939,0.8964200019836426,0.8973399996757507,0
2025-08-28 01:00:00+00:00,0.8973100185394287,0.8974699974060059,0.8964499831199646,0.8973199725151062,0
2025-08-28 01:05:00+00:00,0.8972399830818176,0.8976500034332275,0.8964899778366089,0.8976200222969055,0
2025-08-28 01:10:00+00:00,0.897599995136261,0.8978899717330933,0.8968600034713745,0.8975899815559387,0
2025-08-28 01:15:00+00:00,0.8977299928665161,0.8978700041770935,0.8968899846076965,0.8975800275802612,0
2025-08-28 01:20:00+00:00,0.897570013999939,0.8977400064468384,0.8966299891471863,0.8973699808120728,0
2025-08-28 01:25:00+00:00,0.8974300026893616,0.8976600170135498,0.8966799974441528,0.897379994392395,0
2025-08-28 01:30:00+00:00,0.8973600268363953,0.8976399898529053,0.8966799974441528,0.8973199725151062,0
2025-08-28 01:35:00+00:00,0.8973100185394287,0.8974499702453613,0.8964999914169312,0.8972799777984619,0
2025-08-28 01:40:00+00:00,0.8971400260925293,0.8973600268363953,0.8964300155639648,0.8972300291061401,0
2025-08-28 01:45:00+00:00,0.8972100019454956,0.8974000215530396,0.8964599967002869,0.8972600102424622,0
2025-08-28 01:50:00+00:00,0.8972700238227844,0.8974400162696838,0.8964599967002869,0.897350013256073,0
2025-08-28 01:55:00+00:00,0.8972200155258179,0.897350013256073,0.896340012550354,0.8971999883651733,0
2025-08-28 02:00:00+00:00,0.8971899747848511,0.8976500034332275,0.896589994430542,0.8973900079727173,0
2025-08-28 02:05:00+00:00,0.8974000215530396,0.8978800177574158,0.896619975566864,0.8978700041770935,0
2025-08-28 02:10:00+00:00,0.8977299928665161,0.8979700207710266,0.8967199921607971,0.8974900245666504,0
2025-08-28 02:15:00+00:00,0.8974000215530396,0.8978599905967712,0.8969299793243408,0.8976399898529053,0
2025-08-28 02:20:00+00:00,0.8976100087165833,0.8978599905967712,0.8968600034713745,0.8976899981498718,0
2025-08-28 02:25:00+00:00,0.8977000117301941,0.8977800011634827,0.89683997631073,0.8977199792861938,0
2025-08-28 02:30:00+00:00,0.8977199792861938,0.8977699875831604,0.8967599868774414,0.8975399732589722,0
2025-08-28 02:35:00+00:00,0.8974199891090393,0.897629976272583,0.8966699838638306,0.8975600004196167,0
2025-08-28 02:40:00+00:00,0.8975499868392944,0.8976899981498718,0.8967700004577637,0.8976399898529053,0
2025-08-28 02:45:00+00:00,0.8975300192832947,0.8977500200271606,0.896809995174408,0.8976899981498718,0
2025-08-28 02:50:00+00:00,0.8976200222969055,0.8978300094604492,0.8968700170516968,0.8976699709892273,0
2025-08-28 02:55:00+00:00,0.8977800011634827,0.8978400230407715,0.8968999981880188,0.8978300094604492,0
2025-08-28 03:00:00+00:00,0.8976799845695496,0.897849977016449,0.8968799710273743,0.8975600004196167,0
2025-08-28 03:05:00+00:00,0.8975200057029724,0.8979899883270264,0.8968200087547302,0.8979499936103821,0
2025-08-28 03:10:00+00:00,0.8978400230407715,0.8980100154876709,0.8968999981880188,0.8978099822998047,0
2025-08-28 03:15:00+00:00,0.8979200124740601,0.8980100154876709,0.897130012512207,0.8979099988937378,0
2025-08-28 03:20:00+00:00,0.8977900147438049,0.8979799747467041,0.8968300223350525,0.8976600170135498,0
2025-08-28 03:25:00+00:00,0.8976600170135498,0.8977400064468384,0.896809995174408,0.8977400064468384,0
2025-08-28 03:30:00+00:00,0.897570013999939,0.8977900147438049,0.8968300223350525,0.8975600004196167,0
2025-08-28 03:35:00+00:00,0.8975600004196167,0.8977299928665161,0.8966500163078308,0.8972600102424622,0
2025-08-28 03:40:00+00:00,0.8973100185394287,0.897409975528717,0.8964200019836426,0.897130012512207,0
2025-08-28 03:45:00+00:00,0.8972399830818176,0.8973399996757507,0.8964499831199646,0.8972899913787842,0
2025-08-28 03:50:00+00:00,0.8971800208091736,0.8973299860954285,0.8963199853897095,0.8972799777984619,0
2025-08-28 03:55:00+00:00,0.8971700072288513,0.8974599838256836,0.8963000178337097,0.8972499966621399,0
2025-08-28 04:00:00+00:00,0.8972700238227844,0.8974300026893616,0.8963000178337097,0.8971499800682068,0
2025-08-28 04:05:00+00:00,0.897159993648529,0.8972200155258179,0.8962299823760986,0.8970000147819519,0
2025-08-28 04:10:00+00:00,0.8970900177955627,0.8971800208091736,0.8962699770927429,0.8970299959182739,0
2025-08-28 04:15:00+00:00,0.897130012512207,0.897159993648529,0.8962299823760986,0.8971400260925293,0
2025-08-28 04:20:00+00:00,0.8970199823379517,0.8972300291061401,0.8962900042533875,0.8971099853515625,0
2025-08-28 04:25:00+00:00,0.8969799876213074,0.8973600268363953,0.8963500261306763,0.8971700072288513,0
2025-08-28 04:30:00+00:00,0.8971700072288513,0.8973900079727173,0.8963900208473206,0.897159993648529,0
2025-08-28 04:35:00+00:00,0.8971400260925293,0.897379994392395,0.8962600231170654,0.8971199989318848,0
2025-08-28 04:40:00+00:00,0.8970800042152405,0.8972899913787842,0.8962500095367432,0.8972799777984619,0
2025-08-28 04:45:00+00:00,0.8971999883651733,0.8973000049591064,0.896369993686676,0.8972100019454956,0
2025-08-28 04:50:00+00:00,0.8970900177955627,0.8972399830818176,0.8962299823760986,0.8969900012016296,0
2025-08-28 04:55:00+00:00,0.8970000147819519,0.8971899747848511,0.8962100148200989,0.897159993648529,0
2025-08-28 05:00:00+00:00,0.8971800208091736,0.8971899747848511,0.8962900042533875,0.8971800208091736,0
2025-08-28 05:05:00+00:00,0.8970800042152405,0.8972100019454956,0.8961499929428101,0.8970400094985962,0
2025-08-28 05:10:00+00:00,0.8970999717712402,0.8971999883651733,0.8962699770927429,0.8970100283622742,0
2025-08-28 05:15:00+00:00,0.8971099853515625,0.8971400260925293,0.8961700201034546,0.8969699740409851,0
2025-08-28 05:20:00+00:00,0.8968499898910522,0.8970500230789185,0.8959900140762329,0.8968700170516968,0
2025-08-28 05:25:00+00:00,0.89683997631073,0.8970999717712402,0.8961700201034546,0.8968999981880188,0
2025-08-28 05:30:00+00:00,0.8968600034713745,0.8970500230789185,0.8960800170898438,0.8969600200653076,0
2025-08-28 05:35:00+00:00,0.8968700170516968,0.8970699906349182,0.8961099982261658,0.8970699906349182,0
2025-08-28 05:40:00+00:00,0.8969500064849854,0.8970699906349182,0.8960899710655212,0.8969600200653076,0
2025-08-28 05:45:00+00:00,0.8969500064849854,0.8970299959182739,0.8960800170898438,0.8967900276184082,0
2025-08-28 05:50:00+00:00,0.8969500064849854,0.8970500230789185,0.8959500193595886,0.8969299793243408,0
2025-08-28 05:55:00+00:00,0.8967800140380859,0.8969500064849854,0.8966599702835083,0.8966799974441528,0
2025-08-28 06:00:00+00:00,0.8971499800682068,0.8972499966621399,0.8962699770927429,0.8971499800682068,0
2025-08-28 06:05:00+00:00,0.8970500230789185,0.8972799777984619,0.8963199853897095,0.897159993648529,0
2025-08-28 06:10:00+00:00,0.8973399996757507,0.8974900245666504,0.8965799808502197,0.897409975528717,0
2025-08-28 06:15:00+00:00,0.8974000215530396,0.8974699974060059,0.8965499997138977,0.8972700238227844,0
2025-08-28 06:20:00+00:00,0.8972600102424622,0.8975300192832947,0.8964800238609314,0.8974300026893616,0
2025-08-28 06:25:00+00:00,0.8973199725151062,0.8974900245666504,0.8964999914169312,0.8974199891090393,0
2025-08-28 06:30:00+00:00,0.8973000049591064,0.8975600004196167,0.8965200185775757,0.8974400162696838,0
2025-08-28 06:35:00+00:00,0.8973399996757507,0.8976100087165833,0.8966400027275085,0.8974900245666504,0
2025-08-28 06:40:00+00:00,0.8973299860954285,0.8974999785423279,0.8964499831199646,0.8973000049591064,0
2025-08-28 06:45:00+00:00,0.8973000049591064,0.8973299860954285,0.896399974822998,0.8971899747848511,0
2025-08-28 06:50:00+00:00,0.8970800042152405,0.8974000215530396,0.8963500261306763,0.8972600102424622,0
2025-08-28 06:55:00+00:00,0.8971800208091736,0.8975600004196167,0.8965299725532532,0.8974499702453613,0
2025-08-28 07:00:00+00:00,0.8973000049591064,0.8976799845695496,0.8965100049972534,0.897599995136261,0
2025-08-28 07:05:00+00:00,0.8975800275802612,0.8976699709892273,0.896619975566864,0.8972100019454956,0
2025-08-28 07:10:00+00:00,0.8972700238227844,0.8976100087165833,0.8964899778366089,0.8975300192832947,0
2025-08-28 07:15:00+00:00,0.8973900079727173,0.897570013999939,0.8965200185775757,0.8972200155258179,0
2025-08-28 07:20:00+00:00,0.8970699906349182,0.8974300026893616,0.8963599801063538,0.8972499966621399,0
2025-08-28 07:25:00+00:00,0.8972799777984619,0.8975099921226501,0.8965399861335754,0.8974400162696838,0
2025-08-28 07:30:00+00:00,0.8972700238227844,0.8974300026893616,0.8963800072669983,0.8970999717712402,0
2025-08-28 07:35:00+00:00,0.8970999717712402,0.8973600268363953,0.8962500095367432,0.8970800042152405,0
2025-08-28 07:40:00+00:00,0.8970999717712402,0.8973699808120728,0.8964200019836426,0.8972600102424622,0
2025-08-28 07:45:00+00:00,0.8972700238227844,0.8973699808120728,0.8963000178337097,0.8973000049591064,0
2025-08-28 07:50:00+00:00,0.8972899913787842,0.897570013999939,0.8964999914169312,0.8973600268363953,0
2025-08-28 07:55:00+00:00,0.8972600102424622,0.8975499868392944,0.8965399861335754,0.8974300026893616,0
2025-08-28 08:00:00+00:00,0.897379994392395,0.8975800275802612,0.8966400027275085,0.8972100019454956,0
2025-08-28 08:05:00+00:00,0.8972100019454956,0.8973399996757507,0.896399974822998,0.8971400260925293,0
2025-08-28 08:10:00+00:00,0.8971099853515625,0.8972399830818176,0.8962600231170654,0.8970299959182739,0
2025-08-28 08:15:00+00:00,0.8970199823379517,0.8971400260925293,0.8961700201034546,0.8971099853515625,0
2025-08-28 08:20:00+00:00,0.8969799876213074,0.8972799777984619,0.8963000178337097,0.8972600102424622,0
2025-08-28 08:25:00+00:00,0.8972399830818176,0.8974499702453613,0.8964800238609314,0.8973600268363953,0
2025-08-28 08:30:00+00:00,0.897379994392395,0.8976200222969055,0.8967300057411194,0.8975099921226501,0
2025-08-28 08:35:00+00:00,0.8974999785423279,0.8976399898529053,0.896619975566864,0.8976200222969055,0
2025-08-28 08:40:00+00:00,0.8975200057029724,0.8979200124740601,0.8969799876213074,0.8977299928665161,0
2025-08-28 08:45:00+00:00,0.8977199792861938,0.8980600237846375,0.8971800208091736,0.8979300260543823,0
2025-08-28 08:50:00+00:00,0.8979200124740601,0.8980699777603149,0.8969900012016296,0.8978000283241272,0
2025-08-28 08:55:00+00:00,0.897819995880127,0.8980799913406372,0.8970999717712402,0.8978800177574158,0
2025-08-28 09:00:00+00:00,0.8980000019073486,0.8980299830436707,0.8969799876213074,0.8978300094604492,0
2025-08-28 09:05:00+00:00,0.897819995880127,0.8981099724769592,0.8970699906349182,0.8978999853134155,0
2025-08-28 09:10:00+00:00,0.8978700041770935,0.8980399966239929,0.8970999717712402,0.8980299830436707,0
2025-08-28 09:15:00+00:00,0.8978999853134155,0.8981599807739258,0.8972499966621399,0.8980799913406372,0
2025-08-28 09:20:00+00:00,0.8979499936103821,0.898169994354248,0.8972499966621399,0.8978400230407715,0
2025-08-28 09:25:00+00:00,0.8978599905967712,0.8980100154876709,0.8969799876213074,0.897849977016449,0
2025-08-28 09:30:00+00:00,0.8977199792861938,0.8980600237846375,0.8971199989318848,0.8979200124740601,0
2025-08-28 09:35:00+00:00,0.8979499936103821,0.898140013217926,0.8971899747848511,0.8979899883270264,0
2025-08-28 09:40:00+00:00,0.8980799913406372,0.8980900049209595,0.8969299793243408,0.8977500200271606,0
2025-08-28 09:45:00+00:00,0.8977400064468384,0.8978300094604492,0.8968499898910522,0.8977699875831604,0
2025-08-28 09:50:00+00:00,0.8976699709892273,0.8978999853134155,0.8969600200653076,0.8977299928665161,0
2025-08-28 09:55:00+00:00,0.8978599905967712,0.8979399800300598,0.8969699740409851,0.8978099822998047,0
2025-08-28 10:00:00+00:00,0.8976500034332275,0.8978800177574158,0.8968600034713745,0.8977000117301941,0
2025-08-28 10:05:00+00:00,0.8976799845695496,0.8979499936103821,0.8969299793243408,0.8978899717330933,0
2025-08-28 10:10:00+00:00,0.8978099822998047,0.8981900215148926,0.8972600102424622,0.8980200290679932,0
2025-08-28 10:15:00+00:00,0.8981199860572815,0.8982800245285034,0.8973600268363953,0.8981800079345703,0
2025-08-28 10:20:00+00:00,0.8982200026512146,0.8982800245285034,0.8973299860954285,0.8981599807739258,0
2025-08-28 10:25:00+00:00,0.8982499837875366,0.8984500169754028,0.897350013256073,0.8982099890708923,0
2025-08-28 10:30:00+00:00,0.8981000185012817,0.8982899785041809,0.8973399996757507,0.8980000019073486,0
2025-08-28 10:35:00+00:00,0.8980100154876709,0.8981900215148926,0.8972300291061401,0.8980100154876709,0
2025-08-28 10:40:00+00:00,0.8981500267982483,0.8985400199890137,0.8973699808120728,0.898389995098114,0
2025-08-28 10:45:00+00:00,0.8984799981117249,0.8985499739646912,0.8975899815559387,0.8983399868011475,0
2025-08-28 10:50:00+00:00,0.8983500003814697,0.8983500003814697,0.897379994392395,0.8982499837875366,0
2025-08-28 10:55:00+00:00,0.8982399702072144,0.8983500003814697,0.8974300026893616,0.898140013217926,0
2025-08-28 11:00:00+00:00,0.8981199860572815,0.8985400199890137,0.8976399898529053,0.8983500003814697,0
2025-08-28 11:05:00+00:00,0.8982499837875366,0.8984699845314026,0.897350013256073,0.8980000019073486,0
2025-08-28 11:10:00+00:00,0.8979700207710266,0.898169994354248,0.8972200155258179,0.8981000185012817,0
2025-08-28 11:15:00+00:00,0.8981000185012817,0.8983299732208252,0.8972499966621399,0.8981999754905701,0
2025-08-28 11:20:00+00:00,0.8982999920845032,0.8984400033950806,0.8974999785423279,0.8982899785041809,0
2025-08-28 11:25:00+00:00,0.8984100222587585,0.8986200094223022,0.8975899815559387,0.8984599709510803,0
2025-08-28 11:30:00+00:00,0.8984599709510803,0.8986600041389465,0.8975499868392944,0.8984699845314026,0
2025-08-28 11:35:00+00:00,0.8983799815177917,0.8985199928283691,0.8975300192832947,0.8982499837875366,0
2025-08-28 11:40:00+00:00,0.8982200026512146,0.8982599973678589,0.8972700238227844,0.8980500102043152,0
2025-08-28 11:45:00+00:00,0.8980799913406372,0.8982899785041809,0.8972399830818176,0.8982300162315369,0
2025-08-28 11:50:00+00:00,0.8981299996376038,0.8983500003814697,0.897379994392395,0.8981599807739258,0
2025-08-28 11:55:00+00:00,0.898140013217926,0.898360013961792,0.897350013256073,0.8983399868011475,0
2025-08-28 12:00:00+00:00,0.8981999754905701,0.898419976234436,0.8974199891090393,0.8982399702072144,0
2025-08-28 12:05:00+00:00,0.8982399702072144,0.8985099792480469,0.8973199725151062,0.8980699777603149,0
2025-08-28 12:10:00+00:00,0.8980600237846375,0.8982300162315369,0.8972100019454956,0.8979700207710266,0
2025-08-28 12:15:00+00:00,0.8980900049209595,0.898140013217926,0.8971999883651733,0.8981000185012817,0
2025-08-28 12:20:00+00:00,0.8980799913406372,0.8981900215148926,0.8970900177955627,0.8980900049209595,0
2025-08-28 12:25:00+00:00,0.8981099724769592,0.8982399702072144,0.8971899747848511,0.8981199860572815,0
2025-08-28 12:30:00+00:00,0.8980200290679932,0.8982599973678589,0.8971700072288513,0.8979200124740601,0
2025-08-28 12:35:00+00:00,0.8980699777603149,0.8981800079345703,0.8970500230789185,0.8980299830436707,0
2025-08-28 12:40:00+00:00,0.8980000019073486,0.8988000154495239,0.8976200222969055,0.8986300230026245,0
2025-08-28 12:45:00+00:00,0.898639976978302,0.898829996585846,0.8978300094604492,0.8985300064086914,0
2025-08-28 12:50:00+00:00,0.8985000252723694,0.8987200260162354,0.8976399898529053,0.8984599709510803,0
2025-08-28 12:55:00+00:00,0.8983100056648254,0.8985000252723694,0.8973900079727173,0.8982399702072144,0
2025-08-28 13:00:00+00:00,0.8981299996376038,0.8983299732208252,0.8972200155258179,0.8982099890708923,0
2025-08-28 13:05:00+00:00,0.8981099724769592,0.8983700275421143,0.8972300291061401,0.8983700275421143,0
2025-08-28 13:10:00+00:00,0.8983700275421143,0.8985599875450134,0.8975600004196167,0.8983799815177917,0
2025-08-28 13:15:00+00:00,0.8982399702072144,0.8985999822616577,0.8975800275802612,0.8984599709510803,0
2025-08-28 13:20:00+00:00,0.8983299732208252,0.8986200094223022,0.8975899815559387,0.8984900116920471,0
2025-08-28 13:25:00+00:00,0.8984900116920471,0.8986600041389465,0.897570013999939,0.898360013961792,0
2025-08-28 13:30:00+00:00,0.8982700109481812,0.898859977722168,0.8981800079345703,0.8984900116920471,0
2025-08-28 13:35:00+00:00,0.8986300230026245,0.8987900018692017,0.8977500200271606,0.8983799815177917,0
2025-08-28 13:40:00+00:00,0.8984900116920471,0.8988800048828125,0.8974900245666504,0.8986899852752686,0
2025-08-28 13:45:00+00:00,0.8986899852752686,0.8988699913024902,0.8984299898147583,0.8986799716949463,0
2025-08-28 13:50:00+00:00,0.8985400199890137,0.8988000154495239,0.8976500034332275,0.8981599807739258,0
2025-08-28 13:55:00+00:00,0.898169994354248,0.8982499837875366,0.8968799710273743,0.8976899981498718,0
2025-08-28 14:00:00+00:00,0.8976799845695496,0.8984000086784363,0.8974199891090393,0.8982599973678589,0
2025-08-28 14:05:00+00:00,0.8983799815177917,0.898580014705658,0.8975200057029724,0.8984699845314026,0
2025-08-28 14:10:00+00:00,0.8984799981117249,0.8986999988555908,0.8976200222969055,0.8983700275421143,0
2025-08-28 14:15:00+00:00,0.8984500169754028,0.8986200094223022,0.8976200222969055,0.8984299898147583,0
2025-08-28 14:20:00+00:00,0.8984299898147583,0.8987399935722351,0.8975399732589722,0.898389995098114,0
2025-08-28 14:25:00+00:00,0.8984900116920471,0.8985999822616577,0.8976699709892273,0.8983799815177917,0
2025-08-28 14:30:00+00:00,0.8983500003814697,0.8987900018692017,0.8977800011634827,0.8985499739646912,0
2025-08-28 14:35:00+00:00,0.8985599875450134,0.8988000154495239,0.8977500200271606,0.8987200260162354,0
2025-08-28 14:40:00+00:00,0.8987100124359131,0.898829996585846,0.8975899815559387,0.8982800245285034,0
2025-08-28 14:45:00+00:00,0.8982300162315369,0.8984000086784363,0.897350013256073,0.897819995880127,0
2025-08-28 14:50:00+00:00,0.8979799747467041,0.8980200290679932,0.8969500064849854,0.8979099988937378,0
2025-08-28 14:55:00+00:00,0.8978000283241272,0.8982399702072144,0.8971700072288513,0.8981199860572815,0
2025-08-28 15:00:00+00:00,0.8981099724769592,0.8983700275421143,0.8973399996757507,0.898140013217926,0
2025-08-28 15:05:00+00:00,0.8980100154876709,0.8982599973678589,0.8973000049591064,0.8981500267982483,0
2025-08-28 15:10:00+00:00,0.8981500267982483,0.8984000086784363,0.8974199891090393,0.8983399868011475,0
2025-08-28 15:15:00+00:00,0.8982300162315369,0.8984400033950806,0.8975099921226501,0.8982599973678589,0
2025-08-28 15:20:00+00:00,0.898360013961792,0.8983799815177917,0.8972100019454956,0.8980100154876709,0
2025-08-28 15:25:00+00:00,0.8978999853134155,0.8980900049209595,0.8970999717712402,0.8980399966239929,0
2025-08-28 15:30:00+00:00,0.8979200124740601,0.8982300162315369,0.8970400094985962,0.8981299996376038,0
2025-08-28 15:35:00+00:00,0.8980399966239929,0.8981500267982483,0.8970900177955627,0.8978599905967712,0
2025-08-28 15:40:00+00:00,0.8979600071907043,0.8980699777603149,0.8970999717712402,0.8978800177574158,0
2025-08-28 15:45:00+00:00,0.8977800011634827,0.8979200124740601,0.8969900012016296,0.8978899717330933,0
2025-08-28 15:50:00+00:00,0.8978999853134155,0.8980200290679932,0.8970000147819519,0.8977800011634827,0
2025-08-28 15:55:00+00:00,0.8977599740028381,0.8980100154876709,0.8969600200653076,0.8977800011634827,0
2025-08-28 16:00:00+00:00,0.8977800011634827,0.8980000019073486,0.8970299959182739,0.897819995880127,0
2025-08-28 16:05:00+00:00,0.8979200124740601,0.8981500267982483,0.897130012512207,0.8980299830436707,0
2025-08-28 16:10:00+00:00,0.8980399966239929,0.8982499837875366,0.8972300291061401,0.8981500267982483,0
2025-08-28 16:15:00+00:00,0.8981500267982483,0.8983299732208252,0.897379994392395,0.8981999754905701,0
2025-08-28 16:20:00+00:00,0.8981800079345703,0.8981999754905701,0.8970199823379517,0.8979200124740601,0
2025-08-28 16:25:00+00:00,0.8980600237846375,0.898169994354248,0.8971899747848511,0.8981500267982483,0
2025-08-28 16:30:00+00:00,0.8980299830436707,0.8982099890708923,0.8972799777984619,0.8978999853134155,0
2025-08-28 16:35:00+00:00,0.8980100154876709,0.8980900049209595,0.8971499800682068,0.8979799747467041,0
2025-08-28 16:40:00+00:00,0.8980799913406372,0.8982200026512146,0.8973199725151062,0.8980900049209595,0
2025-08-28 16:45:00+00:00,0.8982099890708923,0.8985199928283691,0.8976200222969055,0.8983700275421143,0
2025-08-28 16:50:00+00:00,0.8982800245285034,0.8985499739646912,0.8975099921226501,0.8983200192451477,0
2025-08-28 16:55:00+00:00,0.8981999754905701,0.8983200192451477,0.897409975528717,0.8981199860572815,0
2025-08-28 17:00:00+00:00,0.8982099890708923,0.8983799815177917,0.8974000215530396,0.8982499837875366,0
2025-08-28 17:05:00+00:00,0.898360013961792,0.8984799981117249,0.8974400162696838,0.8982399702072144,0
2025-08-28 17:10:00+00:00,0.8983700275421143,0.8984000086784363,0.8974400162696838,0.8983399868011475,0
2025-08-28 17:15:00+00:00,0.8982399702072144,0.8984500169754028,0.8975600004196167,0.8983100056648254,0
2025-08-28 17:20:00+00:00,0.8983200192451477,0.8983799815177917,0.8974300026893616,0.8981900215148926,0
2025-08-28 17:25:00+00:00,0.8981800079345703,0.898419976234436,0.8974199891090393,0.8982999920845032,0
2025-08-28 17:30:00+00:00,0.8983799815177917,0.898419976234436,0.8974400162696838,0.8982099890708923,0
2025-08-28 17:35:00+00:00,0.8982099890708923,0.8983799815177917,0.897379994392395,0.8981800079345703,0
2025-08-28 17:40:00+00:00,0.8982999920845032,0.8984100222587585,0.8974900245666504,0.8984000086784363,0
2025-08-28 17:45:00+00:00,0.8983799815177917,0.8985000252723694,0.8975600004196167,0.8982399702072144,0
2025-08-28 17:50:00+00:00,0.8982300162315369,0.898389995098114,0.8974499702453613,0.8981999754905701,0
2025-08-28 17:55:00+00:00,0.8982200026512146,0.8983500003814697,0.8972899913787842,0.8980100154876709,0
2025-08-28 18:00:00+00:00,0.8980200290679932,0.8981599807739258,0.8972200155258179,0.8979300260543823,0
2025-08-28 18:05:00+00:00,0.8979300260543823,0.8981500267982483,0.8971800208091736,0.8979700207710266,0
2025-08-28 18:10:00+00:00,0.8981000185012817,0.8981999754905701,0.8972499966621399,0.8980399966239929,0
2025-08-28 18:15:00+00:00,0.8980399966239929,0.8981900215148926,0.8972499966621399,0.8980900049209595,0
2025-08-28 18:20:00+00:00,0.8979600071907043,0.8981900215148926,0.8972100019454956,0.8979099988937378,0
2025-08-28 18:25:00+00:00,0.8980200290679932,0.8980399966239929,0.8970900177955627,0.8979200124740601,0
2025-08-28 18:30:00+00:00,0.8978999853134155,0.8979799747467041,0.8970800042152405,0.8979099988937378,0
2025-08-28 18:35:00+00:00,0.8978000283241272,0.8979099988937378,0.8969900012016296,0.8978800177574158,0
2025-08-28 18:40:00+00:00,0.8978599905967712,0.8979600071907043,0.8970400094985962,0.8978999853134155,0
2025-08-28 18:45:00+00:00,0.8977800011634827,0.8979700207710266,0.8970500230789185,0.8978999853134155,0
2025-08-28 18:50:00+00:00,0.8978700041770935,0.8980900049209595,0.8970299959182739,0.8980799913406372,0
2025-08-28 18:55:00+00:00,0.8980600237846375,0.898169994354248,0.8972200155258179,0.8981599807739258,0
2025-08-28 19:00:00+00:00,0.8981500267982483,0.8982700109481812,0.8972899913787842,0.8982599973678589,0
2025-08-28 19:05:00+00:00,0.8982599973678589,0.8982599973678589,0.8972499966621399,0.8981199860572815,0
2025-08-28 19:10:00+00:00,0.8979899883270264,0.8981999754905701,0.8971400260925293,0.8981599807739258,0
2025-08-28 19:15:00+00:00,0.8980600237846375,0.8981999754905701,0.8973100185394287,0.8981099724769592,0
2025-08-28 19:20:00+00:00,0.898140013217926,0.8982800245285034,0.8972200155258179,0.8980100154876709,0
2025-08-28 19:25:00+00:00,0.8980200290679932,0.8981900215148926,0.8973000049591064,0.8980399966239929,0
2025-08-28 19:30:00+00:00,0.898140013217926,0.8982499837875366,0.8972799777984619,0.8982300162315369,0
2025-08-28 19:35:00+00:00,0.8982200026512146,0.8982899785041809,0.897379994392395,0.8981900215148926,0
2025-08-28 19:40:00+00:00,0.8982099890708923,0.8982599973678589,0.897350013256073,0.8981999754905701,0
2025-08-28 19:45:00+00:00,0.8981900215148926,0.8982300162315369,0.8972600102424622,0.8980000019073486,0
2025-08-28 19:50:00+00:00,0.8980100154876709,0.8982200026512146,0.8971999883651733,0.8980600237846375,0
2025-08-28 19:55:00+00:00,0.8980399966239929,0.8982599973678589,0.8973100185394287,0.898169994354248,0
2025-08-28 20:00:00+00:00,0.8981800079345703,0.8982499837875366,0.8973000049591064,0.8982300162315369,0
2025-08-28 20:05:00+00:00,0.8980900049209595,0.8982800245285034,0.8973600268363953,0.8981299996376038,0
2025-08-28 20:10:00+00:00,0.8982300162315369,0.8982599973678589,0.8972799777984619,0.8981099724769592,0
2025-08-28 20:15:00+00:00,0.8981199860572815,0.8981800079345703,0.8972499966621399,0.8980699777603149,0
2025-08-28 20:20:00+00:00,0.8979600071907043,0.8981099724769592,0.8970999717712402,0.8980000019073486,0
2025-08-28 20:25:00+00:00,0.8979799747467041,0.898169994354248,0.8971800208091736,0.8980100154876709,0
2025-08-28 20:30:00+00:00,0.8981500267982483,0.8981500267982483,0.8971700072288513,0.897849977016449,0
2025-08-28 20:35:00+00:00,0.8978599905967712,0.8980000019073486,0.8971199989318848,0.8978300094604492,0
2025-08-28 20:40:00+00:00,0.8979499936103821,0.8980299830436707,0.8970900177955627,0.8977900147438049,0
2025-08-28 20:45:00+00:00,0.8977800011634827,0.8979899883270264,0.897599995136261,0.8976500034332275,0
2025-08-28 20:50:00+00:00,0.8976899981498718,0.8978700041770935,0.8969699740409851,0.897819995880127,0
2025-08-28 20:55:00+00:00,0.8976699709892273,0.8979700207710266,0.8969900012016296,0.8975600004196167,0
2025-08-28 21:00:00+00:00,0.8970500230789185,0.8976200222969055,0.8964400291442871,0.8967999815940857,0
2025-08-28 21:05:00+00:00,0.8968799710273743,0.8971999883651733,0.8963000178337097,0.8968899846076965,0
2025-08-28 21:10:00+00:00,0.8968300223350525,0.8969500064849854,0.8963000178337097,0.8969500064849854,0
2025-08-28 21:15:00+00:00,0.8966400027275085,0.8973100185394287,0.8961499929428101,0.897159993648529,0
2025-08-28 21:20:00+00:00,0.8973000049591064,0.897629976272583,0.8967599868774414,0.897629976272583,0
2025-08-28 21:25:00+00:00,0.8976200222969055,0.8978000283241272,0.8969500064849854,0.897599995136261,0
2025-08-28 21:30:00+00:00,0.8976500034332275,0.8979300260543823,0.8971400260925293,0.8978099822998047,0
2025-08-28 21:35:00+00:00,0.8977800011634827,0.897849977016449,0.8966400027275085,0.8975600004196167,0
2025-08-28 21:40:00+00:00,0.897570013999939,0.8978300094604492,0.8969100117683411,0.8976899981498718,0
2025-08-28 21:45:00+00:00,0.8976399898529053,0.8977500200271606,0.8968999981880188,0.8975800275802612,0
2025-08-28 21:50:00+00:00,0.897570013999939,0.8978000283241272,0.8968200087547302,0.8978000283241272,0
2025-08-28 21:55:00+00:00,0.8977500200271606,0.8978099822998047,0.8969200253486633,0.8977100253105164,0
2025-08-28 22:00:00+00:00,0.8977400064468384,0.8981099724769592,0.8970800042152405,0.8979600071907043,0
2025-08-28 22:05:00+00:00,0.8979499936103821,0.8980699777603149,0.8970199823379517,0.8978800177574158,0
2025-08-28 22:10:00+00:00,0.8978899717330933,0.8980000019073486,0.8969500064849854,0.8979300260543823,0
2025-08-28 22:15:00+00:00,0.8979399800300598,0.8980000019073486,0.8969699740409851,0.8978700041770935,0
2025-08-28 22:20:00+00:00,0.8978599905967712,0.8979899883270264,0.8969799876213074,0.8978999853134155,0
2025-08-28 22:25:00+00:00,0.8978999853134155,0.8980100154876709,0.8969100117683411,0.8978300094604492,0
2025-08-28 22:30:00+00:00,0.897849977016449,0.8980000019073486,0.8968700170516968,0.8979600071907043,0
2025-08-28 22:35:00+00:00,0.8979200124740601,0.8980000019073486,0.8969399929046631,0.8978300094604492,0
2025-08-28 22:40:00+00:00,0.8978400230407715,0.8978400230407715,0.8967800140380859,0.8977400064468384,0
2025-08-28 22:45:00+00:00,0.8977299928665161,0.897819995880127,0.8967800140380859,0.8976899981498718,0
2025-08-28 22:50:00+00:00,0.8976799845695496,0.8977599740028381,0.8967700004577637,0.8976799845695496,0
2025-08-28 22:55:00+00:00,0.8976899981498718,0.8977599740028381,0.8967700004577637,0.8977500200271606,0
2025-08-28 23:00:00+00:00,0.8977000117301941,0.8978800177574158,0.8969100117683411,0.897819995880127,0
2025-08-28 23:05:00+00:00,0.8978300094604492,0.8979300260543823,0.8968600034713745,0.8978999853134155,0
2025-08-28 23:10:00+00:00,0.897849977016449,0.8979200124740601,0.8968799710273743,0.8977800011634827,0
2025-08-28 23:15:00+00:00,0.8977400064468384,0.8980399966239929,0.8970100283622742,0.8978400230407715,0
2025-08-28 23:20:00+00:00,0.897849977016449,0.8979399800300598,0.8969600200653076,0.8978800177574158,0
2025-08-28 23:25:00+00:00,0.897849977016449,0.8979399800300598,0.8968799710273743,0.8977500200271606,0
2025-08-28 23:30:00+00:00,0.8977500200271606,0.8979099988937378,0.8968999981880188,0.8977900147438049,0
2025-08-28 23:35:00+00:00,0.897819995880127,0.8978999853134155,0.896809995174408,0.8978300094604492,0
2025-08-28 23:40:00+00:00,0.8978000283241272,0.8979200124740601,0.8968899846076965,0.8978700041770935,0
2025-08-28 23:45:00+00:00,0.8978300094604492,0.8979200124740601,0.8969500064849854,0.8978300094604492,0
2025-08-28 23:50:00+00:00,0.8978599905967712,0.898140013217926,0.8969200253486633,0.8980399966239929,0
2025-08-28 23:55:00+00:00,0.8980399966239929,0.8981900215148926,0.8970900177955627,0.8980699777603149,0
2025-08-29 00:00:00+00:00,0.8980600237846375,0.8981199860572815,0.8969699740409851,0.8980299830436707,0
2025-08-29 00:05:00+00:00,0.8979799747467041,0.898140013217926,0.8970299959182739,0.8979099988937378,0
2025-08-29 00:10:00+00:00,0.8978700041770935,0.8981900215148926,0.8970800042152405,0.8981599807739258,0
2025-08-29 00:15:00+00:00,0.898140013217926,0.8981900215148926,0.8971400260925293,0.8981000185012817,0
2025-08-29 00:20:00+00:00,0.8981000185012817,0.8981500267982483,0.8969699740409851,0.8979200124740601,0
2025-08-29 00:25:00+00:00,0.8979200124740601,0.8982099890708923,0.8971899747848511,0.8981299996376038,0
2025-08-29 00:30:00+00:00,0.8981500267982483,0.8983200192451477,0.8972799777984619,0.898169994354248,0
2025-08-29 00:35:00+00:00,0.8981999754905701,0.8983299732208252,0.8972799777984619,0.8983100056648254,0
2025-08-29 00:40:00+00:00,0.8982700109481812,0.8983500003814697,0.8973100185394287,0.8982300162315369,0
2025-08-29 00:45:00+00:00,0.8982300162315369,0.8984599709510803,0.8973399996757507,0.8983399868011475,0
2025-08-29 00:50:00+00:00,0.898360013961792,0.8983799815177917,0.8971899747848511,0.8981599807739258,0
2025-08-29 00:55:00+00:00,0.8981199860572815,0.8985300064086914,0.8974599838256836,0.8984000086784363,0
2025-08-29 01:00:00+00:00,0.898389995098114,0.8984900116920471,0.8974400162696838,0.8984799981117249,0
2025-08-29 01:05:00+00:00,0.8984599709510803,0.8985999822616577,0.8974400162696838,0.8984000086784363,0
2025-08-29 01:10:00+00:00,0.8983500003814697,0.8986499905586243,0.897629976272583,0.8985900282859802,0
2025-08-29 01:15:00+00:00,0.89860999584198,0.8986799716949463,0.8976899981498718,0.8981500267982483,0
2025-08-29 01:20:00+00:00,0.898140013217926,0.8983500003814697,0.8971800208091736,0.8979700207710266,0
2025-08-29 01:25:00+00:00,0.8979799747467041,0.8982800245285034,0.8970000147819519,0.8981800079345703,0
2025-08-29 01:30:00+00:00,0.8981900215148926,0.8987299799919128,0.8974699974060059,0.8987200260162354,0
2025-08-29 01:35:00+00:00,0.8986700177192688,0.8989599943161011,0.8978899717330933,0.8987799882888794,0
2025-08-29 01:40:00+00:00,0.8987600207328796,0.8990899920463562,0.8978999853134155,0.8990700244903564,0
2025-08-29 01:45:00+00:00,0.8990499973297119,0.899179995059967,0.8981199860572815,0.8989800214767456,0
2025-08-29 01:50:00+00:00,0.8989599943161011,0.8990100026130676,0.8979399800300598,0.898930013179779,0
2025-08-29 01:55:00+00:00,0.8989199995994568,0.8993300199508667,0.8979499936103821,0.8992800116539001,0
2025-08-29 02:00:00+00:00,0.8992199897766113,0.8993499875068665,0.898360013961792,0.8992199897766113,0
2025-08-29 02:05:00+00:00,0.8992599844932556,0.8994399905204773,0.8983299732208252,0.8993800282478333,0
2025-08-29 02:10:00+00:00,0.8993099927902222,0.899429976940155,0.8981500267982483,0.8990499973297119,0
2025-08-29 02:15:00+00:00,0.8989899754524231,0.8992099761962891,0.8981299996376038,0.8991100192070007,0
2025-08-29 02:20:00+00:00,0.8990899920463562,0.8993399739265442,0.8982200026512146,0.8991400003433228,0
2025-08-29 02:25:00+00:00,0.8991199731826782,0.8992699980735779,0.8981099724769592,0.8992300033569336,0
2025-08-29 02:30:00+00:00,0.8992400169372559,0.8993200063705444,0.8982599973678589,0.8992499709129333,0
2025-08-29 02:35:00+00:00,0.8992499709129333,0.8994399905204773,0.898389995098114,0.8993800282478333,0
2025-08-29 02:40:00+00:00,0.8993800282478333,0.8994100093841553,0.8983200192451477,0.8992499709129333,0
2025-08-29 02:45:00+00:00,0.8992499709129333,0.8993800282478333,0.8983799815177917,0.8993200063705444,0
2025-08-29 02:50:00+00:00,0.8992999792098999,0.8994399905204773,0.8983299732208252,0.8991600275039673,0
2025-08-29 02:55:00+00:00,0.899179995059967,0.8993200063705444,0.8980200290679932,0.8991000056266785,0
2025-08-29 03:00:00+00:00,0.8991100192070007,0.8993600010871887,0.898360013961792,0.8992099761962891,0
2025-08-29 03:05:00+00:00,0.8992400169372559,0.8993399739265442,0.8980600237846375,0.8990899920463562,0
2025-08-29 03:10:00+00:00,0.8990899920463562,0.8992000222206116,0.8981199860572815,0.8989400267601013,0
2025-08-29 03:15:00+00:00,0.8989700078964233,0.8990700244903564,0.8979799747467041,0.8988500237464905,0
2025-08-29 03:20:00+00:00,0.8988199830055237,0.8989599943161011,0.8979200124740601,0.8987900018692017,0
2025-08-29 03:25:00+00:00,0.8988000154495239,0.8988800048828125,0.8978000283241272,0.8987299799919128,0
2025-08-29 03:30:00+00:00,0.8987500071525574,0.8988699913024902,0.8978899717330933,0.8987799882888794,0
2025-08-29 03:35:00+00:00,0.8987799882888794,0.898930013179779,0.8978400230407715,0.8988699913024902,0
2025-08-29 03:40:00+00:00,0.8988100290298462,0.8991000056266785,0.8979899883270264,0.8990700244903564,0
2025-08-29 03:45:00+00:00,0.8990799784660339,0.8991400003433228,0.8981199860572815,0.8991000056266785,0
2025-08-29 03:50:00+00:00,0.8991199731826782,0.899179995059967,0.8981599807739258,0.8990499973297119,0
2025-08-29 03:55:00+00:00,0.8991100192070007,0.899179995059967,0.8980699777603149,0.8989599943161011,0
2025-08-29 04:00:00+00:00,0.8990100026130676,0.8991600275039673,0.8981599807739258,0.8990100026130676,0
2025-08-29 04:05:00+00:00,0.8989800214767456,0.8991699814796448,0.8980399966239929,0.8990499973297119,0
2025-08-29 04:10:00+00:00,0.8990300297737122,0.8991699814796448,0.8981199860572815,0.8989599943161011,0
2025-08-29 04:15:00+00:00,0.8989700078964233,0.8991400003433228,0.8980500102043152,0.8990899920463562,0
2025-08-29 04:20:00+00:00,0.8991100192070007,0.899179995059967,0.898169994354248,0.8990899920463562,0
2025-08-29 04:25:00+00:00,0.8990799784660339,0.8992400169372559,0.8981900215148926,0.899179995059967,0
2025-08-29 04:30:00+00:00,0.8991699814796448,0.8992099761962891,0.898140013217926,0.8990799784660339,0
2025-08-29 04:35:00+00:00,0.8990600109100342,0.8991600275039673,0.8980500102043152,0.8990300297737122,0
2025-08-29 04:40:00+00:00,0.8989999890327454,0.8992300033569336,0.8980799913406372,0.8991900086402893,0
2025-08-29 04:45:00+00:00,0.8992300033569336,0.8992699980735779,0.8981999754905701,0.8992000222206116,0
2025-08-29 04:50:00+00:00,0.899179995059967,0.8992900252342224,0.8982700109481812,0.899150013923645,0
2025-08-29 04:55:00+00:00,0.8990899920463562,0.8993499875068665,0.8982999920845032,0.8992699980735779,0
2025-08-29 05:00:00+00:00,0.8993099927902222,0.8993899822235107,0.8982999920845032,0.8993499875068665,0
2025-08-29 05:05:00+00:00,0.8993300199508667,0.8993800282478333,0.8982800245285034,0.8992499709129333,0
2025-08-29 05:10:00+00:00,0.8992000222206116,0.8992999792098999,0.8982899785041809,0.8992099761962891,0
2025-08-29 05:15:00+00:00,0.8992199897766113,0.8992999792098999,0.8981999754905701,0.8989599943161011,0
2025-08-29 05:20:00+00:00,0.8989400267601013,0.8990600109100342,0.8980299830436707,0.8988900184631348,0
2025-08-29 05:25:00+00:00,0.8989400267601013,0.8991299867630005,0.8981000185012817,0.8990300297737122,0
2025-08-29 05:30:00+00:00,0.8989899754524231,0.8990700244903564,0.8980399966239929,0.8989800214767456,0
2025-08-29 05:35:00+00:00,0.8989599943161011,0.8989999890327454,0.8979499936103821,0.8989800214767456,0
2025-08-29 05:40:00+00:00,0.8989400267601013,0.8990300297737122,0.8979499936103821,0.8989499807357788,0
2025-08-29 05:45:00+00:00,0.8989700078964233,0.8990899920463562,0.8980900049209595,0.8990100026130676,0
2025-08-29 05:50:00+00:00,0.8990100026130676,0.8990799784660339,0.8979399800300598,0.8990200161933899,0
2025-08-29 05:55:00+00:00,0.8989899754524231,0.8992000222206116,0.898140013217926,0.8991100192070007,0
2025-08-29 06:00:00+00:00,0.8990700244903564,0.8992099761962891,0.8981800079345703,0.899179995059967,0
2025-08-29 06:05:00+00:00,0.8991900086402893,0.8992000222206116,0.898140013217926,0.8991299867630005,0
2025-08-29 06:10:00+00:00,0.899150013923645,0.8992800116539001,0.8981199860572815,0.8991000056266785,0
2025-08-29 06:15:00+00:00,0.8990700244903564,0.8992800116539001,0.898169994354248,0.8992599844932556,0
2025-08-29 06:20:00+00:00,0.8992300033569336,0.899370014667511,0.8982999920845032,0.899150013923645,0
2025-08-29 06:25:00+00:00,0.8991400003433228,0.8991699814796448,0.8979799747467041,0.8988699913024902,0
2025-08-29 06:30:00+00:00,0.8988800048828125,0.8989800214767456,0.8977500200271606,0.8985300064086914,0
2025-08-29 06:35:00+00:00,0.8985599875450134,0.8986600041389465,0.8974999785423279,0.8984299898147583,0
2025-08-29 06:40:00+00:00,0.8984500169754028,0.898639976978302,0.8975200057029724,0.8985300064086914,0
2025-08-29 06:45:00+00:00,0.8984599709510803,0.8986700177192688,0.897599995136261,0.8985900282859802,0
2025-08-29 06:50:00+00:00,0.89860999584198,0.8986799716949463,0.8974800109863281,0.8983299732208252,0
2025-08-29 06:55:00+00:00,0.8983100056648254,0.898389995098114,0.8972600102424622,0.8982999920845032,0
2025-08-29 07:00:00+00:00,0.8983100056648254,0.8985400199890137,0.8975099921226501,0.8983700275421143,0
2025-08-29 07:05:00+00:00,0.8983299732208252,0.8986200094223022,0.8975200057029724,0.8985999822616577,0
2025-08-29 07:10:00+00:00,0.8985700011253357,0.89860999584198,0.8974599838256836,0.8984299898147583,0
2025-08-29 07:15:00+00:00,0.898419976234436,0.8984599709510803,0.897409975528717,0.8983500003814697,0
2025-08-29 07:20:00+00:00,0.8983200192451477,0.8984299898147583,0.8973199725151062,0.8983700275421143,0
2025-08-29 07:25:00+00:00,0.8983100056648254,0.898419976234436,0.8973399996757507,0.8982700109481812,0
2025-08-29 07:30:00+00:00,0.8983100056648254,0.8984500169754028,0.8974300026893616,0.8979099988937378,0
2025-08-29 07:35:00+00:00,0.8978800177574158,0.898360013961792,0.8972100019454956,0.8982999920845032,0
2025-08-29 07:40:00+00:00,0.8982599973678589,0.8984000086784363,0.8972200155258179,0.8983399868011475,0
2025-08-29 07:45:00+00:00,0.8983200192451477,0.8984100222587585,0.8974199891090393,0.898169994354248,0
2025-08-29 07:50:00+00:00,0.8981199860572815,0.8983299732208252,0.8972499966621399,0.8982999920845032,0
2025-08-29 07:55:00+00:00,0.8982899785041809,0.89860999584198,0.8975200057029724,0.8984299898147583,0
2025-08-29 08:00:00+00:00,0.898389995098114,0.8984500169754028,0.8974000215530396,0.8983100056648254,0
2025-08-29 08:05:00+00:00,0.8982800245285034,0.8983799815177917,0.8973100185394287,0.8983299732208252,0
2025-08-29 08:10:00+00:00,0.8983500003814697,0.8984500169754028,0.8972499966621399,0.8980000019073486,0
2025-08-29 08:15:00+00:00,0.8980399966239929,0.8982300162315369,0.8971899747848511,0.8979300260543823,0
2025-08-29 08:20:00+00:00,0.8979499936103821,0.8980500102043152,0.8967800140380859,0.8977299928665161,0
2025-08-29 08:25:00+00:00,0.8977599740028381,0.8980600237846375,0.8968200087547302,0.8979899883270264,0
2025-08-29 08:30:00+00:00,0.8980000019073486,0.8984900116920471,0.8974199891090393,0.8984100222587585,0
2025-08-29 08:35:00+00:00,0.898419976234436,0.8984799981117249,0.8974300026893616,0.8982800245285034,0
2025-08-29 08:40:00+00:00,0.8982499837875366,0.898360013961792,0.897350013256073,0.8982399702072144,0
2025-08-29 08:45:00+00:00,0.8982399702072144,0.8982999920845032,0.8972100019454956,0.8980600237846375,0
2025-08-29 08:50:00+00:00,0.8981000185012817,0.898169994354248,0.8970999717712402,0.8980399966239929,0
2025-08-29 08:55:00+00:00,0.8980299830436707,0.8981099724769592,0.897059977054596,0.8980399966239929,0
2025-08-29 09:00:00+00:00,0.8979799747467041,0.8981500267982483,0.8970000147819519,0.8980799913406372,0
2025-08-29 09:05:00+00:00,0.8981000185012817,0.8982300162315369,0.8969500064849854,0.8977599740028381,0
2025-08-29 09:10:00+00:00,0.8977199792861938,0.8980699777603149,0.8969500064849854,0.8980299830436707,0
2025-08-29 09:15:00+00:00,0.8980100154876709,0.8982099890708923,0.8971999883651733,0.8980799913406372,0
2025-08-29 09:20:00+00:00,0.8980799913406372,0.8982200026512146,0.8971999883651733,0.8981000185012817,0
2025-08-29 09:25:00+00:00,0.8980900049209595,0.898169994354248,0.8971700072288513,0.8981299996376038,0
2025-08-29 09:30:00+00:00,0.8981599807739258,0.8981999754905701,0.8969900012016296,0.8980100154876709,0
2025-08-29 09:35:00+00:00,0.8979700207710266,0.8980799913406372,0.8969500064849854,0.8978800177574158,0
2025-08-29 09:40:00+00:00,0.8978999853134155,0.8979499936103821,0.89683997631073,0.8978300094604492,0
2025-08-29 09:45:00+00:00,0.8977699875831604,0.898140013217926,0.8970299959182739,0.8980200290679932,0
2025-08-29 09:50:00+00:00,0.8980200290679932,0.8980799913406372,0.8970299959182739,0.8979300260543823,0
2025-08-29 09:55:00+00:00,0.8979700207710266,0.8980799913406372,0.8970100283622742,0.8979099988937378,0
2025-08-29 10:00:00+00:00,0.8979200124740601,0.8981199860572815,0.8969299793243408,0.8981000185012817,0
2025-08-29 10:05:00+00:00,0.8980799913406372,0.898140013217926,0.8969399929046631,0.8979600071907043,0
2025-08-29 10:10:00+00:00,0.8979099988937378,0.8980200290679932,0.8968200087547302,0.8978300094604492,0
2025-08-29 10:15:00+00:00,0.8978099822998047,0.8979099988937378,0.8968600034713745,0.8977900147438049,0
2025-08-29 10:20:00+00:00,0.8978000283241272,0.8980900049209595,0.8968600034713745,0.8980399966239929,0
2025-08-29 10:25:00+00:00,0.8980200290679932,0.8980799913406372,0.8970500230789185,0.8980699777603149,0
2025-08-29 10:30:00+00:00,0.8980399966239929,0.8981000185012817,0.8969399929046631,0.8978899717330933,0
2025-08-29 10:35:00+00:00,0.8978800177574158,0.8978999853134155,0.8967099785804749,0.897599995136261,0
2025-08-29 10:40:00+00:00,0.8976100087165833,0.8977100253105164,0.8966500163078308,0.897570013999939,0
2025-08-29 10:45:00+00:00,0.8976100087165833,0.8976200222969055,0.8966299891471863,0.8974999785423279,0
2025-08-29 10:50:00+00:00,0.8974999785423279,0.8976100087165833,0.896589994430542,0.8975200057029724,0
2025-08-29 10:55:00+00:00,0.8975800275802612,0.8976399898529053,0.8966000080108643,0.8974999785423279,0
2025-08-29 11:00:00+00:00,0.8974499702453613,0.8975399732589722,0.8965100049972534,0.8974400162696838,0
2025-08-29 11:05:00+00:00,0.8974400162696838,0.8975099921226501,0.8964700102806091,0.8974499702453613,0
2025-08-29 11:10:00+00:00,0.8974300026893616,0.8975200057029724,0.8964400291442871,0.8974199891090393,0
2025-08-29 11:15:00+00:00,0.8973699808120728,0.8975899815559387,0.8965799808502197,0.8975300192832947,0
2025-08-29 11:20:00+00:00,0.8974999785423279,0.897570013999939,0.8965399861335754,0.897409975528717,0
2025-08-29 11:25:00+00:00,0.8974499702453613,0.8975800275802612,0.89656001329422,0.8975399732589722,0
2025-08-29 11:30:00+00:00,0.8975300192832947,0.8976600170135498,0.8966699838638306,0.8975600004196167,0
2025-08-29 11:35:00+00:00,0.8975800275802612,0.8976799845695496,0.8966100215911865,0.8975399732589722,0
2025-08-29 11:40:00+00:00,0.8975200057029724,0.8975600004196167,0.8964700102806091,0.8974300026893616,0
2025-08-29 11:45:00+00:00,0.8974000215530396,0.897570013999939,0.8965200185775757,0.8975499868392944,0
2025-08-29 11:50:00+00:00,0.8975099921226501,0.8975399732589722,0.8964599967002869,0.8974499702453613,0
2025-08-29 11:55:00+00:00,0.8974599838256836,0.8975200057029724,0.8964300155639648,0.8974499702453613,0
2025-08-29 12:00:00+00:00,0.8974400162696838,0.8975399732589722,0.8964700102806091,0.8973100185394287,0
2025-08-29 12:05:00+00:00,0.8973000049591064,0.897409975528717,0.8962299823760986,0.8972799777984619,0
2025-08-29 12:10:00+00:00,0.8973000049591064,0.8973399996757507,0.8962399959564209,0.8972300291061401,0
2025-08-29 12:15:00+00:00,0.8971999883651733,0.8974300026893616,0.8963900208473206,0.8973699808120728,0
2025-08-29 12:20:00+00:00,0.8973299860954285,0.8975499868392944,0.8963599801063538,0.8974900245666504,0
2025-08-29 12:25:00+00:00,0.8974900245666504,0.8977800011634827,0.8966100215911865,0.8977000117301941,0
2025-08-29 12:30:00+00:00,0.897629976272583,0.898930013179779,0.8974999785423279,0.898859977722168,0
2025-08-29 12:35:00+00:00,0.8988900184631348,0.8990200161933899,0.8977900147438049,0.8989700078964233,0
2025-08-29 12:40:00+00:00,0.8989800214767456,0.8989999890327454,0.8977699875831604,0.8987299799919128,0
2025-08-29 12:45:00+00:00,0.8986999988555908,0.8989899754524231,0.897849977016449,0.8989499807357788,0
2025-08-29 12:50:00+00:00,0.8989800214767456,0.8990799784660339,0.8980299830436707,0.8990100026130676,0
2025-08-29 12:55:00+00:00,0.8989599943161011,0.8990799784660339,0.8979899883270264,0.8990300297737122,0
2025-08-29 13:00:00+00:00,0.8990300297737122,0.8992000222206116,0.8979700207710266,0.8990799784660339,0
2025-08-29 13:05:00+00:00,0.8991100192070007,0.8993399739265442,0.8981199860572815,0.8990499973297119,0
2025-08-29 13:10:00+00:00,0.8990399837493896,0.8992999792098999,0.8982399702072144,0.8992300033569336,0
2025-08-29 13:15:00+00:00,0.8992400169372559,0.8993099927902222,0.8982099890708923,0.8992400169372559,0
2025-08-29 13:20:00+00:00,0.8992199897766113,0.8993499875068665,0.8982599973678589,0.8991400003433228,0
2025-08-29 13:25:00+00:00,0.8991400003433228,0.8992400169372559,0.8981299996376038,0.8990399837493896,0
2025-08-29 13:30:00+00:00,0.8990600109100342,0.8992099761962891,0.8981000185012817,0.8990899920463562,0
2025-08-29 13:35:00+00:00,0.8990499973297119,0.899179995059967,0.8979700207710266,0.8988500237464905,0
2025-08-29 13:40:00+00:00,0.8988800048828125,0.8990899920463562,0.8979499936103821,0.8989899754524231,0
2025-08-29 13:45:00+00:00,0.8989599943161011,0.8991100192070007,0.8980000019073486,0.8990100026130676,0
2025-08-29 13:50:00+00:00,0.8990300297737122,0.8994200229644775,0.8979499936103821,0.8993899822235107,0
2025-08-29 13:55:00+00:00,0.8993600010871887,0.8994799852371216,0.8983700275421143,0.8992900252342224,0
2025-08-29 14:00:00+00:00,0.899150013923645,0.8992199897766113,0.8987699747085571,0.8988400101661682,0
2025-08-29 14:05:00+00:00,0.8988699913024902,0.8990899920463562,0.8980100154876709,0.8989899754524231,0
2025-08-29 14:10:00+00:00,0.8989899754524231,0.8990200161933899,0.8977199792861938,0.8987299799919128,0
2025-08-29 14:15:00+00:00,0.8986499905586243,0.898930013179779,0.8978999853134155,0.8989099860191345,0
2025-08-29 14:20:00+00:00,0.8988800048828125,0.8990799784660339,0.8980200290679932,0.8990600109100342,0
2025-08-29 14:25:00+00:00,0.8990100026130676,0.8990700244903564,0.897819995880127,0.8987900018692017,0
2025-08-29 14:30:00+00:00,0.8987900018692017,0.8992699980735779,0.8982300162315369,0.899150013923645,0
2025-08-29 14:35:00+00:00,0.8991100192070007,0.8993800282478333,0.8981099724769592,0.8992400169372559,0
2025-08-29 14:40:00+00:00,0.8992199897766113,0.8993099927902222,0.8981000185012817,0.8989800214767456,0
2025-08-29 14:45:00+00:00,0.8989700078964233,0.8990200161933899,0.8977100253105164,0.8987100124359131,0
2025-08-29 14:50:00+00:00,0.8986899852752686,0.8987799882888794,0.897379994392395,0.8984500169754028,0
2025-08-29 14:55:00+00:00,0.8984299898147583,0.898639976978302,0.8975399732589722,0.8984500169754028,0
2025-08-29 15:00:00+00:00,0.8984400033950806,0.8986999988555908,0.8976100087165833,0.898360013961792,0
2025-08-29 15:05:00+00:00,0.8983700275421143,0.8984500169754028,0.8973000049591064,0.898419976234436,0
2025-08-29 15:10:00+00:00,0.8984100222587585,0.8985599875450134,0.8972700238227844,0.898140013217926,0
2025-08-29 15:15:00+00:00,0.8980900049209595,0.8984900116920471,0.8973100185394287,0.8984500169754028,0
2025-08-29 15:20:00+00:00,0.8984299898147583,0.8986899852752686,0.8974999785423279,0.8985300064086914,0
2025-08-29 15:25:00+00:00,0.8985199928283691,0.8986999988555908,0.897629976272583,0.8985599875450134,0
2025-08-29 15:30:00+00:00,0.8984900116920471,0.8986700177192688,0.8974000215530396,0.8982999920845032,0
2025-08-29 15:35:00+00:00,0.8982899785041809,0.898419976234436,0.8973600268363953,0.8982599973678589,0
2025-08-29 15:40:00+00:00,0.8982300162315369,0.898419976234436,0.8972399830818176,0.8982800245285034,0
2025-08-29 15:45:00+00:00,0.8983100056648254,0.8984400033950806,0.8973900079727173,0.898360013961792,0
2025-08-29 15:50:00+00:00,0.8983399868011475,0.8984500169754028,0.897409975528717,0.8983799815177917,0
2025-08-29 15:55:00+00:00,0.8984100222587585,0.8985700011253357,0.8974400162696838,0.8983700275421143,0
2025-08-29 16:00:00+00:00,0.8983299732208252,0.8985400199890137,0.8975499868392944,0.8984299898147583,0
2025-08-29 16:05:00+00:00,0.898419976234436,0.89860999584198,0.8975200057029724,0.8985599875450134,0
2025-08-29 16:10:00+00:00,0.8985599875450134,0.8988199830055237,0.8977299928665161,0.8987600207328796,0
2025-08-29 16:15:00+00:00,0.8988100290298462,0.8988999724388123,0.8978999853134155,0.8987399935722351,0
2025-08-29 16:20:00+00:00,0.8987699747085571,0.898829996585846,0.8977100253105164,0.8986700177192688,0
2025-08-29 16:25:00+00:00,0.8986600041389465,0.8988000154495239,0.8977199792861938,0.8986999988555908,0
2025-08-29 16:30:00+00:00,0.8986899852752686,0.8988699913024902,0.8977599740028381,0.8986700177192688,0
2025-08-29 16:35:00+00:00,0.8987399935722351,0.8988800048828125,0.8977100253105164,0.8987799882888794,0
2025-08-29 16:40:00+00:00,0.898829996585846,0.8989400267601013,0.8978899717330933,0.8988900184631348,0
2025-08-29 16:45:00+00:00,0.8989199995994568,0.8989400267601013,0.8978999853134155,0.8987500071525574,0
2025-08-29 16:50:00+00:00,0.8987299799919128,0.8990399837493896,0.8978400230407715,0.8989700078964233,0
2025-08-29 16:55:00+00:00,0.8990300297737122,0.8990799784660339,0.8979300260543823,0.8988500237464905,0
2025-08-29 17:00:00+00:00,0.8988400101661682,0.8988900184631348,0.8978899717330933,0.898639976978302,0
2025-08-29 17:05:00+00:00,0.8986499905586243,0.8987900018692017,0.8977599740028381,0.8987200260162354,0
2025-08-29 17:10:00+00:00,0.8986999988555908,0.898859977722168,0.8977699875831604,0.8987399935722351,0
2025-08-29 17:15:00+00:00,0.8987299799919128,0.8988699913024902,0.8977199792861938,0.8988199830055237,0
2025-08-29 17:20:00+00:00,0.8987900018692017,0.8989599943161011,0.897819995880127,0.8986799716949463,0
2025-08-29 17:25:00+00:00,0.8987100124359131,0.8987699747085571,0.8977100253105164,0.8987200260162354,0
2025-08-29 17:30:00+00:00,0.8986999988555908,0.898829996585846,0.8976899981498718,0.8987200260162354,0
2025-08-29 17:35:00+00:00,0.8987299799919128,0.8988100290298462,0.8977299928665161,0.8986700177192688,0
2025-08-29 17:40:00+00:00,0.8986899852752686,0.8988699913024902,0.8978099822998047,0.8988699913024902,0
2025-08-29 17:45:00+00:00,0.898859977722168,0.8989199995994568,0.8978400230407715,0.8987299799919128,0
2025-08-29 17:50:00+00:00,0.8986899852752686,0.8988100290298462,0.8977800011634827,0.8987500071525574,0
2025-08-29 17:55:00+00:00,0.8987299799919128,0.8988000154495239,0.8977100253105164,0.8986899852752686,0
2025-08-29 18:00:00+00:00,0.898639976978302,0.8986899852752686,0.8976500034332275,0.8985199928283691,0
2025-08-29 18:05:00+00:00,0.8985099792480469,0.8987600207328796,0.8975399732589722,0.8987299799919128,0
2025-08-29 18:10:00+00:00,0.8986700177192688,0.8987699747085571,0.8976899981498718,0.8986700177192688,0
2025-08-29 18:15:00+00:00,0.8986200094223022,0.8988199830055237,0.8977699875831604,0.8987600207328796,0
2025-08-29 18:20:00+00:00,0.8987600207328796,0.8988000154495239,0.897629976272583,0.8985599875450134,0
2025-08-29 18:25:00+00:00,0.8985400199890137,0.8986300230026245,0.8976100087165833,0.8985300064086914,0
2025-08-29 18:30:00+00:00,0.8985400199890137,0.898639976978302,0.8976399898529053,0.8985199928283691,0
2025-08-29 18:35:00+00:00,0.8985099792480469,0.8986200094223022,0.8975899815559387,0.8985000252723694,0
2025-08-29 18:40:00+00:00,0.8985099792480469,0.8985999822616577,0.8975600004196167,0.8984799981117249,0
2025-08-29 18:45:00+00:00,0.8984900116920471,0.89860999584198,0.8975800275802612,0.8985499739646912,0
2025-08-29 18:50:00+00:00,0.8985599875450134,0.8985900282859802,0.897570013999939,0.8984599709510803,0
2025-08-29 18:55:00+00:00,0.8985099792480469,0.8985199928283691,0.8973900079727173,0.8984699845314026,0
2025-08-29 19:00:00+00:00,0.8984500169754028,0.8987900018692017,0.8976899981498718,0.8987299799919128,0
2025-08-29 19:05:00+00:00,0.8986700177192688,0.8988199830055237,0.8977599740028381,0.8987299799919128,0
2025-08-29 19:10:00+00:00,0.8987699747085571,0.8988500237464905,0.8978400230407715,0.8987699747085571,0
2025-08-29 19:15:00+00:00,0.8987900018692017,0.8988100290298462,0.8977800011634827,0.8987299799919128,0
2025-08-29 19:20:00+00:00,0.8987600207328796,0.8989599943161011,0.8978599905967712,0.8988100290298462,0
2025-08-29 19:25:00+00:00,0.8987299799919128,0.8988699913024902,0.8977800011634827,0.8986799716949463,0
2025-08-29 19:30:00+00:00,0.8986799716949463,0.8987900018692017,0.8977000117301941,0.8985900282859802,0
2025-08-29 19:35:00+00:00,0.8986499905586243,0.8986799716949463,0.8974900245666504,0.898639976978302,0
2025-08-29 19:40:00+00:00,0.89860999584198,0.8986899852752686,0.8975600004196167,0.898580014705658,0
2025-08-29 19:45:00+00:00,0.898580014705658,0.8987399935722351,0.8977599740028381,0.8986899852752686,0
2025-08-29 19:50:00+00:00,0.8986300230026245,0.8988100290298462,0.8977599740028381,0.8985499739646912,0
2025-08-29 19:55:00+00:00,0.8985199928283691,0.898859977722168,0.8976399898529053,0.8988000154495239,0
2025-08-29 20:00:00+00:00,0.8988199830055237,0.8989400267601013,0.8978300094604492,0.8987799882888794,0
2025-08-29 20:05:00+00:00,0.8987699747085571,0.8989199995994568,0.8977699875831604,0.8988900184631348,0
2025-08-29 20:10:00+00:00,0.8988699913024902,0.8990200161933899,0.8978300094604492,0.8989599943161011,0
2025-08-29 20:15:00+00:00,0.8989800214767456,0.8991000056266785,0.8981099724769592,0.8990399837493896,0
2025-08-29 20:20:00+00:00,0.8990499973297119,0.8991600275039673,0.8981299996376038,0.8991100192070007,0
2025-08-29 20:25:00+00:00,0.8990899920463562,0.8992199897766113,0.8981999754905701,0.8991400003433228,0
2025-08-29 20:30:00+00:00,0.8992000222206116,0.8992800116539001,0.8981599807739258,0.8990700244903564,0
2025-08-29 20:35:00+00:00,0.8990600109100342,0.899150013923645,0.8979499936103821,0.8987399935722351,0
2025-08-29 20:40:00+00:00,0.8986899852752686,0.8988400101661682,0.8976799845695496,0.8984900116920471,0
2025-08-29 20:45:00+00:00,0.8985099792480469,0.8986200094223022,0.8975300192832947,0.8983299732208252,0
2025-08-29 20:50:00+00:00,0.898360013961792,0.8984000086784363,0.8971499800682068,0.8982899785041809,0
2025-08-29 20:55:00+00:00,0.8981500267982483,0.8988100290298462,0.8972300291061401,0.8986899852752686,0
2025-08-29 21:00:00+00:00,0.8979899883270264,0.8979899883270264,0.8979899883270264,0.8979899883270264,0
2025-08-29 21:05:00+00:00,0.8979899883270264,0.8979899883270264,0.8979899883270264,0.8979899883270264,0
2025-08-29 21:10:00+00:00,0.8979899883270264,0.8979899883270264,0.8979899883270264,0.8979899883270264,0
2025-08-29 21:15:00+00:00,0.8979899883270264,0.8979899883270264,0.8979899883270264,0.8979899883270264,0
2025-08-29 21:20:00+00:00,0.8979899883270264,0.8979899883270264,0.8979899883270264,0.8979899883270264,0
2025-08-29 21:25:00+00:00,0.8974999785423279,0.8974999785423279,0.8974999785423279,0.8974999785423279,0
2025-08-31 23:00:00+00:00,0.8987699747085571,0.898930013179779,0.8978599905967712,0.8989099860191345,0
2025-08-31 23:05:00+00:00,0.8988500237464905,0.8989400267601013,0.8979600071907043,0.8979799747467041,0
2025-08-31 23:10:00+00:00,0.8989099860191345,0.8989199995994568,0.8979600071907043,0.8987799882888794,0
2025-08-31 23:15:00+00:00,0.8987699747085571,0.898859977722168,0.8979099988937378,0.8987600207328796,0
2025-08-31 23:20:00+00:00,0.8987500071525574,0.8989499807357788,0.8979600071907043,0.898859977722168,0
2025-08-31 23:25:00+00:00,0.898859977722168,0.8988999724388123,0.8978899717330933,0.8987299799919128,0
2025-08-31 23:30:00+00:00,0.8987200260162354,0.8988900184631348,0.8979099988937378,0.8987699747085571,0
2025-08-31 23:35:00+00:00,0.8987600207328796,0.8988999724388123,0.8978400230407715,0.8988199830055237,0
2025-08-31 23:40:00+00:00,0.8988699913024902,0.8989400267601013,0.8979600071907043,0.8987799882888794,0
2025-08-31 23:45:00+00:00,0.8988699913024902,0.8989199995994568,0.8979600071907043,0.8988500237464905,0
2025-08-31 23:50:00+00:00,0.898859977722168,0.8990100026130676,0.8979799747467041,0.898930013179779,0
2025-08-31 23:55:00+00:00,0.8989800214767456,0.8990499973297119,0.8980399966239929,0.8989099860191345,0
2025-09-01 00:00:00+00:00,0.8988100290298462,0.8992800116539001,0.8980699777603149,0.8991400003433228,0
2025-09-01 00:05:00+00:00,0.8991600275039673,0.8993300199508667,0.8983200192451477,0.8992699980735779,0
2025-09-01 00:10:00+00:00,0.8992400169372559,0.8992900252342224,0.8983200192451477,0.8990899920463562,0
2025-09-01 00:15:00+00:00,0.8990100026130676,0.8992099761962891,0.8982200026512146,0.8991400003433228,0
2025-09-01 00:20:00+00:00,0.8991000056266785,0.899179995059967,0.8981199860572815,0.8991100192070007,0
2025-09-01 00:25:00+00:00,0.8990700244903564,0.8991600275039673,0.898140013217926,0.8990799784660339,0
2025-09-01 00:30:00+00:00,0.8990300297737122,0.8992900252342224,0.8981999754905701,0.8992300033569336,0
2025-09-01 00:35:00+00:00,0.899179995059967,0.8992999792098999,0.8983299732208252,0.8992699980735779,0
2025-09-01 00:40:00+00:00,0.8992900252342224,0.8993800282478333,0.8983700275421143,0.8992599844932556,0
2025-09-01 00:45:00+00:00,0.8992300033569336,0.8993899822235107,0.8983700275421143,0.8993499875068665,0
2025-09-01 00:50:00+00:00,0.8993300199508667,0.899429976940155,0.8984799981117249,0.8993099927902222,0
2025-09-01 00:55:00+00:00,0.8992400169372559,0.8993600010871887,0.8982099890708923,0.8992099761962891,0
2025-09-01 01:00:00+00:00,0.8992800116539001,0.8992900252342224,0.8982200026512146,0.8991199731826782,0
2025-09-01 01:05:00+00:00,0.8990700244903564,0.8991400003433228,0.8979300260543823,0.8987900018692017,0
2025-09-01 01:10:00+00:00,0.8987500071525574,0.8988400101661682,0.8978599905967712,0.8987200260162354,0
2025-09-01 01:15:00+00:00,0.8987299799919128,0.8988800048828125,0.8976500034332275,0.8987299799919128,0
2025-09-01 01:20:00+00:00,0.8987200260162354,0.8988100290298462,0.8977000117301941,0.8985999822616577,0
2025-09-01 01:25:00+00:00,0.8985599875450134,0.8987100124359131,0.8976899981498718,0.8986200094223022,0
2025-09-01 01:30:00+00:00,0.8985400199890137,0.8986300230026245,0.8975800275802612,0.8984900116920471,0
2025-09-01 01:35:00+00:00,0.8985499739646912,0.8985900282859802,0.8972600102424622,0.8984100222587585,0
2025-09-01 01:40:00+00:00,0.8984100222587585,0.8985099792480469,0.8975600004196167,0.8982499837875366,0
2025-09-01 01:45:00+00:00,0.8982899785041809,0.8985900282859802,0.8975600004196167,0.8984599709510803,0
2025-09-01 01:50:00+00:00,0.8984000086784363,0.8984900116920471,0.8973399996757507,0.8981900215148926,0
2025-09-01 01:55:00+00:00,0.8981800079345703,0.8985599875450134,0.897379994392395,0.8985199928283691,0
2025-09-01 02:00:00+00:00,0.8985099792480469,0.8986999988555908,0.8976600170135498,0.8985999822616577,0
2025-09-01 02:05:00+00:00,0.8985900282859802,0.8988500237464905,0.897849977016449,0.8986999988555908,0
2025-09-01 02:10:00+00:00,0.8987299799919128,0.898829996585846,0.897819995880127,0.8985400199890137,0
2025-09-01 02:15:00+00:00,0.8985400199890137,0.8986899852752686,0.8975600004196167,0.8986200094223022,0
2025-09-01 02:20:00+00:00,0.898580014705658,0.8988199830055237,0.897629976272583,0.8987600207328796,0
2025-09-01 02:25:00+00:00,0.8986899852752686,0.8990300297737122,0.8979700207710266,0.8989899754524231,0
2025-09-01 02:30:00+00:00,0.898930013179779,0.8990300297737122,0.8979499936103821,0.8989199995994568,0
2025-09-01 02:35:00+00:00,0.898930013179779,0.8992699980735779,0.8982499837875366,0.8991600275039673,0
2025-09-01 02:40:00+00:00,0.899150013923645,0.8992900252342224,0.8982300162315369,0.8991299867630005,0
2025-09-01 02:45:00+00:00,0.8990799784660339,0.8992099761962891,0.8981800079345703,0.8990200161933899,0
2025-09-01 02:50:00+00:00,0.8989499807357788,0.8992300033569336,0.8981199860572815,0.8991600275039673,0
2025-09-01 02:55:00+00:00,0.8991000056266785,0.8993300199508667,0.8982700109481812,0.8991199731826782,0
2025-09-01 03:00:00+00:00,0.8991299867630005,0.899150013923645,0.8981299996376038,0.8990200161933899,0
2025-09-01 03:05:00+00:00,0.8989899754524231,0.8990399837493896,0.8979799747467041,0.898859977722168,0
2025-09-01 03:10:00+00:00,0.898859977722168,0.8992300033569336,0.8982399702072144,0.8992199897766113,0
2025-09-01 03:15:00+00:00,0.8991600275039673,0.8992800116539001,0.8983100056648254,0.899150013923645,0
2025-09-01 03:20:00+00:00,0.8991400003433228,0.899429976940155,0.898360013961792,0.8992599844932556,0
2025-09-01 03:25:00+00:00,0.8992499709129333,0.8993399739265442,0.8982700109481812,0.8992000222206116,0
2025-09-01 03:30:00+00:00,0.899179995059967,0.8993099927902222,0.8982800245285034,0.8991299867630005,0
2025-09-01 03:35:00+00:00,0.8991900086402893,0.8992099761962891,0.8981599807739258,0.8991600275039673,0
2025-09-01 03:40:00+00:00,0.8991000056266785,0.899179995059967,0.8980100154876709,0.8989700078964233,0
2025-09-01 03:45:00+00:00,0.8989400267601013,0.8990899920463562,0.8980299830436707,0.8989800214767456,0
2025-09-01 03:50:00+00:00,0.8989700078964233,0.8990300297737122,0.8980299830436707,0.8989400267601013,0
2025-09-01 03:55:00+00:00,0.8989899754524231,0.8993099927902222,0.8982999920845032,0.8992300033569336,0
2025-09-01 04:00:00+00:00,0.8992000222206116,0.8993300199508667,0.8982399702072144,0.8991900086402893,0
2025-09-01 04:05:00+00:00,0.8990899920463562,0.8991900086402893,0.8980299830436707,0.8989400267601013,0
2025-09-01 04:10:00+00:00,0.8989199995994568,0.8990499973297119,0.8979200124740601,0.8987799882888794,0
2025-09-01 04:15:00+00:00,0.8988800048828125,0.8989999890327454,0.8979700207710266,0.8989499807357788,0
2025-09-01 04:20:00+00:00,0.8988900184631348,0.8990899920463562,0.8981199860572815,0.8990399837493896,0
2025-09-01 04:25:00+00:00,0.8989400267601013,0.8990499973297119,0.8979700207710266,0.898859977722168,0
2025-09-01 04:30:00+00:00,0.8987699747085571,0.8988699913024902,0.8978099822998047,0.8987500071525574,0
2025-09-01 04:35:00+00:00,0.8987399935722351,0.8990499973297119,0.8980000019073486,0.8989099860191345,0
2025-09-01 04:40:00+00:00,0.8988900184631348,0.8989999890327454,0.8979899883270264,0.8989099860191345,0
2025-09-01 04:45:00+00:00,0.898930013179779,0.8990899920463562,0.898140013217926,0.8989899754524231,0
2025-09-01 04:50:00+00:00,0.8989800214767456,0.8989999890327454,0.8979799747467041,0.8988800048828125,0
2025-09-01 04:55:00+00:00,0.8988699913024902,0.898930013179779,0.8978999853134155,0.8987799882888794,0
2025-09-01 05:00:00+00:00,0.898829996585846,0.8989199995994568,0.8978099822998047,0.8988999724388123,0
2025-09-01 05:05:00+00:00,0.8988800048828125,0.8990100026130676,0.8979300260543823,0.8988500237464905,0
2025-09-01 05:10:00+00:00,0.8988500237464905,0.8989199995994568,0.8979099988937378,0.898829996585846,0
2025-09-01 05:15:00+00:00,0.8988900184631348,0.8989599943161011,0.8979799747467041,0.8988500237464905,0
2025-09-01 05:20:00+00:00,0.8988900184631348,0.8990399837493896,0.8979799747467041,0.8988900184631348,0
2025-09-01 05:25:00+00:00,0.8988400101661682,0.8990499973297119,0.8981199860572815,0.8989999890327454,0
2025-09-01 05:30:00+00:00,0.8989400267601013,0.8990499973297119,0.8979300260543823,0.8989800214767456,0
2025-09-01 05:35:00+00:00,0.8989700078964233,0.8990700244903564,0.8979099988937378,0.8990600109100342,0
2025-09-01 05:40:00+00:00,0.8990200161933899,0.8991199731826782,0.8981800079345703,0.8987799882888794,0
2025-09-01 05:45:00+00:00,0.8988000154495239,0.8989400267601013,0.8979200124740601,0.8986899852752686,0
2025-09-01 05:50:00+00:00,0.89860999584198,0.8987900018692017,0.8977500200271606,0.898639976978302,0
2025-09-01 05:55:00+00:00,0.8987100124359131,0.8988199830055237,0.8978700041770935,0.8987399935722351,0
2025-09-01 06:00:00+00:00,0.8987399935722351,0.8989899754524231,0.8978000283241272,0.8986700177192688,0
2025-09-01 06:05:00+00:00,0.8987299799919128,0.8991400003433228,0.8980000019073486,0.8991199731826782,0
2025-09-01 06:10:00+00:00,0.8990899920463562,0.8993399739265442,0.8981800079345703,0.8990399837493896,0
2025-09-01 06:15:00+00:00,0.8989800214767456,0.8990899920463562,0.8980500102043152,0.8990499973297119,0
2025-09-01 06:20:00+00:00,0.8989599943161011,0.899150013923645,0.8981000185012817,0.8991400003433228,0
2025-09-01 06:25:00+00:00,0.8990499973297119,0.8991600275039673,0.898140013217926,0.8989700078964233,0
2025-09-01 06:30:00+00:00,0.8989599943161011,0.8992199897766113,0.8980900049209595,0.8991600275039673,0
2025-09-01 06:35:00+00:00,0.899179995059967,0.899590015411377,0.8983100056648254,0.8995000123977661,0
2025-09-01 06:40:00+00:00,0.8994899988174438,0.8997899889945984,0.8988400101661682,0.8996400237083435,0
2025-09-01 06:45:00+00:00,0.8996099829673767,0.8998399972915649,0.8987500071525574,0.8996800184249878,0
2025-09-01 06:50:00+00:00,0.8996599912643433,0.8997300267219543,0.8985999822616577,0.8995299935340881,0
2025-09-01 06:55:00+00:00,0.8995100259780884,0.8995800018310547,0.8986300230026245,0.8994399905204773,0
2025-09-01 07:00:00+00:00,0.899429976940155,0.8995800018310547,0.8985499739646912,0.8995400071144104,0
2025-09-01 07:05:00+00:00,0.8994899988174438,0.8995599746704102,0.8980000019073486,0.8989599943161011,0
2025-09-01 07:10:00+00:00,0.8989899754524231,0.8990499973297119,0.897849977016449,0.8986999988555908,0
2025-09-01 07:15:00+00:00,0.8985900282859802,0.8988500237464905,0.897819995880127,0.8988400101661682,0
2025-09-01 07:20:00+00:00,0.8988699913024902,0.8989800214767456,0.8978800177574158,0.8988900184631348,0
2025-09-01 07:25:00+00:00,0.8988699913024902,0.8990499973297119,0.8979499936103821,0.8989700078964233,0
2025-09-01 07:30:00+00:00,0.8989400267601013,0.8991100192070007,0.8979200124740601,0.8990399837493896,0
2025-09-01 07:35:00+00:00,0.8989700078964233,0.8993200063705444,0.898140013217926,0.8992999792098999,0
2025-09-01 07:40:00+00:00,0.8992800116539001,0.8995599746704102,0.8984599709510803,0.8995599746704102,0
2025-09-01 07:45:00+00:00,0.8995599746704102,0.8996000289916992,0.8985999822616577,0.8995800018310547,0
2025-09-01 07:50:00+00:00,0.8995400071144104,0.8998000025749207,0.8987900018692017,0.8997499942779541,0
2025-09-01 07:55:00+00:00,0.8996999859809875,0.9001100063323975,0.8990100026130676,0.8999999761581421,0
2025-09-01 08:00:00+00:00,0.8999199867248535,0.9002299904823303,0.899150013923645,0.8999999761581421,0
2025-09-01 08:05:00+00:00,0.8999800086021423,0.9000999927520752,0.8990399837493896,0.8999800086021423,0
2025-09-01 08:10:00+00:00,0.8999300003051758,0.9002100229263306,0.8991900086402893,0.900189995765686,0
2025-09-01 08:15:00+00:00,0.9001200199127197,0.9001799821853638,0.8991699814796448,0.9000200033187866,0
2025-09-01 08:20:00+00:00,0.9000099897384644,0.9002000093460083,0.899179995059967,0.9001399874687195,0
2025-09-01 08:25:00+00:00,0.9001700282096863,0.9003599882125854,0.8993099927902222,0.9001299738883972,0
2025-09-01 08:30:00+00:00,0.9001200199127197,0.9003000259399414,0.8992999792098999,0.9002400040626526,0
2025-09-01 08:35:00+00:00,0.9002100229263306,0.9005500078201294,0.8994100093841553,0.9005100131034851,0
2025-09-01 08:40:00+00:00,0.9004600048065186,0.9007400274276733,0.8996000289916992,0.9006400108337402,0
2025-09-01 08:45:00+00:00,0.900629997253418,0.9007599949836731,0.8996899724006653,0.9006400108337402,0
2025-09-01 08:50:00+00:00,0.9005799889564514,0.9007999897003174,0.8997700214385986,0.9007700085639954,0
2025-09-01 08:55:00+00:00,0.9007300138473511,0.9009100198745728,0.8998100161552429,0.9007800221443176,0
2025-09-01 09:00:00+00:00,0.9008399844169617,0.9009400010108948,0.8999000191688538,0.90065997838974,0
2025-09-01 09:05:00+00:00,0.9006500244140625,0.9007599949836731,0.899619996547699,0.9005500078201294,0
2025-09-01 09:10:00+00:00,0.9004999995231628,0.90065997838974,0.8996899724006653,0.9005699753761292,0
2025-09-01 09:15:00+00:00,0.9005799889564514,0.9006400108337402,0.8995800018310547,0.9005600214004517,0
2025-09-01 09:20:00+00:00,0.900600016117096,0.9006199836730957,0.8995800018310547,0.9005399942398071,0
2025-09-01 09:25:00+00:00,0.9005600214004517,0.9006800055503845,0.899619996547699,0.9004799723625183,0
2025-09-01 09:30:00+00:00,0.9004499912261963,0.9005399942398071,0.8994399905204773,0.9004499912261963,0
2025-09-01 09:35:00+00:00,0.900409996509552,0.9006400108337402,0.899590015411377,0.9006199836730957,0
2025-09-01 09:40:00+00:00,0.9006100296974182,0.9007300138473511,0.8998000025749207,0.9005100131034851,0
2025-09-01 09:45:00+00:00,0.9005200266838074,0.9006100296974182,0.899619996547699,0.9005900025367737,0
2025-09-01 09:50:00+00:00,0.9005100131034851,0.9005799889564514,0.8995400071144104,0.9004600048065186,0
2025-09-01 09:55:00+00:00,0.9004799723625183,0.900879979133606,0.8998500108718872,0.9008600115776062,0
2025-09-01 10:00:00+00:00,0.9008100032806396,0.9009600281715393,0.8999300003051758,0.900879979133606,0
2025-09-01 10:05:00+00:00,0.9008499979972839,0.9011300206184387,0.9000499844551086,0.9010300040245056,0
2025-09-01 10:10:00+00:00,0.9010199904441833,0.9010499715805054,0.8998900055885315,0.9007899761199951,0
2025-09-01 10:15:00+00:00,0.9007200002670288,0.9008499979972839,0.899869978427887,0.9007200002670288,0
2025-09-01 10:20:00+00:00,0.9007300138473511,0.9008499979972839,0.8998299837112427,0.9007300138473511,0
2025-09-01 10:25:00+00:00,0.9007300138473511,0.9008299708366394,0.8997399806976318,0.9005900025367737,0
2025-09-01 10:30:00+00:00,0.900629997253418,0.9008100032806396,0.8996700048446655,0.9005699753761292,0
2025-09-01 10:35:00+00:00,0.9005600214004517,0.90065997838974,0.8996300101280212,0.9005600214004517,0
2025-09-01 10:40:00+00:00,0.900600016117096,0.900629997253418,0.8996599912643433,0.9005200266838074,0
2025-09-01 10:45:00+00:00,0.9004899859428406,0.9005900025367737,0.8995000123977661,0.9004999995231628,0
2025-09-01 10:50:00+00:00,0.9004799723625183,0.900629997253418,0.8995400071144104,0.9005100131034851,0
2025-09-01 10:55:00+00:00,0.9004999995231628,0.9008299708366394,0.8998200297355652,0.9007800221443176,0
2025-09-01 11:00:00+00:00,0.9007899761199951,0.900879979133606,0.8997600078582764,0.9006500244140625,0
2025-09-01 11:05:00+00:00,0.9007300138473511,0.9008399844169617,0.8997099995613098,0.9006100296974182,0
2025-09-01 11:10:00+00:00,0.9005799889564514,0.9006699919700623,0.899429976940155,0.900409996509552,0
2025-09-01 11:15:00+00:00,0.9004999995231628,0.9005100131034851,0.8994799852371216,0.9003999829292297,0
2025-09-01 11:20:00+00:00,0.9004300236701965,0.9005399942398071,0.8995400071144104,0.9005200266838074,0
2025-09-01 11:25:00+00:00,0.9004499912261963,0.9005399942398071,0.8995400071144104,0.9004899859428406,0
2025-09-01 11:30:00+00:00,0.9004300236701965,0.900600016117096,0.8995500206947327,0.9005799889564514,0
2025-09-01 11:35:00+00:00,0.9005600214004517,0.9006699919700623,0.8996800184249878,0.9006100296974182,0
2025-09-01 11:40:00+00:00,0.9005799889564514,0.900629997253418,0.8994699716567993,0.9004200100898743,0
2025-09-01 11:45:00+00:00,0.90038001537323,0.9004999995231628,0.8993600010871887,0.9003900289535522,0
2025-09-01 11:50:00+00:00,0.9003900289535522,0.9007499814033508,0.8996400237083435,0.9007200002670288,0
2025-09-01 11:55:00+00:00,0.90065997838974,0.9007899761199951,0.8998299837112427,0.9005799889564514,0
2025-09-01 12:00:00+00:00,0.9005200266838074,0.9006800055503845,0.8994600176811218,0.9003300070762634,0
2025-09-01 12:05:00+00:00,0.9003400206565857,0.9003900289535522,0.8992699980735779,0.9003499746322632,0
2025-09-01 12:10:00+00:00,0.90038001537323,0.9005399942398071,0.8995199799537659,0.9004899859428406,0
2025-09-01 12:15:00+00:00,0.9004300236701965,0.900629997253418,0.899590015411377,0.9006199836730957,0
2025-09-01 12:20:00+00:00,0.9005699753761292,0.9006400108337402,0.8995500206947327,0.9004600048065186,0
2025-09-01 12:25:00+00:00,0.9003999829292297,0.9006400108337402,0.899590015411377,0.9004499912261963,0
2025-09-01 12:30:00+00:00,0.9003599882125854,0.9007200002670288,0.8994600176811218,0.900629997253418,0
2025-09-01 12:35:00+00:00,0.9006500244140625,0.9008700251579285,0.8998799920082092,0.9008100032806396,0
2025-09-01 12:40:00+00:00,0.9007899761199951,0.9009900093078613,0.9000499844551086,0.9008499979972839,0
2025-09-01 12:45:00+00:00,0.9009000062942505,0.9009299874305725,0.8999300003051758,0.9008399844169617,0
2025-09-01 12:50:00+00:00,0.9008299708366394,0.9009299874305725,0.8998100161552429,0.9006999731063843,0
2025-09-01 12:55:00+00:00,0.9007499814033508,0.9010499715805054,0.9000200033187866,0.9009699821472168,0
2025-09-01 13:00:00+00:00,0.9009900093078613,0.9010400176048279,0.8998600244522095,0.9009000062942505,0
2025-09-01 13:05:00+00:00,0.900950014591217,0.9010599851608276,0.8999500274658203,0.9009600281715393,0
2025-09-01 13:10:00+00:00,0.900950014591217,0.9009799957275391,0.8998200297355652,0.9006500244140625,0
2025-09-01 13:15:00+00:00,0.9007300138473511,0.9008399844169617,0.899869978427887,0.90065997838974,0
2025-09-01 13:20:00+00:00,0.9007099866867065,0.9008100032806396,0.8996300101280212,0.9005100131034851,0
2025-09-01 13:25:00+00:00,0.9004899859428406,0.9007499814033508,0.8997799754142761,0.9006900191307068,0
2025-09-01 13:30:00+00:00,0.90065997838974,0.9009000062942505,0.8998900055885315,0.9007899761199951,0
2025-09-01 13:35:00+00:00,0.9007999897003174,0.9009400010108948,0.8998000025749207,0.90065997838974,0
2025-09-01 13:40:00+00:00,0.90065997838974,0.9008100032806396,0.8996800184249878,0.9006100296974182,0
2025-09-01 13:45:00+00:00,0.9005500078201294,0.9007099866867065,0.8996800184249878,0.9006900191307068,0
2025-09-01 13:50:00+00:00,0.9006100296974182,0.9007899761199951,0.8997899889945984,0.9006800055503845,0
2025-09-01 13:55:00+00:00,0.9006800055503845,0.9009199738502502,0.8998500108718872,0.9008299708366394,0
2025-09-01 14:00:00+00:00,0.9008499979972839,0.9010099768638611,0.8998000025749207,0.900950014591217,0
2025-09-01 14:05:00+00:00,0.9009600281715393,0.9010800123214722,0.9000200033187866,0.9010599851608276,0
2025-09-01 14:10:00+00:00,0.9010199904441833,0.9011200070381165,0.9000999927520752,0.9009400010108948,0
2025-09-01 14:15:00+00:00,0.900879979133606,0.9010300040245056,0.8998799920082092,0.9009299874305725,0
2025-09-01 14:20:00+00:00,0.9009299874305725,0.9011899828910828,0.8999699950218201,0.9011300206184387,0
2025-09-01 14:25:00+00:00,0.9011200070381165,0.901199996471405,0.9002199769020081,0.9011800289154053,0
2025-09-01 14:30:00+00:00,0.9011899828910828,0.9013599753379822,0.9003199934959412,0.9012500047683716,0
2025-09-01 14:35:00+00:00,0.9013000130653381,0.9013699889183044,0.9002599716186523,0.9012699723243713,0
2025-09-01 14:40:00+00:00,0.9012799859046936,0.9015100002288818,0.9004499912261963,0.9013100266456604,0
2025-09-01 14:45:00+00:00,0.9013199806213379,0.9013599753379822,0.9002299904823303,0.9011600017547607,0
2025-09-01 14:50:00+00:00,0.9011800289154053,0.9014999866485596,0.90038001537323,0.901419997215271,0
2025-09-01 14:55:00+00:00,0.9013800024986267,0.9015100002288818,0.9005500078201294,0.9014000296592712,0
2025-09-01 15:00:00+00:00,0.9014300107955933,0.9016100168228149,0.9005200266838074,0.9015799760818481,0
2025-09-01 15:05:00+00:00,0.9015700221061707,0.9016299843788147,0.9006199836730957,0.9015300273895264,0
2025-09-01 15:10:00+00:00,0.9015399813652039,0.9017500281333923,0.9007599949836731,0.9015300273895264,0
2025-09-01 15:15:00+00:00,0.9015200138092041,0.9016199707984924,0.9004799723625183,0.9014099836349487,0
2025-09-01 15:20:00+00:00,0.9014700055122375,0.9016100168228149,0.900600016117096,0.9015600085258484,0
2025-09-01 15:25:00+00:00,0.9015899896621704,0.9017400145530701,0.9007400274276733,0.901639997959137,0
2025-09-01 15:30:00+00:00,0.9015899896621704,0.9017400145530701,0.9007099866867065,0.9016299843788147,0
2025-09-01 15:35:00+00:00,0.9015899896621704,0.9018099904060364,0.900600016117096,0.9017000198364258,0
2025-09-01 15:40:00+00:00,0.9017000198364258,0.9018200039863586,0.9008499979972839,0.9017400145530701,0
2025-09-01 15:45:00+00:00,0.9017500281333923,0.901889979839325,0.9009299874305725,0.9017199873924255,0
2025-09-01 15:50:00+00:00,0.9017000198364258,0.9017699956893921,0.9006699919700623,0.9015899896621704,0
2025-09-01 15:55:00+00:00,0.9015499949455261,0.9016199707984924,0.9004899859428406,0.9014099836349487,0
2025-09-01 16:00:00+00:00,0.9013500213623047,0.901419997215271,0.9003199934959412,0.9011899828910828,0
2025-09-01 16:05:00+00:00,0.9012600183486938,0.901390016078949,0.9002500176429749,0.9011600017547607,0
2025-09-01 16:10:00+00:00,0.9011399745941162,0.901199996471405,0.9002599716186523,0.9011600017547607,0
2025-09-01 16:15:00+00:00,0.9011099934577942,0.901229977607727,0.9002199769020081,0.9010699987411499,0
2025-09-01 16:20:00+00:00,0.9011200070381165,0.9013699889183044,0.9001700282096863,0.9013100266456604,0
2025-09-01 16:25:00+00:00,0.9012799859046936,0.9014400243759155,0.9004200100898743,0.9013800024986267,0
2025-09-01 16:30:00+00:00,0.9013599753379822,0.9014899730682373,0.9004999995231628,0.9013699889183044,0
2025-09-01 16:35:00+00:00,0.9013500213623047,0.9014700055122375,0.9004899859428406,0.9013400077819824,0
2025-09-01 16:40:00+00:00,0.9013400077819824,0.9014999866485596,0.9005799889564514,0.9013599753379822,0
2025-09-01 16:45:00+00:00,0.9013400077819824,0.9014099836349487,0.9004200100898743,0.9012399911880493,0
2025-09-01 16:50:00+00:00,0.9012399911880493,0.9014000296592712,0.9003400206565857,0.9013500213623047,0
2025-09-01 16:55:00+00:00,0.9012899994850159,0.901390016078949,0.9004300236701965,0.9013299942016602,0
2025-09-01 17:00:00+00:00,0.9013699889183044,0.9014000296592712,0.900409996509552,0.9013000130653381,0
2025-09-01 17:05:00+00:00,0.9012600183486938,0.9013599753379822,0.90038001537323,0.9012399911880493,0
2025-09-01 17:10:00+00:00,0.9012600183486938,0.9013100266456604,0.9002599716186523,0.901229977607727,0
2025-09-01 17:15:00+00:00,0.9012899994850159,0.9013199806213379,0.90038001537323,0.901199996471405,0
2025-09-01 17:20:00+00:00,0.9012200236320496,0.9012500047683716,0.9003099799156189,0.9003300070762634,0
2025-09-01 17:25:00+00:00,0.9011800289154053,0.9013000130653381,0.9003499746322632,0.901229977607727,0
2025-09-01 17:30:00+00:00,0.9012799859046936,0.9013299942016602,0.9003599882125854,0.9013100266456604,0
2025-09-01 17:35:00+00:00,0.9013100266456604,0.9013599753379822,0.9003599882125854,0.9012799859046936,0
2025-09-01 17:40:00+00:00,0.9012399911880493,0.9012799859046936,0.9003400206565857,0.9012399911880493,0
2025-09-01 17:45:00+00:00,0.901170015335083,0.9012699723243713,0.9002699851989746,0.9011800289154053,0
2025-09-01 17:50:00+00:00,0.901170015335083,0.9012699723243713,0.9003000259399414,0.9003000259399414,0
2025-09-01 17:55:00+00:00,0.9011499881744385,0.9012699723243713,0.9002000093460083,0.901229977607727,0
2025-09-01 18:00:00+00:00,0.9011899828910828,0.9012600183486938,0.9003099799156189,0.9011899828910828,0
2025-09-01 18:05:00+00:00,0.901199996471405,0.9012500047683716,0.9002299904823303,0.9010800123214722,0
2025-09-01 18:10:00+00:00,0.9010900259017944,0.9011800289154053,0.9002299904823303,0.9010900259017944,0
2025-09-01 18:15:00+00:00,0.9010900259017944,0.9011899828910828,0.9002199769020081,0.9011800289154053,0
2025-09-01 18:20:00+00:00,0.901170015335083,0.9012100100517273,0.9002100229263306,0.9002100229263306,0
2025-09-01 18:25:00+00:00,0.9010900259017944,0.9011399745941162,0.9000599980354309,0.9010499715805054,0
2025-09-01 18:30:00+00:00,0.9010599851608276,0.9010900259017944,0.9001200199127197,0.9009799957275391,0
2025-09-01 18:35:00+00:00,0.9009699821472168,0.9010599851608276,0.9001200199127197,0.9010599851608276,0
2025-09-01 18:40:00+00:00,0.9010000228881836,0.9010999798774719,0.9001299738883972,0.9010199904441833,0
2025-09-01 18:45:00+00:00,0.9010099768638611,0.9010999798774719,0.9001399874687195,0.9010400176048279,0
2025-09-01 18:50:00+00:00,0.9010400176048279,0.9011099934577942,0.9001500010490417,0.9010800123214722,0
2025-09-01 18:55:00+00:00,0.9010199904441833,0.9011300206184387,0.9001700282096863,0.9010999798774719,0
2025-09-01 19:00:00+00:00,0.9010900259017944,0.9011600017547607,0.9001799821853638,0.9010400176048279,0
2025-09-01 19:05:00+00:00,0.9010499715805054,0.9011600017547607,0.900189995765686,0.9010499715805054,0
2025-09-01 19:10:00+00:00,0.9010599851608276,0.9011300206184387,0.900189995765686,0.9010599851608276,0
2025-09-01 19:15:00+00:00,0.9010499715805054,0.9011499881744385,0.8999999761581421,0.9011499881744385,0
2025-09-01 19:20:00+00:00,0.9011200070381165,0.901170015335083,0.9002199769020081,0.9011300206184387,0
2025-09-01 19:25:00+00:00,0.9010900259017944,0.9011899828910828,0.9001500010490417,0.9010699987411499,0
2025-09-01 19:30:00+00:00,0.9011099934577942,0.9011899828910828,0.9002299904823303,0.901170015335083,0
2025-09-01 19:35:00+00:00,0.9011200070381165,0.9012200236320496,0.9002799987792969,0.9010999798774719,0
2025-09-01 19:40:00+00:00,0.9011399745941162,0.9013100266456604,0.9003199934959412,0.9012100100517273,0
2025-09-01 19:45:00+00:00,0.9012699723243713,0.9013000130653381,0.9003499746322632,0.901229977607727,0
2025-09-01 19:50:00+00:00,0.901229977607727,0.9013000130653381,0.9001700282096863,0.9012600183486938,0
2025-09-01 19:55:00+00:00,0.9012399911880493,0.9013199806213379,0.9002299904823303,0.9012399911880493,0
2025-09-01 20:00:00+00:00,0.9012200236320496,0.9013000130653381,0.9003599882125854,0.901229977607727,0
2025-09-01 20:05:00+00:00,0.9012399911880493,0.9013100266456604,0.9003499746322632,0.9012399911880493,0
2025-09-01 20:10:00+00:00,0.901199996471405,0.9013299942016602,0.9003499746322632,0.9012399911880493,0
2025-09-01 20:15:00+00:00,0.9012500047683716,0.9013100266456604,0.9003400206565857,0.9011899828910828,0
2025-09-01 20:20:00+00:00,0.9011600017547607,0.9012699723243713,0.9003199934959412,0.9003199934959412,0
2025-09-01 20:25:00+00:00,0.901170015335083,0.9012899994850159,0.9003499746322632,0.901199996471405,0
2025-09-01 20:30:00+00:00,0.9011899828910828,0.9013000130653381,0.9003300070762634,0.9012699723243713,0
2025-09-01 20:35:00+00:00,0.9011899828910828,0.9012899994850159,0.9003300070762634,0.9012200236320496,0
2025-09-01 20:40:00+00:00,0.9012100100517273,0.9013199806213379,0.900189995765686,0.901229977607727,0
2025-09-01 20:45:00+00:00,0.9011399745941162,0.9012399911880493,0.9002599716186523,0.9010999798774719,0
2025-09-01 20:50:00+00:00,0.9010999798774719,0.901199996471405,0.9002400040626526,0.9010800123214722,0
2025-09-01 20:55:00+00:00,0.9010499715805054,0.9011800289154053,0.9001799821853638,0.9004300236701965,0
2025-09-01 21:00:00+00:00,0.9005399942398071,0.9005399942398071,0.8993899822235107,0.9000200033187866,0
2025-09-01 21:05:00+00:00,0.9000099897384644,0.9007800221443176,0.8992900252342224,0.8997200131416321,0
2025-09-01 21:10:00+00:00,0.9002000093460083,0.9003099799156189,0.8997399806976318,0.899940013885498,0
2025-09-01 21:15:00+00:00,0.8998299837112427,0.9005799889564514,0.8996300101280212,0.9000499844551086,0
2025-09-01 21:20:00+00:00,0.9003099799156189,0.9007300138473511,0.9000300168991089,0.9000499844551086,0
2025-09-01 21:25:00+00:00,0.9006100296974182,0.9007999897003174,0.9000599980354309,0.9006800055503845,0
2025-09-01 21:30:00+00:00,0.9006699919700623,0.9007899761199951,0.8999500274658203,0.9007499814033508,0
2025-09-01 21:35:00+00:00,0.9007200002670288,0.9010199904441833,0.9002699851989746,0.9009100198745728,0
2025-09-01 21:40:00+00:00,0.900950014591217,0.900950014591217,0.9002400040626526,0.9007400274276733,0
2025-09-01 21:45:00+00:00,0.9007400274276733,0.9011899828910828,0.9001399874687195,0.9008700251579285,0
2025-09-01 21:50:00+00:00,0.9007599949836731,0.9010900259017944,0.9001500010490417,0.9008600115776062,0
2025-09-01 21:55:00+00:00,0.9008499979972839,0.9010300040245056,0.9000999927520752,0.9005600214004517,0
2025-09-01 22:00:00+00:00,0.90065997838974,0.9012699723243713,0.9003000259399414,0.9011399745941162,0
2025-09-01 22:05:00+00:00,0.9011300206184387,0.9013299942016602,0.9003599882125854,0.90038001537323,0
2025-09-01 22:10:00+00:00,0.901170015335083,0.9013599753379822,0.9003700017929077,0.9012399911880493,0
2025-09-01 22:15:00+00:00,0.9013599753379822,0.9014700055122375,0.9004300236701965,0.901390016078949,0
2025-09-01 22:20:00+00:00,0.9013100266456604,0.9014000296592712,0.900409996509552,0.9013500213623047,0
2025-09-01 22:25:00+00:00,0.9013199806213379,0.9013500213623047,0.900409996509552,0.9012699723243713,0
2025-09-01 22:30:00+00:00,0.9011300206184387,0.9013299942016602,0.9003099799156189,0.9013000130653381,0
2025-09-01 22:35:00+00:00,0.9013100266456604,0.9013599753379822,0.9003400206565857,0.9012200236320496,0
2025-09-01 22:40:00+00:00,0.901229977607727,0.9013000130653381,0.9003400206565857,0.9011800289154053,0
2025-09-01 22:45:00+00:00,0.9011499881744385,0.9013000130653381,0.9003199934959412,0.9011800289154053,0
2025-09-01 22:50:00+00:00,0.9012600183486938,0.9013100266456604,0.9003400206565857,0.9012600183486938,0
2025-09-01 22:55:00+00:00,0.901199996471405,0.9013400077819824,0.9003999829292297,0.9012100100517273,0
2025-09-01 23:00:00+00:00,0.9011800289154053,0.9013100266456604,0.9002100229263306,0.9010900259017944,0
2025-09-01 23:05:00+00:00,0.9010699987411499,0.901229977607727,0.9002400040626526,0.9011200070381165,0
2025-09-01 23:10:00+00:00,0.9011499881744385,0.9012699723243713,0.9002699851989746,0.9012699723243713,0
2025-09-01 23:15:00+00:00,0.901199996471405,0.9013400077819824,0.9003199934959412,0.9012399911880493,0
2025-09-01 23:20:00+00:00,0.9012500047683716,0.9014000296592712,0.9004200100898743,0.9012899994850159,0
2025-09-01 23:25:00+00:00,0.9012699723243713,0.9014300107955933,0.9004200100898743,0.901390016078949,0
2025-09-01 23:30:00+00:00,0.9012899994850159,0.9014300107955933,0.900439977645874,0.9013199806213379,0
2025-09-01 23:35:00+00:00,0.9013000130653381,0.9014800190925598,0.9005100131034851,0.9014000296592712,0
2025-09-01 23:40:00+00:00,0.9014099836349487,0.9014599919319153,0.900439977645874,0.9013400077819824,0
2025-09-01 23:45:00+00:00,0.9013100266456604,0.901449978351593,0.9002299904823303,0.9013100266456604,0
2025-09-01 23:50:00+00:00,0.9013199806213379,0.9014099836349487,0.900409996509552,0.900409996509552,0
2025-09-01 23:55:00+00:00,0.9013100266456604,0.901419997215271,0.9004499912261963,0.9013800024986267,0
2025-09-02 00:00:00+00:00,0.9013599753379822,0.9016100168228149,0.9003900289535522,0.9012799859046936,0
2025-09-02 00:05:00+00:00,0.9012200236320496,0.9013299942016602,0.8999900221824646,0.900879979133606,0
2025-09-02 00:10:00+00:00,0.9008600115776062,0.9009299874305725,0.8997600078582764,0.9005399942398071,0
2025-09-02 00:15:00+00:00,0.9005100131034851,0.9007099866867065,0.8996000289916992,0.9004499912261963,0
2025-09-02 00:20:00+00:00,0.9004700183868408,0.9005200266838074,0.8995199799537659,0.9003999829292297,0
2025-09-02 00:25:00+00:00,0.9003900289535522,0.9004899859428406,0.8994399905204773,0.9004300236701965,0
2025-09-02 00:30:00+00:00,0.9003700017929077,0.9006800055503845,0.8995500206947327,0.9006199836730957,0
2025-09-02 00:35:00+00:00,0.9005900025367737,0.9007400274276733,0.8997700214385986,0.9006500244140625,0
2025-09-02 00:40:00+00:00,0.9006199836730957,0.9007499814033508,0.8995599746704102,0.9004799723625183,0
2025-09-02 00:45:00+00:00,0.9005100131034851,0.9005500078201294,0.8993200063705444,0.9004200100898743,0
2025-09-02 00:50:00+00:00,0.9004700183868408,0.9007899761199951,0.8996700048446655,0.9007499814033508,0
2025-09-02 00:55:00+00:00,0.9007499814033508,0.9009199738502502,0.899869978427887,0.9008100032806396,0
2025-09-02 01:00:00+00:00,0.9007999897003174,0.9008399844169617,0.8996000289916992,0.9003999829292297,0
2025-09-02 01:05:00+00:00,0.9003300070762634,0.9005699753761292,0.8993600010871887,0.9004799723625183,0
2025-09-02 01:10:00+00:00,0.9005200266838074,0.9007800221443176,0.8995400071144104,0.9006100296974182,0
2025-09-02 01:15:00+00:00,0.900600016117096,0.90065997838974,0.8995299935340881,0.9003400206565857,0
2025-09-02 01:20:00+00:00,0.9003599882125854,0.9006400108337402,0.8995500206947327,0.9006400108337402,0
2025-09-02 01:25:00+00:00,0.9006100296974182,0.90065997838974,0.8996099829673767,0.9006500244140625,0
2025-09-02 01:30:00+00:00,0.9006500244140625,0.9007999897003174,0.8995400071144104,0.9004799723625183,0
2025-09-02 01:35:00+00:00,0.9004700183868408,0.900600016117096,0.8994899988174438,0.9003499746322632,0
2025-09-02 01:40:00+00:00,0.9003599882125854,0.9005699753761292,0.8995500206947327,0.9004200100898743,0
2025-09-02 01:45:00+00:00,0.9004200100898743,0.900439977645874,0.8993899822235107,0.9002799987792969,0
2025-09-02 01:50:00+00:00,0.9002100229263306,0.9003099799156189,0.8993399739265442,0.9002000093460083,0
2025-09-02 01:55:00+00:00,0.900189995765686,0.9003000259399414,0.899150013923645,0.9000700116157532,0
2025-09-02 02:00:00+00:00,0.9000899791717529,0.9001399874687195,0.8989099860191345,0.8995500206947327,0
2025-09-02 02:05:00+00:00,0.8995599746704102,0.8997799754142761,0.8984599709510803,0.8993899822235107,0
2025-09-02 02:10:00+00:00,0.8993800282478333,0.8995100259780884,0.8985199928283691,0.8994200229644775,0
2025-09-02 02:15:00+00:00,0.8993800282478333,0.8999300003051758,0.898580014705658,0.8998600244522095,0
2025-09-02 02:20:00+00:00,0.899869978427887,0.899940013885498,0.8989899754524231,0.899940013885498,0
2025-09-02 02:25:00+00:00,0.8999199867248535,0.9000700116157532,0.8989499807357788,0.9000200033187866,0
2025-09-02 02:30:00+00:00,0.8999800086021423,0.9000399708747864,0.8990700244903564,0.899940013885498,0
2025-09-02 02:35:00+00:00,0.8998900055885315,0.9000599980354309,0.8989400267601013,0.8999099731445312,0
2025-09-02 02:40:00+00:00,0.8998900055885315,0.9000399708747864,0.8990499973297119,0.8999699950218201,0
2025-09-02 02:45:00+00:00,0.899940013885498,0.9001700282096863,0.8990200161933899,0.9000899791717529,0
2025-09-02 02:50:00+00:00,0.9000399708747864,0.9001399874687195,0.899150013923645,0.9000800251960754,0
2025-09-02 02:55:00+00:00,0.9000399708747864,0.9002400040626526,0.8992699980735779,0.900189995765686,0
2025-09-02 03:00:00+00:00,0.9001100063323975,0.9002199769020081,0.8990899920463562,0.9001700282096863,0
2025-09-02 03:05:00+00:00,0.9000899791717529,0.9002699851989746,0.8991299867630005,0.9000599980354309,0
2025-09-02 03:10:00+00:00,0.9000099897384644,0.9001299738883972,0.899179995059967,0.8999199867248535,0
2025-09-02 03:15:00+00:00,0.8998399972915649,0.9000700116157532,0.8989999890327454,0.899869978427887,0
2025-09-02 03:20:00+00:00,0.8998600244522095,0.8999500274658203,0.8988000154495239,0.8997399806976318,0
2025-09-02 03:25:00+00:00,0.8996700048446655,0.8997799754142761,0.8987100124359131,0.8996800184249878,0
2025-09-02 03:30:00+00:00,0.8996800184249878,0.8996999859809875,0.8985900282859802,0.8995299935340881,0
2025-09-02 03:35:00+00:00,0.8995500206947327,0.8996099829673767,0.8982700109481812,0.8993800282478333,0
2025-09-02 03:40:00+00:00,0.8993099927902222,0.899649977684021,0.8986600041389465,0.8994399905204773,0
2025-09-02 03:45:00+00:00,0.8994399905204773,0.8994699716567993,0.8984100222587585,0.8994100093841553,0
2025-09-02 03:50:00+00:00,0.8993399739265442,0.899590015411377,0.8985900282859802,0.8995400071144104,0
2025-09-02 03:55:00+00:00,0.8995699882507324,0.899619996547699,0.89860999584198,0.8995500206947327,0
2025-09-02 04:00:00+00:00,0.8995400071144104,0.8995800018310547,0.8982700109481812,0.8992800116539001,0
2025-09-02 04:05:00+00:00,0.8992599844932556,0.899370014667511,0.8983299732208252,0.8992800116539001,0
2025-09-02 04:10:00+00:00,0.8992699980735779,0.8995299935340881,0.8985199928283691,0.899399995803833,0
2025-09-02 04:15:00+00:00,0.8993499875068665,0.8994200229644775,0.8983399868011475,0.8992999792098999,0
2025-09-02 04:20:00+00:00,0.8992800116539001,0.8994200229644775,0.8983700275421143,0.8993099927902222,0
2025-09-02 04:25:00+00:00,0.8993399739265442,0.8994100093841553,0.8983700275421143,0.8993499875068665,0
2025-09-02 04:30:00+00:00,0.8993399739265442,0.899399995803833,0.898389995098114,0.8992400169372559,0
2025-09-02 04:35:00+00:00,0.8992599844932556,0.899429976940155,0.898389995098114,0.8992300033569336,0
2025-09-02 04:40:00+00:00,0.8992599844932556,0.8994500041007996,0.8983799815177917,0.8993399739265442,0
2025-09-02 04:45:00+00:00,0.8993200063705444,0.8994899988174438,0.8984599709510803,0.8993399739265442,0
2025-09-02 04:50:00+00:00,0.8993499875068665,0.8994399905204773,0.898419976234436,0.8993300199508667,0
2025-09-02 04:55:00+00:00,0.8993499875068665,0.8994200229644775,0.8984400033950806,0.8992999792098999,0
2025-09-02 05:00:00+00:00,0.8992300033569336,0.8995699882507324,0.8983799815177917,0.899429976940155,0
2025-09-02 05:05:00+00:00,0.8994899988174438,0.8995299935340881,0.8984900116920471,0.8994100093841553,0
2025-09-02 05:10:00+00:00,0.899370014667511,0.8994399905204773,0.8984599709510803,0.8993099927902222,0
2025-09-02 05:15:00+00:00,0.8993200063705444,0.899399995803833,0.8982899785041809,0.8991699814796448,0
2025-09-02 05:20:00+00:00,0.8991199731826782,0.8992199897766113,0.8981500267982483,0.8990799784660339,0
2025-09-02 05:25:00+00:00,0.8989999890327454,0.8991299867630005,0.898169994354248,0.8990200161933899,0
2025-09-02 05:30:00+00:00,0.8990399837493896,0.8992599844932556,0.8982200026512146,0.8990300297737122,0
2025-09-02 05:35:00+00:00,0.8990899920463562,0.899179995059967,0.8981199860572815,0.8990899920463562,0
2025-09-02 05:40:00+00:00,0.8990100026130676,0.899179995059967,0.8981900215148926,0.8990799784660339,0
2025-09-02 05:45:00+00:00,0.8991299867630005,0.8993099927902222,0.8982499837875366,0.8992999792098999,0
2025-09-02 05:50:00+00:00,0.8992900252342224,0.8993800282478333,0.8982499837875366,0.8991600275039673,0
2025-09-02 05:55:00+00:00,0.8991400003433228,0.8992699980735779,0.8981500267982483,0.8990600109100342,0
2025-09-02 06:00:00+00:00,0.8990200161933899,0.8992499709129333,0.8981000185012817,0.899150013923645,0
2025-09-02 06:05:00+00:00,0.8991699814796448,0.8991699814796448,0.8981500267982483,0.8990399837493896,0
2025-09-02 06:10:00+00:00,0.8990200161933899,0.8992800116539001,0.8982499837875366,0.8992499709129333,0
2025-09-02 06:15:00+00:00,0.8992000222206116,0.8994100093841553,0.8982800245285034,0.8992000222206116,0
2025-09-02 06:20:00+00:00,0.8991299867630005,0.8992900252342224,0.8980799913406372,0.8990100026130676,0
2025-09-02 06:25:00+00:00,0.8989700078964233,0.8991199731826782,0.8980399966239929,0.8990399837493896,0
2025-09-02 06:30:00+00:00,0.8989999890327454,0.8992999792098999,0.8981299996376038,0.899150013923645,0
2025-09-02 06:35:00+00:00,0.8992099761962891,0.8992900252342224,0.8982300162315369,0.899150013923645,0
2025-09-02 06:40:00+00:00,0.899179995059967,0.8992000222206116,0.8980100154876709,0.8989199995994568,0
2025-09-02 06:45:00+00:00,0.8988800048828125,0.8990499973297119,0.8980200290679932,0.8989700078964233,0
2025-09-02 06:50:00+00:00,0.8989499807357788,0.8992599844932556,0.8981599807739258,0.8992499709129333,0
2025-09-02 06:55:00+00:00,0.8992000222206116,0.8993899822235107,0.898419976234436,0.8992699980735779,0
2025-09-02 07:00:00+00:00,0.8992599844932556,0.899429976940155,0.898360013961792,0.8993499875068665,0
2025-09-02 07:05:00+00:00,0.8993099927902222,0.8994100093841553,0.8983399868011475,0.8992199897766113,0
2025-09-02 07:10:00+00:00,0.899179995059967,0.8992699980735779,0.8981900215148926,0.8984599709510803,0
2025-09-02 07:15:00+00:00,0.8984900116920471,0.8988800048828125,0.8976600170135498,0.8987600207328796,0
2025-09-02 07:20:00+00:00,0.8986899852752686,0.8987799882888794,0.8965700268745422,0.8974999785423279,0
2025-09-02 07:25:00+00:00,0.8974699974060059,0.8979499936103821,0.8967900276184082,0.897409975528717,0
2025-09-02 07:30:00+00:00,0.8973600268363953,0.8975499868392944,0.8964599967002869,0.8970999717712402,0
2025-09-02 07:35:00+00:00,0.8971800208091736,0.8974300026893616,0.8961600065231323,0.8969799876213074,0
2025-09-02 07:40:00+00:00,0.8969500064849854,0.8970900177955627,0.8958600163459778,0.8969299793243408,0
2025-09-02 07:45:00+00:00,0.8969200253486633,0.8969399929046631,0.8957099914550781,0.8961600065231323,0
2025-09-02 07:50:00+00:00,0.8960800170898438,0.8962100148200989,0.8949499726295471,0.8958500027656555,0
2025-09-02 07:55:00+00:00,0.8958699703216553,0.8961899876594543,0.8949099779129028,0.8959699869155884,0
2025-09-02 08:00:00+00:00,0.8960099816322327,0.8963000178337097,0.8951699733734131,0.8959900140762329,0
2025-09-02 08:05:00+00:00,0.8959900140762329,0.8962799906730652,0.8950799703598022,0.8961799740791321,0
2025-09-02 08:10:00+00:00,0.8961799740791321,0.8965799808502197,0.8955000042915344,0.8964200019836426,0
2025-09-02 08:15:00+00:00,0.8964099884033203,0.8966599702835083,0.895550012588501,0.8964300155639648,0
2025-09-02 08:20:00+00:00,0.8964499831199646,0.8968700170516968,0.8955299854278564,0.896619975566864,0
2025-09-02 08:25:00+00:00,0.8965299725532532,0.8967700004577637,0.8956599831581116,0.8964599967002869,0
2025-09-02 08:30:00+00:00,0.8964400291442871,0.8968999981880188,0.8956400156021118,0.8968600034713745,0
2025-09-02 08:35:00+00:00,0.89683997631073,0.8972399830818176,0.8961099982261658,0.8971999883651733,0
2025-09-02 08:40:00+00:00,0.8972499966621399,0.8974900245666504,0.8963900208473206,0.8974199891090393,0
2025-09-02 08:45:00+00:00,0.8973600268363953,0.8974900245666504,0.8962100148200989,0.8972399830818176,0
2025-09-02 08:50:00+00:00,0.8971899747848511,0.897350013256073,0.8960599899291992,0.8969799876213074,0
2025-09-02 08:55:00+00:00,0.8969600200653076,0.8970199823379517,0.8958600163459778,0.8967499732971191,0
2025-09-02 09:00:00+00:00,0.8967700004577637,0.8969600200653076,0.8958699703216553,0.8966900110244751,0
2025-09-02 09:05:00+00:00,0.8967700004577637,0.8967900276184082,0.8955699801445007,0.896399974822998,0
2025-09-02 09:10:00+00:00,0.8963900208473206,0.8965700268745422,0.895550012588501,0.8964200019836426,0
2025-09-02 09:15:00+00:00,0.896399974822998,0.8964899778366089,0.8953400254249573,0.8963800072669983,0
2025-09-02 09:20:00+00:00,0.8963099718093872,0.8964300155639648,0.8952400088310242,0.8961499929428101,0
2025-09-02 09:25:00+00:00,0.8961600065231323,0.8964499831199646,0.8953099846839905,0.8962699770927429,0
2025-09-02 09:30:00+00:00,0.8962600231170654,0.896399974822998,0.8952699899673462,0.8960000276565552,0
2025-09-02 09:35:00+00:00,0.8960700035095215,0.8967199921607971,0.8955299854278564,0.8966400027275085,0
2025-09-02 09:40:00+00:00,0.8966299891471863,0.8967599868774414,0.8956599831581116,0.8965100049972534,0
2025-09-02 09:45:00+00:00,0.8964899778366089,0.8965200185775757,0.895330011844635,0.8964999914169312,0
2025-09-02 09:50:00+00:00,0.8964499831199646,0.8966599702835083,0.8956000208854675,0.8965299725532532,0
2025-09-02 09:55:00+00:00,0.8965399861335754,0.8969399929046631,0.8958399891853333,0.8968300223350525,0
2025-09-02 10:00:00+00:00,0.8967800140380859,0.8968600034713745,0.8957300186157227,0.8965700268745422,0
2025-09-02 10:05:00+00:00,0.8966000080108643,0.8968700170516968,0.8958500027656555,0.8968700170516968,0
2025-09-02 10:10:00+00:00,0.8968600034713745,0.8970500230789185,0.8960700035095215,0.89683997631073,0
2025-09-02 10:15:00+00:00,0.8968499898910522,0.8969799876213074,0.8958899974822998,0.8966699838638306,0
2025-09-02 10:20:00+00:00,0.8966599702835083,0.8967499732971191,0.8956999778747559,0.8966699838638306,0
2025-09-02 10:25:00+00:00,0.8966599702835083,0.8966900110244751,0.8956500291824341,0.8966500163078308,0
2025-09-02 10:30:00+00:00,0.8966699838638306,0.8969900012016296,0.8958100080490112,0.8968300223350525,0
2025-09-02 10:35:00+00:00,0.8968700170516968,0.8970199823379517,0.8959500193595886,0.8968999981880188,0
2025-09-02 10:40:00+00:00,0.89683997631073,0.8968999981880188,0.8958100080490112,0.8967900276184082,0
2025-09-02 10:45:00+00:00,0.8967800140380859,0.8968499898910522,0.8957599997520447,0.896589994430542,0
2025-09-02 10:50:00+00:00,0.8965399861335754,0.8967499732971191,0.8956599831581116,0.8966500163078308,0
2025-09-02 10:55:00+00:00,0.8967000246047974,0.8969500064849854,0.8959500193595886,0.896809995174408,0
2025-09-02 11:00:00+00:00,0.896809995174408,0.8969600200653076,0.8959500193595886,0.8968300223350525,0
2025-09-02 11:05:00+00:00,0.8967800140380859,0.8969500064849854,0.8958600163459778,0.8967499732971191,0
2025-09-02 11:10:00+00:00,0.8967999815940857,0.8970000147819519,0.8958799839019775,0.8968799710273743,0
2025-09-02 11:15:00+00:00,0.8968899846076965,0.8971400260925293,0.8961300253868103,0.8968600034713745,0
2025-09-02 11:20:00+00:00,0.8968700170516968,0.8973199725151062,0.8961300253868103,0.8972700238227844,0
2025-09-02 11:25:00+00:00,0.8972399830818176,0.8974199891090393,0.8962600231170654,0.8972700238227844,0
2025-09-02 11:30:00+00:00,0.8972499966621399,0.8974000215530396,0.8962900042533875,0.897159993648529,0
2025-09-02 11:35:00+00:00,0.8971999883651733,0.8975300192832947,0.8964800238609314,0.8973699808120728,0
2025-09-02 11:40:00+00:00,0.8973900079727173,0.8975300192832947,0.8965399861335754,0.897379994392395,0
2025-09-02 11:45:00+00:00,0.8973699808120728,0.8976100087165833,0.8964999914169312,0.8973900079727173,0
2025-09-02 11:50:00+00:00,0.8973000049591064,0.897379994392395,0.8962799906730652,0.8973199725151062,0
2025-09-02 11:55:00+00:00,0.8972899913787842,0.897379994392395,0.8963299989700317,0.8973100185394287,0
2025-09-02 12:00:00+00:00,0.897350013256073,0.8978400230407715,0.896340012550354,0.8977100253105164,0
2025-09-02 12:05:00+00:00,0.8977400064468384,0.8978599905967712,0.8961799740791321,0.8970699906349182,0
2025-09-02 12:10:00+00:00,0.8970199823379517,0.8970999717712402,0.8959000110626221,0.8967999815940857,0
2025-09-02 12:15:00+00:00,0.8967599868774414,0.8968600034713745,0.8956800103187561,0.8965799808502197,0
2025-09-02 12:20:00+00:00,0.8965200185775757,0.8966799974441528,0.8952699899673462,0.8961300253868103,0
2025-09-02 12:25:00+00:00,0.8960800170898438,0.8962500095367432,0.8948500156402588,0.8956500291824341,0
2025-09-02 12:30:00+00:00,0.895609974861145,0.8959400057792664,0.8948100209236145,0.8957300186157227,0
2025-09-02 12:35:00+00:00,0.8957499861717224,0.8960599899291992,0.8948000073432922,0.8958399891853333,0
2025-09-02 12:40:00+00:00,0.8957800269126892,0.8960999846458435,0.8950799703598022,0.8958699703216553,0
2025-09-02 12:45:00+00:00,0.8958799839019775,0.8959800004959106,0.8948100209236145,0.8957099914550781,0
2025-09-02 12:50:00+00:00,0.8956999778747559,0.8961499929428101,0.8948500156402588,0.8957599997520447,0
2025-09-02 12:55:00+00:00,0.8957200050354004,0.896120011806488,0.8949499726295471,0.8957099914550781,0
2025-09-02 13:00:00+00:00,0.8956699967384338,0.8957499861717224,0.8944900035858154,0.8955399990081787,0
2025-09-02 13:05:00+00:00,0.8955699801445007,0.896049976348877,0.8948000073432922,0.8958600163459778,0
2025-09-02 13:10:00+00:00,0.8958699703216553,0.8963299989700317,0.8951399922370911,0.8962600231170654,0
2025-09-02 13:15:00+00:00,0.8962500095367432,0.8965100049972534,0.895389974117279,0.8964400291442871,0
2025-09-02 13:20:00+00:00,0.8964400291442871,0.8967999815940857,0.8956699967384338,0.8967400193214417,0
2025-09-02 13:25:00+00:00,0.8967000246047974,0.8970299959182739,0.8960000276565552,0.8969900012016296,0
2025-09-02 13:30:00+00:00,0.8969500064849854,0.897059977054596,0.895609974861145,0.8969399929046631,0
2025-09-02 13:35:00+00:00,0.8969799876213074,0.8972600102424622,0.8960000276565552,0.8970999717712402,0
2025-09-02 13:40:00+00:00,0.8970400094985962,0.897570013999939,0.8963800072669983,0.8974800109863281,0
2025-09-02 13:45:00+00:00,0.8974000215530396,0.8979099988937378,0.8965299725532532,0.8977100253105164,0
2025-09-02 13:50:00+00:00,0.8976500034332275,0.8978099822998047,0.8967900276184082,0.8976399898529053,0
2025-09-02 13:55:00+00:00,0.8977199792861938,0.8979499936103821,0.896809995174408,0.897409975528717,0
2025-09-02 14:00:00+00:00,0.897409975528717,0.8984500169754028,0.8973900079727173,0.8983399868011475,0
2025-09-02 14:05:00+00:00,0.8983299732208252,0.8985199928283691,0.8972100019454956,0.8983500003814697,0
2025-09-02 14:10:00+00:00,0.8983700275421143,0.8989499807357788,0.8977500200271606,0.898930013179779,0
2025-09-02 14:15:00+00:00,0.898859977722168,0.8990600109100342,0.8979399800300598,0.8987500071525574,0
2025-09-02 14:20:00+00:00,0.8987900018692017,0.8992599844932556,0.8980500102043152,0.8991699814796448,0
2025-09-02 14:25:00+00:00,0.899179995059967,0.8994399905204773,0.8984000086784363,0.8993600010871887,0
2025-09-02 14:30:00+00:00,0.8993200063705444,0.8994600176811218,0.898140013217926,0.8989800214767456,0
2025-09-02 14:35:00+00:00,0.8991299867630005,0.8994699716567993,0.8983200192451477,0.8992300033569336,0
2025-09-02 14:40:00+00:00,0.8992199897766113,0.8994799852371216,0.8981999754905701,0.8992599844932556,0
2025-09-02 14:45:00+00:00,0.8992099761962891,0.8993899822235107,0.8981500267982483,0.899150013923645,0
2025-09-02 14:50:00+00:00,0.899179995059967,0.8992900252342224,0.8982399702072144,0.8992400169372559,0
2025-09-02 14:55:00+00:00,0.8992199897766113,0.8997399806976318,0.8986499905586243,0.8996899724006653,0
2025-09-02 15:00:00+00:00,0.8996300101280212,0.8998399972915649,0.8985499739646912,0.8994600176811218,0
2025-09-02 15:05:00+00:00,0.8994500041007996,0.8994799852371216,0.8983299732208252,0.8993099927902222,0
2025-09-02 15:10:00+00:00,0.8992400169372559,0.8993499875068665,0.8982800245285034,0.8991400003433228,0
2025-09-02 15:15:00+00:00,0.8992199897766113,0.8994200229644775,0.8981999754905701,0.8994100093841553,0
2025-09-02 15:20:00+00:00,0.8994100093841553,0.8994699716567993,0.8982099890708923,0.8992499709129333,0
2025-09-02 15:25:00+00:00,0.8992800116539001,0.8994200229644775,0.8984299898147583,0.8991199731826782,0
2025-09-02 15:30:00+00:00,0.8991400003433228,0.8993899822235107,0.8983799815177917,0.8992000222206116,0
2025-09-02 15:35:00+00:00,0.8992000222206116,0.8992699980735779,0.8973600268363953,0.8983799815177917,0
2025-09-02 15:40:00+00:00,0.898360013961792,0.898419976234436,0.8972300291061401,0.8982399702072144,0
2025-09-02 15:45:00+00:00,0.8981900215148926,0.8985400199890137,0.8973900079727173,0.8983799815177917,0
2025-09-02 15:50:00+00:00,0.8983700275421143,0.8984000086784363,0.8972700238227844,0.8981800079345703,0
2025-09-02 15:55:00+00:00,0.8981299996376038,0.8982200026512146,0.8970999717712402,0.8980200290679932,0
2025-09-02 16:00:00+00:00,0.8979799747467041,0.8983200192451477,0.8972100019454956,0.8981599807739258,0
2025-09-02 16:05:00+00:00,0.8981900215148926,0.8983500003814697,0.8972799777984619,0.8982999920845032,0
2025-09-02 16:10:00+00:00,0.8982700109481812,0.8986600041389465,0.8976200222969055,0.8984599709510803,0
2025-09-02 16:15:00+00:00,0.8985000252723694,0.8985900282859802,0.897379994392395,0.8983399868011475,0
2025-09-02 16:20:00+00:00,0.8983399868011475,0.8984799981117249,0.8974499702453613,0.8984299898147583,0
2025-09-02 16:25:00+00:00,0.8984100222587585,0.8984799981117249,0.8973900079727173,0.8982999920845032,0
2025-09-02 16:30:00+00:00,0.8982899785041809,0.8982899785041809,0.8972600102424622,0.8981299996376038,0
2025-09-02 16:35:00+00:00,0.8981199860572815,0.898389995098114,0.8973299860954285,0.8982300162315369,0
2025-09-02 16:40:00+00:00,0.8982099890708923,0.8985000252723694,0.8974000215530396,0.8984500169754028,0
2025-09-02 16:45:00+00:00,0.8984100222587585,0.8984699845314026,0.8973000049591064,0.8982599973678589,0
2025-09-02 16:50:00+00:00,0.8982700109481812,0.8983100056648254,0.8971899747848511,0.8981000185012817,0
2025-09-02 16:55:00+00:00,0.8980500102043152,0.898169994354248,0.8971800208091736,0.8980200290679932,0
2025-09-02 17:00:00+00:00,0.8980399966239929,0.8983299732208252,0.897130012512207,0.8982899785041809,0
2025-09-02 17:05:00+00:00,0.8983100056648254,0.8984900116920471,0.8974400162696838,0.8983799815177917,0
2025-09-02 17:10:00+00:00,0.8983299732208252,0.8984100222587585,0.897379994392395,0.898140013217926,0
2025-09-02 17:15:00+00:00,0.8981599807739258,0.8983100056648254,0.8972700238227844,0.8982999920845032,0
2025-09-02 17:20:00+00:00,0.8982399702072144,0.8984299898147583,0.8972700238227844,0.8984000086784363,0
2025-09-02 17:25:00+00:00,0.898419976234436,0.8985000252723694,0.8974900245666504,0.898360013961792,0
2025-09-02 17:30:00+00:00,0.8983500003814697,0.8984699845314026,0.8974300026893616,0.8983500003814697,0
2025-09-02 17:35:00+00:00,0.8983399868011475,0.8983799815177917,0.8973699808120728,0.8982700109481812,0
2025-09-02 17:40:00+00:00,0.8982399702072144,0.8983399868011475,0.8973600268363953,0.8982700109481812,0
2025-09-02 17:45:00+00:00,0.8982499837875366,0.8983399868011475,0.8973600268363953,0.8982700109481812,0
2025-09-02 17:50:00+00:00,0.8982399702072144,0.8983299732208252,0.8972899913787842,0.8982099890708923,0
2025-09-02 17:55:00+00:00,0.8982099890708923,0.8982499837875366,0.8973199725151062,0.8980900049209595,0
2025-09-02 18:00:00+00:00,0.8980600237846375,0.8982999920845032,0.8972200155258179,0.8981999754905701,0
2025-09-02 18:05:00+00:00,0.898169994354248,0.8982300162315369,0.8971499800682068,0.8980799913406372,0
2025-09-02 18:10:00+00:00,0.8980500102043152,0.8983100056648254,0.8972499966621399,0.8982300162315369,0
2025-09-02 18:15:00+00:00,0.8982200026512146,0.8982499837875366,0.8971999883651733,0.898169994354248,0
2025-09-02 18:20:00+00:00,0.898140013217926,0.8982499837875366,0.8971899747848511,0.8981299996376038,0
2025-09-02 18:25:00+00:00,0.8981500267982483,0.8982599973678589,0.8971899747848511,0.8981900215148926,0
2025-09-02 18:30:00+00:00,0.8981800079345703,0.8982499837875366,0.8972600102424622,0.8980600237846375,0
2025-09-02 18:35:00+00:00,0.8981199860572815,0.8981999754905701,0.897159993648529,0.898140013217926,0
2025-09-02 18:40:00+00:00,0.898140013217926,0.8981599807739258,0.8971099853515625,0.8980200290679932,0
2025-09-02 18:45:00+00:00,0.8979600071907043,0.8982099890708923,0.8971199989318848,0.898169994354248,0
2025-09-02 18:50:00+00:00,0.8981599807739258,0.8982599973678589,0.8971899747848511,0.8980900049209595,0
2025-09-02 18:55:00+00:00,0.8980600237846375,0.8982099890708923,0.8972300291061401,0.8981099724769592,0
2025-09-02 19:00:00+00:00,0.8981000185012817,0.8983100056648254,0.8972100019454956,0.898140013217926,0
2025-09-02 19:05:00+00:00,0.8981299996376038,0.8982399702072144,0.8972799777984619,0.8981800079345703,0
2025-09-02 19:10:00+00:00,0.8982200026512146,0.8984299898147583,0.8974599838256836,0.8983200192451477,0
2025-09-02 19:15:00+00:00,0.898360013961792,0.8985099792480469,0.8974599838256836,0.8984500169754028,0
2025-09-02 19:20:00+00:00,0.8984699845314026,0.8985000252723694,0.8975200057029724,0.8984900116920471,0
2025-09-02 19:25:00+00:00,0.8984599709510803,0.8985700011253357,0.897599995136261,0.8985400199890137,0
2025-09-02 19:30:00+00:00,0.8985300064086914,0.8986600041389465,0.8975800275802612,0.8985300064086914,0
2025-09-02 19:35:00+00:00,0.8985499739646912,0.8986700177192688,0.8976899981498718,0.8985900282859802,0
2025-09-02 19:40:00+00:00,0.8985900282859802,0.89860999584198,0.8976100087165833,0.8984699845314026,0
2025-09-02 19:45:00+00:00,0.8984500169754028,0.8984699845314026,0.897350013256073,0.8982899785041809,0
2025-09-02 19:50:00+00:00,0.8982700109481812,0.8985499739646912,0.8974900245666504,0.8984900116920471,0
2025-09-02 19:55:00+00:00,0.8984599709510803,0.8987699747085571,0.897819995880127,0.8986899852752686,0
2025-09-02 20:00:00+00:00,0.8987399935722351,0.8989099860191345,0.8977000117301941,0.8985599875450134,0
2025-09-02 20:05:00+00:00,0.8985300064086914,0.8987799882888794,0.8976399898529053,0.8985499739646912,0
2025-09-02 20:10:00+00:00,0.8984799981117249,0.8986300230026245,0.897629976272583,0.8985199928283691,0
2025-09-02 20:15:00+00:00,0.8984799981117249,0.8985900282859802,0.8975800275802612,0.8984799981117249,0
2025-09-02 20:20:00+00:00,0.8985000252723694,0.8985900282859802,0.8975499868392944,0.8984699845314026,0
2025-09-02 20:25:00+00:00,0.8985199928283691,0.898639976978302,0.8977100253105164,0.8985300064086914,0
2025-09-02 20:30:00+00:00,0.8984900116920471,0.8987799882888794,0.8975800275802612,0.8987399935722351,0
2025-09-02 20:35:00+00:00,0.8987299799919128,0.8987500071525574,0.8978000283241272,0.8978000283241272,0
2025-09-02 20:40:00+00:00,0.8986899852752686,0.8987900018692017,0.8977599740028381,0.8987100124359131,0
2025-09-02 20:45:00+00:00,0.8986600041389465,0.8987399935722351,0.8976799845695496,0.898639976978302,0
2025-09-02 20:50:00+00:00,0.8985599875450134,0.8987799882888794,0.8977800011634827,0.8986899852752686,0
2025-09-02 20:55:00+00:00,0.8986700177192688,0.898829996585846,0.8978700041770935,0.8983299732208252,0
2025-09-02 21:00:00+00:00,0.8982599973678589,0.8982599973678589,0.8971999883651733,0.8972300291061401,0
2025-09-02 21:05:00+00:00,0.8977199792861938,0.8979899883270264,0.8962600231170654,0.8968799710273743,0
2025-09-02 21:10:00+00:00,0.8971999883651733,0.8973399996757507,0.8964700102806091,0.8968899846076965,0
2025-09-02 21:15:00+00:00,0.8968999981880188,0.8976699709892273,0.8965100049972534,0.8976600170135498,0
2025-09-02 21:20:00+00:00,0.897599995136261,0.8982800245285034,0.8969399929046631,0.8977000117301941,0
2025-09-02 21:25:00+00:00,0.8979700207710266,0.8981999754905701,0.8972399830818176,0.8977500200271606,0
2025-09-02 21:30:00+00:00,0.897849977016449,0.8980900049209595,0.8970400094985962,0.8976600170135498,0
2025-09-02 21:35:00+00:00,0.8980100154876709,0.8980699777603149,0.897159993648529,0.8977000117301941,0
2025-09-02 21:40:00+00:00,0.8978999853134155,0.8980500102043152,0.8971899747848511,0.8977400064468384,0
2025-09-02 21:45:00+00:00,0.8979300260543823,0.8980200290679932,0.8971400260925293,0.8978599905967712,0
2025-09-02 21:50:00+00:00,0.8978599905967712,0.8981500267982483,0.8973199725151062,0.8980500102043152,0
2025-09-02 21:55:00+00:00,0.8980500102043152,0.8981900215148926,0.8972300291061401,0.8979099988937378,0
2025-09-02 22:00:00+00:00,0.8980500102043152,0.8985400199890137,0.8975399732589722,0.8984000086784363,0
2025-09-02 22:05:00+00:00,0.8984000086784363,0.8985099792480469,0.8974000215530396,0.8984599709510803,0
2025-09-02 22:10:00+00:00,0.8983399868011475,0.898580014705658,0.8974800109863281,0.8985400199890137,0
2025-09-02 22:15:00+00:00,0.8984500169754028,0.898639976978302,0.8976200222969055,0.8985400199890137,0
2025-09-02 22:20:00+00:00,0.8985300064086914,0.8986799716949463,0.8976899981498718,0.8985900282859802,0
2025-09-02 22:25:00+00:00,0.89860999584198,0.8986799716949463,0.8977000117301941,0.8985900282859802,0
2025-09-02 22:30:00+00:00,0.8984900116920471,0.8986899852752686,0.8977100253105164,0.8986600041389465,0
2025-09-02 22:35:00+00:00,0.8986200094223022,0.8986999988555908,0.8975300192832947,0.8975300192832947,0
2025-09-02 22:40:00+00:00,0.8984799981117249,0.8986600041389465,0.897629976272583,0.8986600041389465,0
2025-09-02 22:45:00+00:00,0.89860999584198,0.8986499905586243,0.8975800275802612,0.8984000086784363,0
2025-09-02 22:50:00+00:00,0.8984299898147583,0.8985099792480469,0.8975600004196167,0.8984000086784363,0
2025-09-02 22:55:00+00:00,0.8984699845314026,0.8985000252723694,0.8975600004196167,0.8983799815177917,0
2025-09-02 23:00:00+00:00,0.8982800245285034,0.8985000252723694,0.8974999785423279,0.898419976234436,0
2025-09-02 23:05:00+00:00,0.8984400033950806,0.8985499739646912,0.8975800275802612,0.8975800275802612,0
2025-09-02 23:10:00+00:00,0.8984100222587585,0.8985199928283691,0.8975600004196167,0.8984500169754028,0
2025-09-02 23:15:00+00:00,0.8984299898147583,0.8985400199890137,0.897570013999939,0.8984699845314026,0
2025-09-02 23:20:00+00:00,0.8984799981117249,0.8985099792480469,0.8975499868392944,0.8975499868392944,0
2025-09-02 23:25:00+00:00,0.898419976234436,0.8986200094223022,0.8976899981498718,0.8985400199890137,0
2025-09-02 23:30:00+00:00,0.8985999822616577,0.8985999822616577,0.897629976272583,0.8985400199890137,0
2025-09-02 23:35:00+00:00,0.8984799981117249,0.8985499739646912,0.8975099921226501,0.8975099921226501,0
2025-09-02 23:40:00+00:00,0.8984299898147583,0.8984900116920471,0.8974999785423279,0.898419976234436,0
2025-09-02 23:45:00+00:00,0.898389995098114,0.8984699845314026,0.8975300192832947,0.8983399868011475,0
2025-09-02 23:50:00+00:00,0.898389995098114,0.8984799981117249,0.8975099921226501,0.8984400033950806,0
2025-09-02 23:55:00+00:00,0.8984299898147583,0.89860999584198,0.8975300192832947,0.8985300064086914,0
2025-09-03 00:00:00+00:00,0.8985099792480469,0.8985900282859802,0.8975300192832947,0.8985199928283691,0
2025-09-03 00:05:00+00:00,0.8984599709510803,0.8985099792480469,0.8974199891090393,0.8983200192451477,0
2025-09-03 00:10:00+00:00,0.8983500003814697,0.8984400033950806,0.897409975528717,0.8983399868011475,0
2025-09-03 00:15:00+00:00,0.8983299732208252,0.8984000086784363,0.8974199891090393,0.898360013961792,0
2025-09-03 00:20:00+00:00,0.8983399868011475,0.8983399868011475,0.8973100185394287,0.8982899785041809,0
2025-09-03 00:25:00+00:00,0.8982999920845032,0.8983200192451477,0.8973399996757507,0.8982999920845032,0
2025-09-03 00:30:00+00:00,0.8982499837875366,0.898360013961792,0.8973100185394287,0.8981099724769592,0
2025-09-03 00:35:00+00:00,0.8980200290679932,0.8982300162315369,0.8972600102424622,0.8981800079345703,0
2025-09-03 00:40:00+00:00,0.8981599807739258,0.898360013961792,0.8973100185394287,0.8982499837875366,0
2025-09-03 00:45:00+00:00,0.8982499837875366,0.8983399868011475,0.8973299860954285,0.8983399868011475,0
2025-09-03 00:50:00+00:00,0.8982899785041809,0.8984299898147583,0.8974499702453613,0.8982599973678589,0
2025-09-03 00:55:00+00:00,0.8982700109481812,0.8984000086784363,0.8973600268363953,0.8983100056648254,0
2025-09-03 01:00:00+00:00,0.8983200192451477,0.8986600041389465,0.897570013999939,0.8984299898147583,0
2025-09-03 01:05:00+00:00,0.898419976234436,0.8985000252723694,0.8973299860954285,0.8983299732208252,0
2025-09-03 01:10:00+00:00,0.8983200192451477,0.8984000086784363,0.897409975528717,0.898169994354248,0
2025-09-03 01:15:00+00:00,0.8981800079345703,0.8982800245285034,0.8971899747848511,0.8981599807739258,0
2025-09-03 01:20:00+00:00,0.8980900049209595,0.8983200192451477,0.8972499966621399,0.8981800079345703,0
2025-09-03 01:25:00+00:00,0.8981099724769592,0.8983399868011475,0.897350013256073,0.8981800079345703,0
2025-09-03 01:30:00+00:00,0.898169994354248,0.899399995803833,0.8980000019073486,0.8993399739265442,0
2025-09-03 01:35:00+00:00,0.8993399739265442,0.8994899988174438,0.8980000019073486,0.8989400267601013,0
2025-09-03 01:40:00+00:00,0.8989099860191345,0.8993200063705444,0.8981999754905701,0.8993200063705444,0
2025-09-03 01:45:00+00:00,0.8992900252342224,0.8995500206947327,0.8984900116920471,0.8994399905204773,0
2025-09-03 01:50:00+00:00,0.8994899988174438,0.8995800018310547,0.8985700011253357,0.8994799852371216,0
2025-09-03 01:55:00+00:00,0.899429976940155,0.8995299935340881,0.8985199928283691,0.8995000123977661,0
2025-09-03 02:00:00+00:00,0.8994200229644775,0.8995299935340881,0.8983500003814697,0.8990799784660339,0
2025-09-03 02:05:00+00:00,0.8990700244903564,0.8991600275039673,0.8981500267982483,0.8990700244903564,0
2025-09-03 02:10:00+00:00,0.8990899920463562,0.8991699814796448,0.8980100154876709,0.8987799882888794,0
2025-09-03 02:15:00+00:00,0.8987299799919128,0.8991199731826782,0.8979499936103821,0.8990399837493896,0
2025-09-03 02:20:00+00:00,0.8990799784660339,0.8992599844932556,0.8982200026512146,0.8991299867630005,0
2025-09-03 02:25:00+00:00,0.8991199731826782,0.8991199731826782,0.8981800079345703,0.8990399837493896,0
2025-09-03 02:30:00+00:00,0.8990300297737122,0.8991199731826782,0.8980399966239929,0.8990899920463562,0
2025-09-03 02:35:00+00:00,0.8990100026130676,0.8991100192070007,0.8979099988937378,0.8988199830055237,0
2025-09-03 02:40:00+00:00,0.8988100290298462,0.8991400003433228,0.8980500102043152,0.8990200161933899,0
2025-09-03 02:45:00+00:00,0.8990300297737122,0.8992599844932556,0.8982300162315369,0.8992000222206116,0
2025-09-03 02:50:00+00:00,0.899150013923645,0.8993200063705444,0.8982099890708923,0.8992099761962891,0
2025-09-03 02:55:00+00:00,0.8992699980735779,0.8993600010871887,0.8983500003814697,0.8992400169372559,0
2025-09-03 03:00:00+00:00,0.8992300033569336,0.899399995803833,0.898360013961792,0.8993600010871887,0
2025-09-03 03:05:00+00:00,0.8993600010871887,0.899590015411377,0.8985900282859802,0.8995599746704102,0
2025-09-03 03:10:00+00:00,0.8995000123977661,0.899590015411377,0.898580014705658,0.899399995803833,0
2025-09-03 03:15:00+00:00,0.8994500041007996,0.8995699882507324,0.8985000252723694,0.8994899988174438,0
2025-09-03 03:20:00+00:00,0.8994699716567993,0.8994899988174438,0.8984000086784363,0.8992099761962891,0
2025-09-03 03:25:00+00:00,0.8992999792098999,0.8992999792098999,0.898169994354248,0.898859977722168,0
2025-09-03 03:30:00+00:00,0.8988500237464905,0.8990799784660339,0.8980100154876709,0.8988699913024902,0
2025-09-03 03:35:00+00:00,0.8988800048828125,0.8991100192070007,0.8979899883270264,0.8991000056266785,0
2025-09-03 03:40:00+00:00,0.8990300297737122,0.8993499875068665,0.8983700275421143,0.8993099927902222,0
2025-09-03 03:45:00+00:00,0.8992300033569336,0.8994899988174438,0.898389995098114,0.8993600010871887,0
2025-09-03 03:50:00+00:00,0.8992900252342224,0.8994100093841553,0.8983500003814697,0.8992199897766113,0
2025-09-03 03:55:00+00:00,0.8992699980735779,0.8993300199508667,0.8983100056648254,0.8991600275039673,0
2025-09-03 04:00:00+00:00,0.8991000056266785,0.8992300033569336,0.898169994354248,0.8990899920463562,0
2025-09-03 04:05:00+00:00,0.8990700244903564,0.899399995803833,0.8983200192451477,0.899179995059967,0
2025-09-03 04:10:00+00:00,0.8992000222206116,0.8993399739265442,0.898360013961792,0.8992900252342224,0
2025-09-03 04:15:00+00:00,0.8992599844932556,0.8993399739265442,0.8982599973678589,0.8991900086402893,0
2025-09-03 04:20:00+00:00,0.899179995059967,0.8992400169372559,0.8982499837875366,0.8991299867630005,0
2025-09-03 04:25:00+00:00,0.8991699814796448,0.8993899822235107,0.8984400033950806,0.8992900252342224,0
2025-09-03 04:30:00+00:00,0.8992400169372559,0.8994100093841553,0.8984100222587585,0.8992999792098999,0
2025-09-03 04:35:00+00:00,0.8992800116539001,0.899399995803833,0.8983700275421143,0.8992400169372559,0
2025-09-03 04:40:00+00:00,0.8992800116539001,0.8993499875068665,0.8982800245285034,0.8992099761962891,0
2025-09-03 04:45:00+00:00,0.8992999792098999,0.8993600010871887,0.8982700109481812,0.8991900086402893,0
2025-09-03 04:50:00+00:00,0.899179995059967,0.8993600010871887,0.8982499837875366,0.8992999792098999,0
2025-09-03 04:55:00+00:00,0.8992599844932556,0.899429976940155,0.8984299898147583,0.8993399739265442,0
2025-09-03 05:00:00+00:00,0.8992900252342224,0.8993899822235107,0.8984000086784363,0.8992800116539001,0
2025-09-03 05:05:00+00:00,0.8992000222206116,0.8995100259780884,0.8982999920845032,0.899399995803833,0
2025-09-03 05:10:00+00:00,0.899370014667511,0.8994200229644775,0.898169994354248,0.8991000056266785,0
2025-09-03 05:15:00+00:00,0.8990899920463562,0.8992599844932556,0.8982099890708923,0.8991299867630005,0
2025-09-03 05:20:00+00:00,0.899179995059967,0.8992499709129333,0.8982599973678589,0.8992499709129333,0
2025-09-03 05:25:00+00:00,0.8992300033569336,0.8992999792098999,0.8980500102043152,0.8990100026130676,0
2025-09-03 05:30:00+00:00,0.8988999724388123,0.8989999890327454,0.8979200124740601,0.8987699747085571,0
2025-09-03 05:35:00+00:00,0.8987600207328796,0.8988199830055237,0.897599995136261,0.8987399935722351,0
2025-09-03 05:40:00+00:00,0.8987299799919128,0.8987500071525574,0.8977299928665161,0.8984900116920471,0
2025-09-03 05:45:00+00:00,0.8985499739646912,0.8985499739646912,0.8973399996757507,0.8980600237846375,0
2025-09-03 05:50:00+00:00,0.8981000185012817,0.8984400033950806,0.8972300291061401,0.898419976234436,0
2025-09-03 05:55:00+00:00,0.898389995098114,0.89860999584198,0.897570013999939,0.8985199928283691,0
2025-09-03 06:00:00+00:00,0.8984900116920471,0.8986300230026245,0.8976500034332275,0.8985599875450134,0
2025-09-03 06:05:00+00:00,0.89860999584198,0.8988400101661682,0.8976699709892273,0.8988199830055237,0
2025-09-03 06:10:00+00:00,0.8988100290298462,0.8988400101661682,0.8978300094604492,0.8987900018692017,0
2025-09-03 06:15:00+00:00,0.8987399935722351,0.8988100290298462,0.8974499702453613,0.8985099792480469,0
2025-09-03 06:20:00+00:00,0.8985000252723694,0.8987299799919128,0.8977299928665161,0.8986700177192688,0
